locate,symbol,reason
1,A,NOT_NASDAQ_LISTED
2,AA,NOT_NASDAQ_LISTED
3,AAAU,NOT_NASDAQ_LISTED
5,AAC,NOT_NASDAQ_LISTED
6,AADR,NOT_NASDAQ_LISTED
8,AAMC,NOT_NASDAQ_LISTED
9,AAME,FIRST_ADD_PRICE_BELOW_FLOOR
10,AAN,NOT_NASDAQ_LISTED
11,AAOI,FIRST_ADD_PRICE_BELOW_FLOOR
12,AAON,FIRST_ADD_PRICE_BELOW_FLOOR
13,AAP,NOT_NASDAQ_LISTED
15,AAT,NOT_NASDAQ_LISTED
16,AAU,NOT_NASDAQ_LISTED
18,AAXJ,NOT_COMMON_STOCK
20,AB,NOT_NASDAQ_LISTED
21,ABB,NOT_NASDAQ_LISTED
22,ABBV,NOT_NASDAQ_LISTED
23,ABC,NOT_NASDAQ_LISTED
24,ABCB,FIRST_ADD_PRICE_BELOW_FLOOR
25,ABDC,FIRST_ADD_PRICE_BELOW_FLOOR
27,ABEOW,NOT_COMMON_STOCK
28,ABEV,NOT_NASDAQ_LISTED
29,ABG,NOT_NASDAQ_LISTED
30,ABIL,NOT_COMMON_STOCK
32,ABM,NOT_NASDAQ_LISTED
34,ABR,NOT_NASDAQ_LISTED
35,ABR-A,NOT_NASDAQ_LISTED
36,ABR-B,NOT_NASDAQ_LISTED
37,ABR-C,NOT_NASDAQ_LISTED
38,ABT,NOT_NASDAQ_LISTED
41,AC,NOT_NASDAQ_LISTED
42,ACA,NOT_NASDAQ_LISTED
45,ACAMU,NOT_COMMON_STOCK
46,ACAMW,NOT_COMMON_STOCK
47,ACB,NOT_NASDAQ_LISTED
48,ACBI,FIRST_ADD_PRICE_BELOW_FLOOR
49,ACC,NOT_NASDAQ_LISTED
50,ACCO,NOT_NASDAQ_LISTED
52,ACES,NOT_NASDAQ_LISTED
54,ACGLO,NOT_COMMON_STOCK
55,ACGLP,NOT_COMMON_STOCK
56,ACH,NOT_NASDAQ_LISTED
57,ACHC,FIRST_ADD_PRICE_BELOW_FLOOR
61,ACIM,NOT_NASDAQ_LISTED
62,ACIO,NOT_NASDAQ_LISTED
66,ACM,NOT_NASDAQ_LISTED
68,ACN,NOT_NASDAQ_LISTED
69,ACNB,FIRST_ADD_PRICE_BELOW_FLOOR
71,ACP,NOT_NASDAQ_LISTED
72,ACRE,NOT_NASDAQ_LISTED
75,ACSG,NOT_NASDAQ_LISTED
76,ACSI,NOT_NASDAQ_LISTED
78,ACT,NOT_COMMON_STOCK
79,ACTG,FIRST_ADD_PRICE_BELOW_FLOOR
80,ACTT,NOT_COMMON_STOCK
81,ACTTU,NOT_COMMON_STOCK
82,ACTTW,NOT_COMMON_STOCK
83,ACU,NOT_NASDAQ_LISTED
84,ACV,NOT_NASDAQ_LISTED
85,ACWF,NOT_NASDAQ_LISTED
86,ACWI,NOT_COMMON_STOCK
87,ACWV,NOT_NASDAQ_LISTED
88,ACWX,NOT_COMMON_STOCK
89,ACY,NOT_NASDAQ_LISTED
90,ADAP,NOT_COMMON_STOCK
92,ADC,NOT_NASDAQ_LISTED
93,ADES,FIRST_ADD_PRICE_BELOW_FLOOR
96,ADILW,NOT_COMMON_STOCK
97,ADM,NOT_NASDAQ_LISTED
101,ADNT,NOT_NASDAQ_LISTED
102,ADOM,FIRST_ADD_PRICE_BELOW_FLOOR
105,ADRA,NOT_COMMON_STOCK
106,ADRD,NOT_COMMON_STOCK
107,ADRE,NOT_COMMON_STOCK
109,ADRU,NOT_COMMON_STOCK
110,ADS,NOT_NASDAQ_LISTED
112,ADSW,NOT_NASDAQ_LISTED
113,ADT,NOT_NASDAQ_LISTED
117,ADX,NOT_NASDAQ_LISTED
118,ADXS,FIRST_ADD_PRICE_BELOW_FLOOR
119,AE,NOT_NASDAQ_LISTED
120,AEB,NOT_NASDAQ_LISTED
121,AEE,NOT_NASDAQ_LISTED
122,AEF,NOT_NASDAQ_LISTED
123,AEG,NOT_NASDAQ_LISTED
124,AEGN,FIRST_ADD_PRICE_BELOW_FLOOR
125,AEH,NOT_NASDAQ_LISTED
128,AEL,NOT_NASDAQ_LISTED
129,AEM,NOT_NASDAQ_LISTED
130,AEMD,FIRST_ADD_PRICE_BELOW_FLOOR
131,AEO,NOT_NASDAQ_LISTED
132,AEP,NOT_NASDAQ_LISTED
133,AEP-B,NOT_NASDAQ_LISTED
134,AER,NOT_NASDAQ_LISTED
135,AERI,FIRST_ADD_PRICE_BELOW_FLOOR
136,AES,NOT_NASDAQ_LISTED
137,AEY,FIRST_ADD_PRICE_BELOW_FLOOR
140,AFB,NOT_NASDAQ_LISTED
141,AFC,NOT_NASDAQ_LISTED
142,AFG,NOT_NASDAQ_LISTED
143,AFGB,NOT_NASDAQ_LISTED
144,AFGE,NOT_NASDAQ_LISTED
145,AFGH,NOT_NASDAQ_LISTED
146,AFH,NOT_COMMON_STOCK
147,AFHBL,NOT_COMMON_STOCK
148,AFI,NOT_NASDAQ_LISTED
149,AFIF,NOT_NASDAQ_LISTED
150,AFIN,FIRST_ADD_PRICE_BELOW_FLOOR
151,AFINP,NOT_COMMON_STOCK
152,AFK,NOT_NASDAQ_LISTED
153,AFL,NOT_NASDAQ_LISTED
155,AFT,NOT_NASDAQ_LISTED
156,AFTY,NOT_NASDAQ_LISTED
158,AG,NOT_NASDAQ_LISTED
159,AGBA,NOT_COMMON_STOCK
160,AGBAR,NOT_COMMON_STOCK
161,AGBAU,NOT_COMMON_STOCK
162,AGBAW,NOT_COMMON_STOCK
163,AGCO,NOT_NASDAQ_LISTED
164,AGD,NOT_NASDAQ_LISTED
165,AGE,NOT_NASDAQ_LISTED
168,AGFSW,NOT_COMMON_STOCK
169,AGG,NOT_NASDAQ_LISTED
170,AGGE,NOT_NASDAQ_LISTED
171,AGGP,NOT_NASDAQ_LISTED
172,AGGY,NOT_NASDAQ_LISTED
173,AGI,NOT_NASDAQ_LISTED
174,AGIO,FIRST_ADD_PRICE_BELOW_FLOOR
175,AGLE,FIRST_ADD_PRICE_BELOW_FLOOR
176,AGM,NOT_NASDAQ_LISTED
177,AGM-A,NOT_NASDAQ_LISTED
178,AGM-C,NOT_NASDAQ_LISTED
179,AGM-D,NOT_NASDAQ_LISTED
180,AGM.A,NOT_NASDAQ_LISTED
181,AGMH,NOT_COMMON_STOCK
182,AGN,NOT_NASDAQ_LISTED
184,AGNCB,NOT_COMMON_STOCK
185,AGNCM,NOT_COMMON_STOCK
186,AGNCN,NOT_COMMON_STOCK
187,AGND,NOT_COMMON_STOCK
188,AGO,NOT_NASDAQ_LISTED
189,AGO-B,NOT_NASDAQ_LISTED
190,AGO-E,NOT_NASDAQ_LISTED
191,AGO-F,NOT_NASDAQ_LISTED
192,AGQ,NOT_NASDAQ_LISTED
193,AGR,NOT_NASDAQ_LISTED
194,AGRO,NOT_NASDAQ_LISTED
196,AGS,NOT_NASDAQ_LISTED
197,AGT,NOT_NASDAQ_LISTED
199,AGX,NOT_NASDAQ_LISTED
201,AGZ,NOT_NASDAQ_LISTED
202,AGZD,NOT_COMMON_STOCK
203,AHC,NOT_NASDAQ_LISTED
204,AHH,NOT_NASDAQ_LISTED
205,AHH-A,NOT_NASDAQ_LISTED
206,AHL-C,NOT_NASDAQ_LISTED
207,AHL-D,NOT_NASDAQ_LISTED
208,AHPI,FIRST_ADD_PRICE_BELOW_FLOOR
209,AHT,NOT_NASDAQ_LISTED
210,AHT-D,NOT_NASDAQ_LISTED
211,AHT-F,NOT_NASDAQ_LISTED
212,AHT-G,NOT_NASDAQ_LISTED
213,AHT-H,NOT_NASDAQ_LISTED
214,AHT-I,NOT_NASDAQ_LISTED
215,AI,NOT_NASDAQ_LISTED
216,AI-B,NOT_NASDAQ_LISTED
217,AI-C,NOT_NASDAQ_LISTED
218,AIA,NOT_COMMON_STOCK
219,AIC,NOT_NASDAQ_LISTED
220,AIEQ,NOT_NASDAQ_LISTED
221,AIF,NOT_NASDAQ_LISTED
222,AIG,NOT_NASDAQ_LISTED
223,AIG+,NOT_NASDAQ_LISTED
224,AIG-A,NOT_NASDAQ_LISTED
226,AIIQ,NOT_NASDAQ_LISTED
228,AIMT,FIRST_ADD_PRICE_BELOW_FLOOR
229,AIN,NOT_NASDAQ_LISTED
230,AINC,NOT_NASDAQ_LISTED
232,AIQ,NOT_COMMON_STOCK
233,AIR,NOT_NASDAQ_LISTED
235,AIRI,NOT_NASDAQ_LISTED
236,AIRR,NOT_COMMON_STOCK
237,AIRT,FIRST_ADD_PRICE_BELOW_FLOOR
238,AIRTP,NOT_COMMON_STOCK
239,AIRTW,NOT_COMMON_STOCK
240,AIT,NOT_NASDAQ_LISTED
241,AIV,NOT_NASDAQ_LISTED
242,AIW,NOT_NASDAQ_LISTED
243,AIY,NOT_NASDAQ_LISTED
244,AIZ,NOT_NASDAQ_LISTED
245,AIZP,NOT_NASDAQ_LISTED
246,AJG,NOT_NASDAQ_LISTED
247,AJRD,NOT_NASDAQ_LISTED
248,AJX,NOT_NASDAQ_LISTED
249,AJXA,NOT_NASDAQ_LISTED
252,AKCA,FIRST_ADD_PRICE_BELOW_FLOOR
254,AKG,NOT_NASDAQ_LISTED
255,AKO.A,NOT_NASDAQ_LISTED
256,AKO.B,NOT_NASDAQ_LISTED
257,AKR,NOT_NASDAQ_LISTED
260,AKS,NOT_NASDAQ_LISTED
262,AKTX,NOT_COMMON_STOCK
263,AL,NOT_NASDAQ_LISTED
264,AL-A,NOT_NASDAQ_LISTED
265,ALAC,NOT_COMMON_STOCK
266,ALACR,NOT_COMMON_STOCK
267,ALACU,NOT_COMMON_STOCK
268,ALACW,NOT_COMMON_STOCK
269,ALB,NOT_NASDAQ_LISTED
270,ALBO,FIRST_ADD_PRICE_BELOW_FLOOR
271,ALC,NOT_NASDAQ_LISTED
273,ALDR,FIRST_ADD_PRICE_BELOW_FLOOR
274,ALDX,FIRST_ADD_PRICE_BELOW_FLOOR
275,ALE,NOT_NASDAQ_LISTED
277,ALEX,NOT_NASDAQ_LISTED
278,ALFA,NOT_NASDAQ_LISTED
279,ALG,NOT_NASDAQ_LISTED
282,ALGRR,NOT_COMMON_STOCK
283,ALGRU,NOT_COMMON_STOCK
284,ALGRW,NOT_COMMON_STOCK
288,ALK,NOT_NASDAQ_LISTED
289,ALKS,NOT_COMMON_STOCK
290,ALL,NOT_NASDAQ_LISTED
291,ALL-A,NOT_NASDAQ_LISTED
292,ALL-B,NOT_NASDAQ_LISTED
293,ALL-D,NOT_NASDAQ_LISTED
294,ALL-E,NOT_NASDAQ_LISTED
295,ALL-F,NOT_NASDAQ_LISTED
296,ALL-G,NOT_NASDAQ_LISTED
297,ALLE,NOT_NASDAQ_LISTED
298,ALLK,FIRST_ADD_PRICE_BELOW_FLOOR
299,ALLO,FIRST_ADD_PRICE_BELOW_FLOOR
300,ALLT,NOT_COMMON_STOCK
301,ALLY,NOT_NASDAQ_LISTED
302,ALLY-A,NOT_NASDAQ_LISTED
304,ALNY,FIRST_ADD_PRICE_BELOW_FLOOR
305,ALO,NOT_NASDAQ_LISTED
307,ALP-Q,NOT_NASDAQ_LISTED
310,ALRN,FIRST_ADD_PRICE_BELOW_FLOOR
312,ALSN,NOT_NASDAQ_LISTED
316,ALTS,NOT_NASDAQ_LISTED
317,ALTY,NOT_COMMON_STOCK
318,ALV,NOT_NASDAQ_LISTED
319,ALX,NOT_NASDAQ_LISTED
321,ALYA,FIRST_ADD_PRICE_BELOW_FLOOR
322,AM,NOT_NASDAQ_LISTED
324,AMAL,FIRST_ADD_PRICE_BELOW_FLOOR
326,AMBA,NOT_COMMON_STOCK
327,AMBC,FIRST_ADD_PRICE_BELOW_FLOOR
328,AMBCW,NOT_COMMON_STOCK
329,AMBO,NOT_NASDAQ_LISTED
330,AMC,NOT_NASDAQ_LISTED
331,AMCA,NOT_COMMON_STOCK
333,AMCIU,NOT_COMMON_STOCK
334,AMCIW,NOT_COMMON_STOCK
335,AMCR,NOT_NASDAQ_LISTED
338,AME,NOT_NASDAQ_LISTED
339,AMED,FIRST_ADD_PRICE_BELOW_FLOOR
340,AMEH,FIRST_ADD_PRICE_BELOW_FLOOR
341,AMG,NOT_NASDAQ_LISTED
343,AMH,NOT_NASDAQ_LISTED
344,AMH-D,NOT_NASDAQ_LISTED
345,AMH-E,NOT_NASDAQ_LISTED
346,AMH-F,NOT_NASDAQ_LISTED
347,AMH-G,NOT_NASDAQ_LISTED
348,AMH-H,NOT_NASDAQ_LISTED
349,AMJ,NOT_NASDAQ_LISTED
350,AMJL,NOT_NASDAQ_LISTED
351,AMK,NOT_NASDAQ_LISTED
353,AMLP,NOT_NASDAQ_LISTED
354,AMN,NOT_NASDAQ_LISTED
355,AMNB,FIRST_ADD_PRICE_BELOW_FLOOR
356,AMOM,NOT_NASDAQ_LISTED
357,AMOT,FIRST_ADD_PRICE_BELOW_FLOOR
358,AMOV,NOT_NASDAQ_LISTED
359,AMP,NOT_NASDAQ_LISTED
360,AMPE,NOT_NASDAQ_LISTED
362,AMR,FIRST_ADD_PRICE_BELOW_FLOOR
363,AMRB,FIRST_ADD_PRICE_BELOW_FLOOR
364,AMRC,NOT_NASDAQ_LISTED
365,AMRH,FIRST_ADD_PRICE_BELOW_FLOOR
366,AMRHW,NOT_COMMON_STOCK
367,AMRK,FIRST_ADD_PRICE_BELOW_FLOOR
368,AMRN,NOT_COMMON_STOCK
370,AMRWW,NOT_COMMON_STOCK
371,AMRX,NOT_NASDAQ_LISTED
372,AMS,NOT_NASDAQ_LISTED
375,AMSWA,FIRST_ADD_PRICE_BELOW_FLOOR
376,AMT,NOT_NASDAQ_LISTED
377,AMTB,FIRST_ADD_PRICE_BELOW_FLOOR
378,AMTBB,FIRST_ADD_PRICE_BELOW_FLOOR
381,AMU,NOT_NASDAQ_LISTED
382,AMUB,NOT_NASDAQ_LISTED
384,AMX,NOT_NASDAQ_LISTED
385,AMZA,NOT_NASDAQ_LISTED
387,AN,NOT_NASDAQ_LISTED
388,ANAB,FIRST_ADD_PRICE_BELOW_FLOOR
390,ANCN,NOT_COMMON_STOCK
391,ANDA,NOT_COMMON_STOCK
392,ANDAR,NOT_COMMON_STOCK
393,ANDAU,NOT_COMMON_STOCK
394,ANDAW,NOT_COMMON_STOCK
396,ANET,NOT_NASDAQ_LISTED
397,ANF,NOT_NASDAQ_LISTED
398,ANFI,NOT_NASDAQ_LISTED
399,ANGI,FIRST_ADD_PRICE_BELOW_FLOOR
400,ANGL,NOT_NASDAQ_LISTED
401,ANGO,FIRST_ADD_PRICE_BELOW_FLOOR
402,ANH,NOT_NASDAQ_LISTED
403,ANH-A,NOT_NASDAQ_LISTED
404,ANH-B,NOT_NASDAQ_LISTED
405,ANH-C,NOT_NASDAQ_LISTED
406,ANIK,FIRST_ADD_PRICE_BELOW_FLOOR
407,ANIP,FIRST_ADD_PRICE_BELOW_FLOOR
409,ANSS,FIRST_ADD_PRICE_BELOW_FLOOR
410,ANTE,NOT_COMMON_STOCK
411,ANTM,NOT_NASDAQ_LISTED
413,AOA,NOT_NASDAQ_LISTED
415,AOD,NOT_NASDAQ_LISTED
416,AOIL,NOT_NASDAQ_LISTED
417,AOK,NOT_NASDAQ_LISTED
418,AOM,NOT_NASDAQ_LISTED
419,AON,NOT_NASDAQ_LISTED
420,AOR,NOT_NASDAQ_LISTED
421,AOS,NOT_NASDAQ_LISTED
423,AP,NOT_NASDAQ_LISTED
424,APA,NOT_NASDAQ_LISTED
425,APAM,NOT_NASDAQ_LISTED
426,APC,NOT_NASDAQ_LISTED
427,APD,NOT_NASDAQ_LISTED
428,APDN,FIRST_ADD_PRICE_BELOW_FLOOR
429,APDNW,NOT_COMMON_STOCK
433,APH,NOT_NASDAQ_LISTED
434,APHA,NOT_NASDAQ_LISTED
435,APLE,NOT_NASDAQ_LISTED
437,APLT,FIRST_ADD_PRICE_BELOW_FLOOR
438,APM,NOT_COMMON_STOCK
439,APO,NOT_NASDAQ_LISTED
440,APO-A,NOT_NASDAQ_LISTED
441,APO-B,NOT_NASDAQ_LISTED
442,APOG,FIRST_ADD_PRICE_BELOW_FLOOR
443,APOP,NOT_COMMON_STOCK
444,APOPW,NOT_COMMON_STOCK
448,APRN,NOT_NASDAQ_LISTED
449,APT,NOT_NASDAQ_LISTED
451,APTS,NOT_NASDAQ_LISTED
452,APTV,NOT_NASDAQ_LISTED
454,APU,NOT_NASDAQ_LISTED
455,APVO,FIRST_ADD_PRICE_BELOW_FLOOR
456,APWC,NOT_COMMON_STOCK
457,APY,NOT_NASDAQ_LISTED
459,AQ,NOT_NASDAQ_LISTED
462,AQN,NOT_NASDAQ_LISTED
463,AQNA,NOT_NASDAQ_LISTED
464,AQNB,NOT_NASDAQ_LISTED
465,AQST,FIRST_ADD_PRICE_BELOW_FLOOR
466,AQUA,NOT_NASDAQ_LISTED
467,AQXP,FIRST_ADD_PRICE_BELOW_FLOOR
468,AR,NOT_NASDAQ_LISTED
469,ARA,NOT_NASDAQ_LISTED
470,ARAV,FIRST_ADD_PRICE_BELOW_FLOOR
471,ARAY,FIRST_ADD_PRICE_BELOW_FLOOR
472,ARC,NOT_NASDAQ_LISTED
476,ARCH,NOT_NASDAQ_LISTED
478,ARCM,NOT_NASDAQ_LISTED
479,ARCO,NOT_NASDAQ_LISTED
481,ARD,NOT_NASDAQ_LISTED
482,ARDC,NOT_NASDAQ_LISTED
485,ARE,NOT_NASDAQ_LISTED
486,ARE-D,NOT_NASDAQ_LISTED
488,ARES,NOT_NASDAQ_LISTED
489,ARES-A,NOT_NASDAQ_LISTED
490,AREX,FIRST_ADD_PRICE_BELOW_FLOOR
491,ARGD,NOT_NASDAQ_LISTED
492,ARGO,NOT_NASDAQ_LISTED
493,ARGT,NOT_NASDAQ_LISTED
494,ARGX,NOT_COMMON_STOCK
495,ARI,NOT_NASDAQ_LISTED
496,ARKF,NOT_NASDAQ_LISTED
497,ARKG,NOT_NASDAQ_LISTED
498,ARKK,NOT_NASDAQ_LISTED
499,ARKQ,NOT_NASDAQ_LISTED
500,ARKR,FIRST_ADD_PRICE_BELOW_FLOOR
501,ARKW,NOT_NASDAQ_LISTED
502,ARL,NOT_NASDAQ_LISTED
503,ARLO,NOT_NASDAQ_LISTED
504,ARLP,NOT_COMMON_STOCK
505,ARMK,NOT_NASDAQ_LISTED
506,ARMP,NOT_NASDAQ_LISTED
508,ARNC,NOT_NASDAQ_LISTED
509,ARNC-,NOT_NASDAQ_LISTED
510,AROC,NOT_NASDAQ_LISTED
512,ARPO,FIRST_ADD_PRICE_BELOW_FLOOR
514,ARR,NOT_NASDAQ_LISTED
515,ARR-B,NOT_NASDAQ_LISTED
517,ARTL,FIRST_ADD_PRICE_BELOW_FLOOR
518,ARTLW,NOT_COMMON_STOCK
519,ARTNA,FIRST_ADD_PRICE_BELOW_FLOOR
523,ARW,NOT_NASDAQ_LISTED
525,ARYA,NOT_COMMON_STOCK
526,ARYAU,NOT_COMMON_STOCK
527,ARYAW,NOT_COMMON_STOCK
528,ASA,NOT_NASDAQ_LISTED
529,ASB,NOT_NASDAQ_LISTED
530,ASB-C,NOT_NASDAQ_LISTED
531,ASB-D,NOT_NASDAQ_LISTED
532,ASB-E,NOT_NASDAQ_LISTED
533,ASC,NOT_NASDAQ_LISTED
534,ASEA,NOT_NASDAQ_LISTED
535,ASET,NOT_COMMON_STOCK
537,ASG,NOT_NASDAQ_LISTED
538,ASGN,NOT_NASDAQ_LISTED
539,ASH,NOT_NASDAQ_LISTED
540,ASHR,NOT_NASDAQ_LISTED
541,ASHS,NOT_NASDAQ_LISTED
542,ASHX,NOT_NASDAQ_LISTED
543,ASIX,NOT_NASDAQ_LISTED
544,ASLN,NOT_COMMON_STOCK
545,ASM,NOT_NASDAQ_LISTED
546,ASMB,FIRST_ADD_PRICE_BELOW_FLOOR
547,ASML,NOT_COMMON_STOCK
548,ASNA,FIRST_ADD_PRICE_BELOW_FLOOR
549,ASND,NOT_COMMON_STOCK
550,ASPN,NOT_NASDAQ_LISTED
551,ASPS,FIRST_ADD_PRICE_BELOW_FLOOR
552,ASPU,FIRST_ADD_PRICE_BELOW_FLOOR
553,ASR,NOT_NASDAQ_LISTED
555,ASRV,FIRST_ADD_PRICE_BELOW_FLOOR
556,ASRVP,NOT_COMMON_STOCK
559,ASUR,FIRST_ADD_PRICE_BELOW_FLOOR
561,ASX,NOT_NASDAQ_LISTED
563,AT,NOT_NASDAQ_LISTED
564,ATAI,NOT_COMMON_STOCK
565,ATAX,NOT_COMMON_STOCK
567,ATEN,NOT_NASDAQ_LISTED
568,ATEST,NOT_NASDAQ_LISTED
569,ATEST.A,NOT_NASDAQ_LISTED
570,ATEST.B,NOT_NASDAQ_LISTED
571,ATEST.C,NOT_NASDAQ_LISTED
573,ATGE,NOT_NASDAQ_LISTED
574,ATH,NOT_NASDAQ_LISTED
575,ATH-A,NOT_NASDAQ_LISTED
576,ATHE,NOT_COMMON_STOCK
577,ATHM,NOT_NASDAQ_LISTED
579,ATI,NOT_NASDAQ_LISTED
580,ATIF,NOT_COMMON_STOCK
582,ATISW,NOT_COMMON_STOCK
583,ATKR,NOT_NASDAQ_LISTED
586,ATMP,NOT_NASDAQ_LISTED
588,ATNM,NOT_NASDAQ_LISTED
590,ATO,NOT_NASDAQ_LISTED
593,ATR,NOT_NASDAQ_LISTED
595,ATRC,FIRST_ADD_PRICE_BELOW_FLOOR
597,ATRO,FIRST_ADD_PRICE_BELOW_FLOOR
599,ATSG,FIRST_ADD_PRICE_BELOW_FLOOR
600,ATTO,NOT_NASDAQ_LISTED
601,ATU,NOT_NASDAQ_LISTED
602,ATUS,NOT_NASDAQ_LISTED
603,ATV,NOT_NASDAQ_LISTED
606,AU,NOT_NASDAQ_LISTED
607,AUB,FIRST_ADD_PRICE_BELOW_FLOOR
608,AUBN,FIRST_ADD_PRICE_BELOW_FLOOR
609,AUDC,NOT_COMMON_STOCK
610,AUG,NOT_NASDAQ_LISTED
611,AUMN,NOT_NASDAQ_LISTED
612,AUO,NOT_NASDAQ_LISTED
614,AUSF,NOT_NASDAQ_LISTED
615,AUTL,NOT_COMMON_STOCK
616,AUTO,FIRST_ADD_PRICE_BELOW_FLOOR
617,AUY,NOT_NASDAQ_LISTED
618,AVA,NOT_NASDAQ_LISTED
619,AVAL,NOT_NASDAQ_LISTED
621,AVB,NOT_NASDAQ_LISTED
623,AVD,NOT_NASDAQ_LISTED
624,AVDL,NOT_COMMON_STOCK
625,AVDR,FIRST_ADD_PRICE_BELOW_FLOOR
629,AVH,NOT_NASDAQ_LISTED
630,AVID,FIRST_ADD_PRICE_BELOW_FLOOR
631,AVK,NOT_NASDAQ_LISTED
632,AVLR,NOT_NASDAQ_LISTED
633,AVNS,NOT_NASDAQ_LISTED
635,AVP,NOT_NASDAQ_LISTED
637,AVT,FIRST_ADD_PRICE_BELOW_FLOOR
638,AVTR,NOT_NASDAQ_LISTED
639,AVTR-A,NOT_NASDAQ_LISTED
640,AVX,NOT_NASDAQ_LISTED
642,AVY,NOT_NASDAQ_LISTED
643,AVYA,NOT_NASDAQ_LISTED
644,AWF,NOT_NASDAQ_LISTED
645,AWI,NOT_NASDAQ_LISTED
646,AWK,NOT_NASDAQ_LISTED
647,AWP,NOT_NASDAQ_LISTED
648,AWR,NOT_NASDAQ_LISTED
649,AWRE,FIRST_ADD_PRICE_BELOW_FLOOR
651,AWTM,NOT_NASDAQ_LISTED
652,AWX,NOT_NASDAQ_LISTED
653,AX,NOT_NASDAQ_LISTED
656,AXE,NOT_NASDAQ_LISTED
659,AXJL,NOT_NASDAQ_LISTED
660,AXJV,NOT_NASDAQ_LISTED
661,AXL,NOT_NASDAQ_LISTED
664,AXO,NOT_NASDAQ_LISTED
665,AXP,NOT_NASDAQ_LISTED
666,AXR,NOT_NASDAQ_LISTED
667,AXS,NOT_NASDAQ_LISTED
668,AXS-D,NOT_NASDAQ_LISTED
669,AXS-E,NOT_NASDAQ_LISTED
671,AXTA,NOT_NASDAQ_LISTED
673,AXU,NOT_NASDAQ_LISTED
674,AY,NOT_COMMON_STOCK
675,AYI,NOT_NASDAQ_LISTED
676,AYR,NOT_NASDAQ_LISTED
678,AYX,NOT_NASDAQ_LISTED
679,AZN,NOT_NASDAQ_LISTED
680,AZO,NOT_NASDAQ_LISTED
681,AZPN,FIRST_ADD_PRICE_BELOW_FLOOR
682,AZRE,NOT_NASDAQ_LISTED
684,AZUL,NOT_NASDAQ_LISTED
685,AZZ,NOT_NASDAQ_LISTED
686,B,NOT_NASDAQ_LISTED
687,BA,NOT_NASDAQ_LISTED
688,BAB,NOT_NASDAQ_LISTED
689,BABA,NOT_NASDAQ_LISTED
690,BAC,NOT_NASDAQ_LISTED
691,BAC-A,NOT_NASDAQ_LISTED
692,BAC-B,NOT_NASDAQ_LISTED
693,BAC-C,NOT_NASDAQ_LISTED
694,BAC-E,NOT_NASDAQ_LISTED
695,BAC-K,NOT_NASDAQ_LISTED
696,BAC-L,NOT_NASDAQ_LISTED
697,BAC-M,NOT_NASDAQ_LISTED
698,BAC-W*,NOT_NASDAQ_LISTED
699,BAC-Y,NOT_NASDAQ_LISTED
700,BAF,NOT_NASDAQ_LISTED
701,BAH,NOT_NASDAQ_LISTED
702,BAL,NOT_NASDAQ_LISTED
703,BAM,NOT_NASDAQ_LISTED
704,BANC,NOT_NASDAQ_LISTED
705,BANC-D,NOT_NASDAQ_LISTED
706,BANC-E,NOT_NASDAQ_LISTED
708,BANF,FIRST_ADD_PRICE_BELOW_FLOOR
709,BANFP,NOT_COMMON_STOCK
710,BANR,FIRST_ADD_PRICE_BELOW_FLOOR
712,BAP,NOT_NASDAQ_LISTED
713,BAPR,NOT_NASDAQ_LISTED
714,BAR,NOT_NASDAQ_LISTED
715,BAS,NOT_NASDAQ_LISTED
716,BASI,FIRST_ADD_PRICE_BELOW_FLOOR
717,BATRA,FIRST_ADD_PRICE_BELOW_FLOOR
718,BATRK,FIRST_ADD_PRICE_BELOW_FLOOR
719,BATT,NOT_NASDAQ_LISTED
720,BAX,NOT_NASDAQ_LISTED
721,BB,NOT_NASDAQ_LISTED
722,BBAR,NOT_NASDAQ_LISTED
723,BBAX,NOT_NASDAQ_LISTED
725,BBC,NOT_NASDAQ_LISTED
726,BBCA,NOT_NASDAQ_LISTED
728,BBD,NOT_NASDAQ_LISTED
729,BBDC,NOT_NASDAQ_LISTED
730,BBDO,NOT_NASDAQ_LISTED
731,BBEU,NOT_NASDAQ_LISTED
732,BBF,NOT_NASDAQ_LISTED
734,BBH,NOT_COMMON_STOCK
736,BBJP,NOT_NASDAQ_LISTED
737,BBK,NOT_NASDAQ_LISTED
738,BBL,NOT_NASDAQ_LISTED
739,BBN,NOT_NASDAQ_LISTED
740,BBP,NOT_NASDAQ_LISTED
741,BBRE,NOT_NASDAQ_LISTED
742,BBSA,NOT_NASDAQ_LISTED
743,BBSI,FIRST_ADD_PRICE_BELOW_FLOOR
744,BBT,NOT_NASDAQ_LISTED
745,BBT-D,NOT_NASDAQ_LISTED
746,BBT-E,NOT_NASDAQ_LISTED
747,BBT-F,NOT_NASDAQ_LISTED
748,BBT-G,NOT_NASDAQ_LISTED
749,BBT-H,NOT_NASDAQ_LISTED
750,BBU,NOT_NASDAQ_LISTED
751,BBUS,NOT_NASDAQ_LISTED
752,BBVA,NOT_NASDAQ_LISTED
753,BBW,NOT_NASDAQ_LISTED
754,BBX,NOT_NASDAQ_LISTED
755,BBY,NOT_NASDAQ_LISTED
756,BC,NOT_NASDAQ_LISTED
757,BC-A,NOT_NASDAQ_LISTED
758,BC-B,NOT_NASDAQ_LISTED
759,BC-C,NOT_NASDAQ_LISTED
760,BCBP,FIRST_ADD_PRICE_BELOW_FLOOR
761,BCC,NOT_NASDAQ_LISTED
762,BCD,NOT_NASDAQ_LISTED
763,BCE,NOT_NASDAQ_LISTED
764,BCEI,NOT_NASDAQ_LISTED
766,BCH,NOT_NASDAQ_LISTED
767,BCI,NOT_NASDAQ_LISTED
768,BCLI,FIRST_ADD_PRICE_BELOW_FLOOR
769,BCM,NOT_NASDAQ_LISTED
771,BCNA,NOT_COMMON_STOCK
772,BCO,NOT_NASDAQ_LISTED
773,BCOM,NOT_COMMON_STOCK
774,BCOR,FIRST_ADD_PRICE_BELOW_FLOOR
778,BCRH,NOT_NASDAQ_LISTED
780,BCS,NOT_NASDAQ_LISTED
781,BCSF,NOT_NASDAQ_LISTED
782,BCTF,FIRST_ADD_PRICE_BELOW_FLOOR
783,BCV,NOT_NASDAQ_LISTED
784,BCV-A,NOT_NASDAQ_LISTED
785,BCX,NOT_NASDAQ_LISTED
786,BCYC,NOT_COMMON_STOCK
787,BDC,NOT_NASDAQ_LISTED
788,BDCL,NOT_NASDAQ_LISTED
789,BDCS,NOT_NASDAQ_LISTED
790,BDCZ,NOT_NASDAQ_LISTED
792,BDJ,NOT_NASDAQ_LISTED
793,BDL,NOT_NASDAQ_LISTED
794,BDN,NOT_NASDAQ_LISTED
795,BDR,NOT_NASDAQ_LISTED
796,BDRY,NOT_NASDAQ_LISTED
798,BDX,NOT_NASDAQ_LISTED
799,BDXA,NOT_NASDAQ_LISTED
800,BE,NOT_NASDAQ_LISTED
802,BECN,FIRST_ADD_PRICE_BELOW_FLOOR
803,BEDU,NOT_NASDAQ_LISTED
804,BELFA,FIRST_ADD_PRICE_BELOW_FLOOR
805,BELFB,FIRST_ADD_PRICE_BELOW_FLOOR
806,BEMO,NOT_NASDAQ_LISTED
807,BEN,NOT_NASDAQ_LISTED
808,BEP,NOT_NASDAQ_LISTED
809,BERY,NOT_NASDAQ_LISTED
810,BEST,NOT_NASDAQ_LISTED
811,BF.A,NOT_NASDAQ_LISTED
812,BF.B,NOT_NASDAQ_LISTED
813,BFAM,NOT_NASDAQ_LISTED
816,BFIT,NOT_COMMON_STOCK
817,BFK,NOT_NASDAQ_LISTED
818,BFO,NOT_NASDAQ_LISTED
819,BFOR,NOT_NASDAQ_LISTED
820,BFRA,NOT_COMMON_STOCK
821,BFS,NOT_NASDAQ_LISTED
822,BFS-C,NOT_NASDAQ_LISTED
823,BFS-D,NOT_NASDAQ_LISTED
824,BFST,FIRST_ADD_PRICE_BELOW_FLOOR
825,BFY,NOT_NASDAQ_LISTED
826,BFZ,NOT_NASDAQ_LISTED
827,BG,NOT_NASDAQ_LISTED
828,BGB,NOT_NASDAQ_LISTED
831,BGG,NOT_NASDAQ_LISTED
832,BGH,NOT_NASDAQ_LISTED
833,BGI,NOT_NASDAQ_LISTED
834,BGIO,NOT_NASDAQ_LISTED
835,BGNE,NOT_COMMON_STOCK
836,BGR,NOT_NASDAQ_LISTED
837,BGRN,NOT_COMMON_STOCK
838,BGS,NOT_NASDAQ_LISTED
839,BGSF,NOT_NASDAQ_LISTED
840,BGT,NOT_NASDAQ_LISTED
841,BGX,NOT_NASDAQ_LISTED
842,BGY,NOT_NASDAQ_LISTED
843,BH,NOT_NASDAQ_LISTED
844,BH.A,NOT_NASDAQ_LISTED
845,BHAT,NOT_COMMON_STOCK
846,BHB,NOT_NASDAQ_LISTED
847,BHC,NOT_NASDAQ_LISTED
848,BHE,NOT_NASDAQ_LISTED
850,BHFAL,NOT_COMMON_STOCK
851,BHFAP,NOT_COMMON_STOCK
852,BHGE,NOT_NASDAQ_LISTED
853,BHK,NOT_NASDAQ_LISTED
854,BHLB,NOT_NASDAQ_LISTED
855,BHP,NOT_NASDAQ_LISTED
856,BHR,NOT_NASDAQ_LISTED
857,BHR-B,NOT_NASDAQ_LISTED
858,BHR-D,NOT_NASDAQ_LISTED
860,BHV,NOT_NASDAQ_LISTED
861,BHVN,NOT_NASDAQ_LISTED
862,BIB,NOT_COMMON_STOCK
863,BIBL,NOT_NASDAQ_LISTED
864,BICK,NOT_COMMON_STOCK
865,BID,NOT_NASDAQ_LISTED
866,BIDU,NOT_COMMON_STOCK
867,BIF,NOT_NASDAQ_LISTED
868,BIG,NOT_NASDAQ_LISTED
870,BIL,NOT_NASDAQ_LISTED
871,BILI,NOT_COMMON_STOCK
873,BIO,NOT_NASDAQ_LISTED
874,BIO.B,NOT_NASDAQ_LISTED
878,BIOX,NOT_NASDAQ_LISTED
879,BIOX+,NOT_NASDAQ_LISTED
880,BIP,NOT_NASDAQ_LISTED
881,BIQI,FIRST_ADD_PRICE_BELOW_FLOOR
882,BIS,NOT_COMMON_STOCK
883,BIT,NOT_NASDAQ_LISTED
884,BITA,NOT_NASDAQ_LISTED
885,BIV,NOT_NASDAQ_LISTED
886,BIZD,NOT_NASDAQ_LISTED
887,BJ,NOT_NASDAQ_LISTED
888,BJAN,NOT_NASDAQ_LISTED
889,BJK,NOT_NASDAQ_LISTED
891,BJUL,NOT_NASDAQ_LISTED
892,BJUN,NOT_NASDAQ_LISTED
893,BK,NOT_NASDAQ_LISTED
894,BK-C,NOT_NASDAQ_LISTED
896,BKCH,NOT_COMMON_STOCK
897,BKD,NOT_NASDAQ_LISTED
898,BKE,NOT_NASDAQ_LISTED
899,BKEP,NOT_COMMON_STOCK
900,BKEPP,NOT_COMMON_STOCK
901,BKF,NOT_NASDAQ_LISTED
902,BKH,NOT_NASDAQ_LISTED
903,BKI,NOT_NASDAQ_LISTED
904,BKJ,NOT_NASDAQ_LISTED
905,BKK,NOT_NASDAQ_LISTED
906,BKLN,NOT_NASDAQ_LISTED
907,BKN,NOT_NASDAQ_LISTED
909,BKS,NOT_NASDAQ_LISTED
910,BKSC,FIRST_ADD_PRICE_BELOW_FLOOR
911,BKT,NOT_NASDAQ_LISTED
912,BKTI,NOT_NASDAQ_LISTED
913,BKU,NOT_NASDAQ_LISTED
914,BKYI,FIRST_ADD_PRICE_BELOW_FLOOR
915,BL,FIRST_ADD_PRICE_BELOW_FLOOR
916,BLBD,FIRST_ADD_PRICE_BELOW_FLOOR
918,BLCN,NOT_COMMON_STOCK
919,BLD,NOT_NASDAQ_LISTED
921,BLDR,FIRST_ADD_PRICE_BELOW_FLOOR
922,BLE,NOT_NASDAQ_LISTED
923,BLES,NOT_NASDAQ_LISTED
925,BLHY,NOT_NASDAQ_LISTED
927,BLK,NOT_NASDAQ_LISTED
928,BLKB,FIRST_ADD_PRICE_BELOW_FLOOR
929,BLL,NOT_NASDAQ_LISTED
932,BLNKW,NOT_COMMON_STOCK
933,BLOK,NOT_NASDAQ_LISTED
935,BLRX,NOT_COMMON_STOCK
937,BLV,NOT_NASDAQ_LISTED
938,BLW,NOT_NASDAQ_LISTED
939,BLX,NOT_NASDAQ_LISTED
940,BMA,NOT_NASDAQ_LISTED
941,BMCH,FIRST_ADD_PRICE_BELOW_FLOOR
942,BME,NOT_NASDAQ_LISTED
943,BMI,NOT_NASDAQ_LISTED
944,BML-G,NOT_NASDAQ_LISTED
945,BML-H,NOT_NASDAQ_LISTED
946,BML-J,NOT_NASDAQ_LISTED
947,BML-L,NOT_NASDAQ_LISTED
948,BMLP,NOT_COMMON_STOCK
949,BMO,NOT_NASDAQ_LISTED
950,BMRA,FIRST_ADD_PRICE_BELOW_FLOOR
951,BMRC,FIRST_ADD_PRICE_BELOW_FLOOR
954,BMY,NOT_NASDAQ_LISTED
955,BND,NOT_COMMON_STOCK
956,BNDC,NOT_NASDAQ_LISTED
957,BNDW,NOT_COMMON_STOCK
958,BNDX,NOT_COMMON_STOCK
959,BNED,NOT_NASDAQ_LISTED
961,BNGO,FIRST_ADD_PRICE_BELOW_FLOOR
962,BNGOW,NOT_COMMON_STOCK
963,BNKD,NOT_NASDAQ_LISTED
964,BNKO,NOT_NASDAQ_LISTED
965,BNKU,NOT_NASDAQ_LISTED
966,BNKZ,NOT_NASDAQ_LISTED
967,BNO,NOT_NASDAQ_LISTED
968,BNS,NOT_NASDAQ_LISTED
970,BNTC,NOT_COMMON_STOCK
971,BNTCW,NOT_COMMON_STOCK
972,BNY,NOT_NASDAQ_LISTED
973,BOCH,FIRST_ADD_PRICE_BELOW_FLOOR
974,BOCT,NOT_NASDAQ_LISTED
975,BOE,NOT_NASDAQ_LISTED
976,BOH,NOT_NASDAQ_LISTED
977,BOIL,NOT_NASDAQ_LISTED
979,BOKFL,NOT_COMMON_STOCK
982,BOND,NOT_NASDAQ_LISTED
983,BOOM,FIRST_ADD_PRICE_BELOW_FLOOR
984,BOON,NOT_NASDAQ_LISTED
985,BOOT,NOT_NASDAQ_LISTED
986,BOSC,NOT_COMMON_STOCK
987,BOSS,NOT_NASDAQ_LISTED
988,BOTJ,FIRST_ADD_PRICE_BELOW_FLOOR
989,BOTZ,NOT_COMMON_STOCK
990,BOUT,NOT_NASDAQ_LISTED
991,BOX,NOT_NASDAQ_LISTED
993,BP,NOT_NASDAQ_LISTED
994,BPFH,FIRST_ADD_PRICE_BELOW_FLOOR
995,BPL,NOT_NASDAQ_LISTED
997,BPMP,NOT_NASDAQ_LISTED
998,BPMX,NOT_NASDAQ_LISTED
1000,BPOPM,NOT_COMMON_STOCK
1001,BPOPN,NOT_COMMON_STOCK
1003,BPRAP,NOT_COMMON_STOCK
1004,BPRN,FIRST_ADD_PRICE_BELOW_FLOOR
1005,BPT,NOT_NASDAQ_LISTED
1007,BPY,NOT_COMMON_STOCK
1008,BPYPP,NOT_COMMON_STOCK
1009,BQH,NOT_NASDAQ_LISTED
1010,BR,NOT_NASDAQ_LISTED
1011,BRAC,FIRST_ADD_PRICE_BELOW_FLOOR
1012,BRACR,NOT_COMMON_STOCK
1013,BRACU,NOT_COMMON_STOCK
1014,BRACW,NOT_COMMON_STOCK
1015,BRC,NOT_NASDAQ_LISTED
1016,BREW,FIRST_ADD_PRICE_BELOW_FLOOR
1017,BRF,NOT_NASDAQ_LISTED
1018,BRFS,NOT_NASDAQ_LISTED
1019,BRG,NOT_NASDAQ_LISTED
1020,BRG-A,NOT_NASDAQ_LISTED
1021,BRG-C,NOT_NASDAQ_LISTED
1022,BRG-D,NOT_NASDAQ_LISTED
1024,BRK.B,NOT_NASDAQ_LISTED
1028,BRN,NOT_NASDAQ_LISTED
1029,BRO,NOT_NASDAQ_LISTED
1030,BROG,NOT_COMMON_STOCK
1031,BROGR,NOT_COMMON_STOCK
1032,BROGU,NOT_COMMON_STOCK
1033,BROGW,NOT_COMMON_STOCK
1035,BRPAR,NOT_COMMON_STOCK
1036,BRPAU,NOT_COMMON_STOCK
1037,BRPAW,NOT_COMMON_STOCK
1038,BRPM,NOT_NASDAQ_LISTED
1039,BRPM+,NOT_NASDAQ_LISTED
1040,BRPM=,NOT_NASDAQ_LISTED
1041,BRQS,NOT_COMMON_STOCK
1042,BRT,NOT_NASDAQ_LISTED
1043,BRX,NOT_NASDAQ_LISTED
1045,BRZU,NOT_NASDAQ_LISTED
1046,BSA,NOT_NASDAQ_LISTED
1047,BSAC,NOT_NASDAQ_LISTED
1048,BSAE,NOT_NASDAQ_LISTED
1049,BSBE,NOT_NASDAQ_LISTED
1050,BSBR,NOT_NASDAQ_LISTED
1051,BSCE,NOT_NASDAQ_LISTED
1052,BSCJ,NOT_NASDAQ_LISTED
1053,BSCK,NOT_NASDAQ_LISTED
1054,BSCL,NOT_NASDAQ_LISTED
1055,BSCM,NOT_NASDAQ_LISTED
1056,BSCN,NOT_NASDAQ_LISTED
1057,BSCO,NOT_NASDAQ_LISTED
1058,BSCP,NOT_NASDAQ_LISTED
1059,BSCQ,NOT_NASDAQ_LISTED
1060,BSCR,NOT_NASDAQ_LISTED
1061,BSCS,NOT_NASDAQ_LISTED
1062,BSD,NOT_NASDAQ_LISTED
1063,BSDE,NOT_NASDAQ_LISTED
1064,BSE,NOT_NASDAQ_LISTED
1065,BSET,FIRST_ADD_PRICE_BELOW_FLOOR
1067,BSIG,NOT_NASDAQ_LISTED
1068,BSJJ,NOT_NASDAQ_LISTED
1069,BSJK,NOT_NASDAQ_LISTED
1070,BSJL,NOT_NASDAQ_LISTED
1071,BSJM,NOT_NASDAQ_LISTED
1072,BSJN,NOT_NASDAQ_LISTED
1073,BSJO,NOT_NASDAQ_LISTED
1074,BSJP,NOT_NASDAQ_LISTED
1075,BSJQ,NOT_NASDAQ_LISTED
1076,BSL,NOT_NASDAQ_LISTED
1077,BSM,NOT_NASDAQ_LISTED
1078,BSMX,NOT_NASDAQ_LISTED
1079,BSQR,FIRST_ADD_PRICE_BELOW_FLOOR
1080,BSRR,FIRST_ADD_PRICE_BELOW_FLOOR
1081,BST,NOT_NASDAQ_LISTED
1082,BSTC,FIRST_ADD_PRICE_BELOW_FLOOR
1083,BSTZ,NOT_NASDAQ_LISTED
1084,BSV,NOT_NASDAQ_LISTED
1086,BSX,NOT_NASDAQ_LISTED
1087,BT,NOT_NASDAQ_LISTED
1088,BTA,NOT_NASDAQ_LISTED
1090,BTAL,NOT_NASDAQ_LISTED
1091,BTE,NOT_NASDAQ_LISTED
1092,BTEC,NOT_COMMON_STOCK
1093,BTG,NOT_NASDAQ_LISTED
1094,BTI,NOT_NASDAQ_LISTED
1095,BTN,NOT_NASDAQ_LISTED
1096,BTO,NOT_NASDAQ_LISTED
1097,BTT,NOT_NASDAQ_LISTED
1098,BTU,NOT_NASDAQ_LISTED
1099,BTX,NOT_NASDAQ_LISTED
1100,BTZ,NOT_NASDAQ_LISTED
1101,BUD,NOT_NASDAQ_LISTED
1102,BUI,NOT_NASDAQ_LISTED
1103,BUL,NOT_NASDAQ_LISTED
1105,BURL,NOT_NASDAQ_LISTED
1106,BUSE,FIRST_ADD_PRICE_BELOW_FLOOR
1107,BUY,NOT_NASDAQ_LISTED
1108,BUYN,NOT_NASDAQ_LISTED
1109,BV,NOT_NASDAQ_LISTED
1110,BVAL,NOT_NASDAQ_LISTED
1111,BVN,NOT_NASDAQ_LISTED
1112,BVSN,FIRST_ADD_PRICE_BELOW_FLOOR
1113,BVXV,NOT_COMMON_STOCK
1114,BVXVW,NOT_COMMON_STOCK
1115,BW,NOT_NASDAQ_LISTED
1116,BWA,NOT_NASDAQ_LISTED
1117,BWAY,NOT_COMMON_STOCK
1120,BWFG,FIRST_ADD_PRICE_BELOW_FLOOR
1121,BWG,NOT_NASDAQ_LISTED
1122,BWL.A,NOT_NASDAQ_LISTED
1124,BWMCU,NOT_COMMON_STOCK
1125,BWMCW,NOT_COMMON_STOCK
1126,BWX,NOT_NASDAQ_LISTED
1127,BWXT,NOT_NASDAQ_LISTED
1128,BWZ,NOT_NASDAQ_LISTED
1129,BX,NOT_NASDAQ_LISTED
1130,BXC,NOT_NASDAQ_LISTED
1131,BXG,NOT_NASDAQ_LISTED
1132,BXMT,NOT_NASDAQ_LISTED
1133,BXMX,NOT_NASDAQ_LISTED
1134,BXP,NOT_NASDAQ_LISTED
1135,BXP-B,NOT_NASDAQ_LISTED
1136,BXS,NOT_NASDAQ_LISTED
1137,BY,NOT_NASDAQ_LISTED
1138,BYD,NOT_NASDAQ_LISTED
1139,BYFC,FIRST_ADD_PRICE_BELOW_FLOOR
1140,BYLD,NOT_NASDAQ_LISTED
1141,BYM,NOT_NASDAQ_LISTED
1143,BYSI,NOT_COMMON_STOCK
1144,BZH,NOT_NASDAQ_LISTED
1145,BZM,NOT_NASDAQ_LISTED
1146,BZQ,NOT_NASDAQ_LISTED
1147,BZUN,NOT_COMMON_STOCK
1148,C,NOT_NASDAQ_LISTED
1149,C-J,NOT_NASDAQ_LISTED
1150,C-K,NOT_NASDAQ_LISTED
1151,C-N,NOT_NASDAQ_LISTED
1152,C-S,NOT_NASDAQ_LISTED
1153,CAAP,NOT_NASDAQ_LISTED
1155,CABO,NOT_NASDAQ_LISTED
1156,CAC,FIRST_ADD_PRICE_BELOW_FLOOR
1158,CACG,NOT_COMMON_STOCK
1159,CACI,NOT_NASDAQ_LISTED
1160,CADE,NOT_NASDAQ_LISTED
1161,CAE,NOT_NASDAQ_LISTED
1162,CAF,NOT_NASDAQ_LISTED
1163,CAG,NOT_NASDAQ_LISTED
1164,CAH,NOT_NASDAQ_LISTED
1165,CAI,NOT_NASDAQ_LISTED
1166,CAI-A,NOT_NASDAQ_LISTED
1167,CAI-B,NOT_NASDAQ_LISTED
1168,CAJ,NOT_NASDAQ_LISTED
1170,CAL,NOT_NASDAQ_LISTED
1172,CALF,NOT_NASDAQ_LISTED
1173,CALM,FIRST_ADD_PRICE_BELOW_FLOOR
1174,CALX,NOT_NASDAQ_LISTED
1176,CAMT,NOT_COMMON_STOCK
1177,CANE,NOT_NASDAQ_LISTED
1178,CANF,NOT_NASDAQ_LISTED
1179,CANG,NOT_NASDAQ_LISTED
1180,CAPE,NOT_NASDAQ_LISTED
1181,CAPL,NOT_NASDAQ_LISTED
1188,CARO,FIRST_ADD_PRICE_BELOW_FLOOR
1189,CARS,NOT_NASDAQ_LISTED
1192,CARZ,NOT_COMMON_STOCK
1196,CASS,FIRST_ADD_PRICE_BELOW_FLOOR
1198,CAT,NOT_NASDAQ_LISTED
1201,CATH,NOT_COMMON_STOCK
1202,CATM,NOT_COMMON_STOCK
1203,CATO,NOT_NASDAQ_LISTED
1205,CATY,FIRST_ADD_PRICE_BELOW_FLOOR
1206,CB,NOT_NASDAQ_LISTED
1208,CBAT,FIRST_ADD_PRICE_BELOW_FLOOR
1210,CBB,NOT_NASDAQ_LISTED
1211,CBB-B,NOT_NASDAQ_LISTED
1212,CBD,NOT_NASDAQ_LISTED
1214,CBH,NOT_NASDAQ_LISTED
1216,CBL,NOT_NASDAQ_LISTED
1217,CBL-D,NOT_NASDAQ_LISTED
1218,CBL-E,NOT_NASDAQ_LISTED
1221,CBM,NOT_NASDAQ_LISTED
1223,CBMG,FIRST_ADD_PRICE_BELOW_FLOOR
1224,CBND,NOT_NASDAQ_LISTED
1225,CBNK,FIRST_ADD_PRICE_BELOW_FLOOR
1226,CBO,NOT_NASDAQ_LISTED
1227,CBOE,NOT_NASDAQ_LISTED
1228,CBON,NOT_NASDAQ_LISTED
1229,CBPO,NOT_COMMON_STOCK
1230,CBPX,NOT_NASDAQ_LISTED
1231,CBRE,NOT_NASDAQ_LISTED
1233,CBS,NOT_NASDAQ_LISTED
1234,CBS.A,NOT_NASDAQ_LISTED
1235,CBSH,FIRST_ADD_PRICE_BELOW_FLOOR
1236,CBSHP,NOT_COMMON_STOCK
1237,CBT,NOT_NASDAQ_LISTED
1238,CBTX,FIRST_ADD_PRICE_BELOW_FLOOR
1239,CBU,NOT_NASDAQ_LISTED
1240,CBX,NOT_NASDAQ_LISTED
1241,CBZ,NOT_NASDAQ_LISTED
1242,CC,NOT_NASDAQ_LISTED
1243,CCA,NOT_NASDAQ_LISTED
1245,CCBG,FIRST_ADD_PRICE_BELOW_FLOOR
1246,CCC,NOT_NASDAQ_LISTED
1247,CCC+,NOT_NASDAQ_LISTED
1250,CCEP,NOT_NASDAQ_LISTED
1251,CCF,NOT_NASDAQ_LISTED
1252,CCH,NOT_NASDAQ_LISTED
1253,CCH+,NOT_NASDAQ_LISTED
1254,CCH=,NOT_NASDAQ_LISTED
1255,CCI,NOT_NASDAQ_LISTED
1256,CCI-A,NOT_NASDAQ_LISTED
1257,CCIH,NOT_COMMON_STOCK
1258,CCJ,NOT_NASDAQ_LISTED
1259,CCK,NOT_NASDAQ_LISTED
1260,CCL,NOT_NASDAQ_LISTED
1261,CCLP,NOT_COMMON_STOCK
1262,CCM,NOT_NASDAQ_LISTED
1263,CCMP,FIRST_ADD_PRICE_BELOW_FLOOR
1264,CCNE,FIRST_ADD_PRICE_BELOW_FLOOR
1265,CCNI,FIRST_ADD_PRICE_BELOW_FLOOR
1266,CCO,NOT_NASDAQ_LISTED
1268,CCOR,NOT_NASDAQ_LISTED
1269,CCR,NOT_NASDAQ_LISTED
1270,CCRC,NOT_COMMON_STOCK
1271,CCRN,FIRST_ADD_PRICE_BELOW_FLOOR
1272,CCS,NOT_NASDAQ_LISTED
1273,CCU,NOT_NASDAQ_LISTED
1274,CCX,NOT_NASDAQ_LISTED
1275,CCX+,NOT_NASDAQ_LISTED
1276,CCX=,NOT_NASDAQ_LISTED
1278,CCZ,NOT_NASDAQ_LISTED
1279,CDAY,NOT_NASDAQ_LISTED
1280,CDC,NOT_COMMON_STOCK
1281,CDE,NOT_NASDAQ_LISTED
1282,CDEV,FIRST_ADD_PRICE_BELOW_FLOOR
1283,CDK,FIRST_ADD_PRICE_BELOW_FLOOR
1284,CDL,NOT_COMMON_STOCK
1287,CDMOP,NOT_COMMON_STOCK
1290,CDOR,NOT_NASDAQ_LISTED
1291,CDR,NOT_NASDAQ_LISTED
1292,CDR-B,NOT_NASDAQ_LISTED
1293,CDR-C,NOT_NASDAQ_LISTED
1295,CDW,FIRST_ADD_PRICE_BELOW_FLOOR
1298,CDZI,FIRST_ADD_PRICE_BELOW_FLOOR
1299,CE,NOT_NASDAQ_LISTED
1300,CEA,NOT_NASDAQ_LISTED
1302,CECO,FIRST_ADD_PRICE_BELOW_FLOOR
1303,CEE,NOT_NASDAQ_LISTED
1304,CEF,NOT_NASDAQ_LISTED
1305,CEFL,NOT_NASDAQ_LISTED
1306,CEFS,NOT_NASDAQ_LISTED
1307,CEI,NOT_NASDAQ_LISTED
1308,CEIX,NOT_NASDAQ_LISTED
1309,CEL,NOT_NASDAQ_LISTED
1310,CELC,FIRST_ADD_PRICE_BELOW_FLOOR
1312,CELGZ,NOT_COMMON_STOCK
1314,CELP,NOT_NASDAQ_LISTED
1315,CEM,NOT_NASDAQ_LISTED
1316,CEMB,NOT_NASDAQ_LISTED
1317,CEMI,FIRST_ADD_PRICE_BELOW_FLOOR
1318,CEN,NOT_NASDAQ_LISTED
1320,CENTA,FIRST_ADD_PRICE_BELOW_FLOOR
1322,CEO,NOT_NASDAQ_LISTED
1323,CEPU,NOT_NASDAQ_LISTED
1324,CEQP,NOT_NASDAQ_LISTED
1325,CEQP-,NOT_NASDAQ_LISTED
1326,CERC,FIRST_ADD_PRICE_BELOW_FLOOR
1328,CERS,FIRST_ADD_PRICE_BELOW_FLOOR
1329,CET,NOT_NASDAQ_LISTED
1332,CETXP,NOT_COMMON_STOCK
1333,CETXW,NOT_COMMON_STOCK
1334,CEV,NOT_NASDAQ_LISTED
1336,CEW,NOT_NASDAQ_LISTED
1337,CEY,NOT_COMMON_STOCK
1338,CEZ,NOT_COMMON_STOCK
1339,CF,NOT_NASDAQ_LISTED
1340,CFA,NOT_COMMON_STOCK
1341,CFBI,FIRST_ADD_PRICE_BELOW_FLOOR
1342,CFBK,FIRST_ADD_PRICE_BELOW_FLOOR
1344,CFFAU,NOT_COMMON_STOCK
1345,CFFAW,NOT_COMMON_STOCK
1347,CFFN,FIRST_ADD_PRICE_BELOW_FLOOR
1348,CFG,NOT_NASDAQ_LISTED
1349,CFG-D,NOT_NASDAQ_LISTED
1351,CFO,NOT_COMMON_STOCK
1352,CFR,NOT_NASDAQ_LISTED
1353,CFR-A,NOT_NASDAQ_LISTED
1355,CFX,NOT_NASDAQ_LISTED
1356,CFXA,NOT_NASDAQ_LISTED
1357,CG,NOT_COMMON_STOCK
1358,CGA,NOT_NASDAQ_LISTED
1360,CGC,NOT_NASDAQ_LISTED
1361,CGEN,NOT_COMMON_STOCK
1362,CGIX,FIRST_ADD_PRICE_BELOW_FLOOR
1364,CGO,FIRST_ADD_PRICE_BELOW_FLOOR
1365,CGW,NOT_NASDAQ_LISTED
1366,CHA,NOT_NASDAQ_LISTED
1367,CHAC,NOT_NASDAQ_LISTED
1368,CHAC+,NOT_NASDAQ_LISTED
1369,CHAC=,NOT_NASDAQ_LISTED
1370,CHAD,NOT_NASDAQ_LISTED
1371,CHAP,NOT_NASDAQ_LISTED
1372,CHAU,NOT_NASDAQ_LISTED
1373,CHCI,FIRST_ADD_PRICE_BELOW_FLOOR
1374,CHCO,FIRST_ADD_PRICE_BELOW_FLOOR
1375,CHCT,NOT_NASDAQ_LISTED
1376,CHD,NOT_NASDAQ_LISTED
1378,CHE,NOT_NASDAQ_LISTED
1379,CHEF,FIRST_ADD_PRICE_BELOW_FLOOR
1380,CHEK,NOT_COMMON_STOCK
1381,CHEKW,NOT_COMMON_STOCK
1382,CHEKZ,NOT_COMMON_STOCK
1383,CHEP,NOT_NASDAQ_LISTED
1386,CHGG,NOT_NASDAQ_LISTED
1387,CHGX,NOT_NASDAQ_LISTED
1388,CHH,NOT_NASDAQ_LISTED
1390,CHIC,NOT_NASDAQ_LISTED
1391,CHIE,NOT_NASDAQ_LISTED
1392,CHIH,NOT_NASDAQ_LISTED
1393,CHII,NOT_NASDAQ_LISTED
1394,CHIK,NOT_NASDAQ_LISTED
1395,CHIL,NOT_NASDAQ_LISTED
1396,CHIM,NOT_NASDAQ_LISTED
1397,CHIQ,NOT_NASDAQ_LISTED
1398,CHIR,NOT_NASDAQ_LISTED
1399,CHIS,NOT_NASDAQ_LISTED
1400,CHIU,NOT_NASDAQ_LISTED
1401,CHIX,NOT_NASDAQ_LISTED
1402,CHK,NOT_NASDAQ_LISTED
1403,CHK-D,NOT_NASDAQ_LISTED
1404,CHKP,NOT_COMMON_STOCK
1405,CHKR,NOT_NASDAQ_LISTED
1406,CHL,NOT_NASDAQ_LISTED
1407,CHMA,FIRST_ADD_PRICE_BELOW_FLOOR
1409,CHMI,NOT_NASDAQ_LISTED
1410,CHMI-A,NOT_NASDAQ_LISTED
1411,CHMI-B,NOT_NASDAQ_LISTED
1412,CHN,NOT_NASDAQ_LISTED
1413,CHNA,NOT_COMMON_STOCK
1415,CHNGU,NOT_COMMON_STOCK
1417,CHRA,NOT_NASDAQ_LISTED
1419,CHRW,FIRST_ADD_PRICE_BELOW_FLOOR
1420,CHS,NOT_NASDAQ_LISTED
1421,CHSCL,NOT_COMMON_STOCK
1422,CHSCM,NOT_COMMON_STOCK
1423,CHSCN,NOT_COMMON_STOCK
1424,CHSCO,NOT_COMMON_STOCK
1425,CHSCP,NOT_COMMON_STOCK
1426,CHSP,NOT_NASDAQ_LISTED
1427,CHT,NOT_NASDAQ_LISTED
1429,CHU,NOT_NASDAQ_LISTED
1432,CHWY,NOT_NASDAQ_LISTED
1433,CHY,FIRST_ADD_PRICE_BELOW_FLOOR
1434,CI,NOT_NASDAQ_LISTED
1435,CIA,NOT_NASDAQ_LISTED
1436,CIB,NOT_NASDAQ_LISTED
1437,CIBR,NOT_COMMON_STOCK
1438,CIC,NOT_NASDAQ_LISTED
1439,CIC+,NOT_NASDAQ_LISTED
1440,CIC=,NOT_NASDAQ_LISTED
1441,CID,NOT_COMMON_STOCK
1443,CIEN,NOT_NASDAQ_LISTED
1444,CIF,NOT_NASDAQ_LISTED
1445,CIFS,NOT_COMMON_STOCK
1446,CIG,NOT_NASDAQ_LISTED
1447,CIG.C,NOT_NASDAQ_LISTED
1449,CIH,NOT_COMMON_STOCK
1450,CII,NOT_NASDAQ_LISTED
1451,CIK,NOT_NASDAQ_LISTED
1452,CIL,NOT_COMMON_STOCK
1453,CIM,NOT_NASDAQ_LISTED
1454,CIM-A,NOT_NASDAQ_LISTED
1455,CIM-B,NOT_NASDAQ_LISTED
1456,CIM-C,NOT_NASDAQ_LISTED
1457,CIM-D,NOT_NASDAQ_LISTED
1459,CINR,NOT_NASDAQ_LISTED
1460,CIO,NOT_NASDAQ_LISTED
1461,CIO-A,NOT_NASDAQ_LISTED
1462,CIR,NOT_NASDAQ_LISTED
1463,CISN,NOT_NASDAQ_LISTED
1464,CIT,NOT_NASDAQ_LISTED
1465,CIVB,FIRST_ADD_PRICE_BELOW_FLOOR
1466,CIVBP,NOT_COMMON_STOCK
1467,CIX,NOT_NASDAQ_LISTED
1468,CIZ,NOT_COMMON_STOCK
1469,CIZN,FIRST_ADD_PRICE_BELOW_FLOOR
1470,CJ,NOT_NASDAQ_LISTED
1472,CJNK,NOT_NASDAQ_LISTED
1473,CKH,NOT_NASDAQ_LISTED
1474,CKPT,FIRST_ADD_PRICE_BELOW_FLOOR
1475,CKX,NOT_NASDAQ_LISTED
1476,CL,NOT_NASDAQ_LISTED
1478,CLB,NOT_NASDAQ_LISTED
1480,CLBS,FIRST_ADD_PRICE_BELOW_FLOOR
1481,CLCT,FIRST_ADD_PRICE_BELOW_FLOOR
1482,CLDB,FIRST_ADD_PRICE_BELOW_FLOOR
1483,CLDC,NOT_COMMON_STOCK
1484,CLDR,NOT_NASDAQ_LISTED
1485,CLDT,NOT_NASDAQ_LISTED
1487,CLF,NOT_NASDAQ_LISTED
1488,CLFD,FIRST_ADD_PRICE_BELOW_FLOOR
1489,CLGN,NOT_COMMON_STOCK
1490,CLGX,NOT_NASDAQ_LISTED
1491,CLH,NOT_NASDAQ_LISTED
1492,CLI,NOT_NASDAQ_LISTED
1493,CLIR,FIRST_ADD_PRICE_BELOW_FLOOR
1494,CLIX,NOT_NASDAQ_LISTED
1495,CLLS,NOT_COMMON_STOCK
1496,CLM,NOT_NASDAQ_LISTED
1497,CLMT,NOT_COMMON_STOCK
1498,CLNC,NOT_NASDAQ_LISTED
1500,CLNY,NOT_NASDAQ_LISTED
1501,CLNY-B,NOT_NASDAQ_LISTED
1502,CLNY-E,NOT_NASDAQ_LISTED
1503,CLNY-G,NOT_NASDAQ_LISTED
1504,CLNY-H,NOT_NASDAQ_LISTED
1505,CLNY-I,NOT_NASDAQ_LISTED
1506,CLNY-J,NOT_NASDAQ_LISTED
1507,CLOU,NOT_COMMON_STOCK
1508,CLPR,NOT_NASDAQ_LISTED
1510,CLR,NOT_NASDAQ_LISTED
1512,CLRBW,NOT_COMMON_STOCK
1513,CLRBZ,NOT_COMMON_STOCK
1514,CLRG,NOT_COMMON_STOCK
1515,CLRO,FIRST_ADD_PRICE_BELOW_FLOOR
1516,CLS,NOT_NASDAQ_LISTED
1517,CLSD,FIRST_ADD_PRICE_BELOW_FLOOR
1519,CLTL,NOT_NASDAQ_LISTED
1520,CLUB,FIRST_ADD_PRICE_BELOW_FLOOR
1522,CLW,NOT_NASDAQ_LISTED
1523,CLWT,NOT_COMMON_STOCK
1524,CLX,NOT_NASDAQ_LISTED
1526,CM,NOT_NASDAQ_LISTED
1527,CMA,NOT_NASDAQ_LISTED
1528,CMBM,NOT_COMMON_STOCK
1529,CMBS,NOT_NASDAQ_LISTED
1530,CMC,NOT_NASDAQ_LISTED
1531,CMCL,NOT_NASDAQ_LISTED
1532,CMCM,NOT_NASDAQ_LISTED
1535,CMCT,FIRST_ADD_PRICE_BELOW_FLOOR
1536,CMCTP,NOT_COMMON_STOCK
1537,CMD,NOT_NASDAQ_LISTED
1538,CMDY,NOT_NASDAQ_LISTED
1540,CMF,NOT_NASDAQ_LISTED
1542,CMFNL,NOT_COMMON_STOCK
1543,CMG,NOT_NASDAQ_LISTED
1544,CMI,NOT_NASDAQ_LISTED
1546,CMO,NOT_NASDAQ_LISTED
1547,CMO-E,NOT_NASDAQ_LISTED
1548,CMP,NOT_NASDAQ_LISTED
1549,CMPR,NOT_COMMON_STOCK
1550,CMRE,NOT_NASDAQ_LISTED
1551,CMRE-B,NOT_NASDAQ_LISTED
1552,CMRE-C,NOT_NASDAQ_LISTED
1553,CMRE-D,NOT_NASDAQ_LISTED
1554,CMRE-E,NOT_NASDAQ_LISTED
1556,CMS,NOT_NASDAQ_LISTED
1557,CMS-B,NOT_NASDAQ_LISTED
1558,CMSA,NOT_NASDAQ_LISTED
1559,CMSC,NOT_NASDAQ_LISTED
1560,CMSD,NOT_NASDAQ_LISTED
1561,CMT,NOT_NASDAQ_LISTED
1563,CMU,NOT_NASDAQ_LISTED
1564,CN,NOT_NASDAQ_LISTED
1565,CNA,NOT_NASDAQ_LISTED
1566,CNAC,NOT_COMMON_STOCK
1567,CNACR,NOT_COMMON_STOCK
1568,CNACU,NOT_COMMON_STOCK
1569,CNACW,NOT_COMMON_STOCK
1572,CNBS,NOT_NASDAQ_LISTED
1573,CNC,NOT_NASDAQ_LISTED
1575,CNCR,NOT_COMMON_STOCK
1576,CNDT,NOT_NASDAQ_LISTED
1578,CNF,NOT_NASDAQ_LISTED
1579,CNFR,FIRST_ADD_PRICE_BELOW_FLOOR
1580,CNFRL,NOT_COMMON_STOCK
1581,CNHI,NOT_NASDAQ_LISTED
1582,CNHX,NOT_NASDAQ_LISTED
1583,CNI,NOT_NASDAQ_LISTED
1584,CNK,NOT_NASDAQ_LISTED
1585,CNMD,FIRST_ADD_PRICE_BELOW_FLOOR
1586,CNNE,NOT_NASDAQ_LISTED
1587,CNO,NOT_NASDAQ_LISTED
1588,CNOB,FIRST_ADD_PRICE_BELOW_FLOOR
1589,CNP,NOT_NASDAQ_LISTED
1590,CNP-B,NOT_NASDAQ_LISTED
1591,CNQ,NOT_NASDAQ_LISTED
1592,CNR,NOT_NASDAQ_LISTED
1593,CNRG,NOT_NASDAQ_LISTED
1594,CNS,NOT_NASDAQ_LISTED
1596,CNST,FIRST_ADD_PRICE_BELOW_FLOOR
1597,CNTF,NOT_COMMON_STOCK
1599,CNX,NOT_NASDAQ_LISTED
1600,CNXM,NOT_NASDAQ_LISTED
1601,CNXN,FIRST_ADD_PRICE_BELOW_FLOOR
1602,CNXT,NOT_NASDAQ_LISTED
1603,CNY,NOT_NASDAQ_LISTED
1604,CNYA,NOT_NASDAQ_LISTED
1605,CO,NOT_NASDAQ_LISTED
1606,COCP,FIRST_ADD_PRICE_BELOW_FLOOR
1608,CODI,NOT_NASDAQ_LISTED
1609,CODI-A,NOT_NASDAQ_LISTED
1610,CODI-B,NOT_NASDAQ_LISTED
1612,COE,NOT_NASDAQ_LISTED
1613,COF,NOT_NASDAQ_LISTED
1614,COF-C,NOT_NASDAQ_LISTED
1615,COF-D,NOT_NASDAQ_LISTED
1616,COF-F,NOT_NASDAQ_LISTED
1617,COF-G,NOT_NASDAQ_LISTED
1618,COF-H,NOT_NASDAQ_LISTED
1619,COF-P,NOT_NASDAQ_LISTED
1620,COG,NOT_NASDAQ_LISTED
1621,COHN,NOT_NASDAQ_LISTED
1623,COHU,FIRST_ADD_PRICE_BELOW_FLOOR
1625,COLB,FIRST_ADD_PRICE_BELOW_FLOOR
1626,COLD,NOT_NASDAQ_LISTED
1629,COM,NOT_NASDAQ_LISTED
1630,COMB,NOT_NASDAQ_LISTED
1631,COMG,NOT_NASDAQ_LISTED
1633,COMT,NOT_COMMON_STOCK
1636,COO,NOT_NASDAQ_LISTED
1638,COP,NOT_NASDAQ_LISTED
1639,COPX,NOT_NASDAQ_LISTED
1640,COR,NOT_NASDAQ_LISTED
1641,CORE,FIRST_ADD_PRICE_BELOW_FLOOR
1642,CORN,NOT_NASDAQ_LISTED
1643,CORP,NOT_NASDAQ_LISTED
1644,CORR,NOT_NASDAQ_LISTED
1645,CORR-A,NOT_NASDAQ_LISTED
1649,COT,NOT_NASDAQ_LISTED
1650,COTY,NOT_NASDAQ_LISTED
1652,COW,NOT_NASDAQ_LISTED
1654,COWNL,NOT_COMMON_STOCK
1655,COWNZ,NOT_COMMON_STOCK
1656,COWZ,NOT_NASDAQ_LISTED
1657,CP,NOT_NASDAQ_LISTED
1658,CPA,NOT_NASDAQ_LISTED
1659,CPAAU,NOT_COMMON_STOCK
1660,CPAC,NOT_NASDAQ_LISTED
1662,CPB,NOT_NASDAQ_LISTED
1663,CPE,NOT_NASDAQ_LISTED
1664,CPER,NOT_NASDAQ_LISTED
1665,CPF,NOT_NASDAQ_LISTED
1666,CPG,NOT_NASDAQ_LISTED
1667,CPHC,FIRST_ADD_PRICE_BELOW_FLOOR
1668,CPHI,NOT_NASDAQ_LISTED
1669,CPI,NOT_NASDAQ_LISTED
1671,CPK,NOT_NASDAQ_LISTED
1672,CPL,NOT_NASDAQ_LISTED
1673,CPLG,NOT_NASDAQ_LISTED
1674,CPLP,NOT_COMMON_STOCK
1675,CPRI,NOT_NASDAQ_LISTED
1676,CPRT,FIRST_ADD_PRICE_BELOW_FLOOR
1678,CPS,NOT_NASDAQ_LISTED
1680,CPSI,FIRST_ADD_PRICE_BELOW_FLOOR
1681,CPSS,FIRST_ADD_PRICE_BELOW_FLOOR
1683,CPT,NOT_NASDAQ_LISTED
1685,CPTAG,NOT_COMMON_STOCK
1686,CPTAL,NOT_COMMON_STOCK
1687,CQP,NOT_NASDAQ_LISTED
1688,CQQQ,NOT_NASDAQ_LISTED
1689,CR,NOT_NASDAQ_LISTED
1690,CRAI,FIRST_ADD_PRICE_BELOW_FLOOR
1691,CRAK,NOT_NASDAQ_LISTED
1693,CRBN,NOT_NASDAQ_LISTED
1695,CRC,NOT_NASDAQ_LISTED
1696,CRCM,NOT_NASDAQ_LISTED
1697,CRD.A,NOT_NASDAQ_LISTED
1698,CRD.B,NOT_NASDAQ_LISTED
1700,CREG,FIRST_ADD_PRICE_BELOW_FLOOR
1701,CRESY,NOT_COMMON_STOCK
1703,CREXW,NOT_COMMON_STOCK
1704,CRF,NOT_NASDAQ_LISTED
1705,CRH,NOT_NASDAQ_LISTED
1706,CRHM,NOT_NASDAQ_LISTED
1707,CRI,NOT_NASDAQ_LISTED
1709,CRK,NOT_NASDAQ_LISTED
1710,CRL,NOT_NASDAQ_LISTED
1711,CRM,NOT_NASDAQ_LISTED
1712,CRMD,NOT_NASDAQ_LISTED
1713,CRMT,FIRST_ADD_PRICE_BELOW_FLOOR
1714,CRNT,NOT_COMMON_STOCK
1716,CROC,NOT_NASDAQ_LISTED
1718,CROP,NOT_NASDAQ_LISTED
1720,CRR,NOT_NASDAQ_LISTED
1721,CRS,NOT_NASDAQ_LISTED
1723,CRSAU,NOT_COMMON_STOCK
1724,CRSAW,NOT_COMMON_STOCK
1726,CRT,NOT_NASDAQ_LISTED
1727,CRTO,NOT_COMMON_STOCK
1730,CRVL,FIRST_ADD_PRICE_BELOW_FLOOR
1731,CRVS,FIRST_ADD_PRICE_BELOW_FLOOR
1732,CRWD,FIRST_ADD_PRICE_BELOW_FLOOR
1733,CRWS,FIRST_ADD_PRICE_BELOW_FLOOR
1734,CRY,NOT_NASDAQ_LISTED
1736,CS,NOT_NASDAQ_LISTED
1737,CSA,NOT_COMMON_STOCK
1738,CSB,NOT_COMMON_STOCK
1739,CSBR,FIRST_ADD_PRICE_BELOW_FLOOR
1741,CSD,NOT_NASDAQ_LISTED
1742,CSF,NOT_COMMON_STOCK
1743,CSFL,FIRST_ADD_PRICE_BELOW_FLOOR
1746,CSII,FIRST_ADD_PRICE_BELOW_FLOOR
1748,CSL,NOT_NASDAQ_LISTED
1749,CSLT,NOT_NASDAQ_LISTED
1750,CSM,NOT_NASDAQ_LISTED
1751,CSML,NOT_COMMON_STOCK
1754,CSQ,FIRST_ADD_PRICE_BELOW_FLOOR
1755,CSS,NOT_NASDAQ_LISTED
1757,CSSEP,NOT_COMMON_STOCK
1758,CSTE,NOT_COMMON_STOCK
1760,CSTM,NOT_NASDAQ_LISTED
1761,CSTR,FIRST_ADD_PRICE_BELOW_FLOOR
1762,CSU,NOT_NASDAQ_LISTED
1763,CSV,NOT_NASDAQ_LISTED
1765,CSWCL,NOT_COMMON_STOCK
1768,CTA-A,NOT_NASDAQ_LISTED
1769,CTA-B,NOT_NASDAQ_LISTED
1770,CTAA,NOT_NASDAQ_LISTED
1772,CTACU,NOT_COMMON_STOCK
1773,CTACW,NOT_COMMON_STOCK
1775,CTB,NOT_NASDAQ_LISTED
1776,CTBB,NOT_NASDAQ_LISTED
1778,CTDD,NOT_NASDAQ_LISTED
1779,CTEK,NOT_NASDAQ_LISTED
1780,CTEST,NOT_NASDAQ_LISTED
1781,CTG,FIRST_ADD_PRICE_BELOW_FLOOR
1782,CTHR,FIRST_ADD_PRICE_BELOW_FLOOR
1783,CTIB,FIRST_ADD_PRICE_BELOW_FLOOR
1784,CTIC,FIRST_ADD_PRICE_BELOW_FLOOR
1785,CTK,NOT_NASDAQ_LISTED
1786,CTL,NOT_NASDAQ_LISTED
1787,CTLT,NOT_NASDAQ_LISTED
1789,CTO,NOT_NASDAQ_LISTED
1790,CTR,NOT_NASDAQ_LISTED
1791,CTRA,NOT_NASDAQ_LISTED
1792,CTRC,FIRST_ADD_PRICE_BELOW_FLOOR
1794,CTRL,FIRST_ADD_PRICE_BELOW_FLOOR
1796,CTRN,FIRST_ADD_PRICE_BELOW_FLOOR
1797,CTRP,NOT_COMMON_STOCK
1798,CTS,NOT_NASDAQ_LISTED
1800,CTSO,FIRST_ADD_PRICE_BELOW_FLOOR
1801,CTST,NOT_NASDAQ_LISTED
1802,CTT,NOT_NASDAQ_LISTED
1803,CTV,NOT_NASDAQ_LISTED
1804,CTVA,NOT_NASDAQ_LISTED
1805,CTWS,FIRST_ADD_PRICE_BELOW_FLOOR
1807,CTXRW,NOT_COMMON_STOCK
1809,CTY,NOT_NASDAQ_LISTED
1810,CTZ,NOT_NASDAQ_LISTED
1811,CUB,NOT_NASDAQ_LISTED
1812,CUBA,FIRST_ADD_PRICE_BELOW_FLOOR
1813,CUBE,NOT_NASDAQ_LISTED
1814,CUBI,NOT_NASDAQ_LISTED
1815,CUBI-C,NOT_NASDAQ_LISTED
1816,CUBI-D,NOT_NASDAQ_LISTED
1817,CUBI-E,NOT_NASDAQ_LISTED
1818,CUBI-F,NOT_NASDAQ_LISTED
1820,CUI,FIRST_ADD_PRICE_BELOW_FLOOR
1821,CUK,NOT_NASDAQ_LISTED
1822,CULP,NOT_NASDAQ_LISTED
1823,CUO,NOT_NASDAQ_LISTED
1825,CURE,NOT_NASDAQ_LISTED
1826,CURO,NOT_NASDAQ_LISTED
1827,CUT,NOT_NASDAQ_LISTED
1828,CUTR,FIRST_ADD_PRICE_BELOW_FLOOR
1829,CUZ,NOT_NASDAQ_LISTED
1830,CVA,NOT_NASDAQ_LISTED
1834,CVE,NOT_NASDAQ_LISTED
1835,CVEO,NOT_NASDAQ_LISTED
1839,CVI,NOT_NASDAQ_LISTED
1840,CVIA,NOT_NASDAQ_LISTED
1842,CVLY,FIRST_ADD_PRICE_BELOW_FLOOR
1843,CVM,NOT_NASDAQ_LISTED
1844,CVNA,NOT_NASDAQ_LISTED
1845,CVR,NOT_NASDAQ_LISTED
1846,CVRS,NOT_NASDAQ_LISTED
1847,CVS,NOT_NASDAQ_LISTED
1849,CVU,NOT_NASDAQ_LISTED
1850,CVV,FIRST_ADD_PRICE_BELOW_FLOOR
1851,CVX,NOT_NASDAQ_LISTED
1852,CVY,NOT_NASDAQ_LISTED
1853,CW,NOT_NASDAQ_LISTED
1854,CWAI,NOT_NASDAQ_LISTED
1855,CWB,NOT_NASDAQ_LISTED
1856,CWBC,FIRST_ADD_PRICE_BELOW_FLOOR
1858,CWCO,NOT_COMMON_STOCK
1859,CWEB,NOT_NASDAQ_LISTED
1860,CWEN,NOT_NASDAQ_LISTED
1861,CWEN.A,NOT_NASDAQ_LISTED
1862,CWH,NOT_NASDAQ_LISTED
1863,CWI,NOT_NASDAQ_LISTED
1864,CWK,NOT_NASDAQ_LISTED
1865,CWS,NOT_NASDAQ_LISTED
1866,CWST,FIRST_ADD_PRICE_BELOW_FLOOR
1867,CWT,NOT_NASDAQ_LISTED
1868,CX,NOT_NASDAQ_LISTED
1870,CXE,NOT_NASDAQ_LISTED
1871,CXH,NOT_NASDAQ_LISTED
1872,CXO,NOT_NASDAQ_LISTED
1873,CXP,NOT_NASDAQ_LISTED
1874,CXSE,NOT_COMMON_STOCK
1875,CXW,NOT_NASDAQ_LISTED
1877,CYAD,NOT_COMMON_STOCK
1879,CYB,NOT_NASDAQ_LISTED
1880,CYBE,FIRST_ADD_PRICE_BELOW_FLOOR
1881,CYBR,NOT_COMMON_STOCK
1882,CYCC,FIRST_ADD_PRICE_BELOW_FLOOR
1883,CYCCP,NOT_COMMON_STOCK
1884,CYCN,FIRST_ADD_PRICE_BELOW_FLOOR
1885,CYD,NOT_NASDAQ_LISTED
1886,CYH,NOT_NASDAQ_LISTED
1887,CYOU,NOT_COMMON_STOCK
1888,CYRN,NOT_COMMON_STOCK
1890,CYRXW,NOT_COMMON_STOCK
1892,CZA,NOT_NASDAQ_LISTED
1893,CZNC,FIRST_ADD_PRICE_BELOW_FLOOR
1895,CZWI,FIRST_ADD_PRICE_BELOW_FLOOR
1896,CZZ,NOT_NASDAQ_LISTED
1897,D,NOT_NASDAQ_LISTED
1898,DAC,NOT_NASDAQ_LISTED
1899,DAIO,FIRST_ADD_PRICE_BELOW_FLOOR
1900,DAKT,FIRST_ADD_PRICE_BELOW_FLOOR
1901,DAL,NOT_NASDAQ_LISTED
1902,DALI,NOT_COMMON_STOCK
1903,DALT,NOT_NASDAQ_LISTED
1904,DAN,NOT_NASDAQ_LISTED
1905,DAR,NOT_NASDAQ_LISTED
1907,DATA,NOT_NASDAQ_LISTED
1908,DAUD,NOT_NASDAQ_LISTED
1909,DAVA,NOT_NASDAQ_LISTED
1910,DAVE,FIRST_ADD_PRICE_BELOW_FLOOR
1911,DAX,NOT_COMMON_STOCK
1912,DB,NOT_NASDAQ_LISTED
1913,DBA,NOT_NASDAQ_LISTED
1914,DBAW,NOT_NASDAQ_LISTED
1915,DBB,NOT_NASDAQ_LISTED
1916,DBC,NOT_NASDAQ_LISTED
1917,DBD,NOT_NASDAQ_LISTED
1918,DBE,NOT_NASDAQ_LISTED
1919,DBEF,NOT_NASDAQ_LISTED
1920,DBEM,NOT_NASDAQ_LISTED
1921,DBEU,NOT_NASDAQ_LISTED
1922,DBEZ,NOT_NASDAQ_LISTED
1923,DBGR,NOT_NASDAQ_LISTED
1924,DBI,NOT_NASDAQ_LISTED
1925,DBJP,NOT_NASDAQ_LISTED
1926,DBKO,NOT_NASDAQ_LISTED
1927,DBL,NOT_NASDAQ_LISTED
1928,DBLV,NOT_NASDAQ_LISTED
1929,DBMF,NOT_NASDAQ_LISTED
1930,DBO,NOT_NASDAQ_LISTED
1931,DBP,NOT_NASDAQ_LISTED
1932,DBS,NOT_NASDAQ_LISTED
1933,DBV,NOT_NASDAQ_LISTED
1934,DBVT,NOT_COMMON_STOCK
1937,DCF,NOT_NASDAQ_LISTED
1938,DCHF,NOT_NASDAQ_LISTED
1939,DCI,NOT_NASDAQ_LISTED
1941,DCO,NOT_NASDAQ_LISTED
1942,DCOM,FIRST_ADD_PRICE_BELOW_FLOOR
1943,DCP,NOT_NASDAQ_LISTED
1944,DCP-B,NOT_NASDAQ_LISTED
1945,DCP-C,NOT_NASDAQ_LISTED
1946,DCPH,FIRST_ADD_PRICE_BELOW_FLOOR
1947,DCUD,NOT_NASDAQ_LISTED
1948,DCUE,NOT_NASDAQ_LISTED
1949,DD,NOT_NASDAQ_LISTED
1950,DDD,NOT_NASDAQ_LISTED
1951,DDF,NOT_NASDAQ_LISTED
1952,DDG,NOT_NASDAQ_LISTED
1953,DDIV,NOT_COMMON_STOCK
1954,DDLS,NOT_NASDAQ_LISTED
1955,DDM,NOT_NASDAQ_LISTED
1956,DDMX,NOT_COMMON_STOCK
1957,DDMXU,NOT_COMMON_STOCK
1958,DDMXW,NOT_COMMON_STOCK
1959,DDS,NOT_NASDAQ_LISTED
1960,DDT,NOT_NASDAQ_LISTED
1961,DDWM,NOT_NASDAQ_LISTED
1962,DE,NOT_NASDAQ_LISTED
1963,DEA,NOT_NASDAQ_LISTED
1964,DEAC,FIRST_ADD_PRICE_BELOW_FLOOR
1965,DEACU,NOT_COMMON_STOCK
1966,DEACW,NOT_COMMON_STOCK
1967,DECK,NOT_NASDAQ_LISTED
1968,DEEF,NOT_NASDAQ_LISTED
1969,DEF,NOT_NASDAQ_LISTED
1970,DEFA,NOT_NASDAQ_LISTED
1971,DEI,NOT_NASDAQ_LISTED
1972,DELL,NOT_NASDAQ_LISTED
1973,DEM,NOT_NASDAQ_LISTED
1974,DEMG,NOT_NASDAQ_LISTED
1976,DEO,NOT_NASDAQ_LISTED
1978,DES,NOT_NASDAQ_LISTED
1979,DESC,NOT_NASDAQ_LISTED
1980,DESP,NOT_NASDAQ_LISTED
1982,DEUR,NOT_NASDAQ_LISTED
1983,DEUS,NOT_NASDAQ_LISTED
1984,DEW,NOT_NASDAQ_LISTED
1985,DEWJ,NOT_NASDAQ_LISTED
1986,DEX,NOT_NASDAQ_LISTED
1987,DEZU,NOT_NASDAQ_LISTED
1988,DF,NOT_NASDAQ_LISTED
1990,DFBHU,NOT_COMMON_STOCK
1991,DFBHW,NOT_COMMON_STOCK
1992,DFE,NOT_NASDAQ_LISTED
1993,DFEN,NOT_NASDAQ_LISTED
1995,DFIN,NOT_NASDAQ_LISTED
1996,DFJ,NOT_NASDAQ_LISTED
1997,DFND,NOT_NASDAQ_LISTED
1998,DFNL,NOT_COMMON_STOCK
1999,DFP,NOT_NASDAQ_LISTED
2001,DFS,NOT_NASDAQ_LISTED
2002,DFVL,NOT_NASDAQ_LISTED
2003,DFVS,NOT_NASDAQ_LISTED
2004,DG,NOT_NASDAQ_LISTED
2005,DGAZ,NOT_NASDAQ_LISTED
2006,DGBP,NOT_NASDAQ_LISTED
2007,DGICA,FIRST_ADD_PRICE_BELOW_FLOOR
2008,DGICB,FIRST_ADD_PRICE_BELOW_FLOOR
2010,DGL,NOT_NASDAQ_LISTED
2011,DGLD,NOT_COMMON_STOCK
2013,DGP,NOT_NASDAQ_LISTED
2014,DGRE,NOT_COMMON_STOCK
2015,DGRO,NOT_NASDAQ_LISTED
2016,DGRS,NOT_COMMON_STOCK
2017,DGRW,NOT_COMMON_STOCK
2018,DGS,NOT_NASDAQ_LISTED
2019,DGSE,NOT_NASDAQ_LISTED
2020,DGT,NOT_NASDAQ_LISTED
2021,DGX,NOT_NASDAQ_LISTED
2022,DGZ,NOT_NASDAQ_LISTED
2023,DHDG,NOT_NASDAQ_LISTED
2024,DHF,NOT_NASDAQ_LISTED
2025,DHI,NOT_NASDAQ_LISTED
2027,DHR,NOT_NASDAQ_LISTED
2028,DHR-A,NOT_NASDAQ_LISTED
2029,DHS,NOT_NASDAQ_LISTED
2030,DHT,NOT_NASDAQ_LISTED
2031,DHX,NOT_NASDAQ_LISTED
2033,DHY,NOT_NASDAQ_LISTED
2034,DIA,NOT_NASDAQ_LISTED
2035,DIAL,NOT_NASDAQ_LISTED
2036,DIAX,NOT_NASDAQ_LISTED
2037,DIG,NOT_NASDAQ_LISTED
2038,DIM,NOT_NASDAQ_LISTED
2039,DIN,NOT_NASDAQ_LISTED
2040,DINT,NOT_COMMON_STOCK
2042,DIS,NOT_NASDAQ_LISTED
2044,DISCB,FIRST_ADD_PRICE_BELOW_FLOOR
2047,DIT,NOT_NASDAQ_LISTED
2048,DIV,NOT_NASDAQ_LISTED
2049,DIVA,NOT_NASDAQ_LISTED
2050,DIVB,NOT_NASDAQ_LISTED
2051,DIVC,NOT_NASDAQ_LISTED
2052,DIVO,NOT_NASDAQ_LISTED
2053,DIVY,NOT_NASDAQ_LISTED
2054,DJCI,NOT_NASDAQ_LISTED
2055,DJCO,FIRST_ADD_PRICE_BELOW_FLOOR
2056,DJD,NOT_NASDAQ_LISTED
2057,DJP,NOT_NASDAQ_LISTED
2058,DJPY,NOT_NASDAQ_LISTED
2059,DK,NOT_NASDAQ_LISTED
2060,DKL,NOT_NASDAQ_LISTED
2061,DKS,NOT_NASDAQ_LISTED
2062,DKT,NOT_NASDAQ_LISTED
2063,DL,NOT_NASDAQ_LISTED
2064,DLA,NOT_NASDAQ_LISTED
2065,DLB,NOT_NASDAQ_LISTED
2066,DLBR,NOT_NASDAQ_LISTED
2067,DLBS,NOT_NASDAQ_LISTED
2068,DLHC,FIRST_ADD_PRICE_BELOW_FLOOR
2069,DLN,NOT_NASDAQ_LISTED
2070,DLNG,NOT_NASDAQ_LISTED
2071,DLNG-A,NOT_NASDAQ_LISTED
2072,DLNG-B,NOT_NASDAQ_LISTED
2073,DLPH,NOT_NASDAQ_LISTED
2075,DLPNW,NOT_COMMON_STOCK
2076,DLR,NOT_NASDAQ_LISTED
2077,DLR-C,NOT_NASDAQ_LISTED
2078,DLR-G,NOT_NASDAQ_LISTED
2079,DLR-I,NOT_NASDAQ_LISTED
2080,DLR-J,NOT_NASDAQ_LISTED
2081,DLR-K,NOT_NASDAQ_LISTED
2082,DLS,NOT_NASDAQ_LISTED
2085,DLX,NOT_NASDAQ_LISTED
2087,DMB,NOT_NASDAQ_LISTED
2088,DMDV,NOT_NASDAQ_LISTED
2089,DMF,NOT_NASDAQ_LISTED
2090,DMLP,NOT_COMMON_STOCK
2091,DMO,NOT_NASDAQ_LISTED
2093,DMRC,FIRST_ADD_PRICE_BELOW_FLOOR
2094,DMRE,NOT_NASDAQ_LISTED
2095,DMRI,NOT_NASDAQ_LISTED
2096,DMRL,NOT_NASDAQ_LISTED
2097,DMRM,NOT_NASDAQ_LISTED
2098,DMRS,NOT_NASDAQ_LISTED
2099,DNBF,FIRST_ADD_PRICE_BELOW_FLOOR
2100,DNI,NOT_NASDAQ_LISTED
2101,DNJR,NOT_COMMON_STOCK
2103,DNL,NOT_NASDAQ_LISTED
2105,DNN,NOT_NASDAQ_LISTED
2106,DNOW,NOT_NASDAQ_LISTED
2107,DNP,NOT_NASDAQ_LISTED
2108,DNR,NOT_NASDAQ_LISTED
2109,DO,NOT_NASDAQ_LISTED
2110,DOC,NOT_NASDAQ_LISTED
2112,DOG,NOT_NASDAQ_LISTED
2113,DOGS,NOT_NASDAQ_LISTED
2114,DOGZ,FIRST_ADD_PRICE_BELOW_FLOOR
2115,DOL,NOT_NASDAQ_LISTED
2117,DON,NOT_NASDAQ_LISTED
2118,DOO,NOT_NASDAQ_LISTED
2120,DOOR,NOT_NASDAQ_LISTED
2122,DOV,NOT_NASDAQ_LISTED
2124,DOW,NOT_NASDAQ_LISTED
2125,DOX,NOT_COMMON_STOCK
2126,DOYU,NOT_COMMON_STOCK
2127,DPG,NOT_NASDAQ_LISTED
2129,DPHCU,NOT_COMMON_STOCK
2130,DPHCW,NOT_COMMON_STOCK
2131,DPK,NOT_NASDAQ_LISTED
2132,DPLO,NOT_NASDAQ_LISTED
2133,DPST,NOT_NASDAQ_LISTED
2134,DPW,NOT_NASDAQ_LISTED
2135,DPZ,NOT_NASDAQ_LISTED
2136,DQ,NOT_NASDAQ_LISTED
2137,DQML,NOT_NASDAQ_LISTED
2139,DRD,NOT_NASDAQ_LISTED
2140,DRE,NOT_NASDAQ_LISTED
2141,DRH,NOT_NASDAQ_LISTED
2142,DRI,NOT_NASDAQ_LISTED
2143,DRIO,FIRST_ADD_PRICE_BELOW_FLOOR
2144,DRIOW,NOT_COMMON_STOCK
2145,DRIP,NOT_NASDAQ_LISTED
2146,DRIV,NOT_COMMON_STOCK
2147,DRN,NOT_NASDAQ_LISTED
2148,DRNA,FIRST_ADD_PRICE_BELOW_FLOOR
2149,DRQ,NOT_NASDAQ_LISTED
2150,DRR,NOT_NASDAQ_LISTED
2152,DRSK,NOT_NASDAQ_LISTED
2153,DRUA,NOT_NASDAQ_LISTED
2154,DRV,NOT_NASDAQ_LISTED
2155,DRW,NOT_NASDAQ_LISTED
2157,DS,NOT_NASDAQ_LISTED
2158,DS-B,NOT_NASDAQ_LISTED
2159,DS-C,NOT_NASDAQ_LISTED
2160,DS-D,NOT_NASDAQ_LISTED
2161,DSE,NOT_NASDAQ_LISTED
2163,DSI,NOT_NASDAQ_LISTED
2165,DSKEW,NOT_COMMON_STOCK
2166,DSL,NOT_NASDAQ_LISTED
2167,DSLV,NOT_COMMON_STOCK
2168,DSM,NOT_NASDAQ_LISTED
2170,DSS,NOT_NASDAQ_LISTED
2171,DSSI,NOT_NASDAQ_LISTED
2172,DSTL,NOT_NASDAQ_LISTED
2173,DSU,NOT_NASDAQ_LISTED
2174,DSWL,FIRST_ADD_PRICE_BELOW_FLOOR
2175,DSX,NOT_NASDAQ_LISTED
2176,DSX-B,NOT_NASDAQ_LISTED
2177,DTD,NOT_NASDAQ_LISTED
2178,DTE,NOT_NASDAQ_LISTED
2180,DTEC,NOT_NASDAQ_LISTED
2181,DTF,NOT_NASDAQ_LISTED
2182,DTH,NOT_NASDAQ_LISTED
2184,DTJ,NOT_NASDAQ_LISTED
2185,DTLA-,NOT_NASDAQ_LISTED
2186,DTN,NOT_NASDAQ_LISTED
2187,DTO,NOT_NASDAQ_LISTED
2188,DTQ,NOT_NASDAQ_LISTED
2190,DTUL,NOT_NASDAQ_LISTED
2191,DTUS,NOT_NASDAQ_LISTED
2192,DTV,NOT_NASDAQ_LISTED
2193,DTW,NOT_NASDAQ_LISTED
2194,DTY,NOT_NASDAQ_LISTED
2195,DTYL,NOT_NASDAQ_LISTED
2196,DTYS,NOT_NASDAQ_LISTED
2197,DUC,NOT_NASDAQ_LISTED
2198,DUG,NOT_NASDAQ_LISTED
2199,DUK,NOT_NASDAQ_LISTED
2200,DUK-A,NOT_NASDAQ_LISTED
2201,DUKB,NOT_NASDAQ_LISTED
2202,DUKH,NOT_NASDAQ_LISTED
2203,DURA,NOT_NASDAQ_LISTED
2204,DUSA,NOT_COMMON_STOCK
2205,DUSL,NOT_NASDAQ_LISTED
2206,DUST,NOT_NASDAQ_LISTED
2207,DVA,NOT_NASDAQ_LISTED
2208,DVAX,FIRST_ADD_PRICE_BELOW_FLOOR
2210,DVD,NOT_NASDAQ_LISTED
2211,DVEM,NOT_NASDAQ_LISTED
2212,DVHL,NOT_NASDAQ_LISTED
2213,DVLU,NOT_COMMON_STOCK
2214,DVN,NOT_NASDAQ_LISTED
2215,DVOL,NOT_COMMON_STOCK
2216,DVP,NOT_NASDAQ_LISTED
2217,DVY,NOT_COMMON_STOCK
2218,DVYA,NOT_NASDAQ_LISTED
2219,DVYE,NOT_NASDAQ_LISTED
2220,DVYL,NOT_NASDAQ_LISTED
2221,DWAQ,NOT_COMMON_STOCK
2222,DWAS,NOT_COMMON_STOCK
2223,DWAT,NOT_COMMON_STOCK
2224,DWCR,NOT_COMMON_STOCK
2225,DWFI,NOT_COMMON_STOCK
2226,DWIN,NOT_COMMON_STOCK
2227,DWLD,NOT_COMMON_STOCK
2228,DWM,NOT_NASDAQ_LISTED
2229,DWMC,NOT_COMMON_STOCK
2230,DWMF,NOT_NASDAQ_LISTED
2231,DWPP,NOT_COMMON_STOCK
2232,DWSH,NOT_COMMON_STOCK
2233,DWSN,FIRST_ADD_PRICE_BELOW_FLOOR
2234,DWT,NOT_NASDAQ_LISTED
2235,DWTR,NOT_COMMON_STOCK
2236,DWX,NOT_NASDAQ_LISTED
2237,DX,NOT_NASDAQ_LISTED
2238,DX-A,NOT_NASDAQ_LISTED
2239,DX-B,NOT_NASDAQ_LISTED
2240,DXB,NOT_NASDAQ_LISTED
2241,DXC,NOT_NASDAQ_LISTED
2243,DXD,NOT_NASDAQ_LISTED
2244,DXF,NOT_NASDAQ_LISTED
2245,DXGE,NOT_COMMON_STOCK
2246,DXJ,NOT_NASDAQ_LISTED
2247,DXJS,NOT_COMMON_STOCK
2249,DXPE,FIRST_ADD_PRICE_BELOW_FLOOR
2250,DXR,NOT_NASDAQ_LISTED
2251,DXYN,FIRST_ADD_PRICE_BELOW_FLOOR
2252,DY,NOT_NASDAQ_LISTED
2254,DYB,NOT_NASDAQ_LISTED
2255,DYLS,NOT_NASDAQ_LISTED
2256,DYNF,NOT_NASDAQ_LISTED
2257,DYNT,FIRST_ADD_PRICE_BELOW_FLOOR
2259,DZK,NOT_NASDAQ_LISTED
2261,DZZ,NOT_NASDAQ_LISTED
2262,E,NOT_NASDAQ_LISTED
2264,EAB,NOT_NASDAQ_LISTED
2265,EAD,NOT_NASDAQ_LISTED
2266,EAE,NOT_NASDAQ_LISTED
2267,EAF,NOT_NASDAQ_LISTED
2268,EAGG,NOT_NASDAQ_LISTED
2269,EAI,NOT_NASDAQ_LISTED
2270,EARN,NOT_NASDAQ_LISTED
2272,EASG,NOT_NASDAQ_LISTED
2273,EASI,NOT_NASDAQ_LISTED
2275,EAT,NOT_NASDAQ_LISTED
2276,EB,NOT_NASDAQ_LISTED
2278,EBAYL,NOT_COMMON_STOCK
2279,EBF,NOT_NASDAQ_LISTED
2281,EBIZ,NOT_COMMON_STOCK
2283,EBND,NOT_NASDAQ_LISTED
2284,EBR,NOT_NASDAQ_LISTED
2285,EBR.B,NOT_NASDAQ_LISTED
2286,EBS,NOT_NASDAQ_LISTED
2289,EC,NOT_NASDAQ_LISTED
2290,ECA,NOT_NASDAQ_LISTED
2291,ECC,NOT_NASDAQ_LISTED
2292,ECCA,NOT_NASDAQ_LISTED
2293,ECCB,NOT_NASDAQ_LISTED
2294,ECCX,NOT_NASDAQ_LISTED
2295,ECCY,NOT_NASDAQ_LISTED
2296,ECF,NOT_NASDAQ_LISTED
2297,ECF-A,NOT_NASDAQ_LISTED
2298,ECH,NOT_NASDAQ_LISTED
2300,ECL,NOT_NASDAQ_LISTED
2301,ECNS,NOT_NASDAQ_LISTED
2303,ECOM,NOT_NASDAQ_LISTED
2304,ECON,NOT_NASDAQ_LISTED
2306,ECOW,NOT_COMMON_STOCK
2307,ECPG,FIRST_ADD_PRICE_BELOW_FLOOR
2308,ECT,NOT_NASDAQ_LISTED
2309,ED,NOT_NASDAQ_LISTED
2310,EDAP,NOT_COMMON_STOCK
2311,EDC,NOT_NASDAQ_LISTED
2312,EDD,NOT_NASDAQ_LISTED
2313,EDEN,NOT_NASDAQ_LISTED
2314,EDF,NOT_NASDAQ_LISTED
2315,EDI,NOT_NASDAQ_LISTED
2317,EDIV,NOT_NASDAQ_LISTED
2318,EDN,NOT_NASDAQ_LISTED
2320,EDOG,NOT_NASDAQ_LISTED
2321,EDOW,NOT_NASDAQ_LISTED
2323,EDSA,NOT_COMMON_STOCK
2325,EDTXU,NOT_COMMON_STOCK
2326,EDTXW,NOT_COMMON_STOCK
2327,EDU,NOT_NASDAQ_LISTED
2329,EDV,NOT_NASDAQ_LISTED
2330,EDZ,NOT_NASDAQ_LISTED
2331,EE,NOT_NASDAQ_LISTED
2332,EEA,NOT_NASDAQ_LISTED
2333,EEB,NOT_NASDAQ_LISTED
2335,EEH,NOT_NASDAQ_LISTED
2337,EELV,NOT_NASDAQ_LISTED
2338,EEM,NOT_NASDAQ_LISTED
2339,EEMA,NOT_COMMON_STOCK
2340,EEMD,NOT_NASDAQ_LISTED
2341,EEMO,NOT_NASDAQ_LISTED
2342,EEMS,NOT_NASDAQ_LISTED
2343,EEMV,NOT_NASDAQ_LISTED
2344,EEMX,NOT_NASDAQ_LISTED
2345,EES,NOT_NASDAQ_LISTED
2346,EET,NOT_NASDAQ_LISTED
2347,EEV,NOT_NASDAQ_LISTED
2348,EEX,NOT_NASDAQ_LISTED
2349,EFA,NOT_NASDAQ_LISTED
2350,EFAD,NOT_NASDAQ_LISTED
2351,EFAS,NOT_COMMON_STOCK
2352,EFAV,NOT_NASDAQ_LISTED
2353,EFAX,NOT_NASDAQ_LISTED
2354,EFBI,FIRST_ADD_PRICE_BELOW_FLOOR
2355,EFC,NOT_NASDAQ_LISTED
2356,EFF,NOT_NASDAQ_LISTED
2357,EFG,NOT_NASDAQ_LISTED
2358,EFL,NOT_NASDAQ_LISTED
2359,EFNL,NOT_NASDAQ_LISTED
2360,EFO,NOT_NASDAQ_LISTED
2362,EFR,NOT_NASDAQ_LISTED
2364,EFT,NOT_NASDAQ_LISTED
2365,EFU,NOT_NASDAQ_LISTED
2366,EFV,NOT_NASDAQ_LISTED
2367,EFX,NOT_NASDAQ_LISTED
2368,EFZ,NOT_NASDAQ_LISTED
2370,EGBN,FIRST_ADD_PRICE_BELOW_FLOOR
2371,EGF,NOT_NASDAQ_LISTED
2372,EGHT,NOT_NASDAQ_LISTED
2373,EGI,NOT_NASDAQ_LISTED
2374,EGIF,NOT_NASDAQ_LISTED
2376,EGO,NOT_NASDAQ_LISTED
2378,EGP,NOT_NASDAQ_LISTED
2379,EGPT,NOT_NASDAQ_LISTED
2380,EGRX,FIRST_ADD_PRICE_BELOW_FLOOR
2381,EGY,NOT_NASDAQ_LISTED
2382,EHC,NOT_NASDAQ_LISTED
2383,EHI,NOT_NASDAQ_LISTED
2384,EHT,NOT_NASDAQ_LISTED
2386,EIC,NOT_NASDAQ_LISTED
2387,EIDO,NOT_NASDAQ_LISTED
2389,EIG,NOT_NASDAQ_LISTED
2392,EIM,NOT_NASDAQ_LISTED
2393,EIRL,NOT_NASDAQ_LISTED
2394,EIS,NOT_NASDAQ_LISTED
2395,EIX,NOT_NASDAQ_LISTED
2396,EJUL,NOT_NASDAQ_LISTED
2397,EKAR,NOT_NASDAQ_LISTED
2399,EL,NOT_NASDAQ_LISTED
2400,ELAN,NOT_NASDAQ_LISTED
2401,ELC,NOT_NASDAQ_LISTED
2402,ELD,NOT_NASDAQ_LISTED
2403,ELF,NOT_NASDAQ_LISTED
2405,ELJ,NOT_NASDAQ_LISTED
2406,ELLO,NOT_NASDAQ_LISTED
2407,ELMD,NOT_NASDAQ_LISTED
2409,ELP,NOT_NASDAQ_LISTED
2410,ELS,NOT_NASDAQ_LISTED
2412,ELTK,NOT_COMMON_STOCK
2413,ELU,NOT_NASDAQ_LISTED
2414,ELVT,NOT_NASDAQ_LISTED
2415,ELY,NOT_NASDAQ_LISTED
2416,EMAG,NOT_NASDAQ_LISTED
2417,EMAN,NOT_NASDAQ_LISTED
2418,EMB,NOT_COMMON_STOCK
2419,EMBH,NOT_NASDAQ_LISTED
2420,EMCB,NOT_COMMON_STOCK
2422,EMCG,NOT_COMMON_STOCK
2424,EMD,NOT_NASDAQ_LISTED
2425,EMDV,NOT_NASDAQ_LISTED
2426,EME,NOT_NASDAQ_LISTED
2427,EMEM,NOT_NASDAQ_LISTED
2428,EMF,NOT_NASDAQ_LISTED
2429,EMFM,NOT_NASDAQ_LISTED
2430,EMGF,NOT_NASDAQ_LISTED
2431,EMHY,NOT_NASDAQ_LISTED
2432,EMIF,NOT_COMMON_STOCK
2433,EMIH,NOT_NASDAQ_LISTED
2436,EMLC,NOT_NASDAQ_LISTED
2437,EMLP,NOT_NASDAQ_LISTED
2439,EMMAW,NOT_COMMON_STOCK
2440,EMMF,NOT_NASDAQ_LISTED
2441,EMMS,FIRST_ADD_PRICE_BELOW_FLOOR
2442,EMN,NOT_NASDAQ_LISTED
2443,EMO,NOT_NASDAQ_LISTED
2444,EMP,NOT_NASDAQ_LISTED
2445,EMQQ,NOT_NASDAQ_LISTED
2446,EMR,NOT_NASDAQ_LISTED
2447,EMSG,NOT_NASDAQ_LISTED
2448,EMSH,NOT_NASDAQ_LISTED
2449,EMTL,NOT_NASDAQ_LISTED
2450,EMTY,NOT_NASDAQ_LISTED
2451,EMX,NOT_NASDAQ_LISTED
2452,EMXC,NOT_COMMON_STOCK
2453,ENB,NOT_NASDAQ_LISTED
2454,ENBA,NOT_NASDAQ_LISTED
2455,ENBL,NOT_NASDAQ_LISTED
2456,ENDP,NOT_COMMON_STOCK
2458,ENFR,NOT_NASDAQ_LISTED
2459,ENG,FIRST_ADD_PRICE_BELOW_FLOOR
2460,ENIA,NOT_NASDAQ_LISTED
2461,ENIC,NOT_NASDAQ_LISTED
2462,ENJ,NOT_NASDAQ_LISTED
2463,ENLC,NOT_NASDAQ_LISTED
2464,ENLV,NOT_COMMON_STOCK
2465,ENO,NOT_NASDAQ_LISTED
2467,ENOR,NOT_NASDAQ_LISTED
2469,ENR,NOT_NASDAQ_LISTED
2470,ENR-A,NOT_NASDAQ_LISTED
2471,ENS,NOT_NASDAQ_LISTED
2473,ENSV,NOT_NASDAQ_LISTED
2474,ENT,FIRST_ADD_PRICE_BELOW_FLOOR
2477,ENTR,NOT_NASDAQ_LISTED
2478,ENTX,NOT_COMMON_STOCK
2479,ENTXW,NOT_COMMON_STOCK
2480,ENV,NOT_NASDAQ_LISTED
2481,ENVA,NOT_NASDAQ_LISTED
2482,ENX,NOT_NASDAQ_LISTED
2483,ENZ,NOT_NASDAQ_LISTED
2484,ENZL,NOT_COMMON_STOCK
2485,EOD,NOT_NASDAQ_LISTED
2486,EOG,NOT_NASDAQ_LISTED
2487,EOI,NOT_NASDAQ_LISTED
2489,EOS,NOT_NASDAQ_LISTED
2490,EOT,NOT_NASDAQ_LISTED
2491,EP-C,NOT_NASDAQ_LISTED
2492,EPAM,NOT_NASDAQ_LISTED
2494,EPC,NOT_NASDAQ_LISTED
2495,EPD,NOT_NASDAQ_LISTED
2496,EPHE,NOT_NASDAQ_LISTED
2497,EPI,NOT_NASDAQ_LISTED
2499,EPM,NOT_NASDAQ_LISTED
2500,EPOL,NOT_NASDAQ_LISTED
2501,EPP,NOT_NASDAQ_LISTED
2502,EPR,NOT_NASDAQ_LISTED
2503,EPR-C,NOT_NASDAQ_LISTED
2504,EPR-E,NOT_NASDAQ_LISTED
2505,EPR-G,NOT_NASDAQ_LISTED
2506,EPRF,NOT_NASDAQ_LISTED
2507,EPRT,NOT_NASDAQ_LISTED
2508,EPS,NOT_NASDAQ_LISTED
2510,EPU,NOT_NASDAQ_LISTED
2511,EPV,NOT_NASDAQ_LISTED
2514,EQAL,NOT_NASDAQ_LISTED
2516,EQC,NOT_NASDAQ_LISTED
2517,EQC-D,NOT_NASDAQ_LISTED
2518,EQH,NOT_NASDAQ_LISTED
2520,EQL,NOT_NASDAQ_LISTED
2521,EQM,NOT_NASDAQ_LISTED
2522,EQNR,NOT_NASDAQ_LISTED
2523,EQR,NOT_NASDAQ_LISTED
2524,EQRR,NOT_COMMON_STOCK
2525,EQS,NOT_NASDAQ_LISTED
2526,EQT,NOT_NASDAQ_LISTED
2527,EQWL,NOT_NASDAQ_LISTED
2528,ERA,NOT_NASDAQ_LISTED
2529,ERC,NOT_NASDAQ_LISTED
2530,ERF,NOT_NASDAQ_LISTED
2531,ERH,NOT_NASDAQ_LISTED
2533,ERIC,NOT_COMMON_STOCK
2536,ERJ,NOT_NASDAQ_LISTED
2537,ERM,NOT_NASDAQ_LISTED
2538,EROS,NOT_NASDAQ_LISTED
2539,ERSX,NOT_NASDAQ_LISTED
2540,ERUS,NOT_NASDAQ_LISTED
2541,ERX,NOT_NASDAQ_LISTED
2542,ERY,NOT_NASDAQ_LISTED
2543,ERYP,NOT_COMMON_STOCK
2544,ES,NOT_NASDAQ_LISTED
2545,ESBA,NOT_NASDAQ_LISTED
2546,ESBK,FIRST_ADD_PRICE_BELOW_FLOOR
2548,ESE,NOT_NASDAQ_LISTED
2549,ESEA,NOT_COMMON_STOCK
2550,ESG,NOT_NASDAQ_LISTED
2551,ESGD,NOT_COMMON_STOCK
2552,ESGE,NOT_COMMON_STOCK
2553,ESGF,NOT_NASDAQ_LISTED
2554,ESGG,NOT_COMMON_STOCK
2555,ESGL,NOT_NASDAQ_LISTED
2556,ESGN,NOT_NASDAQ_LISTED
2557,ESGR,NOT_COMMON_STOCK
2558,ESGRO,NOT_COMMON_STOCK
2559,ESGRP,NOT_COMMON_STOCK
2560,ESGS,NOT_NASDAQ_LISTED
2561,ESGU,NOT_COMMON_STOCK
2562,ESGV,NOT_NASDAQ_LISTED
2563,ESGW,NOT_NASDAQ_LISTED
2564,ESI,NOT_NASDAQ_LISTED
2565,ESLT,NOT_COMMON_STOCK
2566,ESML,NOT_NASDAQ_LISTED
2567,ESNT,NOT_NASDAQ_LISTED
2568,ESP,NOT_NASDAQ_LISTED
2569,ESPO,NOT_NASDAQ_LISTED
2571,ESQ,FIRST_ADD_PRICE_BELOW_FLOOR
2572,ESRT,NOT_NASDAQ_LISTED
2573,ESS,NOT_NASDAQ_LISTED
2574,ESSA,FIRST_ADD_PRICE_BELOW_FLOOR
2576,ESTC,NOT_NASDAQ_LISTED
2577,ESTE,NOT_NASDAQ_LISTED
2578,ESTR,NOT_COMMON_STOCK
2579,ESTRW,NOT_COMMON_STOCK
2580,ESV,NOT_NASDAQ_LISTED
2581,ESXB,FIRST_ADD_PRICE_BELOW_FLOOR
2582,ET,NOT_NASDAQ_LISTED
2583,ETB,NOT_NASDAQ_LISTED
2585,ETG,NOT_NASDAQ_LISTED
2586,ETH,NOT_NASDAQ_LISTED
2587,ETHO,NOT_NASDAQ_LISTED
2588,ETJ,NOT_NASDAQ_LISTED
2589,ETM,NOT_NASDAQ_LISTED
2590,ETN,NOT_NASDAQ_LISTED
2591,ETO,NOT_NASDAQ_LISTED
2593,ETP-C,NOT_NASDAQ_LISTED
2594,ETP-D,NOT_NASDAQ_LISTED
2595,ETP-E,NOT_NASDAQ_LISTED
2596,ETR,NOT_NASDAQ_LISTED
2597,ETRN,NOT_NASDAQ_LISTED
2600,ETV,NOT_NASDAQ_LISTED
2601,ETW,NOT_NASDAQ_LISTED
2602,ETX,NOT_NASDAQ_LISTED
2603,ETY,NOT_NASDAQ_LISTED
2604,EUDG,NOT_NASDAQ_LISTED
2605,EUDV,NOT_NASDAQ_LISTED
2606,EUFL,NOT_NASDAQ_LISTED
2607,EUFN,NOT_COMMON_STOCK
2608,EUFX,NOT_NASDAQ_LISTED
2609,EUM,NOT_NASDAQ_LISTED
2610,EUMF,NOT_NASDAQ_LISTED
2611,EUMV,NOT_NASDAQ_LISTED
2612,EUO,NOT_NASDAQ_LISTED
2613,EURL,NOT_NASDAQ_LISTED
2614,EURN,NOT_NASDAQ_LISTED
2615,EURZ,NOT_NASDAQ_LISTED
2616,EUSA,NOT_NASDAQ_LISTED
2617,EUSC,NOT_NASDAQ_LISTED
2618,EUXL,NOT_NASDAQ_LISTED
2619,EV,NOT_NASDAQ_LISTED
2620,EVA,NOT_NASDAQ_LISTED
2622,EVBN,NOT_NASDAQ_LISTED
2623,EVC,NOT_NASDAQ_LISTED
2625,EVF,NOT_NASDAQ_LISTED
2627,EVG,NOT_NASDAQ_LISTED
2628,EVGBC,NOT_COMMON_STOCK
2629,EVGN,NOT_COMMON_STOCK
2630,EVH,NOT_NASDAQ_LISTED
2631,EVI,NOT_NASDAQ_LISTED
2632,EVIX,NOT_NASDAQ_LISTED
2633,EVK,FIRST_ADD_PRICE_BELOW_FLOOR
2634,EVLMC,NOT_COMMON_STOCK
2636,EVM,NOT_NASDAQ_LISTED
2637,EVN,NOT_NASDAQ_LISTED
2638,EVOK,FIRST_ADD_PRICE_BELOW_FLOOR
2641,EVR,NOT_NASDAQ_LISTED
2642,EVRG,NOT_NASDAQ_LISTED
2643,EVRI,NOT_NASDAQ_LISTED
2644,EVSI,FIRST_ADD_PRICE_BELOW_FLOOR
2645,EVSIW,NOT_COMMON_STOCK
2646,EVSTC,NOT_COMMON_STOCK
2647,EVT,NOT_NASDAQ_LISTED
2648,EVTC,NOT_NASDAQ_LISTED
2649,EVV,NOT_NASDAQ_LISTED
2650,EVX,NOT_NASDAQ_LISTED
2651,EVY,NOT_NASDAQ_LISTED
2652,EW,NOT_NASDAQ_LISTED
2653,EWA,NOT_NASDAQ_LISTED
2655,EWC,NOT_NASDAQ_LISTED
2656,EWCO,NOT_NASDAQ_LISTED
2657,EWD,NOT_NASDAQ_LISTED
2658,EWEM,NOT_NASDAQ_LISTED
2659,EWG,NOT_NASDAQ_LISTED
2660,EWGS,NOT_NASDAQ_LISTED
2661,EWH,NOT_NASDAQ_LISTED
2662,EWI,NOT_NASDAQ_LISTED
2663,EWJ,NOT_NASDAQ_LISTED
2664,EWJE,NOT_COMMON_STOCK
2665,EWJV,NOT_COMMON_STOCK
2666,EWK,NOT_NASDAQ_LISTED
2667,EWL,NOT_NASDAQ_LISTED
2668,EWM,NOT_NASDAQ_LISTED
2669,EWMC,NOT_NASDAQ_LISTED
2670,EWN,NOT_NASDAQ_LISTED
2671,EWO,NOT_NASDAQ_LISTED
2672,EWP,NOT_NASDAQ_LISTED
2673,EWQ,NOT_NASDAQ_LISTED
2674,EWRE,NOT_NASDAQ_LISTED
2675,EWS,NOT_NASDAQ_LISTED
2676,EWSC,NOT_NASDAQ_LISTED
2677,EWT,NOT_NASDAQ_LISTED
2678,EWU,NOT_NASDAQ_LISTED
2679,EWUS,NOT_NASDAQ_LISTED
2680,EWV,NOT_NASDAQ_LISTED
2681,EWW,NOT_NASDAQ_LISTED
2682,EWX,NOT_NASDAQ_LISTED
2683,EWY,NOT_NASDAQ_LISTED
2684,EWZ,NOT_NASDAQ_LISTED
2685,EWZS,NOT_COMMON_STOCK
2687,EXC,NOT_NASDAQ_LISTED
2688,EXD,NOT_NASDAQ_LISTED
2691,EXG,NOT_NASDAQ_LISTED
2692,EXI,NOT_NASDAQ_LISTED
2693,EXIV,NOT_NASDAQ_LISTED
2694,EXK,NOT_NASDAQ_LISTED
2696,EXP,NOT_NASDAQ_LISTED
2701,EXPR,NOT_NASDAQ_LISTED
2702,EXR,NOT_NASDAQ_LISTED
2703,EXT,NOT_NASDAQ_LISTED
2704,EXTN,NOT_NASDAQ_LISTED
2707,EYEG,FIRST_ADD_PRICE_BELOW_FLOOR
2708,EYEGW,NOT_COMMON_STOCK
2711,EYESW,NOT_COMMON_STOCK
2712,EYLD,NOT_NASDAQ_LISTED
2714,EZA,NOT_NASDAQ_LISTED
2715,EZJ,NOT_NASDAQ_LISTED
2716,EZM,NOT_NASDAQ_LISTED
2718,EZT,NOT_NASDAQ_LISTED
2719,EZU,NOT_NASDAQ_LISTED
2720,F,NOT_NASDAQ_LISTED
2721,F-B,NOT_NASDAQ_LISTED
2722,FAAR,NOT_COMMON_STOCK
2723,FAB,NOT_COMMON_STOCK
2724,FAD,NOT_COMMON_STOCK
2725,FAF,NOT_NASDAQ_LISTED
2726,FALN,NOT_COMMON_STOCK
2727,FAM,NOT_NASDAQ_LISTED
2728,FAMI,NOT_COMMON_STOCK
2729,FAN,NOT_NASDAQ_LISTED
2731,FANH,NOT_COMMON_STOCK
2734,FAS,NOT_NASDAQ_LISTED
2736,FAT,FIRST_ADD_PRICE_BELOW_FLOOR
2738,FAUS,NOT_NASDAQ_LISTED
2739,FAX,NOT_NASDAQ_LISTED
2740,FAZ,NOT_NASDAQ_LISTED
2742,FBC,NOT_NASDAQ_LISTED
2743,FBGX,NOT_NASDAQ_LISTED
2744,FBHS,NOT_NASDAQ_LISTED
2746,FBIOP,NOT_COMMON_STOCK
2747,FBIZ,FIRST_ADD_PRICE_BELOW_FLOOR
2748,FBK,NOT_NASDAQ_LISTED
2749,FBM,NOT_NASDAQ_LISTED
2752,FBND,NOT_NASDAQ_LISTED
2753,FBP,NOT_NASDAQ_LISTED
2755,FBT,NOT_NASDAQ_LISTED
2756,FBZ,NOT_COMMON_STOCK
2757,FC,NOT_NASDAQ_LISTED
2758,FCA,NOT_COMMON_STOCK
2759,FCAL,NOT_COMMON_STOCK
2760,FCAN,NOT_COMMON_STOCK
2762,FCAU,NOT_NASDAQ_LISTED
2763,FCBC,FIRST_ADD_PRICE_BELOW_FLOOR
2766,FCCY,FIRST_ADD_PRICE_BELOW_FLOOR
2767,FCEF,NOT_COMMON_STOCK
2768,FCEL,FIRST_ADD_PRICE_BELOW_FLOOR
2769,FCF,NOT_NASDAQ_LISTED
2771,FCG,NOT_NASDAQ_LISTED
2772,FCN,NOT_NASDAQ_LISTED
2773,FCNCA,FIRST_ADD_PRICE_BELOW_FLOOR
2774,FCO,NOT_NASDAQ_LISTED
2775,FCOM,NOT_NASDAQ_LISTED
2776,FCOR,NOT_NASDAQ_LISTED
2777,FCPT,NOT_NASDAQ_LISTED
2779,FCT,NOT_NASDAQ_LISTED
2780,FCTR,NOT_NASDAQ_LISTED
2781,FCVT,NOT_COMMON_STOCK
2782,FCX,NOT_NASDAQ_LISTED
2784,FDD,NOT_NASDAQ_LISTED
2785,FDEF,FIRST_ADD_PRICE_BELOW_FLOOR
2786,FDEM,NOT_NASDAQ_LISTED
2787,FDEU,NOT_NASDAQ_LISTED
2788,FDEV,NOT_NASDAQ_LISTED
2789,FDHY,NOT_NASDAQ_LISTED
2790,FDIS,NOT_NASDAQ_LISTED
2791,FDIV,NOT_COMMON_STOCK
2792,FDL,NOT_NASDAQ_LISTED
2793,FDLO,NOT_NASDAQ_LISTED
2794,FDM,NOT_NASDAQ_LISTED
2795,FDMO,NOT_NASDAQ_LISTED
2796,FDN,NOT_NASDAQ_LISTED
2797,FDNI,NOT_COMMON_STOCK
2798,FDP,NOT_NASDAQ_LISTED
2799,FDRR,NOT_NASDAQ_LISTED
2800,FDS,NOT_NASDAQ_LISTED
2801,FDT,NOT_COMMON_STOCK
2802,FDTS,NOT_COMMON_STOCK
2804,FDUSL,NOT_COMMON_STOCK
2805,FDUSZ,NOT_COMMON_STOCK
2806,FDVV,NOT_NASDAQ_LISTED
2807,FDX,NOT_NASDAQ_LISTED
2808,FE,NOT_NASDAQ_LISTED
2809,FEDU,NOT_NASDAQ_LISTED
2810,FEI,NOT_NASDAQ_LISTED
2811,FEIM,FIRST_ADD_PRICE_BELOW_FLOOR
2812,FELE,FIRST_ADD_PRICE_BELOW_FLOOR
2813,FELP,NOT_NASDAQ_LISTED
2814,FEM,NOT_COMMON_STOCK
2815,FEMB,NOT_COMMON_STOCK
2816,FEMS,NOT_COMMON_STOCK
2817,FEN,NOT_NASDAQ_LISTED
2819,FENG,NOT_NASDAQ_LISTED
2820,FENY,NOT_NASDAQ_LISTED
2821,FEO,NOT_NASDAQ_LISTED
2822,FEP,NOT_COMMON_STOCK
2823,FET,NOT_NASDAQ_LISTED
2824,FEU,NOT_NASDAQ_LISTED
2825,FEUL,NOT_NASDAQ_LISTED
2826,FEUZ,NOT_COMMON_STOCK
2827,FEX,NOT_COMMON_STOCK
2829,FEZ,NOT_NASDAQ_LISTED
2830,FF,NOT_NASDAQ_LISTED
2831,FFA,NOT_NASDAQ_LISTED
2833,FFBW,FIRST_ADD_PRICE_BELOW_FLOOR
2834,FFC,NOT_NASDAQ_LISTED
2835,FFEU,NOT_NASDAQ_LISTED
2836,FFG,NOT_NASDAQ_LISTED
2837,FFHG,NOT_NASDAQ_LISTED
2838,FFHL,NOT_COMMON_STOCK
2841,FFIU,NOT_NASDAQ_LISTED
2844,FFR,NOT_NASDAQ_LISTED
2845,FFSG,NOT_NASDAQ_LISTED
2846,FFTG,NOT_NASDAQ_LISTED
2847,FFTI,NOT_NASDAQ_LISTED
2848,FFTY,NOT_NASDAQ_LISTED
2849,FFWM,FIRST_ADD_PRICE_BELOW_FLOOR
2850,FG,NOT_NASDAQ_LISTED
2851,FG+,NOT_NASDAQ_LISTED
2852,FGB,NOT_NASDAQ_LISTED
2853,FGBI,FIRST_ADD_PRICE_BELOW_FLOOR
2854,FGD,NOT_NASDAQ_LISTED
2856,FGM,NOT_COMMON_STOCK
2857,FGP,NOT_NASDAQ_LISTED
2859,FHK,NOT_COMMON_STOCK
2860,FHL,NOT_COMMON_STOCK
2861,FHLC,NOT_NASDAQ_LISTED
2862,FHN,NOT_NASDAQ_LISTED
2863,FHN-A,NOT_NASDAQ_LISTED
2864,FI,NOT_NASDAQ_LISTED
2866,FIBR,NOT_NASDAQ_LISTED
2867,FICO,NOT_NASDAQ_LISTED
2868,FID,NOT_COMMON_STOCK
2869,FIDI,NOT_NASDAQ_LISTED
2870,FIDU,NOT_NASDAQ_LISTED
2871,FIEE,NOT_NASDAQ_LISTED
2872,FIF,NOT_NASDAQ_LISTED
2873,FIHD,NOT_NASDAQ_LISTED
2874,FII,NOT_NASDAQ_LISTED
2875,FILL,NOT_NASDAQ_LISTED
2876,FINS,NOT_NASDAQ_LISTED
2877,FINU,NOT_NASDAQ_LISTED
2878,FINX,NOT_COMMON_STOCK
2879,FINZ,NOT_NASDAQ_LISTED
2880,FIS,NOT_NASDAQ_LISTED
2882,FISK,NOT_NASDAQ_LISTED
2883,FISR,NOT_NASDAQ_LISTED
2885,FIT,NOT_NASDAQ_LISTED
2887,FITBI,NOT_COMMON_STOCK
2888,FITE,NOT_NASDAQ_LISTED
2889,FIV,NOT_NASDAQ_LISTED
2890,FIVA,NOT_NASDAQ_LISTED
2892,FIVG,NOT_NASDAQ_LISTED
2894,FIW,NOT_NASDAQ_LISTED
2895,FIX,NOT_NASDAQ_LISTED
2896,FIXD,NOT_COMMON_STOCK
2898,FIYY,NOT_NASDAQ_LISTED
2900,FJP,NOT_COMMON_STOCK
2901,FKO,NOT_COMMON_STOCK
2902,FKU,NOT_COMMON_STOCK
2903,FL,NOT_NASDAQ_LISTED
2904,FLAG,NOT_NASDAQ_LISTED
2905,FLAT,NOT_NASDAQ_LISTED
2906,FLAU,NOT_NASDAQ_LISTED
2907,FLAX,NOT_NASDAQ_LISTED
2908,FLBL,NOT_NASDAQ_LISTED
2909,FLBR,NOT_NASDAQ_LISTED
2910,FLC,NOT_NASDAQ_LISTED
2911,FLCA,NOT_NASDAQ_LISTED
2912,FLCH,NOT_NASDAQ_LISTED
2913,FLCO,NOT_NASDAQ_LISTED
2915,FLDR,NOT_NASDAQ_LISTED
2916,FLEE,NOT_NASDAQ_LISTED
2917,FLEH,NOT_NASDAQ_LISTED
2918,FLEU,NOT_NASDAQ_LISTED
2919,FLEX,NOT_COMMON_STOCK
2920,FLFR,NOT_NASDAQ_LISTED
2921,FLGB,NOT_NASDAQ_LISTED
2922,FLGE,NOT_NASDAQ_LISTED
2923,FLGR,NOT_NASDAQ_LISTED
2925,FLHK,NOT_NASDAQ_LISTED
2926,FLHY,NOT_NASDAQ_LISTED
2927,FLIA,NOT_NASDAQ_LISTED
2928,FLIC,FIRST_ADD_PRICE_BELOW_FLOOR
2929,FLIN,NOT_NASDAQ_LISTED
2930,FLIO,NOT_NASDAQ_LISTED
2932,FLIY,NOT_NASDAQ_LISTED
2933,FLJH,NOT_NASDAQ_LISTED
2934,FLJP,NOT_NASDAQ_LISTED
2935,FLKR,NOT_NASDAQ_LISTED
2937,FLLA,NOT_NASDAQ_LISTED
2938,FLLCU,NOT_COMMON_STOCK
2939,FLLV,NOT_NASDAQ_LISTED
2940,FLM,NOT_NASDAQ_LISTED
2941,FLMB,NOT_NASDAQ_LISTED
2942,FLMI,NOT_NASDAQ_LISTED
2944,FLMNW,NOT_COMMON_STOCK
2945,FLMX,NOT_NASDAQ_LISTED
2946,FLN,NOT_COMMON_STOCK
2947,FLNG,NOT_NASDAQ_LISTED
2949,FLO,NOT_NASDAQ_LISTED
2950,FLOT,NOT_NASDAQ_LISTED
2951,FLOW,NOT_NASDAQ_LISTED
2952,FLQD,NOT_NASDAQ_LISTED
2953,FLQE,NOT_NASDAQ_LISTED
2954,FLQG,NOT_NASDAQ_LISTED
2955,FLQH,NOT_NASDAQ_LISTED
2956,FLQL,NOT_NASDAQ_LISTED
2957,FLQM,NOT_NASDAQ_LISTED
2958,FLQS,NOT_NASDAQ_LISTED
2959,FLR,NOT_NASDAQ_LISTED
2960,FLRN,NOT_NASDAQ_LISTED
2961,FLRT,NOT_NASDAQ_LISTED
2962,FLRU,NOT_NASDAQ_LISTED
2963,FLS,NOT_NASDAQ_LISTED
2964,FLSA,NOT_NASDAQ_LISTED
2965,FLSW,NOT_NASDAQ_LISTED
2966,FLT,NOT_NASDAQ_LISTED
2967,FLTB,NOT_NASDAQ_LISTED
2968,FLTR,NOT_NASDAQ_LISTED
2969,FLTW,NOT_NASDAQ_LISTED
2972,FLXS,FIRST_ADD_PRICE_BELOW_FLOOR
2973,FLY,NOT_NASDAQ_LISTED
2974,FLZA,NOT_NASDAQ_LISTED
2975,FM,NOT_NASDAQ_LISTED
2977,FMAT,NOT_NASDAQ_LISTED
2978,FMB,NOT_COMMON_STOCK
2981,FMC,NOT_NASDAQ_LISTED
2983,FMCIU,NOT_COMMON_STOCK
2984,FMCIW,NOT_COMMON_STOCK
2985,FMF,NOT_NASDAQ_LISTED
2986,FMHI,NOT_COMMON_STOCK
2987,FMK,NOT_COMMON_STOCK
2988,FMN,NOT_NASDAQ_LISTED
2989,FMNB,FIRST_ADD_PRICE_BELOW_FLOOR
2990,FMO,NOT_NASDAQ_LISTED
2991,FMS,NOT_NASDAQ_LISTED
2992,FMX,NOT_NASDAQ_LISTED
2993,FMY,NOT_NASDAQ_LISTED
2994,FN,NOT_NASDAQ_LISTED
2995,FNB,NOT_NASDAQ_LISTED
2996,FNB-E,NOT_NASDAQ_LISTED
2998,FNCL,NOT_NASDAQ_LISTED
2999,FND,NOT_NASDAQ_LISTED
3000,FNDA,NOT_NASDAQ_LISTED
3001,FNDB,NOT_NASDAQ_LISTED
3002,FNDC,NOT_NASDAQ_LISTED
3003,FNDE,NOT_NASDAQ_LISTED
3004,FNDF,NOT_NASDAQ_LISTED
3005,FNDX,NOT_NASDAQ_LISTED
3006,FNF,NOT_NASDAQ_LISTED
3007,FNG,NOT_NASDAQ_LISTED
3008,FNGD,NOT_NASDAQ_LISTED
3009,FNGO,NOT_NASDAQ_LISTED
3010,FNGU,NOT_NASDAQ_LISTED
3011,FNGZ,NOT_NASDAQ_LISTED
3013,FNI,NOT_NASDAQ_LISTED
3015,FNK,NOT_COMMON_STOCK
3019,FNV,NOT_NASDAQ_LISTED
3021,FNX,NOT_COMMON_STOCK
3022,FNY,NOT_COMMON_STOCK
3024,FOE,NOT_NASDAQ_LISTED
3025,FOF,NOT_NASDAQ_LISTED
3027,FOMX,NOT_COMMON_STOCK
3029,FOR,NOT_NASDAQ_LISTED
3031,FORK,NOT_COMMON_STOCK
3034,FORTY,NOT_COMMON_STOCK
3036,FOVL,NOT_NASDAQ_LISTED
3037,FOX,FIRST_ADD_PRICE_BELOW_FLOOR
3038,FOXA,FIRST_ADD_PRICE_BELOW_FLOOR
3040,FPA,NOT_COMMON_STOCK
3041,FPAC,NOT_NASDAQ_LISTED
3042,FPAC+,NOT_NASDAQ_LISTED
3043,FPAC=,NOT_NASDAQ_LISTED
3045,FPAYW,NOT_COMMON_STOCK
3046,FPE,NOT_NASDAQ_LISTED
3047,FPEI,NOT_NASDAQ_LISTED
3048,FPF,NOT_NASDAQ_LISTED
3049,FPH,NOT_NASDAQ_LISTED
3050,FPI,NOT_NASDAQ_LISTED
3051,FPI-B,NOT_NASDAQ_LISTED
3052,FPL,NOT_NASDAQ_LISTED
3054,FPX,NOT_NASDAQ_LISTED
3055,FPXE,NOT_COMMON_STOCK
3056,FPXI,NOT_COMMON_STOCK
3057,FQAL,NOT_NASDAQ_LISTED
3058,FR,NOT_NASDAQ_LISTED
3059,FRA,NOT_NASDAQ_LISTED
3060,FRAC,NOT_NASDAQ_LISTED
3061,FRAF,FIRST_ADD_PRICE_BELOW_FLOOR
3062,FRAK,NOT_NASDAQ_LISTED
3064,FRBA,FIRST_ADD_PRICE_BELOW_FLOOR
3065,FRBK,FIRST_ADD_PRICE_BELOW_FLOOR
3066,FRC,NOT_NASDAQ_LISTED
3067,FRC-D,NOT_NASDAQ_LISTED
3068,FRC-F,NOT_NASDAQ_LISTED
3069,FRC-G,NOT_NASDAQ_LISTED
3070,FRC-H,NOT_NASDAQ_LISTED
3071,FRC-I,NOT_NASDAQ_LISTED
3072,FRD,NOT_NASDAQ_LISTED
3073,FRDM,NOT_NASDAQ_LISTED
3074,FRED,FIRST_ADD_PRICE_BELOW_FLOOR
3075,FREL,NOT_NASDAQ_LISTED
3076,FRGI,FIRST_ADD_PRICE_BELOW_FLOOR
3077,FRI,NOT_NASDAQ_LISTED
3078,FRLG,NOT_NASDAQ_LISTED
3079,FRME,FIRST_ADD_PRICE_BELOW_FLOOR
3080,FRN,NOT_NASDAQ_LISTED
3081,FRO,NOT_NASDAQ_LISTED
3084,FRSX,NOT_COMMON_STOCK
3085,FRT,NOT_NASDAQ_LISTED
3086,FRT-C,NOT_NASDAQ_LISTED
3088,FSB,NOT_NASDAQ_LISTED
3089,FSBC,FIRST_ADD_PRICE_BELOW_FLOOR
3092,FSD,NOT_NASDAQ_LISTED
3093,FSEA,FIRST_ADD_PRICE_BELOW_FLOOR
3095,FSI,NOT_NASDAQ_LISTED
3096,FSK,NOT_NASDAQ_LISTED
3098,FSLY,NOT_NASDAQ_LISTED
3099,FSM,NOT_NASDAQ_LISTED
3100,FSMB,NOT_NASDAQ_LISTED
3101,FSMD,NOT_NASDAQ_LISTED
3102,FSP,NOT_NASDAQ_LISTED
3103,FSS,NOT_NASDAQ_LISTED
3104,FSTA,NOT_NASDAQ_LISTED
3105,FSTR,FIRST_ADD_PRICE_BELOW_FLOOR
3107,FSZ,NOT_COMMON_STOCK
3108,FT,NOT_NASDAQ_LISTED
3109,FTA,NOT_COMMON_STOCK
3111,FTACU,NOT_COMMON_STOCK
3112,FTACW,NOT_COMMON_STOCK
3113,FTAG,NOT_COMMON_STOCK
3114,FTAI,NOT_NASDAQ_LISTED
3115,FTC,NOT_COMMON_STOCK
3116,FTCH,NOT_NASDAQ_LISTED
3117,FTCS,NOT_COMMON_STOCK
3119,FTEC,NOT_NASDAQ_LISTED
3121,FTEO,NOT_COMMON_STOCK
3122,FTF,NOT_NASDAQ_LISTED
3123,FTFT,FIRST_ADD_PRICE_BELOW_FLOOR
3124,FTGC,NOT_COMMON_STOCK
3125,FTHI,NOT_COMMON_STOCK
3126,FTI,NOT_NASDAQ_LISTED
3127,FTK,NOT_NASDAQ_LISTED
3128,FTLB,NOT_COMMON_STOCK
3129,FTLS,NOT_NASDAQ_LISTED
3131,FTNW,NOT_NASDAQ_LISTED
3133,FTRI,NOT_COMMON_STOCK
3134,FTS,NOT_NASDAQ_LISTED
3135,FTSD,NOT_NASDAQ_LISTED
3136,FTSI,NOT_NASDAQ_LISTED
3137,FTSL,NOT_COMMON_STOCK
3138,FTSM,NOT_COMMON_STOCK
3140,FTV,NOT_NASDAQ_LISTED
3141,FTV-A,NOT_NASDAQ_LISTED
3142,FTVA,NOT_NASDAQ_LISTED
3143,FTXD,NOT_COMMON_STOCK
3144,FTXG,NOT_COMMON_STOCK
3145,FTXH,NOT_COMMON_STOCK
3146,FTXL,NOT_COMMON_STOCK
3147,FTXN,NOT_COMMON_STOCK
3148,FTXO,NOT_COMMON_STOCK
3149,FTXR,NOT_COMMON_STOCK
3150,FUD,NOT_NASDAQ_LISTED
3151,FUE,NOT_NASDAQ_LISTED
3152,FUL,NOT_NASDAQ_LISTED
3155,FUMB,NOT_NASDAQ_LISTED
3156,FUN,NOT_NASDAQ_LISTED
3158,FUND,FIRST_ADD_PRICE_BELOW_FLOOR
3159,FUSB,FIRST_ADD_PRICE_BELOW_FLOOR
3160,FUT,NOT_NASDAQ_LISTED
3161,FUTY,NOT_NASDAQ_LISTED
3163,FV,NOT_COMMON_STOCK
3164,FVAL,NOT_NASDAQ_LISTED
3165,FVC,NOT_COMMON_STOCK
3167,FVD,NOT_NASDAQ_LISTED
3169,FVL,NOT_NASDAQ_LISTED
3170,FVRR,NOT_NASDAQ_LISTED
3171,FWDB,NOT_NASDAQ_LISTED
3174,FWP,NOT_COMMON_STOCK
3175,FWRD,FIRST_ADD_PRICE_BELOW_FLOOR
3176,FXA,NOT_NASDAQ_LISTED
3177,FXB,NOT_NASDAQ_LISTED
3178,FXC,NOT_NASDAQ_LISTED
3179,FXCH,NOT_NASDAQ_LISTED
3180,FXD,NOT_NASDAQ_LISTED
3181,FXE,NOT_NASDAQ_LISTED
3182,FXF,NOT_NASDAQ_LISTED
3183,FXG,NOT_NASDAQ_LISTED
3184,FXH,NOT_NASDAQ_LISTED
3185,FXI,NOT_NASDAQ_LISTED
3186,FXL,NOT_NASDAQ_LISTED
3187,FXN,NOT_NASDAQ_LISTED
3188,FXNC,FIRST_ADD_PRICE_BELOW_FLOOR
3189,FXO,NOT_NASDAQ_LISTED
3190,FXP,NOT_NASDAQ_LISTED
3191,FXR,NOT_NASDAQ_LISTED
3192,FXS,NOT_NASDAQ_LISTED
3193,FXSG,NOT_NASDAQ_LISTED
3194,FXU,NOT_NASDAQ_LISTED
3195,FXY,NOT_NASDAQ_LISTED
3196,FXZ,NOT_NASDAQ_LISTED
3197,FYC,NOT_COMMON_STOCK
3198,FYLD,NOT_NASDAQ_LISTED
3199,FYT,NOT_COMMON_STOCK
3200,FYX,NOT_COMMON_STOCK
3201,G,NOT_NASDAQ_LISTED
3202,GAA,NOT_NASDAQ_LISTED
3203,GAB,NOT_NASDAQ_LISTED
3204,GAB-D,NOT_NASDAQ_LISTED
3205,GAB-G,NOT_NASDAQ_LISTED
3206,GAB-H,NOT_NASDAQ_LISTED
3207,GAB-J,NOT_NASDAQ_LISTED
3211,GAINL,NOT_COMMON_STOCK
3212,GAINM,NOT_COMMON_STOCK
3213,GAL,NOT_NASDAQ_LISTED
3215,GAM,NOT_NASDAQ_LISTED
3216,GAM-B,NOT_NASDAQ_LISTED
3217,GAMR,NOT_NASDAQ_LISTED
3218,GARD,NOT_NASDAQ_LISTED
3219,GARS,FIRST_ADD_PRICE_BELOW_FLOOR
3220,GASL,NOT_NASDAQ_LISTED
3222,GASX,NOT_NASDAQ_LISTED
3223,GATX,NOT_NASDAQ_LISTED
3224,GAZ,NOT_NASDAQ_LISTED
3225,GBAB,NOT_NASDAQ_LISTED
3228,GBF,NOT_NASDAQ_LISTED
3229,GBIL,NOT_NASDAQ_LISTED
3230,GBL,NOT_NASDAQ_LISTED
3231,GBLI,FIRST_ADD_PRICE_BELOW_FLOOR
3232,GBLIL,NOT_COMMON_STOCK
3233,GBLIZ,NOT_COMMON_STOCK
3234,GBR,NOT_NASDAQ_LISTED
3236,GBUY,NOT_NASDAQ_LISTED
3237,GBX,NOT_NASDAQ_LISTED
3238,GCAP,NOT_NASDAQ_LISTED
3239,GCBC,FIRST_ADD_PRICE_BELOW_FLOOR
3240,GCC,NOT_NASDAQ_LISTED
3241,GCE,NOT_NASDAQ_LISTED
3242,GCI,NOT_NASDAQ_LISTED
3243,GCO,NOT_NASDAQ_LISTED
3244,GCOW,NOT_NASDAQ_LISTED
3245,GCP,NOT_NASDAQ_LISTED
3246,GCV,NOT_NASDAQ_LISTED
3247,GCV-B,NOT_NASDAQ_LISTED
3248,GCVRZ,NOT_COMMON_STOCK
3249,GD,NOT_NASDAQ_LISTED
3250,GDAT,NOT_NASDAQ_LISTED
3251,GDDY,NOT_NASDAQ_LISTED
3253,GDG,NOT_NASDAQ_LISTED
3254,GDI,NOT_NASDAQ_LISTED
3255,GDL,NOT_NASDAQ_LISTED
3256,GDL-C,NOT_NASDAQ_LISTED
3257,GDMA,NOT_NASDAQ_LISTED
3258,GDNA,NOT_NASDAQ_LISTED
3259,GDO,NOT_NASDAQ_LISTED
3260,GDOT,NOT_NASDAQ_LISTED
3261,GDP,NOT_NASDAQ_LISTED
3262,GDS,NOT_COMMON_STOCK
3263,GDV,NOT_NASDAQ_LISTED
3264,GDV-A,NOT_NASDAQ_LISTED
3265,GDV-D,NOT_NASDAQ_LISTED
3266,GDV-G,NOT_NASDAQ_LISTED
3267,GDV-H,NOT_NASDAQ_LISTED
3268,GDVD,NOT_NASDAQ_LISTED
3269,GDX,NOT_NASDAQ_LISTED
3270,GDXJ,NOT_NASDAQ_LISTED
3271,GDXS,NOT_NASDAQ_LISTED
3272,GDXX,NOT_NASDAQ_LISTED
3273,GE,NOT_NASDAQ_LISTED
3274,GEC,FIRST_ADD_PRICE_BELOW_FLOOR
3276,GECCL,NOT_COMMON_STOCK
3277,GECCM,NOT_COMMON_STOCK
3278,GECCN,NOT_COMMON_STOCK
3279,GEF,NOT_NASDAQ_LISTED
3280,GEF.B,NOT_NASDAQ_LISTED
3281,GEL,NOT_NASDAQ_LISTED
3282,GEM,NOT_NASDAQ_LISTED
3283,GEMP,FIRST_ADD_PRICE_BELOW_FLOOR
3284,GEN,NOT_NASDAQ_LISTED
3285,GENC,FIRST_ADD_PRICE_BELOW_FLOOR
3286,GENE,NOT_COMMON_STOCK
3287,GENY,NOT_COMMON_STOCK
3288,GEO,NOT_NASDAQ_LISTED
3289,GEOS,FIRST_ADD_PRICE_BELOW_FLOOR
3290,GER,NOT_NASDAQ_LISTED
3292,GES,NOT_NASDAQ_LISTED
3294,GF,NOT_NASDAQ_LISTED
3295,GFED,FIRST_ADD_PRICE_BELOW_FLOOR
3296,GFF,NOT_NASDAQ_LISTED
3297,GFI,NOT_NASDAQ_LISTED
3298,GFIN,NOT_NASDAQ_LISTED
3300,GFNCP,NOT_COMMON_STOCK
3301,GFNSL,NOT_COMMON_STOCK
3302,GFY,NOT_NASDAQ_LISTED
3303,GGAL,NOT_COMMON_STOCK
3304,GGB,NOT_NASDAQ_LISTED
3305,GGG,NOT_NASDAQ_LISTED
3306,GGM,NOT_NASDAQ_LISTED
3307,GGN,NOT_NASDAQ_LISTED
3308,GGN-B,NOT_NASDAQ_LISTED
3309,GGO,NOT_NASDAQ_LISTED
3310,GGO-A,NOT_NASDAQ_LISTED
3311,GGT,NOT_NASDAQ_LISTED
3312,GGT-B,NOT_NASDAQ_LISTED
3313,GGT-E,NOT_NASDAQ_LISTED
3314,GGZ,NOT_NASDAQ_LISTED
3315,GGZ-A,NOT_NASDAQ_LISTED
3317,GHC,NOT_NASDAQ_LISTED
3319,GHG,NOT_NASDAQ_LISTED
3320,GHII,NOT_NASDAQ_LISTED
3321,GHL,NOT_NASDAQ_LISTED
3322,GHM,NOT_NASDAQ_LISTED
3324,GHY,NOT_NASDAQ_LISTED
3325,GHYB,NOT_NASDAQ_LISTED
3326,GHYG,NOT_NASDAQ_LISTED
3327,GIB,NOT_NASDAQ_LISTED
3328,GIFI,FIRST_ADD_PRICE_BELOW_FLOOR
3329,GIG,NOT_NASDAQ_LISTED
3330,GIG+,NOT_NASDAQ_LISTED
3331,GIG=,NOT_NASDAQ_LISTED
3332,GIG^,NOT_NASDAQ_LISTED
3333,GIGB,NOT_NASDAQ_LISTED
3334,GIGE,NOT_COMMON_STOCK
3335,GIGM,NOT_COMMON_STOCK
3336,GII,NOT_NASDAQ_LISTED
3338,GIL,NOT_NASDAQ_LISTED
3340,GILT,NOT_COMMON_STOCK
3341,GIM,NOT_NASDAQ_LISTED
3342,GIS,NOT_NASDAQ_LISTED
3343,GIX,NOT_NASDAQ_LISTED
3344,GIX+,NOT_NASDAQ_LISTED
3345,GIX=,NOT_NASDAQ_LISTED
3346,GIX^,NOT_NASDAQ_LISTED
3347,GJH,NOT_NASDAQ_LISTED
3348,GJO,NOT_NASDAQ_LISTED
3349,GJP,NOT_NASDAQ_LISTED
3350,GJR,NOT_NASDAQ_LISTED
3351,GJS,NOT_NASDAQ_LISTED
3352,GJT,NOT_NASDAQ_LISTED
3353,GJV,NOT_NASDAQ_LISTED
3354,GKOS,NOT_NASDAQ_LISTED
3355,GLAC,NOT_COMMON_STOCK
3356,GLACR,NOT_COMMON_STOCK
3357,GLACU,NOT_COMMON_STOCK
3358,GLACW,NOT_COMMON_STOCK
3360,GLADD,NOT_COMMON_STOCK
3361,GLADN,NOT_COMMON_STOCK
3363,GLBY,NOT_NASDAQ_LISTED
3364,GLBZ,FIRST_ADD_PRICE_BELOW_FLOOR
3365,GLD,NOT_NASDAQ_LISTED
3366,GLDD,FIRST_ADD_PRICE_BELOW_FLOOR
3367,GLDI,NOT_COMMON_STOCK
3368,GLDM,NOT_NASDAQ_LISTED
3369,GLDW,NOT_NASDAQ_LISTED
3370,GLG,FIRST_ADD_PRICE_BELOW_FLOOR
3371,GLIBA,FIRST_ADD_PRICE_BELOW_FLOOR
3372,GLIBP,NOT_COMMON_STOCK
3373,GLIF,NOT_NASDAQ_LISTED
3374,GLL,NOT_NASDAQ_LISTED
3375,GLMD,NOT_COMMON_STOCK
3377,GLO,NOT_NASDAQ_LISTED
3378,GLOB,NOT_NASDAQ_LISTED
3379,GLOG,NOT_NASDAQ_LISTED
3380,GLOG-A,NOT_NASDAQ_LISTED
3381,GLOP,NOT_NASDAQ_LISTED
3382,GLOP-A,NOT_NASDAQ_LISTED
3383,GLOP-B,NOT_NASDAQ_LISTED
3384,GLOP-C,NOT_NASDAQ_LISTED
3385,GLOW,NOT_NASDAQ_LISTED
3386,GLP,NOT_NASDAQ_LISTED
3387,GLP-A,NOT_NASDAQ_LISTED
3388,GLPG,NOT_COMMON_STOCK
3390,GLQ,NOT_NASDAQ_LISTED
3391,GLQ^,NOT_NASDAQ_LISTED
3392,GLRE,NOT_COMMON_STOCK
3393,GLT,NOT_NASDAQ_LISTED
3394,GLTR,NOT_NASDAQ_LISTED
3395,GLU,NOT_NASDAQ_LISTED
3396,GLU-A,NOT_NASDAQ_LISTED
3397,GLU-B,NOT_NASDAQ_LISTED
3399,GLV,NOT_NASDAQ_LISTED
3400,GLV^,NOT_NASDAQ_LISTED
3401,GLW,NOT_NASDAQ_LISTED
3403,GM,NOT_NASDAQ_LISTED
3404,GMAB,NOT_COMMON_STOCK
3405,GMAN,NOT_NASDAQ_LISTED
3406,GMDA,NOT_COMMON_STOCK
3407,GME,NOT_NASDAQ_LISTED
3408,GMED,NOT_NASDAQ_LISTED
3409,GMF,NOT_NASDAQ_LISTED
3411,GMHIU,NOT_COMMON_STOCK
3412,GMHIW,NOT_COMMON_STOCK
3413,GMLP,NOT_COMMON_STOCK
3414,GMLPP,NOT_COMMON_STOCK
3415,GMO,NOT_NASDAQ_LISTED
3416,GMOM,NOT_NASDAQ_LISTED
3417,GMRE,NOT_NASDAQ_LISTED
3418,GMRE-A,NOT_NASDAQ_LISTED
3419,GMS,NOT_NASDAQ_LISTED
3420,GMTA,NOT_NASDAQ_LISTED
3421,GMZ,NOT_NASDAQ_LISTED
3422,GNAF,NOT_NASDAQ_LISTED
3423,GNC,NOT_NASDAQ_LISTED
3425,GNE,NOT_NASDAQ_LISTED
3426,GNE-A,NOT_NASDAQ_LISTED
3427,GNFT,NOT_COMMON_STOCK
3428,GNK,NOT_NASDAQ_LISTED
3429,GNL,NOT_NASDAQ_LISTED
3430,GNL-A,NOT_NASDAQ_LISTED
3432,GNMA,NOT_COMMON_STOCK
3434,GNMX,FIRST_ADD_PRICE_BELOW_FLOOR
3435,GNOM,NOT_COMMON_STOCK
3437,GNR,NOT_NASDAQ_LISTED
3438,GNRC,NOT_NASDAQ_LISTED
3439,GNT,NOT_NASDAQ_LISTED
3440,GNT-A,NOT_NASDAQ_LISTED
3443,GNUS,FIRST_ADD_PRICE_BELOW_FLOOR
3444,GNW,NOT_NASDAQ_LISTED
3446,GOAT,NOT_NASDAQ_LISTED
3447,GOAU,NOT_NASDAQ_LISTED
3448,GOEX,NOT_NASDAQ_LISTED
3449,GOF,NOT_NASDAQ_LISTED
3452,GOL,NOT_NASDAQ_LISTED
3453,GOLD,NOT_NASDAQ_LISTED
3454,GOLF,NOT_NASDAQ_LISTED
3455,GOOD,FIRST_ADD_PRICE_BELOW_FLOOR
3456,GOODM,NOT_COMMON_STOCK
3457,GOODO,NOT_COMMON_STOCK
3458,GOODP,NOT_COMMON_STOCK
3461,GOOS,NOT_NASDAQ_LISTED
3462,GORO,NOT_NASDAQ_LISTED
3464,GOVT,NOT_NASDAQ_LISTED
3466,GPAQU,NOT_COMMON_STOCK
3467,GPAQW,NOT_COMMON_STOCK
3468,GPC,NOT_NASDAQ_LISTED
3469,GPI,NOT_NASDAQ_LISTED
3470,GPJA,NOT_NASDAQ_LISTED
3471,GPK,NOT_NASDAQ_LISTED
3472,GPL,NOT_NASDAQ_LISTED
3473,GPM,NOT_NASDAQ_LISTED
3474,GPMT,NOT_NASDAQ_LISTED
3475,GPN,NOT_NASDAQ_LISTED
3477,GPP,NOT_COMMON_STOCK
3479,GPRK,NOT_NASDAQ_LISTED
3480,GPRO,FIRST_ADD_PRICE_BELOW_FLOOR
3481,GPS,NOT_NASDAQ_LISTED
3482,GPX,NOT_NASDAQ_LISTED
3483,GQRE,NOT_NASDAQ_LISTED
3484,GRA,NOT_NASDAQ_LISTED
3485,GRAF,NOT_NASDAQ_LISTED
3486,GRAF+,NOT_NASDAQ_LISTED
3487,GRAF=,NOT_NASDAQ_LISTED
3488,GRAM,NOT_NASDAQ_LISTED
3489,GRBK,FIRST_ADD_PRICE_BELOW_FLOOR
3490,GRC,NOT_NASDAQ_LISTED
3491,GREK,NOT_NASDAQ_LISTED
3492,GRES,NOT_NASDAQ_LISTED
3493,GRF,NOT_NASDAQ_LISTED
3494,GRFS,NOT_COMMON_STOCK
3495,GRI,NOT_NASDAQ_LISTED
3496,GRID,NOT_COMMON_STOCK
3500,GRNB,NOT_NASDAQ_LISTED
3503,GRP=,NOT_NASDAQ_LISTED
3506,GRSHU,NOT_COMMON_STOCK
3507,GRSHW,NOT_COMMON_STOCK
3509,GRU,NOT_NASDAQ_LISTED
3510,GRUB,NOT_NASDAQ_LISTED
3511,GRVY,NOT_COMMON_STOCK
3512,GRX,NOT_NASDAQ_LISTED
3513,GRX-A,NOT_NASDAQ_LISTED
3514,GRX-B,NOT_NASDAQ_LISTED
3515,GS,NOT_NASDAQ_LISTED
3516,GS-A,NOT_NASDAQ_LISTED
3517,GS-B*,NOT_NASDAQ_LISTED
3518,GS-C,NOT_NASDAQ_LISTED
3519,GS-D,NOT_NASDAQ_LISTED
3520,GS-J,NOT_NASDAQ_LISTED
3521,GS-K,NOT_NASDAQ_LISTED
3522,GS-N,NOT_NASDAQ_LISTED
3523,GSAH,NOT_NASDAQ_LISTED
3524,GSAH+,NOT_NASDAQ_LISTED
3525,GSAH=,NOT_NASDAQ_LISTED
3526,GSAT,NOT_NASDAQ_LISTED
3527,GSB,NOT_NASDAQ_LISTED
3529,GSBD,NOT_NASDAQ_LISTED
3530,GSC,NOT_NASDAQ_LISTED
3531,GSEU,NOT_NASDAQ_LISTED
3532,GSEW,NOT_NASDAQ_LISTED
3533,GSG,NOT_NASDAQ_LISTED
3534,GSH,NOT_NASDAQ_LISTED
3535,GSHD,FIRST_ADD_PRICE_BELOW_FLOOR
3536,GSIE,NOT_NASDAQ_LISTED
3537,GSIT,FIRST_ADD_PRICE_BELOW_FLOOR
3538,GSJY,NOT_NASDAQ_LISTED
3539,GSK,NOT_NASDAQ_LISTED
3541,GSL,NOT_NASDAQ_LISTED
3542,GSL-B,NOT_NASDAQ_LISTED
3543,GSLC,NOT_NASDAQ_LISTED
3544,GSM,NOT_COMMON_STOCK
3545,GSP,NOT_NASDAQ_LISTED
3546,GSS,NOT_NASDAQ_LISTED
3547,GSSC,NOT_NASDAQ_LISTED
3548,GSST,NOT_NASDAQ_LISTED
3549,GSUM,NOT_COMMON_STOCK
3550,GSV,NOT_NASDAQ_LISTED
3552,GSX,NOT_NASDAQ_LISTED
3553,GSY,NOT_NASDAQ_LISTED
3555,GTE,NOT_NASDAQ_LISTED
3556,GTES,NOT_NASDAQ_LISTED
3559,GTIP,NOT_NASDAQ_LISTED
3561,GTN,NOT_NASDAQ_LISTED
3562,GTN.A,NOT_NASDAQ_LISTED
3563,GTO,NOT_NASDAQ_LISTED
3564,GTS,NOT_NASDAQ_LISTED
3565,GTT,NOT_NASDAQ_LISTED
3566,GTX,NOT_NASDAQ_LISTED
3567,GTY,NOT_NASDAQ_LISTED
3569,GUDB,NOT_NASDAQ_LISTED
3570,GULF,NOT_COMMON_STOCK
3571,GUNR,NOT_NASDAQ_LISTED
3572,GURE,FIRST_ADD_PRICE_BELOW_FLOOR
3573,GURU,NOT_NASDAQ_LISTED
3574,GUSH,NOT_NASDAQ_LISTED
3575,GUT,NOT_NASDAQ_LISTED
3576,GUT-A,NOT_NASDAQ_LISTED
3577,GUT-C,NOT_NASDAQ_LISTED
3578,GV,NOT_NASDAQ_LISTED
3579,GVA,NOT_NASDAQ_LISTED
3580,GVAL,NOT_NASDAQ_LISTED
3581,GVI,NOT_NASDAQ_LISTED
3582,GVIP,NOT_NASDAQ_LISTED
3584,GWB,NOT_NASDAQ_LISTED
3586,GWPH,NOT_COMMON_STOCK
3587,GWR,NOT_NASDAQ_LISTED
3588,GWRE,NOT_NASDAQ_LISTED
3589,GWRS,FIRST_ADD_PRICE_BELOW_FLOOR
3590,GWW,NOT_NASDAQ_LISTED
3591,GWX,NOT_NASDAQ_LISTED
3592,GXC,NOT_NASDAQ_LISTED
3593,GXF,NOT_NASDAQ_LISTED
3594,GXG,NOT_NASDAQ_LISTED
3595,GXGX,FIRST_ADD_PRICE_BELOW_FLOOR
3596,GXGXU,NOT_COMMON_STOCK
3597,GXGXW,NOT_COMMON_STOCK
3598,GYB,NOT_NASDAQ_LISTED
3599,GYC,NOT_NASDAQ_LISTED
3600,GYLD,NOT_NASDAQ_LISTED
3601,GYRO,FIRST_ADD_PRICE_BELOW_FLOOR
3602,H,NOT_NASDAQ_LISTED
3605,HACK,NOT_NASDAQ_LISTED
3606,HAE,NOT_NASDAQ_LISTED
3608,HAIL,NOT_NASDAQ_LISTED
3609,HAIN,FIRST_ADD_PRICE_BELOW_FLOOR
3610,HAIR,FIRST_ADD_PRICE_BELOW_FLOOR
3611,HAL,NOT_NASDAQ_LISTED
3612,HALL,FIRST_ADD_PRICE_BELOW_FLOOR
3614,HAO,NOT_NASDAQ_LISTED
3615,HAP,NOT_NASDAQ_LISTED
3618,HASI,NOT_NASDAQ_LISTED
3619,HAUD,NOT_NASDAQ_LISTED
3620,HAUZ,NOT_NASDAQ_LISTED
3621,HAWX,NOT_NASDAQ_LISTED
3624,HBANN,NOT_COMMON_STOCK
3625,HBANO,NOT_COMMON_STOCK
3626,HBB,NOT_NASDAQ_LISTED
3628,HBI,NOT_NASDAQ_LISTED
3630,HBM,NOT_NASDAQ_LISTED
3633,HBP,FIRST_ADD_PRICE_BELOW_FLOOR
3634,HCA,NOT_NASDAQ_LISTED
3636,HCACU,NOT_COMMON_STOCK
3637,HCACW,NOT_COMMON_STOCK
3639,HCAPZ,NOT_COMMON_STOCK
3641,HCC,NOT_NASDAQ_LISTED
3642,HCCH,NOT_COMMON_STOCK
3643,HCCHR,NOT_COMMON_STOCK
3644,HCCHU,NOT_COMMON_STOCK
3645,HCCHW,NOT_COMMON_STOCK
3647,HCFT,NOT_NASDAQ_LISTED
3648,HCHC,NOT_NASDAQ_LISTED
3649,HCI,NOT_NASDAQ_LISTED
3650,HCKT,FIRST_ADD_PRICE_BELOW_FLOOR
3651,HCM,NOT_COMMON_STOCK
3652,HCP,NOT_NASDAQ_LISTED
3653,HCR,NOT_NASDAQ_LISTED
3655,HCXY,NOT_NASDAQ_LISTED
3656,HCXZ,NOT_NASDAQ_LISTED
3657,HD,NOT_NASDAQ_LISTED
3658,HDAW,NOT_NASDAQ_LISTED
3659,HDB,NOT_NASDAQ_LISTED
3660,HDEF,NOT_NASDAQ_LISTED
3661,HDG,NOT_NASDAQ_LISTED
3662,HDGE,NOT_NASDAQ_LISTED
3663,HDLV,NOT_NASDAQ_LISTED
3664,HDMV,NOT_NASDAQ_LISTED
3666,HDSN,FIRST_ADD_PRICE_BELOW_FLOOR
3667,HDV,NOT_NASDAQ_LISTED
3668,HE,NOT_NASDAQ_LISTED
3670,HEB,NOT_NASDAQ_LISTED
3672,HECO,NOT_NASDAQ_LISTED
3673,HEDJ,NOT_NASDAQ_LISTED
3674,HEEM,NOT_NASDAQ_LISTED
3676,HEFA,NOT_NASDAQ_LISTED
3677,HEI,NOT_NASDAQ_LISTED
3678,HEI.A,NOT_NASDAQ_LISTED
3680,HEP,NOT_NASDAQ_LISTED
3682,HEQ,NOT_NASDAQ_LISTED
3683,HERD,NOT_COMMON_STOCK
3684,HES,NOT_NASDAQ_LISTED
3685,HESM,NOT_NASDAQ_LISTED
3686,HEWC,NOT_NASDAQ_LISTED
3687,HEWG,NOT_COMMON_STOCK
3688,HEWI,NOT_NASDAQ_LISTED
3689,HEWJ,NOT_NASDAQ_LISTED
3690,HEWL,NOT_NASDAQ_LISTED
3691,HEWP,NOT_NASDAQ_LISTED
3692,HEWU,NOT_NASDAQ_LISTED
3693,HEWW,NOT_NASDAQ_LISTED
3694,HEWY,NOT_NASDAQ_LISTED
3695,HEXO,NOT_NASDAQ_LISTED
3696,HEZU,NOT_NASDAQ_LISTED
3698,HFC,NOT_NASDAQ_LISTED
3700,HFRO,NOT_NASDAQ_LISTED
3702,HFXE,NOT_NASDAQ_LISTED
3703,HFXI,NOT_NASDAQ_LISTED
3704,HFXJ,NOT_NASDAQ_LISTED
3705,HGH,NOT_NASDAQ_LISTED
3706,HGLB,NOT_NASDAQ_LISTED
3708,HGV,NOT_NASDAQ_LISTED
3709,HHC,NOT_NASDAQ_LISTED
3710,HHHH,NOT_COMMON_STOCK
3711,HHHHR,NOT_COMMON_STOCK
3712,HHHHU,NOT_COMMON_STOCK
3713,HHHHW,NOT_COMMON_STOCK
3714,HHR,NOT_COMMON_STOCK
3715,HHS,NOT_NASDAQ_LISTED
3716,HHT,NOT_COMMON_STOCK
3717,HI,NOT_NASDAQ_LISTED
3719,HIE,NOT_NASDAQ_LISTED
3720,HIFS,FIRST_ADD_PRICE_BELOW_FLOOR
3721,HIG,NOT_NASDAQ_LISTED
3722,HIG-G,NOT_NASDAQ_LISTED
3724,HII,NOT_NASDAQ_LISTED
3726,HIL,NOT_NASDAQ_LISTED
3727,HIMX,NOT_COMMON_STOCK
3728,HIO,NOT_NASDAQ_LISTED
3729,HIPS,NOT_NASDAQ_LISTED
3730,HIVE,NOT_NASDAQ_LISTED
3731,HIW,NOT_NASDAQ_LISTED
3732,HIX,NOT_NASDAQ_LISTED
3734,HJLIW,NOT_COMMON_STOCK
3735,HJPX,NOT_NASDAQ_LISTED
3736,HJV,NOT_NASDAQ_LISTED
3737,HL,NOT_NASDAQ_LISTED
3738,HL-B,NOT_NASDAQ_LISTED
3739,HLAL,NOT_COMMON_STOCK
3740,HLF,NOT_NASDAQ_LISTED
3741,HLG,NOT_COMMON_STOCK
3742,HLI,NOT_NASDAQ_LISTED
3745,HLM-,NOT_NASDAQ_LISTED
3747,HLT,NOT_NASDAQ_LISTED
3748,HLTH,NOT_NASDAQ_LISTED
3749,HLX,NOT_NASDAQ_LISTED
3750,HMC,NOT_NASDAQ_LISTED
3751,HMG,NOT_NASDAQ_LISTED
3753,HMI,NOT_NASDAQ_LISTED
3754,HMLP,NOT_NASDAQ_LISTED
3755,HMLP-A,NOT_NASDAQ_LISTED
3756,HMN,NOT_NASDAQ_LISTED
3758,HMOP,NOT_NASDAQ_LISTED
3759,HMST,FIRST_ADD_PRICE_BELOW_FLOOR
3760,HMSY,FIRST_ADD_PRICE_BELOW_FLOOR
3762,HMY,NOT_NASDAQ_LISTED
3763,HNDL,NOT_COMMON_STOCK
3764,HNGR,NOT_NASDAQ_LISTED
3765,HNI,NOT_NASDAQ_LISTED
3767,HNP,NOT_NASDAQ_LISTED
3768,HNRG,FIRST_ADD_PRICE_BELOW_FLOOR
3769,HNW,NOT_NASDAQ_LISTED
3771,HOG,NOT_NASDAQ_LISTED
3772,HOLD,NOT_NASDAQ_LISTED
3773,HOLI,NOT_COMMON_STOCK
3775,HOMB,FIRST_ADD_PRICE_BELOW_FLOOR
3776,HOME,NOT_NASDAQ_LISTED
3777,HOML,NOT_NASDAQ_LISTED
3778,HOMZ,NOT_NASDAQ_LISTED
3779,HON,NOT_NASDAQ_LISTED
3781,HONR,NOT_NASDAQ_LISTED
3783,HOPE,FIRST_ADD_PRICE_BELOW_FLOOR
3784,HOS,NOT_NASDAQ_LISTED
3786,HOV,NOT_NASDAQ_LISTED
3787,HOVNP,NOT_COMMON_STOCK
3788,HP,NOT_NASDAQ_LISTED
3789,HPE,NOT_NASDAQ_LISTED
3790,HPF,NOT_NASDAQ_LISTED
3791,HPI,NOT_NASDAQ_LISTED
3793,HPP,NOT_NASDAQ_LISTED
3794,HPQ,NOT_NASDAQ_LISTED
3795,HPR,NOT_NASDAQ_LISTED
3796,HPS,NOT_NASDAQ_LISTED
3797,HPT,NOT_COMMON_STOCK
3798,HQH,NOT_NASDAQ_LISTED
3799,HQL,NOT_NASDAQ_LISTED
3801,HR,NOT_NASDAQ_LISTED
3802,HRB,NOT_NASDAQ_LISTED
3803,HRC,NOT_NASDAQ_LISTED
3804,HRI,NOT_NASDAQ_LISTED
3805,HRL,NOT_NASDAQ_LISTED
3806,HROW,FIRST_ADD_PRICE_BELOW_FLOOR
3807,HRTG,NOT_NASDAQ_LISTED
3811,HSACU,NOT_COMMON_STOCK
3812,HSACW,NOT_COMMON_STOCK
3813,HSBC,NOT_NASDAQ_LISTED
3814,HSBC-A,NOT_NASDAQ_LISTED
3815,HSC,NOT_NASDAQ_LISTED
3816,HSCZ,NOT_NASDAQ_LISTED
3818,HSGX,FIRST_ADD_PRICE_BELOW_FLOOR
3820,HSII,FIRST_ADD_PRICE_BELOW_FLOOR
3823,HSPX,NOT_NASDAQ_LISTED
3824,HSRT,NOT_NASDAQ_LISTED
3825,HST,NOT_NASDAQ_LISTED
3826,HSTM,FIRST_ADD_PRICE_BELOW_FLOOR
3827,HSY,NOT_NASDAQ_LISTED
3828,HT,NOT_NASDAQ_LISTED
3829,HT-C,NOT_NASDAQ_LISTED
3830,HT-D,NOT_NASDAQ_LISTED
3831,HT-E,NOT_NASDAQ_LISTED
3832,HTA,NOT_NASDAQ_LISTED
3833,HTAB,NOT_NASDAQ_LISTED
3835,HTBK,FIRST_ADD_PRICE_BELOW_FLOOR
3837,HTD,NOT_NASDAQ_LISTED
3838,HTEC,NOT_NASDAQ_LISTED
3839,HTFA,NOT_NASDAQ_LISTED
3840,HTGC,NOT_NASDAQ_LISTED
3842,HTH,NOT_NASDAQ_LISTED
3843,HTHT,NOT_COMMON_STOCK
3845,HTLF,FIRST_ADD_PRICE_BELOW_FLOOR
3846,HTRB,NOT_NASDAQ_LISTED
3847,HTUS,NOT_NASDAQ_LISTED
3848,HTY,NOT_NASDAQ_LISTED
3849,HTZ,NOT_NASDAQ_LISTED
3850,HUBB,NOT_NASDAQ_LISTED
3851,HUBG,FIRST_ADD_PRICE_BELOW_FLOOR
3852,HUBS,NOT_NASDAQ_LISTED
3853,HUD,NOT_NASDAQ_LISTED
3854,HUM,NOT_NASDAQ_LISTED
3855,HUN,NOT_NASDAQ_LISTED
3858,HUSA,NOT_NASDAQ_LISTED
3859,HUSE,NOT_NASDAQ_LISTED
3860,HUSV,NOT_NASDAQ_LISTED
3861,HUYA,NOT_NASDAQ_LISTED
3862,HVBC,FIRST_ADD_PRICE_BELOW_FLOOR
3863,HVT,NOT_NASDAQ_LISTED
3864,HVT.A,NOT_NASDAQ_LISTED
3866,HWC,FIRST_ADD_PRICE_BELOW_FLOOR
3867,HWCC,FIRST_ADD_PRICE_BELOW_FLOOR
3868,HWCPL,NOT_COMMON_STOCK
3870,HX,NOT_COMMON_STOCK
3871,HXL,NOT_NASDAQ_LISTED
3872,HY,NOT_NASDAQ_LISTED
3873,HYAC,FIRST_ADD_PRICE_BELOW_FLOOR
3874,HYACU,NOT_COMMON_STOCK
3875,HYACW,NOT_COMMON_STOCK
3876,HYB,NOT_NASDAQ_LISTED
3877,HYD,NOT_NASDAQ_LISTED
3878,HYDB,NOT_NASDAQ_LISTED
3879,HYDD,NOT_NASDAQ_LISTED
3880,HYDW,NOT_NASDAQ_LISTED
3881,HYEM,NOT_NASDAQ_LISTED
3882,HYG,NOT_NASDAQ_LISTED
3883,HYGH,NOT_NASDAQ_LISTED
3885,HYGV,NOT_NASDAQ_LISTED
3886,HYHG,NOT_NASDAQ_LISTED
3887,HYI,NOT_NASDAQ_LISTED
3888,HYIH,NOT_NASDAQ_LISTED
3889,HYLB,NOT_NASDAQ_LISTED
3890,HYLD,NOT_NASDAQ_LISTED
3891,HYLS,NOT_COMMON_STOCK
3892,HYLV,NOT_NASDAQ_LISTED
3893,HYMB,NOT_NASDAQ_LISTED
3894,HYND,NOT_COMMON_STOCK
3896,HYS,NOT_NASDAQ_LISTED
3897,HYT,NOT_NASDAQ_LISTED
3898,HYUP,NOT_NASDAQ_LISTED
3899,HYXE,NOT_COMMON_STOCK
3900,HYXU,NOT_NASDAQ_LISTED
3901,HYZD,NOT_COMMON_STOCK
3902,HZN,NOT_NASDAQ_LISTED
3904,HZO,NOT_NASDAQ_LISTED
3905,I,NOT_NASDAQ_LISTED
3906,IAA,NOT_NASDAQ_LISTED
3908,IAE,NOT_NASDAQ_LISTED
3909,IAF,NOT_NASDAQ_LISTED
3910,IAG,NOT_NASDAQ_LISTED
3911,IAGG,NOT_NASDAQ_LISTED
3912,IAI,NOT_NASDAQ_LISTED
3913,IAK,NOT_NASDAQ_LISTED
3914,IART,FIRST_ADD_PRICE_BELOW_FLOOR
3915,IAT,NOT_NASDAQ_LISTED
3916,IAU,NOT_NASDAQ_LISTED
3917,IAUF,NOT_NASDAQ_LISTED
3918,IBA,NOT_NASDAQ_LISTED
3919,IBB,NOT_COMMON_STOCK
3920,IBCD,NOT_NASDAQ_LISTED
3921,IBCE,NOT_NASDAQ_LISTED
3922,IBCP,FIRST_ADD_PRICE_BELOW_FLOOR
3923,IBD,NOT_NASDAQ_LISTED
3924,IBDC,NOT_NASDAQ_LISTED
3925,IBDD,NOT_NASDAQ_LISTED
3926,IBDK,NOT_NASDAQ_LISTED
3927,IBDL,NOT_NASDAQ_LISTED
3928,IBDM,NOT_NASDAQ_LISTED
3929,IBDN,NOT_NASDAQ_LISTED
3930,IBDO,NOT_NASDAQ_LISTED
3931,IBDP,NOT_NASDAQ_LISTED
3932,IBDQ,NOT_NASDAQ_LISTED
3933,IBDR,NOT_NASDAQ_LISTED
3934,IBDS,NOT_NASDAQ_LISTED
3935,IBDT,NOT_NASDAQ_LISTED
3936,IBHA,NOT_NASDAQ_LISTED
3937,IBHB,NOT_NASDAQ_LISTED
3938,IBHC,NOT_NASDAQ_LISTED
3939,IBHD,NOT_NASDAQ_LISTED
3940,IBHE,NOT_NASDAQ_LISTED
3941,IBIO,NOT_NASDAQ_LISTED
3942,IBKC,FIRST_ADD_PRICE_BELOW_FLOOR
3943,IBKCN,NOT_COMMON_STOCK
3944,IBKCO,NOT_COMMON_STOCK
3945,IBKCP,NOT_COMMON_STOCK
3946,IBKR,NOT_NASDAQ_LISTED
3947,IBM,NOT_NASDAQ_LISTED
3948,IBMH,NOT_NASDAQ_LISTED
3949,IBMI,NOT_NASDAQ_LISTED
3950,IBMJ,NOT_NASDAQ_LISTED
3951,IBMK,NOT_NASDAQ_LISTED
3952,IBML,NOT_NASDAQ_LISTED
3953,IBMM,NOT_NASDAQ_LISTED
3954,IBMN,NOT_NASDAQ_LISTED
3955,IBMO,NOT_NASDAQ_LISTED
3956,IBMP,NOT_NASDAQ_LISTED
3957,IBMQ,NOT_NASDAQ_LISTED
3958,IBN,NOT_NASDAQ_LISTED
3959,IBND,NOT_NASDAQ_LISTED
3960,IBO,NOT_NASDAQ_LISTED
3961,IBOC,FIRST_ADD_PRICE_BELOW_FLOOR
3962,IBP,NOT_NASDAQ_LISTED
3964,IBUY,NOT_COMMON_STOCK
3965,ICAD,FIRST_ADD_PRICE_BELOW_FLOOR
3967,ICCC,FIRST_ADD_PRICE_BELOW_FLOOR
3969,ICD,NOT_NASDAQ_LISTED
3970,ICE,NOT_NASDAQ_LISTED
3971,ICF,NOT_NASDAQ_LISTED
3973,ICHR,NOT_COMMON_STOCK
3974,ICL,NOT_NASDAQ_LISTED
3975,ICLK,NOT_COMMON_STOCK
3976,ICLN,NOT_COMMON_STOCK
3977,ICLR,NOT_COMMON_STOCK
3978,ICOL,NOT_NASDAQ_LISTED
3980,ICOW,NOT_NASDAQ_LISTED
3982,ICSH,NOT_NASDAQ_LISTED
3984,ICVT,NOT_NASDAQ_LISTED
3985,IDA,NOT_NASDAQ_LISTED
3987,IDE,NOT_NASDAQ_LISTED
3988,IDEV,NOT_NASDAQ_LISTED
3990,IDHD,NOT_NASDAQ_LISTED
3991,IDHQ,NOT_NASDAQ_LISTED
3992,IDIV,NOT_NASDAQ_LISTED
3993,IDLB,NOT_COMMON_STOCK
3994,IDLV,NOT_NASDAQ_LISTED
3995,IDMO,NOT_NASDAQ_LISTED
3996,IDN,NOT_NASDAQ_LISTED
3997,IDNA,NOT_NASDAQ_LISTED
3998,IDOG,NOT_NASDAQ_LISTED
3999,IDRA,FIRST_ADD_PRICE_BELOW_FLOOR
4000,IDRV,NOT_NASDAQ_LISTED
4003,IDT,NOT_NASDAQ_LISTED
4004,IDU,NOT_NASDAQ_LISTED
4005,IDV,NOT_NASDAQ_LISTED
4006,IDX,NOT_NASDAQ_LISTED
4011,IEAWW,NOT_COMMON_STOCK
4012,IEC,NOT_NASDAQ_LISTED
4013,IECS,NOT_NASDAQ_LISTED
4014,IEDI,NOT_NASDAQ_LISTED
4015,IEF,NOT_COMMON_STOCK
4016,IEFA,NOT_NASDAQ_LISTED
4017,IEFN,NOT_NASDAQ_LISTED
4018,IEHS,NOT_NASDAQ_LISTED
4019,IEI,NOT_COMMON_STOCK
4020,IEIH,NOT_NASDAQ_LISTED
4021,IEMD,NOT_NASDAQ_LISTED
4022,IEME,NOT_NASDAQ_LISTED
4023,IEMG,NOT_NASDAQ_LISTED
4024,IEMV,NOT_NASDAQ_LISTED
4025,IEO,NOT_NASDAQ_LISTED
4026,IEP,NOT_COMMON_STOCK
4028,IETC,NOT_NASDAQ_LISTED
4029,IEUR,NOT_NASDAQ_LISTED
4030,IEUS,NOT_COMMON_STOCK
4031,IEV,NOT_NASDAQ_LISTED
4032,IEX,NOT_NASDAQ_LISTED
4033,IEZ,NOT_NASDAQ_LISTED
4034,IFEU,NOT_COMMON_STOCK
4035,IFF,NOT_NASDAQ_LISTED
4036,IFFT,NOT_NASDAQ_LISTED
4037,IFGL,NOT_COMMON_STOCK
4038,IFIX,NOT_NASDAQ_LISTED
4039,IFLY,NOT_NASDAQ_LISTED
4041,IFN,NOT_NASDAQ_LISTED
4042,IFRA,NOT_NASDAQ_LISTED
4044,IFS,NOT_NASDAQ_LISTED
4045,IFV,NOT_COMMON_STOCK
4046,IG,NOT_NASDAQ_LISTED
4047,IGA,NOT_NASDAQ_LISTED
4048,IGBH,NOT_NASDAQ_LISTED
4049,IGC,NOT_NASDAQ_LISTED
4050,IGD,NOT_NASDAQ_LISTED
4051,IGE,NOT_NASDAQ_LISTED
4052,IGEB,NOT_NASDAQ_LISTED
4053,IGF,NOT_COMMON_STOCK
4054,IGHG,NOT_NASDAQ_LISTED
4055,IGI,NOT_NASDAQ_LISTED
4056,IGIB,NOT_COMMON_STOCK
4057,IGIH,NOT_NASDAQ_LISTED
4058,IGLB,NOT_NASDAQ_LISTED
4059,IGLD,NOT_COMMON_STOCK
4060,IGM,NOT_NASDAQ_LISTED
4061,IGN,NOT_NASDAQ_LISTED
4062,IGOV,NOT_COMMON_STOCK
4063,IGR,NOT_NASDAQ_LISTED
4064,IGRO,NOT_NASDAQ_LISTED
4065,IGSB,NOT_COMMON_STOCK
4066,IGT,NOT_NASDAQ_LISTED
4067,IGV,NOT_NASDAQ_LISTED
4068,IGVT,NOT_NASDAQ_LISTED
4069,IGZ,NOT_NASDAQ_LISTED
4070,IHAK,NOT_NASDAQ_LISTED
4071,IHC,NOT_NASDAQ_LISTED
4072,IHD,NOT_NASDAQ_LISTED
4073,IHDG,NOT_NASDAQ_LISTED
4074,IHE,NOT_NASDAQ_LISTED
4075,IHF,NOT_NASDAQ_LISTED
4076,IHG,NOT_NASDAQ_LISTED
4077,IHI,NOT_NASDAQ_LISTED
4078,IHIT,NOT_NASDAQ_LISTED
4079,IHRT,FIRST_ADD_PRICE_BELOW_FLOOR
4080,IHT,NOT_NASDAQ_LISTED
4081,IHTA,NOT_NASDAQ_LISTED
4082,IHY,NOT_NASDAQ_LISTED
4083,IHYD,NOT_NASDAQ_LISTED
4084,IHYV,NOT_NASDAQ_LISTED
4085,IID,NOT_NASDAQ_LISTED
4086,IIF,NOT_NASDAQ_LISTED
4087,IIGD,NOT_NASDAQ_LISTED
4088,IIGV,NOT_NASDAQ_LISTED
4089,III,FIRST_ADD_PRICE_BELOW_FLOOR
4092,IIM,NOT_NASDAQ_LISTED
4093,IIN,FIRST_ADD_PRICE_BELOW_FLOOR
4094,IIPR,NOT_NASDAQ_LISTED
4095,IIPR-A,NOT_NASDAQ_LISTED
4097,IJH,NOT_NASDAQ_LISTED
4098,IJJ,NOT_NASDAQ_LISTED
4099,IJK,NOT_NASDAQ_LISTED
4100,IJR,NOT_NASDAQ_LISTED
4101,IJS,NOT_NASDAQ_LISTED
4102,IJT,NOT_COMMON_STOCK
4103,IJUL,NOT_NASDAQ_LISTED
4105,ILF,NOT_NASDAQ_LISTED
4107,ILPT,NOT_COMMON_STOCK
4108,ILTB,NOT_NASDAQ_LISTED
4109,IMAC,FIRST_ADD_PRICE_BELOW_FLOOR
4110,IMACW,NOT_COMMON_STOCK
4111,IMAX,NOT_NASDAQ_LISTED
4112,IMBI,FIRST_ADD_PRICE_BELOW_FLOOR
4113,IMFC,NOT_NASDAQ_LISTED
4114,IMFD,NOT_NASDAQ_LISTED
4115,IMFI,NOT_NASDAQ_LISTED
4116,IMFP,NOT_NASDAQ_LISTED
4118,IMH,NOT_NASDAQ_LISTED
4121,IMLP,NOT_NASDAQ_LISTED
4122,IMMP,NOT_COMMON_STOCK
4125,IMO,NOT_NASDAQ_LISTED
4126,IMOM,NOT_NASDAQ_LISTED
4127,IMOS,NOT_COMMON_STOCK
4128,IMRN,NOT_COMMON_STOCK
4129,IMRNW,NOT_COMMON_STOCK
4130,IMTB,NOT_NASDAQ_LISTED
4131,IMTE,NOT_COMMON_STOCK
4132,IMTM,NOT_NASDAQ_LISTED
4136,INAG,NOT_NASDAQ_LISTED
4138,INAU,NOT_NASDAQ_LISTED
4139,INB,NOT_NASDAQ_LISTED
4141,INBKL,NOT_COMMON_STOCK
4142,INBKZ,NOT_COMMON_STOCK
4143,INCO,NOT_NASDAQ_LISTED
4145,INDA,NOT_NASDAQ_LISTED
4147,INDL,NOT_NASDAQ_LISTED
4148,INDS,NOT_NASDAQ_LISTED
4149,INDY,NOT_COMMON_STOCK
4150,INF,NOT_NASDAQ_LISTED
4153,INFO,NOT_NASDAQ_LISTED
4154,INFR,NOT_COMMON_STOCK
4155,INFU,NOT_NASDAQ_LISTED
4156,INFY,NOT_NASDAQ_LISTED
4157,ING,NOT_NASDAQ_LISTED
4159,INGR,NOT_NASDAQ_LISTED
4160,INKM,NOT_NASDAQ_LISTED
4161,INMB,FIRST_ADD_PRICE_BELOW_FLOOR
4162,INN,NOT_NASDAQ_LISTED
4163,INN-D,NOT_NASDAQ_LISTED
4164,INN-E,NOT_NASDAQ_LISTED
4167,INOD,FIRST_ADD_PRICE_BELOW_FLOOR
4169,INPX,FIRST_ADD_PRICE_BELOW_FLOOR
4170,INR,NOT_NASDAQ_LISTED
4171,INS,NOT_NASDAQ_LISTED
4174,INSI,NOT_NASDAQ_LISTED
4176,INSP,NOT_NASDAQ_LISTED
4177,INST,NOT_NASDAQ_LISTED
4179,INSUU,NOT_COMMON_STOCK
4180,INSUW,NOT_COMMON_STOCK
4181,INSW,NOT_NASDAQ_LISTED
4182,INSW-A,NOT_NASDAQ_LISTED
4183,INT,NOT_NASDAQ_LISTED
4185,INTF,NOT_NASDAQ_LISTED
4186,INTG,FIRST_ADD_PRICE_BELOW_FLOOR
4188,INTT,NOT_NASDAQ_LISTED
4190,INUV,NOT_NASDAQ_LISTED
4193,INVH,NOT_NASDAQ_LISTED
4195,INXN,NOT_NASDAQ_LISTED
4196,IO,NOT_NASDAQ_LISTED
4198,IOO,NOT_NASDAQ_LISTED
4199,IOR,NOT_NASDAQ_LISTED
4203,IP,NOT_NASDAQ_LISTED
4204,IPAC,NOT_NASDAQ_LISTED
4206,IPAY,NOT_NASDAQ_LISTED
4207,IPB,NOT_NASDAQ_LISTED
4208,IPDN,FIRST_ADD_PRICE_BELOW_FLOOR
4209,IPE,NOT_NASDAQ_LISTED
4210,IPFF,NOT_NASDAQ_LISTED
4211,IPG,NOT_NASDAQ_LISTED
4213,IPHI,NOT_NASDAQ_LISTED
4215,IPI,NOT_NASDAQ_LISTED
4217,IPKW,NOT_COMMON_STOCK
4218,IPLDP,NOT_COMMON_STOCK
4219,IPO,NOT_NASDAQ_LISTED
4220,IPOA,NOT_NASDAQ_LISTED
4221,IPOA+,NOT_NASDAQ_LISTED
4222,IPOA=,NOT_NASDAQ_LISTED
4223,IPOS,NOT_NASDAQ_LISTED
4224,IPWR,FIRST_ADD_PRICE_BELOW_FLOOR
4225,IQ,NOT_COMMON_STOCK
4226,IQDE,NOT_NASDAQ_LISTED
4227,IQDF,NOT_NASDAQ_LISTED
4228,IQDG,NOT_NASDAQ_LISTED
4229,IQDY,NOT_NASDAQ_LISTED
4230,IQI,NOT_NASDAQ_LISTED
4231,IQIN,NOT_NASDAQ_LISTED
4232,IQLT,NOT_NASDAQ_LISTED
4233,IQV,NOT_NASDAQ_LISTED
4234,IR,NOT_NASDAQ_LISTED
4235,IRBO,NOT_NASDAQ_LISTED
4237,IRCP,NOT_COMMON_STOCK
4239,IRET,NOT_NASDAQ_LISTED
4240,IRET-C,NOT_NASDAQ_LISTED
4242,IRL,NOT_NASDAQ_LISTED
4243,IRM,NOT_NASDAQ_LISTED
4246,IRR,NOT_NASDAQ_LISTED
4247,IRS,NOT_NASDAQ_LISTED
4248,IRT,NOT_NASDAQ_LISTED
4252,ISCA,FIRST_ADD_PRICE_BELOW_FLOOR
4253,ISCF,NOT_NASDAQ_LISTED
4254,ISD,NOT_NASDAQ_LISTED
4255,ISDR,NOT_NASDAQ_LISTED
4256,ISDS,NOT_COMMON_STOCK
4257,ISDX,NOT_COMMON_STOCK
4259,ISEM,NOT_COMMON_STOCK
4260,ISG,NOT_NASDAQ_LISTED
4261,ISHG,NOT_COMMON_STOCK
4262,ISIG,FIRST_ADD_PRICE_BELOW_FLOOR
4263,ISMD,NOT_NASDAQ_LISTED
4265,ISR,NOT_NASDAQ_LISTED
4266,ISRA,NOT_NASDAQ_LISTED
4268,ISRL,FIRST_ADD_PRICE_BELOW_FLOOR
4270,ISTB,NOT_COMMON_STOCK
4271,ISTR,FIRST_ADD_PRICE_BELOW_FLOOR
4272,ISZE,NOT_NASDAQ_LISTED
4273,IT,NOT_NASDAQ_LISTED
4274,ITA,NOT_NASDAQ_LISTED
4275,ITB,NOT_NASDAQ_LISTED
4276,ITCB,NOT_NASDAQ_LISTED
4278,ITE,NOT_NASDAQ_LISTED
4279,ITEQ,NOT_NASDAQ_LISTED
4280,ITGR,NOT_NASDAQ_LISTED
4283,ITM,NOT_NASDAQ_LISTED
4284,ITMR,NOT_COMMON_STOCK
4285,ITOT,NOT_NASDAQ_LISTED
4286,ITP,NOT_NASDAQ_LISTED
4288,ITRM,NOT_COMMON_STOCK
4289,ITRN,NOT_COMMON_STOCK
4290,ITT,NOT_NASDAQ_LISTED
4291,ITUB,NOT_NASDAQ_LISTED
4292,ITW,NOT_NASDAQ_LISTED
4293,IUS,NOT_COMMON_STOCK
4294,IUSB,NOT_COMMON_STOCK
4295,IUSG,NOT_COMMON_STOCK
4296,IUSS,NOT_COMMON_STOCK
4297,IUSV,NOT_COMMON_STOCK
4298,IVAC,FIRST_ADD_PRICE_BELOW_FLOOR
4299,IVAL,NOT_NASDAQ_LISTED
4300,IVC,NOT_NASDAQ_LISTED
4301,IVE,NOT_NASDAQ_LISTED
4302,IVENC,NOT_COMMON_STOCK
4303,IVFGC,NOT_COMMON_STOCK
4304,IVFVC,NOT_COMMON_STOCK
4305,IVH,NOT_NASDAQ_LISTED
4306,IVLU,NOT_NASDAQ_LISTED
4307,IVOG,NOT_NASDAQ_LISTED
4308,IVOL,NOT_NASDAQ_LISTED
4309,IVOO,NOT_NASDAQ_LISTED
4310,IVOV,NOT_NASDAQ_LISTED
4311,IVR,NOT_NASDAQ_LISTED
4312,IVR-A,NOT_NASDAQ_LISTED
4313,IVR-B,NOT_NASDAQ_LISTED
4314,IVR-C,NOT_NASDAQ_LISTED
4315,IVV,NOT_NASDAQ_LISTED
4316,IVW,NOT_NASDAQ_LISTED
4317,IVZ,NOT_NASDAQ_LISTED
4318,IWB,NOT_NASDAQ_LISTED
4319,IWC,NOT_NASDAQ_LISTED
4320,IWD,NOT_NASDAQ_LISTED
4321,IWF,NOT_NASDAQ_LISTED
4322,IWL,NOT_NASDAQ_LISTED
4323,IWM,NOT_NASDAQ_LISTED
4324,IWN,NOT_NASDAQ_LISTED
4325,IWO,NOT_NASDAQ_LISTED
4326,IWP,NOT_NASDAQ_LISTED
4327,IWR,NOT_NASDAQ_LISTED
4328,IWS,NOT_NASDAQ_LISTED
4329,IWV,NOT_NASDAQ_LISTED
4330,IWX,NOT_NASDAQ_LISTED
4331,IWY,NOT_NASDAQ_LISTED
4332,IX,NOT_NASDAQ_LISTED
4333,IXC,NOT_NASDAQ_LISTED
4334,IXG,NOT_NASDAQ_LISTED
4335,IXJ,NOT_NASDAQ_LISTED
4336,IXN,NOT_NASDAQ_LISTED
4337,IXP,NOT_NASDAQ_LISTED
4338,IXSE,NOT_NASDAQ_LISTED
4339,IXUS,NOT_COMMON_STOCK
4340,IYC,NOT_NASDAQ_LISTED
4341,IYE,NOT_NASDAQ_LISTED
4342,IYF,NOT_NASDAQ_LISTED
4343,IYG,NOT_NASDAQ_LISTED
4344,IYH,NOT_NASDAQ_LISTED
4345,IYJ,NOT_NASDAQ_LISTED
4346,IYK,NOT_NASDAQ_LISTED
4347,IYLD,NOT_NASDAQ_LISTED
4348,IYM,NOT_NASDAQ_LISTED
4349,IYR,NOT_NASDAQ_LISTED
4350,IYT,NOT_NASDAQ_LISTED
4351,IYW,NOT_NASDAQ_LISTED
4352,IYY,NOT_NASDAQ_LISTED
4353,IYZ,NOT_NASDAQ_LISTED
4354,IZEA,FIRST_ADD_PRICE_BELOW_FLOOR
4355,IZRL,NOT_NASDAQ_LISTED
4357,JAG,NOT_NASDAQ_LISTED
4358,JAGG,NOT_NASDAQ_LISTED
4361,JAMF,NOT_NASDAQ_LISTED
4362,JASN,FIRST_ADD_PRICE_BELOW_FLOOR
4363,JAX,NOT_NASDAQ_LISTED
4364,JAZZ,NOT_COMMON_STOCK
4365,JBGS,NOT_NASDAQ_LISTED
4366,JBHT,FIRST_ADD_PRICE_BELOW_FLOOR
4367,JBK,NOT_NASDAQ_LISTED
4368,JBL,NOT_NASDAQ_LISTED
4370,JBN,NOT_NASDAQ_LISTED
4371,JBR,NOT_NASDAQ_LISTED
4372,JBSS,FIRST_ADD_PRICE_BELOW_FLOOR
4373,JBT,NOT_NASDAQ_LISTED
4374,JCAP,NOT_NASDAQ_LISTED
4375,JCAP-B,NOT_NASDAQ_LISTED
4376,JCE,NOT_NASDAQ_LISTED
4377,JCI,NOT_NASDAQ_LISTED
4378,JCO,NOT_NASDAQ_LISTED
4380,JCP,NOT_NASDAQ_LISTED
4381,JCPB,NOT_NASDAQ_LISTED
4384,JD,NOT_COMMON_STOCK
4385,JDD,NOT_NASDAQ_LISTED
4386,JDIV,NOT_NASDAQ_LISTED
4387,JDST,NOT_NASDAQ_LISTED
4388,JE,NOT_NASDAQ_LISTED
4389,JE-A,NOT_NASDAQ_LISTED
4390,JEC,NOT_NASDAQ_LISTED
4391,JEF,NOT_NASDAQ_LISTED
4392,JELD,NOT_NASDAQ_LISTED
4393,JEMD,NOT_NASDAQ_LISTED
4394,JEQ,NOT_NASDAQ_LISTED
4395,JETS,NOT_NASDAQ_LISTED
4396,JFIN,NOT_COMMON_STOCK
4397,JFK,NOT_COMMON_STOCK
4398,JFKKR,NOT_COMMON_STOCK
4399,JFKKU,NOT_COMMON_STOCK
4400,JFKKW,NOT_COMMON_STOCK
4401,JFR,NOT_NASDAQ_LISTED
4402,JG,NOT_COMMON_STOCK
4403,JGH,NOT_NASDAQ_LISTED
4404,JHAA,NOT_NASDAQ_LISTED
4405,JHB,NOT_NASDAQ_LISTED
4406,JHCS,NOT_NASDAQ_LISTED
4407,JHD,NOT_NASDAQ_LISTED
4408,JHEM,NOT_NASDAQ_LISTED
4409,JHG,NOT_NASDAQ_LISTED
4410,JHI,NOT_NASDAQ_LISTED
4411,JHMA,NOT_NASDAQ_LISTED
4412,JHMC,NOT_NASDAQ_LISTED
4413,JHMD,NOT_NASDAQ_LISTED
4414,JHME,NOT_NASDAQ_LISTED
4415,JHMF,NOT_NASDAQ_LISTED
4416,JHMH,NOT_NASDAQ_LISTED
4417,JHMI,NOT_NASDAQ_LISTED
4418,JHML,NOT_NASDAQ_LISTED
4419,JHMM,NOT_NASDAQ_LISTED
4420,JHMS,NOT_NASDAQ_LISTED
4421,JHMT,NOT_NASDAQ_LISTED
4422,JHMU,NOT_NASDAQ_LISTED
4423,JHS,NOT_NASDAQ_LISTED
4424,JHSC,NOT_NASDAQ_LISTED
4425,JHX,NOT_NASDAQ_LISTED
4426,JHY,NOT_NASDAQ_LISTED
4427,JIGB,NOT_NASDAQ_LISTED
4428,JILL,NOT_NASDAQ_LISTED
4429,JJA,NOT_NASDAQ_LISTED
4430,JJC,NOT_NASDAQ_LISTED
4431,JJE,NOT_NASDAQ_LISTED
4432,JJG,NOT_NASDAQ_LISTED
4433,JJM,NOT_NASDAQ_LISTED
4434,JJN,NOT_NASDAQ_LISTED
4435,JJP,NOT_NASDAQ_LISTED
4436,JJS,NOT_NASDAQ_LISTED
4438,JJT,NOT_NASDAQ_LISTED
4439,JJU,NOT_NASDAQ_LISTED
4440,JKD,NOT_NASDAQ_LISTED
4441,JKE,NOT_NASDAQ_LISTED
4442,JKF,NOT_NASDAQ_LISTED
4443,JKG,NOT_NASDAQ_LISTED
4444,JKH,NOT_NASDAQ_LISTED
4445,JKHY,FIRST_ADD_PRICE_BELOW_FLOOR
4446,JKI,NOT_COMMON_STOCK
4447,JKJ,NOT_NASDAQ_LISTED
4448,JKK,NOT_NASDAQ_LISTED
4449,JKL,NOT_NASDAQ_LISTED
4450,JKS,NOT_NASDAQ_LISTED
4451,JLL,NOT_NASDAQ_LISTED
4452,JLS,NOT_NASDAQ_LISTED
4453,JMBS,NOT_NASDAQ_LISTED
4454,JMEI,NOT_NASDAQ_LISTED
4455,JMF,NOT_NASDAQ_LISTED
4456,JMIA,NOT_NASDAQ_LISTED
4457,JMIN,NOT_NASDAQ_LISTED
4458,JMLP,NOT_NASDAQ_LISTED
4459,JMM,NOT_NASDAQ_LISTED
4460,JMOM,NOT_NASDAQ_LISTED
4461,JMP,NOT_NASDAQ_LISTED
4462,JMPB,NOT_NASDAQ_LISTED
4463,JMPD,NOT_NASDAQ_LISTED
4464,JMST,NOT_NASDAQ_LISTED
4465,JMT,NOT_NASDAQ_LISTED
4466,JMU,NOT_COMMON_STOCK
4467,JMUB,NOT_NASDAQ_LISTED
4469,JNJ,NOT_NASDAQ_LISTED
4470,JNK,NOT_NASDAQ_LISTED
4471,JNPR,NOT_NASDAQ_LISTED
4472,JNUG,NOT_NASDAQ_LISTED
4473,JO,NOT_NASDAQ_LISTED
4474,JOB,NOT_NASDAQ_LISTED
4475,JOBS,NOT_COMMON_STOCK
4476,JOE,NOT_NASDAQ_LISTED
4477,JOF,NOT_NASDAQ_LISTED
4478,JOUT,FIRST_ADD_PRICE_BELOW_FLOOR
4479,JP,NOT_NASDAQ_LISTED
4480,JPC,NOT_NASDAQ_LISTED
4481,JPED,NOT_NASDAQ_LISTED
4482,JPEM,NOT_NASDAQ_LISTED
4483,JPEU,NOT_NASDAQ_LISTED
4484,JPGB,NOT_NASDAQ_LISTED
4485,JPGE,NOT_NASDAQ_LISTED
4486,JPHF,NOT_NASDAQ_LISTED
4487,JPHY,NOT_NASDAQ_LISTED
4488,JPI,NOT_NASDAQ_LISTED
4489,JPIN,NOT_NASDAQ_LISTED
4490,JPLS,NOT_NASDAQ_LISTED
4491,JPM,NOT_NASDAQ_LISTED
4492,JPM-A,NOT_NASDAQ_LISTED
4493,JPM-C,NOT_NASDAQ_LISTED
4494,JPM-D,NOT_NASDAQ_LISTED
4495,JPM-E,NOT_NASDAQ_LISTED
4496,JPM-F,NOT_NASDAQ_LISTED
4497,JPM-G,NOT_NASDAQ_LISTED
4498,JPM-H,NOT_NASDAQ_LISTED
4499,JPMB,NOT_NASDAQ_LISTED
4500,JPME,NOT_NASDAQ_LISTED
4501,JPMF,NOT_NASDAQ_LISTED
4502,JPMV,NOT_NASDAQ_LISTED
4503,JPN,NOT_NASDAQ_LISTED
4504,JPNL,NOT_NASDAQ_LISTED
4505,JPS,NOT_NASDAQ_LISTED
4506,JPSE,NOT_NASDAQ_LISTED
4507,JPST,NOT_NASDAQ_LISTED
4508,JPT,NOT_NASDAQ_LISTED
4509,JPUS,NOT_NASDAQ_LISTED
4510,JPXN,NOT_NASDAQ_LISTED
4511,JQC,NOT_NASDAQ_LISTED
4512,JQUA,NOT_NASDAQ_LISTED
4513,JRI,NOT_NASDAQ_LISTED
4514,JRJC,NOT_COMMON_STOCK
4515,JRO,NOT_NASDAQ_LISTED
4516,JRS,NOT_NASDAQ_LISTED
4519,JSD,NOT_NASDAQ_LISTED
4520,JSM,NOT_COMMON_STOCK
4521,JSMD,NOT_COMMON_STOCK
4522,JSML,NOT_COMMON_STOCK
4523,JT,NOT_NASDAQ_LISTED
4524,JTA,NOT_NASDAQ_LISTED
4525,JTD,NOT_NASDAQ_LISTED
4526,JUST,NOT_NASDAQ_LISTED
4527,JVA,FIRST_ADD_PRICE_BELOW_FLOOR
4528,JVAL,NOT_NASDAQ_LISTED
4529,JW.A,NOT_NASDAQ_LISTED
4530,JW.B,NOT_NASDAQ_LISTED
4531,JWN,NOT_NASDAQ_LISTED
4532,JXI,NOT_NASDAQ_LISTED
4534,K,NOT_NASDAQ_LISTED
4535,KAI,NOT_NASDAQ_LISTED
4537,KALL,NOT_NASDAQ_LISTED
4539,KALV,FIRST_ADD_PRICE_BELOW_FLOOR
4540,KAMN,NOT_NASDAQ_LISTED
4541,KAR,NOT_NASDAQ_LISTED
4542,KARS,NOT_NASDAQ_LISTED
4543,KB,NOT_NASDAQ_LISTED
4544,KBA,NOT_NASDAQ_LISTED
4545,KBAL,FIRST_ADD_PRICE_BELOW_FLOOR
4546,KBE,NOT_NASDAQ_LISTED
4547,KBH,NOT_NASDAQ_LISTED
4549,KBLMR,NOT_COMMON_STOCK
4550,KBLMU,NOT_COMMON_STOCK
4551,KBLMW,NOT_COMMON_STOCK
4552,KBR,NOT_NASDAQ_LISTED
4554,KBWB,NOT_COMMON_STOCK
4555,KBWD,NOT_COMMON_STOCK
4556,KBWP,NOT_COMMON_STOCK
4557,KBWR,NOT_COMMON_STOCK
4558,KBWY,NOT_COMMON_STOCK
4559,KCAPL,NOT_COMMON_STOCK
4560,KCCB,NOT_NASDAQ_LISTED
4561,KCE,NOT_NASDAQ_LISTED
4562,KCNY,NOT_NASDAQ_LISTED
4563,KDMN,NOT_NASDAQ_LISTED
4564,KDP,NOT_NASDAQ_LISTED
4565,KE,FIRST_ADD_PRICE_BELOW_FLOOR
4566,KEG,NOT_NASDAQ_LISTED
4567,KELYA,FIRST_ADD_PRICE_BELOW_FLOOR
4568,KELYB,FIRST_ADD_PRICE_BELOW_FLOOR
4569,KEM,NOT_NASDAQ_LISTED
4570,KEMQ,NOT_NASDAQ_LISTED
4571,KEMX,NOT_NASDAQ_LISTED
4572,KEN,NOT_NASDAQ_LISTED
4573,KEP,NOT_NASDAQ_LISTED
4576,KERNW,NOT_COMMON_STOCK
4577,KEX,NOT_NASDAQ_LISTED
4578,KEY,NOT_NASDAQ_LISTED
4579,KEY-I,NOT_NASDAQ_LISTED
4580,KEY-J,NOT_NASDAQ_LISTED
4581,KEY-K,NOT_NASDAQ_LISTED
4582,KEYS,NOT_NASDAQ_LISTED
4583,KF,NOT_NASDAQ_LISTED
4586,KFS,NOT_NASDAQ_LISTED
4587,KFY,NOT_NASDAQ_LISTED
4588,KFYP,NOT_NASDAQ_LISTED
4589,KGC,NOT_NASDAQ_LISTED
4590,KGJI,FIRST_ADD_PRICE_BELOW_FLOOR
4591,KGRN,NOT_NASDAQ_LISTED
4594,KIE,NOT_NASDAQ_LISTED
4595,KIM,NOT_NASDAQ_LISTED
4596,KIM-I,NOT_NASDAQ_LISTED
4597,KIM-J,NOT_NASDAQ_LISTED
4598,KIM-K,NOT_NASDAQ_LISTED
4599,KIM-L,NOT_NASDAQ_LISTED
4600,KIM-M,NOT_NASDAQ_LISTED
4603,KIO,NOT_NASDAQ_LISTED
4604,KIQ,NOT_NASDAQ_LISTED
4606,KKR,NOT_NASDAQ_LISTED
4607,KKR-A,NOT_NASDAQ_LISTED
4608,KKR-B,NOT_NASDAQ_LISTED
4609,KL,NOT_NASDAQ_LISTED
4611,KLCD,NOT_NASDAQ_LISTED
4612,KLDO,FIRST_ADD_PRICE_BELOW_FLOOR
4613,KLDW,NOT_NASDAQ_LISTED
4614,KLIC,FIRST_ADD_PRICE_BELOW_FLOOR
4616,KMB,NOT_NASDAQ_LISTED
4617,KMDA,NOT_COMMON_STOCK
4618,KMED,NOT_NASDAQ_LISTED
4619,KMF,NOT_NASDAQ_LISTED
4620,KMI,NOT_NASDAQ_LISTED
4622,KMPR,NOT_NASDAQ_LISTED
4623,KMT,NOT_NASDAQ_LISTED
4624,KMX,NOT_NASDAQ_LISTED
4625,KN,NOT_NASDAQ_LISTED
4626,KNAB,NOT_NASDAQ_LISTED
4628,KNG,NOT_NASDAQ_LISTED
4629,KNL,NOT_NASDAQ_LISTED
4630,KNOP,NOT_NASDAQ_LISTED
4631,KNOW,NOT_NASDAQ_LISTED
4634,KNX,NOT_NASDAQ_LISTED
4635,KO,NOT_NASDAQ_LISTED
4637,KODK,NOT_NASDAQ_LISTED
4638,KOF,NOT_NASDAQ_LISTED
4639,KOIN,NOT_NASDAQ_LISTED
4640,KOL,NOT_NASDAQ_LISTED
4641,KOLD,NOT_NASDAQ_LISTED
4642,KOMP,NOT_NASDAQ_LISTED
4644,KOP,NOT_NASDAQ_LISTED
4646,KORP,NOT_NASDAQ_LISTED
4647,KORU,NOT_NASDAQ_LISTED
4648,KOS,NOT_NASDAQ_LISTED
4649,KOSS,FIRST_ADD_PRICE_BELOW_FLOOR
4651,KR,NOT_NASDAQ_LISTED
4652,KRA,NOT_NASDAQ_LISTED
4653,KRC,NOT_NASDAQ_LISTED
4654,KRE,NOT_NASDAQ_LISTED
4655,KREF,NOT_NASDAQ_LISTED
4656,KRG,NOT_NASDAQ_LISTED
4657,KRMA,NOT_COMMON_STOCK
4658,KRNT,NOT_COMMON_STOCK
4660,KRO,NOT_NASDAQ_LISTED
4661,KRP,NOT_NASDAQ_LISTED
4662,KRTX,FIRST_ADD_PRICE_BELOW_FLOOR
4664,KSA,NOT_NASDAQ_LISTED
4665,KSCD,NOT_NASDAQ_LISTED
4666,KSM,NOT_NASDAQ_LISTED
4667,KSS,NOT_NASDAQ_LISTED
4668,KSU,NOT_NASDAQ_LISTED
4669,KSU-,NOT_NASDAQ_LISTED
4670,KT,NOT_NASDAQ_LISTED
4671,KTB,NOT_NASDAQ_LISTED
4672,KTCC,FIRST_ADD_PRICE_BELOW_FLOOR
4673,KTF,NOT_NASDAQ_LISTED
4674,KTH,NOT_NASDAQ_LISTED
4675,KTN,NOT_NASDAQ_LISTED
4677,KTOV,NOT_COMMON_STOCK
4678,KTOVW,NOT_COMMON_STOCK
4679,KTP,NOT_NASDAQ_LISTED
4681,KURE,NOT_NASDAQ_LISTED
4683,KW,NOT_NASDAQ_LISTED
4684,KWEB,NOT_NASDAQ_LISTED
4685,KWR,NOT_NASDAQ_LISTED
4686,KXI,NOT_NASDAQ_LISTED
4687,KXIN,NOT_COMMON_STOCK
4688,KYN,NOT_NASDAQ_LISTED
4689,KYN-F,NOT_NASDAQ_LISTED
4690,KZIA,NOT_COMMON_STOCK
4691,KZR,FIRST_ADD_PRICE_BELOW_FLOOR
4692,L,NOT_NASDAQ_LISTED
4693,LABD,NOT_NASDAQ_LISTED
4694,LABU,NOT_NASDAQ_LISTED
4695,LAC,NOT_NASDAQ_LISTED
4696,LACK,NOT_NASDAQ_LISTED
4698,LACQU,NOT_COMMON_STOCK
4699,LACQW,NOT_COMMON_STOCK
4700,LAD,NOT_NASDAQ_LISTED
4701,LADR,NOT_NASDAQ_LISTED
4702,LAIX,NOT_NASDAQ_LISTED
4704,LAMR,FIRST_ADD_PRICE_BELOW_FLOOR
4705,LANC,FIRST_ADD_PRICE_BELOW_FLOOR
4707,LANDP,NOT_COMMON_STOCK
4708,LARK,FIRST_ADD_PRICE_BELOW_FLOOR
4711,LAWS,FIRST_ADD_PRICE_BELOW_FLOOR
4712,LAZ,NOT_NASDAQ_LISTED
4714,LB,NOT_NASDAQ_LISTED
4717,LBDC,NOT_NASDAQ_LISTED
4718,LBJ,NOT_NASDAQ_LISTED
4721,LBRT,NOT_NASDAQ_LISTED
4722,LBTYA,NOT_COMMON_STOCK
4723,LBTYB,NOT_COMMON_STOCK
4724,LBTYK,NOT_COMMON_STOCK
4725,LBY,NOT_NASDAQ_LISTED
4726,LC,NOT_NASDAQ_LISTED
4728,LCAHU,NOT_COMMON_STOCK
4729,LCAHW,NOT_COMMON_STOCK
4730,LCI,NOT_NASDAQ_LISTED
4731,LCII,NOT_NASDAQ_LISTED
4732,LCNB,FIRST_ADD_PRICE_BELOW_FLOOR
4733,LCUT,FIRST_ADD_PRICE_BELOW_FLOOR
4734,LD,NOT_NASDAQ_LISTED
4735,LDL,NOT_NASDAQ_LISTED
4736,LDOS,NOT_NASDAQ_LISTED
4737,LDP,NOT_NASDAQ_LISTED
4738,LDRI,NOT_COMMON_STOCK
4739,LDRS,NOT_NASDAQ_LISTED
4740,LDSF,NOT_COMMON_STOCK
4741,LDUR,NOT_NASDAQ_LISTED
4742,LE,FIRST_ADD_PRICE_BELOW_FLOOR
4743,LEA,NOT_NASDAQ_LISTED
4744,LEAD,NOT_NASDAQ_LISTED
4745,LEAF,NOT_NASDAQ_LISTED
4746,LECO,FIRST_ADD_PRICE_BELOW_FLOOR
4748,LEE,NOT_NASDAQ_LISTED
4749,LEG,NOT_NASDAQ_LISTED
4751,LEGR,NOT_COMMON_STOCK
4752,LEJU,NOT_NASDAQ_LISTED
4753,LEMB,NOT_NASDAQ_LISTED
4754,LEN,NOT_NASDAQ_LISTED
4755,LEN.B,NOT_NASDAQ_LISTED
4756,LEND,NOT_NASDAQ_LISTED
4757,LEO,NOT_NASDAQ_LISTED
4758,LEU,NOT_NASDAQ_LISTED
4759,LEVI,NOT_NASDAQ_LISTED
4760,LEVL,FIRST_ADD_PRICE_BELOW_FLOOR
4762,LFACU,NOT_COMMON_STOCK
4763,LFACW,NOT_COMMON_STOCK
4764,LFC,NOT_NASDAQ_LISTED
4765,LFEQ,NOT_NASDAQ_LISTED
4766,LFUS,FIRST_ADD_PRICE_BELOW_FLOOR
4768,LGC,NOT_NASDAQ_LISTED
4769,LGC+,NOT_NASDAQ_LISTED
4770,LGC=,NOT_NASDAQ_LISTED
4771,LGF.A,NOT_NASDAQ_LISTED
4772,LGF.B,NOT_NASDAQ_LISTED
4773,LGI,NOT_NASDAQ_LISTED
4774,LGIH,FIRST_ADD_PRICE_BELOW_FLOOR
4775,LGL,NOT_NASDAQ_LISTED
4776,LGLV,NOT_NASDAQ_LISTED
4778,LGOV,NOT_NASDAQ_LISTED
4779,LH,NOT_NASDAQ_LISTED
4780,LHC,NOT_NASDAQ_LISTED
4781,LHC+,NOT_NASDAQ_LISTED
4782,LHC=,NOT_NASDAQ_LISTED
4784,LHX,NOT_NASDAQ_LISTED
4786,LII,NOT_NASDAQ_LISTED
4789,LIN,NOT_NASDAQ_LISTED
4792,LINDW,NOT_COMMON_STOCK
4793,LINX,NOT_NASDAQ_LISTED
4795,LIT,NOT_NASDAQ_LISTED
4796,LITB,NOT_NASDAQ_LISTED
4799,LIVN,NOT_COMMON_STOCK
4800,LIVX,FIRST_ADD_PRICE_BELOW_FLOOR
4802,LK,NOT_COMMON_STOCK
4803,LKCO,NOT_COMMON_STOCK
4805,LKOR,NOT_COMMON_STOCK
4807,LKSD,NOT_NASDAQ_LISTED
4808,LL,NOT_NASDAQ_LISTED
4809,LLEX,NOT_NASDAQ_LISTED
4812,LLQD,NOT_NASDAQ_LISTED
4813,LLY,NOT_NASDAQ_LISTED
4814,LM,NOT_NASDAQ_LISTED
4817,LMBS,NOT_COMMON_STOCK
4819,LMFAW,NOT_COMMON_STOCK
4820,LMHA,NOT_NASDAQ_LISTED
4821,LMHB,NOT_NASDAQ_LISTED
4822,LMLP,NOT_NASDAQ_LISTED
4824,LMNX,FIRST_ADD_PRICE_BELOW_FLOOR
4825,LMRK,NOT_COMMON_STOCK
4826,LMRKN,NOT_COMMON_STOCK
4827,LMRKO,NOT_COMMON_STOCK
4828,LMRKP,NOT_COMMON_STOCK
4830,LMT,NOT_NASDAQ_LISTED
4831,LN,NOT_NASDAQ_LISTED
4832,LNC,NOT_NASDAQ_LISTED
4833,LND,NOT_NASDAQ_LISTED
4834,LNDC,FIRST_ADD_PRICE_BELOW_FLOOR
4835,LNG,NOT_NASDAQ_LISTED
4836,LNGR,NOT_COMMON_STOCK
4837,LNN,NOT_NASDAQ_LISTED
4839,LNTH,FIRST_ADD_PRICE_BELOW_FLOOR
4840,LOAC,NOT_COMMON_STOCK
4841,LOACR,NOT_COMMON_STOCK
4842,LOACU,NOT_COMMON_STOCK
4843,LOACW,NOT_COMMON_STOCK
4844,LOAN,FIRST_ADD_PRICE_BELOW_FLOOR
4847,LODE,NOT_NASDAQ_LISTED
4848,LOGC,FIRST_ADD_PRICE_BELOW_FLOOR
4851,LOMA,NOT_NASDAQ_LISTED
4855,LOR,NOT_NASDAQ_LISTED
4857,LOUP,NOT_NASDAQ_LISTED
4858,LOV,NOT_NASDAQ_LISTED
4859,LOVE,FIRST_ADD_PRICE_BELOW_FLOOR
4860,LOW,NOT_NASDAQ_LISTED
4861,LOWC,NOT_NASDAQ_LISTED
4862,LPCN,FIRST_ADD_PRICE_BELOW_FLOOR
4863,LPG,NOT_NASDAQ_LISTED
4864,LPI,NOT_NASDAQ_LISTED
4865,LPL,NOT_NASDAQ_LISTED
4868,LPT,NOT_NASDAQ_LISTED
4871,LPX,NOT_NASDAQ_LISTED
4872,LQD,NOT_NASDAQ_LISTED
4874,LQDH,NOT_NASDAQ_LISTED
4875,LQDI,NOT_NASDAQ_LISTED
4877,LRAD,FIRST_ADD_PRICE_BELOW_FLOOR
4879,LRET,NOT_NASDAQ_LISTED
4880,LRGE,NOT_COMMON_STOCK
4881,LRGF,NOT_NASDAQ_LISTED
4882,LRN,NOT_NASDAQ_LISTED
4883,LSAF,NOT_NASDAQ_LISTED
4884,LSBK,FIRST_ADD_PRICE_BELOW_FLOOR
4886,LSI,NOT_NASDAQ_LISTED
4887,LSLT,NOT_NASDAQ_LISTED
4888,LSST,NOT_NASDAQ_LISTED
4889,LSTR,FIRST_ADD_PRICE_BELOW_FLOOR
4891,LSXMB,FIRST_ADD_PRICE_BELOW_FLOOR
4893,LTBR,FIRST_ADD_PRICE_BELOW_FLOOR
4894,LTC,NOT_NASDAQ_LISTED
4895,LTHM,NOT_NASDAQ_LISTED
4896,LTL,NOT_NASDAQ_LISTED
4897,LTM,NOT_NASDAQ_LISTED
4898,LTPZ,NOT_NASDAQ_LISTED
4899,LTRPA,FIRST_ADD_PRICE_BELOW_FLOOR
4900,LTRPB,FIRST_ADD_PRICE_BELOW_FLOOR
4902,LTS,NOT_NASDAQ_LISTED
4903,LTS-A,NOT_NASDAQ_LISTED
4904,LTSF,NOT_NASDAQ_LISTED
4905,LTSH,NOT_NASDAQ_LISTED
4906,LTSK,NOT_NASDAQ_LISTED
4907,LTSL,NOT_NASDAQ_LISTED
4908,LTXB,FIRST_ADD_PRICE_BELOW_FLOOR
4909,LUB,NOT_NASDAQ_LISTED
4911,LUNA,FIRST_ADD_PRICE_BELOW_FLOOR
4912,LUV,NOT_NASDAQ_LISTED
4914,LVHB,NOT_NASDAQ_LISTED
4915,LVHD,NOT_COMMON_STOCK
4916,LVHE,NOT_NASDAQ_LISTED
4917,LVHI,NOT_NASDAQ_LISTED
4918,LVIN,NOT_NASDAQ_LISTED
4919,LVL,NOT_NASDAQ_LISTED
4920,LVS,NOT_NASDAQ_LISTED
4921,LVUS,NOT_NASDAQ_LISTED
4922,LW,NOT_NASDAQ_LISTED
4924,LX,NOT_COMMON_STOCK
4925,LXFR,NOT_NASDAQ_LISTED
4926,LXP,NOT_NASDAQ_LISTED
4927,LXP-C,NOT_NASDAQ_LISTED
4929,LXU,NOT_NASDAQ_LISTED
4930,LYB,NOT_NASDAQ_LISTED
4932,LYG,NOT_NASDAQ_LISTED
4933,LYL,NOT_COMMON_STOCK
4934,LYTS,FIRST_ADD_PRICE_BELOW_FLOOR
4935,LYV,NOT_NASDAQ_LISTED
4936,LZB,NOT_NASDAQ_LISTED
4937,M,NOT_NASDAQ_LISTED
4938,MA,NOT_NASDAQ_LISTED
4939,MAA,NOT_NASDAQ_LISTED
4940,MAA-I,NOT_NASDAQ_LISTED
4941,MAAX,NOT_NASDAQ_LISTED
4942,MAC,NOT_NASDAQ_LISTED
4944,MAG,NOT_NASDAQ_LISTED
4945,MAGA,NOT_NASDAQ_LISTED
4946,MAGS,NOT_COMMON_STOCK
4947,MAIN,NOT_NASDAQ_LISTED
4948,MAMS,FIRST_ADD_PRICE_BELOW_FLOOR
4949,MAN,NOT_NASDAQ_LISTED
4952,MANU,NOT_NASDAQ_LISTED
4956,MARPS,NOT_COMMON_STOCK
4957,MAS,NOT_NASDAQ_LISTED
4958,MASI,FIRST_ADD_PRICE_BELOW_FLOOR
4960,MATW,FIRST_ADD_PRICE_BELOW_FLOOR
4961,MATX,NOT_NASDAQ_LISTED
4962,MAV,NOT_NASDAQ_LISTED
4963,MAXR,NOT_NASDAQ_LISTED
4965,MBB,NOT_COMMON_STOCK
4966,MBCN,FIRST_ADD_PRICE_BELOW_FLOOR
4967,MBG,NOT_NASDAQ_LISTED
4968,MBI,NOT_NASDAQ_LISTED
4971,MBINP,NOT_COMMON_STOCK
4975,MBSD,NOT_COMMON_STOCK
4976,MBT,NOT_NASDAQ_LISTED
4977,MBTF,FIRST_ADD_PRICE_BELOW_FLOOR
4979,MBWM,FIRST_ADD_PRICE_BELOW_FLOOR
4980,MC,NOT_NASDAQ_LISTED
4981,MCA,NOT_NASDAQ_LISTED
4982,MCB,NOT_NASDAQ_LISTED
4984,MCC,NOT_NASDAQ_LISTED
4985,MCD,NOT_NASDAQ_LISTED
4986,MCEF,NOT_COMMON_STOCK
4987,MCEP,NOT_COMMON_STOCK
4988,MCF,NOT_NASDAQ_LISTED
4990,MCHI,NOT_COMMON_STOCK
4993,MCI,NOT_NASDAQ_LISTED
4994,MCK,NOT_NASDAQ_LISTED
4995,MCN,NOT_NASDAQ_LISTED
4996,MCO,NOT_NASDAQ_LISTED
4997,MCR,NOT_NASDAQ_LISTED
4998,MCRB,FIRST_ADD_PRICE_BELOW_FLOOR
5000,MCRN,NOT_NASDAQ_LISTED
5001,MCRO,NOT_NASDAQ_LISTED
5002,MCS,NOT_NASDAQ_LISTED
5003,MCV,NOT_NASDAQ_LISTED
5004,MCX,NOT_NASDAQ_LISTED
5005,MCY,NOT_NASDAQ_LISTED
5006,MD,NOT_NASDAQ_LISTED
5008,MDC,NOT_NASDAQ_LISTED
5010,MDCO,FIRST_ADD_PRICE_BELOW_FLOOR
5011,MDGL,FIRST_ADD_PRICE_BELOW_FLOOR
5012,MDGS,NOT_COMMON_STOCK
5013,MDGSW,NOT_COMMON_STOCK
5014,MDIV,NOT_COMMON_STOCK
5015,MDJH,NOT_COMMON_STOCK
5016,MDLA,NOT_NASDAQ_LISTED
5017,MDLQ,NOT_NASDAQ_LISTED
5018,MDLX,NOT_NASDAQ_LISTED
5019,MDLY,NOT_NASDAQ_LISTED
5021,MDP,NOT_NASDAQ_LISTED
5022,MDR,NOT_NASDAQ_LISTED
5024,MDRX,FIRST_ADD_PRICE_BELOW_FLOOR
5026,MDT,NOT_NASDAQ_LISTED
5027,MDU,NOT_NASDAQ_LISTED
5028,MDWD,NOT_COMMON_STOCK
5029,MDY,NOT_NASDAQ_LISTED
5030,MDYG,NOT_NASDAQ_LISTED
5031,MDYV,NOT_NASDAQ_LISTED
5032,MEAR,NOT_NASDAQ_LISTED
5033,MEC,NOT_NASDAQ_LISTED
5034,MED,NOT_NASDAQ_LISTED
5037,MEI,NOT_NASDAQ_LISTED
5040,MEN,NOT_NASDAQ_LISTED
5042,MER-K,NOT_NASDAQ_LISTED
5045,MESO,NOT_COMMON_STOCK
5046,MET,NOT_NASDAQ_LISTED
5047,MET-A,NOT_NASDAQ_LISTED
5048,MET-E,NOT_NASDAQ_LISTED
5050,MEXX,NOT_NASDAQ_LISTED
5051,MFA,NOT_NASDAQ_LISTED
5052,MFA-B,NOT_NASDAQ_LISTED
5053,MFAC,NOT_NASDAQ_LISTED
5054,MFAC+,NOT_NASDAQ_LISTED
5055,MFAC=,NOT_NASDAQ_LISTED
5056,MFC,NOT_NASDAQ_LISTED
5057,MFD,NOT_NASDAQ_LISTED
5058,MFDX,NOT_NASDAQ_LISTED
5059,MFEM,NOT_NASDAQ_LISTED
5060,MFG,NOT_NASDAQ_LISTED
5061,MFGP,NOT_NASDAQ_LISTED
5062,MFIN,FIRST_ADD_PRICE_BELOW_FLOOR
5063,MFINL,NOT_COMMON_STOCK
5064,MFL,NOT_NASDAQ_LISTED
5065,MFM,NOT_NASDAQ_LISTED
5066,MFMS,NOT_NASDAQ_LISTED
5067,MFNC,FIRST_ADD_PRICE_BELOW_FLOOR
5068,MFO,NOT_NASDAQ_LISTED
5070,MFT,NOT_NASDAQ_LISTED
5071,MFUS,NOT_NASDAQ_LISTED
5072,MFV,NOT_NASDAQ_LISTED
5073,MG,NOT_NASDAQ_LISTED
5074,MGA,NOT_NASDAQ_LISTED
5075,MGC,NOT_NASDAQ_LISTED
5078,MGF,NOT_NASDAQ_LISTED
5080,MGIC,NOT_COMMON_STOCK
5081,MGK,NOT_NASDAQ_LISTED
5082,MGLN,FIRST_ADD_PRICE_BELOW_FLOOR
5083,MGM,NOT_NASDAQ_LISTED
5085,MGP,NOT_NASDAQ_LISTED
5086,MGPI,FIRST_ADD_PRICE_BELOW_FLOOR
5087,MGR,NOT_NASDAQ_LISTED
5090,MGTX,NOT_COMMON_STOCK
5091,MGU,NOT_NASDAQ_LISTED
5092,MGV,NOT_NASDAQ_LISTED
5093,MGY,NOT_NASDAQ_LISTED
5095,MH-A,NOT_NASDAQ_LISTED
5096,MH-C,NOT_NASDAQ_LISTED
5097,MH-D,NOT_NASDAQ_LISTED
5098,MHD,NOT_NASDAQ_LISTED
5099,MHE,NOT_NASDAQ_LISTED
5100,MHF,NOT_NASDAQ_LISTED
5101,MHH,NOT_NASDAQ_LISTED
5102,MHI,NOT_NASDAQ_LISTED
5103,MHK,NOT_NASDAQ_LISTED
5104,MHLA,NOT_NASDAQ_LISTED
5105,MHLD,FIRST_ADD_PRICE_BELOW_FLOOR
5106,MHN,NOT_NASDAQ_LISTED
5107,MHNC,NOT_NASDAQ_LISTED
5108,MHO,NOT_NASDAQ_LISTED
5109,MIC,NOT_NASDAQ_LISTED
5110,MICR,NOT_NASDAQ_LISTED
5112,MIDD,FIRST_ADD_PRICE_BELOW_FLOOR
5113,MIDF,NOT_NASDAQ_LISTED
5114,MIDU,NOT_NASDAQ_LISTED
5115,MIDZ,NOT_NASDAQ_LISTED
5116,MIE,NOT_NASDAQ_LISTED
5118,MILN,NOT_COMMON_STOCK
5119,MIME,NOT_COMMON_STOCK
5120,MIN,NOT_NASDAQ_LISTED
5121,MINC,NOT_NASDAQ_LISTED
5122,MIND,FIRST_ADD_PRICE_BELOW_FLOOR
5123,MINDP,NOT_COMMON_STOCK
5125,MINT,NOT_NASDAQ_LISTED
5127,MIST,FIRST_ADD_PRICE_BELOW_FLOOR
5128,MITK,FIRST_ADD_PRICE_BELOW_FLOOR
5129,MITO,NOT_COMMON_STOCK
5130,MITT,NOT_NASDAQ_LISTED
5131,MITT-A,NOT_NASDAQ_LISTED
5132,MITT-B,NOT_NASDAQ_LISTED
5133,MIXT,NOT_NASDAQ_LISTED
5134,MIY,NOT_NASDAQ_LISTED
5135,MJ,NOT_NASDAQ_LISTED
5137,MKC,NOT_NASDAQ_LISTED
5138,MKC.V,NOT_NASDAQ_LISTED
5139,MKGI,FIRST_ADD_PRICE_BELOW_FLOOR
5140,MKL,NOT_NASDAQ_LISTED
5144,MLCO,NOT_COMMON_STOCK
5145,MLHR,FIRST_ADD_PRICE_BELOW_FLOOR
5146,MLI,NOT_NASDAQ_LISTED
5147,MLM,NOT_NASDAQ_LISTED
5148,MLN,NOT_NASDAQ_LISTED
5151,MLNX,NOT_COMMON_STOCK
5152,MLP,NOT_NASDAQ_LISTED
5153,MLPA,NOT_NASDAQ_LISTED
5154,MLPB,NOT_NASDAQ_LISTED
5155,MLPC,NOT_NASDAQ_LISTED
5156,MLPE,NOT_NASDAQ_LISTED
5157,MLPG,NOT_NASDAQ_LISTED
5158,MLPI,NOT_NASDAQ_LISTED
5159,MLPO,NOT_NASDAQ_LISTED
5160,MLPQ,NOT_NASDAQ_LISTED
5161,MLPX,NOT_NASDAQ_LISTED
5162,MLPY,NOT_NASDAQ_LISTED
5163,MLPZ,NOT_NASDAQ_LISTED
5164,MLQD,NOT_NASDAQ_LISTED
5165,MLR,NOT_NASDAQ_LISTED
5166,MLSS,NOT_NASDAQ_LISTED
5167,MLTI,NOT_NASDAQ_LISTED
5169,MMAC,FIRST_ADD_PRICE_BELOW_FLOOR
5170,MMC,NOT_NASDAQ_LISTED
5171,MMD,NOT_NASDAQ_LISTED
5173,MMDMR,NOT_COMMON_STOCK
5174,MMDMU,NOT_COMMON_STOCK
5175,MMDMW,NOT_COMMON_STOCK
5176,MMI,NOT_NASDAQ_LISTED
5177,MMIN,NOT_NASDAQ_LISTED
5178,MMIT,NOT_NASDAQ_LISTED
5179,MMLP,NOT_COMMON_STOCK
5180,MMM,NOT_NASDAQ_LISTED
5181,MMP,NOT_NASDAQ_LISTED
5182,MMS,NOT_NASDAQ_LISTED
5184,MMT,NOT_NASDAQ_LISTED
5185,MMTM,NOT_NASDAQ_LISTED
5186,MMU,NOT_NASDAQ_LISTED
5187,MMX,NOT_NASDAQ_LISTED
5188,MMYT,NOT_COMMON_STOCK
5189,MN,NOT_NASDAQ_LISTED
5190,MNA,NOT_NASDAQ_LISTED
5192,MNCLU,NOT_COMMON_STOCK
5193,MNCLW,NOT_COMMON_STOCK
5194,MNDO,NOT_COMMON_STOCK
5195,MNE,NOT_NASDAQ_LISTED
5196,MNI,NOT_NASDAQ_LISTED
5197,MNK,NOT_NASDAQ_LISTED
5201,MNP,NOT_NASDAQ_LISTED
5202,MNR,NOT_NASDAQ_LISTED
5203,MNR-C,NOT_NASDAQ_LISTED
5204,MNRL,NOT_NASDAQ_LISTED
5210,MO,NOT_NASDAQ_LISTED
5211,MOAT,NOT_NASDAQ_LISTED
5213,MOD,NOT_NASDAQ_LISTED
5214,MODN,NOT_NASDAQ_LISTED
5216,MOG.A,NOT_NASDAQ_LISTED
5217,MOG.B,NOT_NASDAQ_LISTED
5219,MOGU,NOT_NASDAQ_LISTED
5220,MOH,NOT_NASDAQ_LISTED
5221,MOM,NOT_NASDAQ_LISTED
5222,MOMO,NOT_COMMON_STOCK
5223,MOO,NOT_NASDAQ_LISTED
5224,MOR,NOT_COMMON_STOCK
5226,MORL,NOT_NASDAQ_LISTED
5227,MORN,FIRST_ADD_PRICE_BELOW_FLOOR
5228,MORT,NOT_NASDAQ_LISTED
5229,MOS,NOT_NASDAQ_LISTED
5230,MOSC,NOT_NASDAQ_LISTED
5231,MOSC+,NOT_NASDAQ_LISTED
5232,MOSC=,NOT_NASDAQ_LISTED
5233,MOSY,FIRST_ADD_PRICE_BELOW_FLOOR
5234,MOTI,NOT_NASDAQ_LISTED
5236,MOV,NOT_NASDAQ_LISTED
5238,MPA,NOT_NASDAQ_LISTED
5239,MPAA,FIRST_ADD_PRICE_BELOW_FLOOR
5241,MPC,NOT_NASDAQ_LISTED
5242,MPLX,NOT_NASDAQ_LISTED
5243,MPO,NOT_NASDAQ_LISTED
5244,MPV,NOT_NASDAQ_LISTED
5245,MPVD,FIRST_ADD_PRICE_BELOW_FLOOR
5246,MPW,NOT_NASDAQ_LISTED
5248,MPX,NOT_NASDAQ_LISTED
5249,MQT,NOT_NASDAQ_LISTED
5250,MQY,NOT_NASDAQ_LISTED
5251,MR,NOT_NASDAQ_LISTED
5252,MRAM,FIRST_ADD_PRICE_BELOW_FLOOR
5253,MRBK,FIRST_ADD_PRICE_BELOW_FLOOR
5254,MRC,NOT_NASDAQ_LISTED
5256,MRCCL,NOT_COMMON_STOCK
5258,MREO,NOT_COMMON_STOCK
5259,MRGR,NOT_NASDAQ_LISTED
5260,MRIC,NOT_NASDAQ_LISTED
5262,MRK,NOT_NASDAQ_LISTED
5264,MRLN,FIRST_ADD_PRICE_BELOW_FLOOR
5267,MRO,NOT_NASDAQ_LISTED
5268,MRRL,NOT_NASDAQ_LISTED
5269,MRSN,FIRST_ADD_PRICE_BELOW_FLOOR
5270,MRTN,FIRST_ADD_PRICE_BELOW_FLOOR
5274,MS,NOT_NASDAQ_LISTED
5275,MS-A,NOT_NASDAQ_LISTED
5276,MS-E,NOT_NASDAQ_LISTED
5277,MS-F,NOT_NASDAQ_LISTED
5278,MS-G,NOT_NASDAQ_LISTED
5279,MS-I,NOT_NASDAQ_LISTED
5280,MS-K,NOT_NASDAQ_LISTED
5281,MSA,NOT_NASDAQ_LISTED
5282,MSB,NOT_NASDAQ_LISTED
5283,MSBF,FIRST_ADD_PRICE_BELOW_FLOOR
5284,MSBI,FIRST_ADD_PRICE_BELOW_FLOOR
5285,MSC,NOT_NASDAQ_LISTED
5286,MSCI,NOT_NASDAQ_LISTED
5287,MSD,NOT_NASDAQ_LISTED
5290,MSG,NOT_NASDAQ_LISTED
5291,MSGN,NOT_NASDAQ_LISTED
5292,MSI,NOT_NASDAQ_LISTED
5293,MSL,NOT_NASDAQ_LISTED
5294,MSM,NOT_NASDAQ_LISTED
5295,MSN,NOT_NASDAQ_LISTED
5298,MSUS,NOT_NASDAQ_LISTED
5300,MT,NOT_NASDAQ_LISTED
5301,MTB,NOT_NASDAQ_LISTED
5302,MTB-,NOT_NASDAQ_LISTED
5303,MTB-C,NOT_NASDAQ_LISTED
5305,MTBCP,NOT_COMMON_STOCK
5308,MTD,NOT_NASDAQ_LISTED
5309,MTDR,NOT_NASDAQ_LISTED
5310,MTEM,FIRST_ADD_PRICE_BELOW_FLOOR
5311,MTEX,FIRST_ADD_PRICE_BELOW_FLOOR
5312,MTFB,NOT_COMMON_STOCK
5313,MTFBW,NOT_COMMON_STOCK
5314,MTG,NOT_NASDAQ_LISTED
5315,MTH,NOT_NASDAQ_LISTED
5316,MTL,NOT_NASDAQ_LISTED
5317,MTL-,NOT_NASDAQ_LISTED
5318,MTLS,NOT_COMMON_STOCK
5319,MTN,NOT_NASDAQ_LISTED
5320,MTNB,NOT_NASDAQ_LISTED
5321,MTOR,NOT_NASDAQ_LISTED
5322,MTP,NOT_COMMON_STOCK
5323,MTR,NOT_NASDAQ_LISTED
5324,MTRN,NOT_NASDAQ_LISTED
5326,MTSC,FIRST_ADD_PRICE_BELOW_FLOOR
5327,MTSI,FIRST_ADD_PRICE_BELOW_FLOOR
5328,MTSL,NOT_COMMON_STOCK
5329,MTT,NOT_NASDAQ_LISTED
5330,MTUM,NOT_NASDAQ_LISTED
5331,MTW,NOT_NASDAQ_LISTED
5332,MTX,NOT_NASDAQ_LISTED
5333,MTZ,NOT_NASDAQ_LISTED
5335,MUA,NOT_NASDAQ_LISTED
5336,MUB,NOT_NASDAQ_LISTED
5337,MUC,NOT_NASDAQ_LISTED
5339,MUDSU,NOT_COMMON_STOCK
5340,MUDSW,NOT_COMMON_STOCK
5341,MUE,NOT_NASDAQ_LISTED
5342,MUFG,NOT_NASDAQ_LISTED
5343,MUH,NOT_NASDAQ_LISTED
5344,MUI,NOT_NASDAQ_LISTED
5345,MUJ,NOT_NASDAQ_LISTED
5346,MUNI,NOT_NASDAQ_LISTED
5347,MUR,NOT_NASDAQ_LISTED
5348,MUS,NOT_NASDAQ_LISTED
5349,MUSA,NOT_NASDAQ_LISTED
5350,MUST,NOT_NASDAQ_LISTED
5351,MUTE,NOT_NASDAQ_LISTED
5352,MUX,NOT_NASDAQ_LISTED
5353,MVBF,FIRST_ADD_PRICE_BELOW_FLOOR
5354,MVC,NOT_NASDAQ_LISTED
5355,MVCD,NOT_NASDAQ_LISTED
5356,MVF,NOT_NASDAQ_LISTED
5357,MVIN,NOT_NASDAQ_LISTED
5358,MVIS,FIRST_ADD_PRICE_BELOW_FLOOR
5359,MVO,NOT_NASDAQ_LISTED
5360,MVT,NOT_NASDAQ_LISTED
5361,MVV,NOT_NASDAQ_LISTED
5362,MWA,NOT_NASDAQ_LISTED
5363,MWK,FIRST_ADD_PRICE_BELOW_FLOOR
5364,MX,NOT_NASDAQ_LISTED
5365,MXC,NOT_NASDAQ_LISTED
5366,MXDE,NOT_NASDAQ_LISTED
5367,MXDU,NOT_NASDAQ_LISTED
5368,MXE,NOT_NASDAQ_LISTED
5369,MXF,NOT_NASDAQ_LISTED
5370,MXI,NOT_NASDAQ_LISTED
5372,MXL,NOT_NASDAQ_LISTED
5373,MYC,NOT_NASDAQ_LISTED
5374,MYD,NOT_NASDAQ_LISTED
5375,MYE,NOT_NASDAQ_LISTED
5376,MYF,NOT_NASDAQ_LISTED
5379,MYI,NOT_NASDAQ_LISTED
5380,MYJ,NOT_NASDAQ_LISTED
5381,MYL,NOT_COMMON_STOCK
5382,MYN,NOT_NASDAQ_LISTED
5383,MYO,NOT_NASDAQ_LISTED
5386,MYOV,NOT_NASDAQ_LISTED
5388,MYSZ,FIRST_ADD_PRICE_BELOW_FLOOR
5390,MYY,NOT_NASDAQ_LISTED
5391,MZA,NOT_NASDAQ_LISTED
5392,MZZ,NOT_NASDAQ_LISTED
5393,NAC,NOT_NASDAQ_LISTED
5394,NACP,NOT_NASDAQ_LISTED
5395,NAD,NOT_NASDAQ_LISTED
5396,NAII,FIRST_ADD_PRICE_BELOW_FLOOR
5397,NAIL,NOT_NASDAQ_LISTED
5398,NAK,NOT_NASDAQ_LISTED
5399,NAKD,NOT_COMMON_STOCK
5400,NAN,NOT_NASDAQ_LISTED
5402,NANR,NOT_NASDAQ_LISTED
5403,NAOV,FIRST_ADD_PRICE_BELOW_FLOOR
5404,NAT,NOT_NASDAQ_LISTED
5405,NATH,FIRST_ADD_PRICE_BELOW_FLOOR
5408,NAV,NOT_NASDAQ_LISTED
5409,NAV-D,NOT_NASDAQ_LISTED
5410,NAVB,NOT_NASDAQ_LISTED
5412,NAZ,NOT_NASDAQ_LISTED
5413,NBB,NOT_NASDAQ_LISTED
5415,NBH,NOT_NASDAQ_LISTED
5416,NBHC,NOT_NASDAQ_LISTED
5418,NBL,NOT_NASDAQ_LISTED
5419,NBLX,NOT_NASDAQ_LISTED
5420,NBN,FIRST_ADD_PRICE_BELOW_FLOOR
5421,NBO,NOT_NASDAQ_LISTED
5422,NBR,NOT_NASDAQ_LISTED
5423,NBR-A,NOT_NASDAQ_LISTED
5424,NBRV,NOT_COMMON_STOCK
5427,NBW,NOT_NASDAQ_LISTED
5428,NBY,NOT_NASDAQ_LISTED
5429,NC,NOT_NASDAQ_LISTED
5430,NCA,NOT_NASDAQ_LISTED
5431,NCB,NOT_NASDAQ_LISTED
5433,NCI,NOT_NASDAQ_LISTED
5434,NCLH,NOT_NASDAQ_LISTED
5436,NCNA,NOT_COMMON_STOCK
5437,NCR,NOT_NASDAQ_LISTED
5439,NCTY,NOT_COMMON_STOCK
5440,NCV,NOT_NASDAQ_LISTED
5441,NCV-A,NOT_NASDAQ_LISTED
5442,NCZ,NOT_NASDAQ_LISTED
5443,NCZ-A,NOT_NASDAQ_LISTED
5446,NDP,NOT_NASDAQ_LISTED
5448,NDRAW,NOT_COMMON_STOCK
5450,NE,NOT_NASDAQ_LISTED
5451,NEA,NOT_NASDAQ_LISTED
5452,NEAR,NOT_NASDAQ_LISTED
5454,NEBUU,NOT_COMMON_STOCK
5455,NEBUW,NOT_COMMON_STOCK
5456,NEE,NOT_NASDAQ_LISTED
5457,NEE-I,NOT_NASDAQ_LISTED
5458,NEE-J,NOT_NASDAQ_LISTED
5459,NEE-K,NOT_NASDAQ_LISTED
5460,NEE-N,NOT_NASDAQ_LISTED
5461,NEE-R,NOT_NASDAQ_LISTED
5462,NEED,NOT_NASDAQ_LISTED
5463,NEM,NOT_NASDAQ_LISTED
5464,NEN,NOT_NASDAQ_LISTED
5468,NEOS,FIRST_ADD_PRICE_BELOW_FLOOR
5469,NEP,NOT_NASDAQ_LISTED
5470,NEPT,NOT_COMMON_STOCK
5471,NERD,NOT_NASDAQ_LISTED
5473,NES,NOT_NASDAQ_LISTED
5474,NESR,NOT_COMMON_STOCK
5475,NESRW,NOT_COMMON_STOCK
5477,NETL,NOT_NASDAQ_LISTED
5478,NEU,NOT_NASDAQ_LISTED
5479,NEV,NOT_NASDAQ_LISTED
5480,NEW,NOT_NASDAQ_LISTED
5481,NEWA,NOT_COMMON_STOCK
5482,NEWM,NOT_NASDAQ_LISTED
5483,NEWR,NOT_NASDAQ_LISTED
5485,NEWTI,NOT_COMMON_STOCK
5486,NEWTL,NOT_COMMON_STOCK
5487,NEWTZ,NOT_COMMON_STOCK
5488,NEXA,NOT_NASDAQ_LISTED
5491,NFC,NOT_NASDAQ_LISTED
5492,NFC+,NOT_NASDAQ_LISTED
5493,NFC=,NOT_NASDAQ_LISTED
5494,NFE,FIRST_ADD_PRICE_BELOW_FLOOR
5495,NFG,NOT_NASDAQ_LISTED
5496,NFJ,NOT_NASDAQ_LISTED
5497,NFLT,NOT_NASDAQ_LISTED
5499,NFO,NOT_NASDAQ_LISTED
5500,NFRA,NOT_NASDAQ_LISTED
5501,NFTY,NOT_COMMON_STOCK
5502,NG,NOT_NASDAQ_LISTED
5503,NGD,NOT_NASDAQ_LISTED
5504,NGE,NOT_NASDAQ_LISTED
5505,NGG,NOT_NASDAQ_LISTED
5506,NGHC,FIRST_ADD_PRICE_BELOW_FLOOR
5507,NGHCN,NOT_COMMON_STOCK
5508,NGHCO,NOT_COMMON_STOCK
5509,NGHCP,NOT_COMMON_STOCK
5510,NGHCZ,NOT_COMMON_STOCK
5511,NGL,NOT_NASDAQ_LISTED
5512,NGL-B,NOT_NASDAQ_LISTED
5513,NGL-C,NOT_NASDAQ_LISTED
5514,NGLS-A,NOT_NASDAQ_LISTED
5516,NGS,NOT_NASDAQ_LISTED
5517,NGVC,NOT_NASDAQ_LISTED
5518,NGVT,NOT_NASDAQ_LISTED
5519,NH,FIRST_ADD_PRICE_BELOW_FLOOR
5520,NHA,NOT_NASDAQ_LISTED
5521,NHC,NOT_NASDAQ_LISTED
5522,NHF,NOT_NASDAQ_LISTED
5523,NHI,NOT_NASDAQ_LISTED
5524,NHLD,FIRST_ADD_PRICE_BELOW_FLOOR
5525,NHLDW,NOT_COMMON_STOCK
5526,NHS,NOT_NASDAQ_LISTED
5528,NI,NOT_NASDAQ_LISTED
5529,NI-B,NOT_NASDAQ_LISTED
5530,NIB,NOT_NASDAQ_LISTED
5531,NICE,NOT_COMMON_STOCK
5532,NICK,FIRST_ADD_PRICE_BELOW_FLOOR
5533,NID,NOT_NASDAQ_LISTED
5534,NIE,NOT_NASDAQ_LISTED
5536,NIM,NOT_NASDAQ_LISTED
5537,NINE,NOT_NASDAQ_LISTED
5538,NIO,NOT_NASDAQ_LISTED
5539,NIQ,NOT_NASDAQ_LISTED
5540,NIU,NOT_COMMON_STOCK
5541,NJR,NOT_NASDAQ_LISTED
5542,NJV,NOT_NASDAQ_LISTED
5543,NK,FIRST_ADD_PRICE_BELOW_FLOOR
5544,NKE,NOT_NASDAQ_LISTED
5545,NKG,NOT_NASDAQ_LISTED
5546,NKSH,FIRST_ADD_PRICE_BELOW_FLOOR
5548,NKX,NOT_NASDAQ_LISTED
5549,NL,NOT_NASDAQ_LISTED
5551,NLR,NOT_NASDAQ_LISTED
5552,NLS,NOT_NASDAQ_LISTED
5553,NLSN,NOT_NASDAQ_LISTED
5554,NLY,NOT_NASDAQ_LISTED
5555,NLY-D,NOT_NASDAQ_LISTED
5556,NLY-F,NOT_NASDAQ_LISTED
5557,NLY-G,NOT_NASDAQ_LISTED
5558,NLY-I,NOT_NASDAQ_LISTED
5559,NM,NOT_NASDAQ_LISTED
5560,NM-G,NOT_NASDAQ_LISTED
5561,NM-H,NOT_NASDAQ_LISTED
5562,NMCI,NOT_COMMON_STOCK
5563,NMFC,NOT_NASDAQ_LISTED
5564,NMFX,NOT_NASDAQ_LISTED
5565,NMI,NOT_NASDAQ_LISTED
5567,NMK-B,NOT_NASDAQ_LISTED
5568,NMK-C,NOT_NASDAQ_LISTED
5569,NML,NOT_NASDAQ_LISTED
5570,NMM,NOT_NASDAQ_LISTED
5571,NMR,NOT_NASDAQ_LISTED
5572,NMRD,FIRST_ADD_PRICE_BELOW_FLOOR
5574,NMS,NOT_NASDAQ_LISTED
5575,NMT,NOT_NASDAQ_LISTED
5576,NMY,NOT_NASDAQ_LISTED
5577,NMZ,NOT_NASDAQ_LISTED
5578,NNA,NOT_NASDAQ_LISTED
5580,NNC,NOT_NASDAQ_LISTED
5581,NNDM,NOT_COMMON_STOCK
5582,NNI,NOT_NASDAQ_LISTED
5583,NNN,NOT_NASDAQ_LISTED
5584,NNN-E,NOT_NASDAQ_LISTED
5585,NNN-F,NOT_NASDAQ_LISTED
5586,NNVC,NOT_NASDAQ_LISTED
5587,NNY,NOT_NASDAQ_LISTED
5588,NOA,NOT_NASDAQ_LISTED
5589,NOAH,NOT_NASDAQ_LISTED
5590,NOBL,NOT_NASDAQ_LISTED
5591,NOC,NOT_NASDAQ_LISTED
5593,NOG,NOT_NASDAQ_LISTED
5594,NOK,NOT_NASDAQ_LISTED
5595,NOM,NOT_NASDAQ_LISTED
5596,NOMD,NOT_NASDAQ_LISTED
5597,NORW,NOT_NASDAQ_LISTED
5598,NOV,NOT_NASDAQ_LISTED
5599,NOVA,NOT_NASDAQ_LISTED
5602,NOW,NOT_NASDAQ_LISTED
5603,NP,NOT_NASDAQ_LISTED
5604,NPK,NOT_NASDAQ_LISTED
5605,NPN,NOT_NASDAQ_LISTED
5606,NPO,NOT_NASDAQ_LISTED
5607,NPTN,NOT_NASDAQ_LISTED
5608,NPV,NOT_NASDAQ_LISTED
5609,NQP,NOT_NASDAQ_LISTED
5610,NR,NOT_NASDAQ_LISTED
5612,NRCG,NOT_NASDAQ_LISTED
5613,NRCG+,NOT_NASDAQ_LISTED
5614,NRE,NOT_NASDAQ_LISTED
5615,NRG,NOT_NASDAQ_LISTED
5616,NRGD,NOT_NASDAQ_LISTED
5617,NRGO,NOT_NASDAQ_LISTED
5618,NRGU,NOT_NASDAQ_LISTED
5619,NRGX,NOT_NASDAQ_LISTED
5620,NRGZ,NOT_NASDAQ_LISTED
5621,NRIM,FIRST_ADD_PRICE_BELOW_FLOOR
5622,NRK,NOT_NASDAQ_LISTED
5623,NRO,NOT_NASDAQ_LISTED
5624,NRP,NOT_NASDAQ_LISTED
5625,NRT,NOT_NASDAQ_LISTED
5626,NRUC,NOT_NASDAQ_LISTED
5627,NRZ,NOT_NASDAQ_LISTED
5628,NRZ-A,NOT_NASDAQ_LISTED
5629,NS,NOT_NASDAQ_LISTED
5630,NS-A,NOT_NASDAQ_LISTED
5631,NS-B,NOT_NASDAQ_LISTED
5632,NS-C,NOT_NASDAQ_LISTED
5633,NSA,NOT_NASDAQ_LISTED
5634,NSA-A,NOT_NASDAQ_LISTED
5635,NSC,NOT_NASDAQ_LISTED
5636,NSEC,FIRST_ADD_PRICE_BELOW_FLOOR
5638,NSL,NOT_NASDAQ_LISTED
5639,NSP,NOT_NASDAQ_LISTED
5640,NSPR,NOT_NASDAQ_LISTED
5641,NSPR+,NOT_NASDAQ_LISTED
5642,NSPR+B,NOT_NASDAQ_LISTED
5643,NSS,NOT_NASDAQ_LISTED
5646,NSYS,FIRST_ADD_PRICE_BELOW_FLOOR
5648,NTB,NOT_NASDAQ_LISTED
5649,NTC,NOT_NASDAQ_LISTED
5651,NTEC,NOT_COMMON_STOCK
5652,NTES,NOT_COMMON_STOCK
5653,NTEST,NOT_NASDAQ_LISTED
5654,NTEST.A,NOT_NASDAQ_LISTED
5655,NTEST.B,NOT_NASDAQ_LISTED
5656,NTEST.C,NOT_NASDAQ_LISTED
5657,NTG,NOT_NASDAQ_LISTED
5658,NTGN,FIRST_ADD_PRICE_BELOW_FLOOR
5661,NTIP,NOT_NASDAQ_LISTED
5663,NTN,NOT_NASDAQ_LISTED
5665,NTP,NOT_NASDAQ_LISTED
5666,NTR,NOT_NASDAQ_LISTED
5670,NTRSP,NOT_COMMON_STOCK
5671,NTSX,NOT_NASDAQ_LISTED
5672,NTUS,FIRST_ADD_PRICE_BELOW_FLOOR
5674,NTX,NOT_NASDAQ_LISTED
5675,NTZ,NOT_NASDAQ_LISTED
5676,NUAG,NOT_NASDAQ_LISTED
5678,NUBD,NOT_NASDAQ_LISTED
5679,NUDM,NOT_NASDAQ_LISTED
5680,NUE,NOT_NASDAQ_LISTED
5681,NUEM,NOT_NASDAQ_LISTED
5682,NUGT,NOT_NASDAQ_LISTED
5683,NULC,NOT_NASDAQ_LISTED
5684,NULG,NOT_NASDAQ_LISTED
5685,NULV,NOT_NASDAQ_LISTED
5686,NUM,NOT_NASDAQ_LISTED
5687,NUMG,NOT_NASDAQ_LISTED
5688,NUMV,NOT_NASDAQ_LISTED
5689,NUO,NOT_NASDAQ_LISTED
5690,NURE,NOT_NASDAQ_LISTED
5691,NURO,FIRST_ADD_PRICE_BELOW_FLOOR
5692,NUROW,NOT_COMMON_STOCK
5693,NUS,NOT_NASDAQ_LISTED
5694,NUSA,NOT_NASDAQ_LISTED
5695,NUSC,NOT_NASDAQ_LISTED
5696,NUV,NOT_NASDAQ_LISTED
5698,NUW,NOT_NASDAQ_LISTED
5700,NVCN,NOT_COMMON_STOCK
5701,NVCR,NOT_COMMON_STOCK
5703,NVEC,FIRST_ADD_PRICE_BELOW_FLOOR
5705,NVFY,FIRST_ADD_PRICE_BELOW_FLOOR
5706,NVG,NOT_NASDAQ_LISTED
5707,NVGS,NOT_NASDAQ_LISTED
5708,NVIV,FIRST_ADD_PRICE_BELOW_FLOOR
5709,NVLN,FIRST_ADD_PRICE_BELOW_FLOOR
5710,NVMI,NOT_COMMON_STOCK
5711,NVO,NOT_NASDAQ_LISTED
5712,NVR,NOT_NASDAQ_LISTED
5713,NVRO,NOT_NASDAQ_LISTED
5714,NVS,NOT_NASDAQ_LISTED
5715,NVT,NOT_NASDAQ_LISTED
5716,NVTA,NOT_NASDAQ_LISTED
5720,NWE,NOT_NASDAQ_LISTED
5721,NWFL,FIRST_ADD_PRICE_BELOW_FLOOR
5722,NWHM,NOT_NASDAQ_LISTED
5725,NWN,NOT_NASDAQ_LISTED
5729,NX,NOT_NASDAQ_LISTED
5730,NXC,NOT_NASDAQ_LISTED
5731,NXE,NOT_NASDAQ_LISTED
5733,NXJ,NOT_NASDAQ_LISTED
5734,NXN,NOT_NASDAQ_LISTED
5735,NXP,NOT_NASDAQ_LISTED
5737,NXQ,NOT_NASDAQ_LISTED
5738,NXR,NOT_NASDAQ_LISTED
5739,NXRT,NOT_NASDAQ_LISTED
5742,NXTD,FIRST_ADD_PRICE_BELOW_FLOOR
5743,NXTDW,NOT_COMMON_STOCK
5744,NXTG,NOT_COMMON_STOCK
5745,NYCB,NOT_NASDAQ_LISTED
5746,NYCB-A,NOT_NASDAQ_LISTED
5747,NYCB-U,NOT_NASDAQ_LISTED
5748,NYF,NOT_NASDAQ_LISTED
5750,NYMTN,NOT_COMMON_STOCK
5751,NYMTO,NOT_COMMON_STOCK
5752,NYMTP,NOT_COMMON_STOCK
5753,NYMX,FIRST_ADD_PRICE_BELOW_FLOOR
5755,NYT,NOT_NASDAQ_LISTED
5756,NYV,NOT_NASDAQ_LISTED
5757,NZF,NOT_NASDAQ_LISTED
5758,O,NOT_NASDAQ_LISTED
5759,OAC=,NOT_NASDAQ_LISTED
5760,OAK,NOT_NASDAQ_LISTED
5761,OAK-A,NOT_NASDAQ_LISTED
5762,OAK-B,NOT_NASDAQ_LISTED
5763,OAS,NOT_NASDAQ_LISTED
5764,OASM,NOT_COMMON_STOCK
5765,OBAS,NOT_COMMON_STOCK
5766,OBCI,FIRST_ADD_PRICE_BELOW_FLOOR
5767,OBE,NOT_NASDAQ_LISTED
5770,OBOR,NOT_NASDAQ_LISTED
5771,OBSV,NOT_COMMON_STOCK
5772,OC,NOT_NASDAQ_LISTED
5773,OCC,FIRST_ADD_PRICE_BELOW_FLOOR
5775,OCCIP,NOT_COMMON_STOCK
5776,OCFC,FIRST_ADD_PRICE_BELOW_FLOOR
5777,OCIO,NOT_NASDAQ_LISTED
5778,OCN,NOT_NASDAQ_LISTED
5779,OCSI,FIRST_ADD_PRICE_BELOW_FLOOR
5781,OCSLL,NOT_COMMON_STOCK
5783,OCX,NOT_NASDAQ_LISTED
5784,ODC,NOT_NASDAQ_LISTED
5785,ODFL,FIRST_ADD_PRICE_BELOW_FLOOR
5788,OEC,NOT_NASDAQ_LISTED
5789,OEF,NOT_NASDAQ_LISTED
5791,OEUR,NOT_NASDAQ_LISTED
5792,OFC,NOT_NASDAQ_LISTED
5794,OFG,NOT_NASDAQ_LISTED
5795,OFG-A,NOT_NASDAQ_LISTED
5796,OFG-B,NOT_NASDAQ_LISTED
5797,OFG-D,NOT_NASDAQ_LISTED
5798,OFIX,FIRST_ADD_PRICE_BELOW_FLOOR
5799,OFLX,FIRST_ADD_PRICE_BELOW_FLOOR
5801,OFSSL,NOT_COMMON_STOCK
5802,OFSSZ,NOT_COMMON_STOCK
5803,OGCP,NOT_NASDAQ_LISTED
5804,OGE,NOT_NASDAQ_LISTED
5805,OGEN,NOT_NASDAQ_LISTED
5807,OGIG,NOT_NASDAQ_LISTED
5808,OGS,NOT_NASDAQ_LISTED
5810,OHI,NOT_NASDAQ_LISTED
5811,OI,NOT_NASDAQ_LISTED
5812,OIA,NOT_NASDAQ_LISTED
5813,OIBR.C,NOT_NASDAQ_LISTED
5814,OIH,NOT_NASDAQ_LISTED
5815,OII,NOT_NASDAQ_LISTED
5816,OIIM,NOT_COMMON_STOCK
5817,OIL,NOT_NASDAQ_LISTED
5818,OILD,NOT_NASDAQ_LISTED
5819,OILK,NOT_NASDAQ_LISTED
5820,OILU,NOT_NASDAQ_LISTED
5821,OILX,NOT_NASDAQ_LISTED
5822,OIS,NOT_NASDAQ_LISTED
5823,OKDCC,NOT_COMMON_STOCK
5824,OKE,NOT_NASDAQ_LISTED
5826,OLBK,FIRST_ADD_PRICE_BELOW_FLOOR
5827,OLD,NOT_COMMON_STOCK
5829,OLEM,NOT_NASDAQ_LISTED
5831,OLN,NOT_NASDAQ_LISTED
5832,OLP,NOT_NASDAQ_LISTED
5833,OMAB,NOT_COMMON_STOCK
5834,OMC,NOT_NASDAQ_LISTED
5838,OMF,NOT_NASDAQ_LISTED
5839,OMFL,NOT_NASDAQ_LISTED
5840,OMFS,NOT_NASDAQ_LISTED
5841,OMI,NOT_NASDAQ_LISTED
5842,OMN,NOT_NASDAQ_LISTED
5843,OMOM,NOT_NASDAQ_LISTED
5844,OMP,NOT_NASDAQ_LISTED
5846,ONB,FIRST_ADD_PRICE_BELOW_FLOOR
5851,ONDK,NOT_NASDAQ_LISTED
5852,ONE,NOT_NASDAQ_LISTED
5853,ONEO,NOT_NASDAQ_LISTED
5854,ONEQ,NOT_COMMON_STOCK
5855,ONEV,NOT_NASDAQ_LISTED
5856,ONEY,NOT_NASDAQ_LISTED
5857,ONLN,NOT_NASDAQ_LISTED
5859,ONTXW,NOT_COMMON_STOCK
5860,ONVO,FIRST_ADD_PRICE_BELOW_FLOOR
5861,OOMA,NOT_NASDAQ_LISTED
5864,OPER,NOT_NASDAQ_LISTED
5866,OPESU,NOT_COMMON_STOCK
5867,OPESW,NOT_COMMON_STOCK
5868,OPGN,FIRST_ADD_PRICE_BELOW_FLOOR
5869,OPGNW,NOT_COMMON_STOCK
5871,OPI,NOT_COMMON_STOCK
5872,OPINI,NOT_COMMON_STOCK
5875,OPOF,FIRST_ADD_PRICE_BELOW_FLOOR
5876,OPP,NOT_NASDAQ_LISTED
5877,OPRA,NOT_COMMON_STOCK
5881,OPY,NOT_NASDAQ_LISTED
5882,OQAL,NOT_NASDAQ_LISTED
5883,OR,NOT_NASDAQ_LISTED
5884,ORA,NOT_NASDAQ_LISTED
5885,ORAN,NOT_NASDAQ_LISTED
5887,ORC,NOT_NASDAQ_LISTED
5888,ORCC,NOT_NASDAQ_LISTED
5889,ORCL,NOT_NASDAQ_LISTED
5890,ORG,NOT_COMMON_STOCK
5891,ORGO,FIRST_ADD_PRICE_BELOW_FLOOR
5893,ORI,NOT_NASDAQ_LISTED
5894,ORIT,FIRST_ADD_PRICE_BELOW_FLOOR
5897,ORN,NOT_NASDAQ_LISTED
5898,ORRF,FIRST_ADD_PRICE_BELOW_FLOOR
5899,ORTX,NOT_COMMON_STOCK
5900,OSB,NOT_NASDAQ_LISTED
5902,OSBCP,NOT_COMMON_STOCK
5903,OSCV,NOT_NASDAQ_LISTED
5904,OSG,NOT_NASDAQ_LISTED
5906,OSIZ,NOT_NASDAQ_LISTED
5907,OSK,NOT_NASDAQ_LISTED
5908,OSLE,NOT_NASDAQ_LISTED
5909,OSMT,NOT_COMMON_STOCK
5910,OSN,NOT_COMMON_STOCK
5917,OTEX,FIRST_ADD_PRICE_BELOW_FLOOR
5919,OTIV,NOT_COMMON_STOCK
5921,OTLKW,NOT_COMMON_STOCK
5922,OTTR,FIRST_ADD_PRICE_BELOW_FLOOR
5923,OTTW,FIRST_ADD_PRICE_BELOW_FLOOR
5924,OUNZ,NOT_NASDAQ_LISTED
5925,OUSA,NOT_NASDAQ_LISTED
5926,OUSM,NOT_NASDAQ_LISTED
5927,OUT,NOT_NASDAQ_LISTED
5929,OVID,FIRST_ADD_PRICE_BELOW_FLOOR
5930,OVLU,NOT_NASDAQ_LISTED
5932,OVOL,NOT_NASDAQ_LISTED
5933,OXBR,NOT_COMMON_STOCK
5934,OXBRW,NOT_COMMON_STOCK
5935,OXFD,NOT_COMMON_STOCK
5937,OXLCM,NOT_COMMON_STOCK
5938,OXLCO,NOT_COMMON_STOCK
5939,OXM,NOT_NASDAQ_LISTED
5941,OXSQL,NOT_COMMON_STOCK
5942,OXSQZ,NOT_COMMON_STOCK
5943,OXY,NOT_NASDAQ_LISTED
5944,OYLD,NOT_NASDAQ_LISTED
5945,OZK,FIRST_ADD_PRICE_BELOW_FLOOR
5946,OZM,NOT_NASDAQ_LISTED
5947,PAA,NOT_NASDAQ_LISTED
5948,PAAC,FIRST_ADD_PRICE_BELOW_FLOOR
5949,PAACR,NOT_COMMON_STOCK
5950,PAACU,NOT_COMMON_STOCK
5951,PAACW,NOT_COMMON_STOCK
5953,PAC,NOT_NASDAQ_LISTED
5954,PACA,NOT_NASDAQ_LISTED
5956,PACD,NOT_NASDAQ_LISTED
5957,PACK,NOT_NASDAQ_LISTED
5958,PACK+,NOT_NASDAQ_LISTED
5960,PACQU,NOT_COMMON_STOCK
5961,PACQW,NOT_COMMON_STOCK
5963,PAG,NOT_NASDAQ_LISTED
5964,PAGP,NOT_NASDAQ_LISTED
5965,PAGS,NOT_NASDAQ_LISTED
5966,PAHC,FIRST_ADD_PRICE_BELOW_FLOOR
5967,PAI,NOT_NASDAQ_LISTED
5968,PAK,NOT_NASDAQ_LISTED
5969,PALL,NOT_NASDAQ_LISTED
5970,PAM,NOT_NASDAQ_LISTED
5972,PANW,NOT_NASDAQ_LISTED
5973,PAPR,NOT_NASDAQ_LISTED
5974,PAR,NOT_NASDAQ_LISTED
5975,PARR,NOT_NASDAQ_LISTED
5976,PASS,NOT_NASDAQ_LISTED
5978,PATK,FIRST_ADD_PRICE_BELOW_FLOOR
5979,PAVE,NOT_NASDAQ_LISTED
5981,PAVMW,NOT_COMMON_STOCK
5982,PAVMZ,NOT_COMMON_STOCK
5983,PAWZ,NOT_NASDAQ_LISTED
5984,PAYC,NOT_NASDAQ_LISTED
5987,PB,NOT_NASDAQ_LISTED
5988,PBA,NOT_NASDAQ_LISTED
5989,PBB,NOT_NASDAQ_LISTED
5990,PBBI,FIRST_ADD_PRICE_BELOW_FLOOR
5991,PBC,NOT_NASDAQ_LISTED
5992,PBCT,FIRST_ADD_PRICE_BELOW_FLOOR
5993,PBCTP,NOT_COMMON_STOCK
5994,PBD,NOT_NASDAQ_LISTED
5995,PBDM,NOT_NASDAQ_LISTED
5996,PBE,NOT_NASDAQ_LISTED
5997,PBEE,NOT_NASDAQ_LISTED
5998,PBF,NOT_NASDAQ_LISTED
6000,PBFX,NOT_NASDAQ_LISTED
6001,PBH,NOT_NASDAQ_LISTED
6003,PBI,NOT_NASDAQ_LISTED
6004,PBI-B,NOT_NASDAQ_LISTED
6006,PBJ,NOT_NASDAQ_LISTED
6007,PBND,NOT_NASDAQ_LISTED
6008,PBP,NOT_NASDAQ_LISTED
6010,PBR,NOT_NASDAQ_LISTED
6011,PBR.A,NOT_NASDAQ_LISTED
6012,PBS,NOT_NASDAQ_LISTED
6013,PBSM,NOT_NASDAQ_LISTED
6014,PBT,NOT_NASDAQ_LISTED
6015,PBTP,NOT_NASDAQ_LISTED
6016,PBTS,NOT_COMMON_STOCK
6017,PBUS,NOT_NASDAQ_LISTED
6018,PBW,NOT_NASDAQ_LISTED
6019,PBY,NOT_NASDAQ_LISTED
6021,PCAR,FIRST_ADD_PRICE_BELOW_FLOOR
6022,PCB,FIRST_ADD_PRICE_BELOW_FLOOR
6023,PCEF,NOT_NASDAQ_LISTED
6024,PCF,NOT_NASDAQ_LISTED
6025,PCG,NOT_NASDAQ_LISTED
6026,PCG-A,NOT_NASDAQ_LISTED
6027,PCG-B,NOT_NASDAQ_LISTED
6028,PCG-C,NOT_NASDAQ_LISTED
6029,PCG-D,NOT_NASDAQ_LISTED
6030,PCG-E,NOT_NASDAQ_LISTED
6031,PCG-G,NOT_NASDAQ_LISTED
6032,PCG-H,NOT_NASDAQ_LISTED
6033,PCG-I,NOT_NASDAQ_LISTED
6034,PCH,FIRST_ADD_PRICE_BELOW_FLOOR
6035,PCI,NOT_NASDAQ_LISTED
6036,PCK,NOT_NASDAQ_LISTED
6037,PCM,NOT_NASDAQ_LISTED
6038,PCMI,FIRST_ADD_PRICE_BELOW_FLOOR
6039,PCN,NOT_NASDAQ_LISTED
6040,PCOM,FIRST_ADD_PRICE_BELOW_FLOOR
6041,PCQ,NOT_NASDAQ_LISTED
6046,PCY,NOT_NASDAQ_LISTED
6048,PCYO,FIRST_ADD_PRICE_BELOW_FLOOR
6049,PD,NOT_NASDAQ_LISTED
6050,PDBC,NOT_COMMON_STOCK
6053,PDD,NOT_COMMON_STOCK
6054,PDEV,NOT_COMMON_STOCK
6056,PDFS,FIRST_ADD_PRICE_BELOW_FLOOR
6057,PDI,NOT_NASDAQ_LISTED
6060,PDM,NOT_NASDAQ_LISTED
6061,PDN,NOT_NASDAQ_LISTED
6062,PDP,NOT_COMMON_STOCK
6063,PDS,NOT_NASDAQ_LISTED
6064,PDSB,FIRST_ADD_PRICE_BELOW_FLOOR
6065,PDT,NOT_NASDAQ_LISTED
6066,PE,NOT_NASDAQ_LISTED
6067,PEB,NOT_NASDAQ_LISTED
6068,PEB-C,NOT_NASDAQ_LISTED
6069,PEB-D,NOT_NASDAQ_LISTED
6070,PEB-E,NOT_NASDAQ_LISTED
6071,PEB-F,NOT_NASDAQ_LISTED
6072,PEBK,FIRST_ADD_PRICE_BELOW_FLOOR
6075,PED,NOT_NASDAQ_LISTED
6076,PEG,NOT_NASDAQ_LISTED
6077,PEGA,FIRST_ADD_PRICE_BELOW_FLOOR
6079,PEI,NOT_NASDAQ_LISTED
6080,PEI-B,NOT_NASDAQ_LISTED
6081,PEI-C,NOT_NASDAQ_LISTED
6082,PEI-D,NOT_NASDAQ_LISTED
6084,PEJ,NOT_NASDAQ_LISTED
6085,PEK,NOT_NASDAQ_LISTED
6086,PEN,NOT_NASDAQ_LISTED
6088,PEO,NOT_NASDAQ_LISTED
6090,PER,NOT_NASDAQ_LISTED
6091,PERI,NOT_COMMON_STOCK
6092,PES,NOT_NASDAQ_LISTED
6093,PESI,FIRST_ADD_PRICE_BELOW_FLOOR
6096,PETZ,FIRST_ADD_PRICE_BELOW_FLOOR
6097,PEX,NOT_NASDAQ_LISTED
6098,PEXL,NOT_NASDAQ_LISTED
6099,PEY,NOT_COMMON_STOCK
6100,PEZ,NOT_COMMON_STOCK
6101,PFBC,FIRST_ADD_PRICE_BELOW_FLOOR
6103,PFD,NOT_NASDAQ_LISTED
6104,PFE,NOT_NASDAQ_LISTED
6105,PFF,NOT_COMMON_STOCK
6106,PFFA,NOT_NASDAQ_LISTED
6107,PFFD,NOT_NASDAQ_LISTED
6108,PFFL,NOT_NASDAQ_LISTED
6109,PFFR,NOT_NASDAQ_LISTED
6111,PFGC,NOT_NASDAQ_LISTED
6112,PFH,NOT_NASDAQ_LISTED
6113,PFI,NOT_COMMON_STOCK
6114,PFIE,FIRST_ADD_PRICE_BELOW_FLOOR
6115,PFIG,NOT_NASDAQ_LISTED
6116,PFIN,FIRST_ADD_PRICE_BELOW_FLOOR
6118,PFL,NOT_NASDAQ_LISTED
6120,PFM,NOT_COMMON_STOCK
6121,PFMT,FIRST_ADD_PRICE_BELOW_FLOOR
6122,PFN,NOT_NASDAQ_LISTED
6123,PFNX,NOT_NASDAQ_LISTED
6124,PFO,NOT_NASDAQ_LISTED
6126,PFS,NOT_NASDAQ_LISTED
6127,PFSI,NOT_NASDAQ_LISTED
6128,PFSW,FIRST_ADD_PRICE_BELOW_FLOOR
6129,PFXF,NOT_NASDAQ_LISTED
6130,PG,NOT_NASDAQ_LISTED
6131,PGAL,NOT_NASDAQ_LISTED
6133,PGF,NOT_NASDAQ_LISTED
6134,PGHY,NOT_NASDAQ_LISTED
6135,PGJ,NOT_COMMON_STOCK
6136,PGM,NOT_NASDAQ_LISTED
6138,PGP,NOT_NASDAQ_LISTED
6139,PGR,NOT_NASDAQ_LISTED
6140,PGRE,NOT_NASDAQ_LISTED
6141,PGTI,NOT_NASDAQ_LISTED
6142,PGX,NOT_NASDAQ_LISTED
6143,PGZ,NOT_NASDAQ_LISTED
6144,PH,NOT_NASDAQ_LISTED
6146,PHB,NOT_NASDAQ_LISTED
6147,PHCF,NOT_COMMON_STOCK
6148,PHD,NOT_NASDAQ_LISTED
6149,PHDG,NOT_NASDAQ_LISTED
6150,PHG,NOT_NASDAQ_LISTED
6151,PHI,NOT_NASDAQ_LISTED
6153,PHIOW,NOT_COMMON_STOCK
6154,PHK,NOT_NASDAQ_LISTED
6155,PHM,NOT_NASDAQ_LISTED
6156,PHO,NOT_COMMON_STOCK
6157,PHR,NOT_NASDAQ_LISTED
6158,PHT,NOT_NASDAQ_LISTED
6160,PHUNW,NOT_COMMON_STOCK
6161,PHX,NOT_NASDAQ_LISTED
6162,PHYL,NOT_NASDAQ_LISTED
6163,PHYS,NOT_NASDAQ_LISTED
6165,PIC=,NOT_NASDAQ_LISTED
6166,PICB,NOT_NASDAQ_LISTED
6167,PICK,NOT_NASDAQ_LISTED
6169,PID,NOT_COMMON_STOCK
6170,PIE,NOT_COMMON_STOCK
6172,PIHPP,NOT_COMMON_STOCK
6173,PII,NOT_NASDAQ_LISTED
6174,PILL,NOT_NASDAQ_LISTED
6175,PIM,NOT_NASDAQ_LISTED
6176,PIN,NOT_NASDAQ_LISTED
6178,PINS,NOT_NASDAQ_LISTED
6179,PIO,NOT_COMMON_STOCK
6180,PIR,NOT_NASDAQ_LISTED
6182,PIXY,FIRST_ADD_PRICE_BELOW_FLOOR
6183,PIY,NOT_NASDAQ_LISTED
6184,PIZ,NOT_COMMON_STOCK
6185,PJAN,NOT_NASDAQ_LISTED
6186,PJC,NOT_NASDAQ_LISTED
6187,PJH,NOT_NASDAQ_LISTED
6188,PJP,NOT_NASDAQ_LISTED
6189,PJT,NOT_NASDAQ_LISTED
6190,PJUL,NOT_NASDAQ_LISTED
6191,PJUN,NOT_NASDAQ_LISTED
6192,PK,NOT_NASDAQ_LISTED
6193,PKB,NOT_NASDAQ_LISTED
6195,PKD,NOT_NASDAQ_LISTED
6196,PKE,NOT_NASDAQ_LISTED
6197,PKG,NOT_NASDAQ_LISTED
6198,PKI,NOT_NASDAQ_LISTED
6199,PKO,NOT_NASDAQ_LISTED
6201,PKW,NOT_COMMON_STOCK
6202,PKX,NOT_NASDAQ_LISTED
6204,PLAG,NOT_NASDAQ_LISTED
6205,PLAN,NOT_NASDAQ_LISTED
6206,PLAT,NOT_NASDAQ_LISTED
6208,PLBC,FIRST_ADD_PRICE_BELOW_FLOOR
6209,PLC,NOT_COMMON_STOCK
6211,PLCY,NOT_NASDAQ_LISTED
6212,PLD,NOT_NASDAQ_LISTED
6213,PLG,NOT_NASDAQ_LISTED
6214,PLL,NOT_COMMON_STOCK
6215,PLM,NOT_NASDAQ_LISTED
6217,PLNT,NOT_NASDAQ_LISTED
6218,PLOW,NOT_NASDAQ_LISTED
6221,PLT,NOT_NASDAQ_LISTED
6222,PLTM,NOT_NASDAQ_LISTED
6224,PLUS,FIRST_ADD_PRICE_BELOW_FLOOR
6225,PLW,NOT_COMMON_STOCK
6226,PLX,NOT_NASDAQ_LISTED
6229,PLYA,NOT_COMMON_STOCK
6230,PLYM,NOT_NASDAQ_LISTED
6231,PLYM-A,NOT_NASDAQ_LISTED
6232,PM,NOT_NASDAQ_LISTED
6233,PMBC,FIRST_ADD_PRICE_BELOW_FLOOR
6235,PME,NOT_COMMON_STOCK
6236,PMF,NOT_NASDAQ_LISTED
6237,PML,NOT_NASDAQ_LISTED
6238,PMM,NOT_NASDAQ_LISTED
6239,PMO,NOT_NASDAQ_LISTED
6240,PMOM,NOT_COMMON_STOCK
6241,PMR,NOT_NASDAQ_LISTED
6242,PMT,NOT_NASDAQ_LISTED
6243,PMT-A,NOT_NASDAQ_LISTED
6244,PMT-B,NOT_NASDAQ_LISTED
6246,PMX,NOT_NASDAQ_LISTED
6247,PNBK,FIRST_ADD_PRICE_BELOW_FLOOR
6248,PNC,NOT_NASDAQ_LISTED
6249,PNC-P,NOT_NASDAQ_LISTED
6250,PNC-Q,NOT_NASDAQ_LISTED
6251,PNF,NOT_NASDAQ_LISTED
6252,PNFP,FIRST_ADD_PRICE_BELOW_FLOOR
6253,PNI,NOT_NASDAQ_LISTED
6254,PNM,NOT_NASDAQ_LISTED
6255,PNNT,FIRST_ADD_PRICE_BELOW_FLOOR
6256,PNQI,NOT_COMMON_STOCK
6257,PNR,NOT_NASDAQ_LISTED
6259,PNRL,NOT_COMMON_STOCK
6260,PNTR,NOT_COMMON_STOCK
6261,PNW,NOT_NASDAQ_LISTED
6262,POAI,FIRST_ADD_PRICE_BELOW_FLOOR
6263,POCT,NOT_NASDAQ_LISTED
6265,POL,NOT_NASDAQ_LISTED
6267,POOL,FIRST_ADD_PRICE_BELOW_FLOOR
6268,POPE,NOT_COMMON_STOCK
6269,POR,NOT_NASDAQ_LISTED
6270,POST,NOT_NASDAQ_LISTED
6271,POWI,FIRST_ADD_PRICE_BELOW_FLOOR
6272,POWL,FIRST_ADD_PRICE_BELOW_FLOOR
6273,PPA,NOT_NASDAQ_LISTED
6275,PPC,FIRST_ADD_PRICE_BELOW_FLOOR
6276,PPDF,NOT_NASDAQ_LISTED
6277,PPDM,NOT_NASDAQ_LISTED
6278,PPEM,NOT_NASDAQ_LISTED
6279,PPG,NOT_NASDAQ_LISTED
6280,PPH,NOT_COMMON_STOCK
6282,PPIH,FIRST_ADD_PRICE_BELOW_FLOOR
6283,PPL,NOT_NASDAQ_LISTED
6284,PPLC,NOT_NASDAQ_LISTED
6285,PPLN,NOT_NASDAQ_LISTED
6286,PPLT,NOT_NASDAQ_LISTED
6287,PPMC,NOT_NASDAQ_LISTED
6288,PPR,NOT_NASDAQ_LISTED
6289,PPSC,NOT_NASDAQ_LISTED
6290,PPSI,FIRST_ADD_PRICE_BELOW_FLOOR
6291,PPT,NOT_NASDAQ_LISTED
6292,PPTY,NOT_NASDAQ_LISTED
6293,PPX,NOT_NASDAQ_LISTED
6294,PQG,NOT_NASDAQ_LISTED
6295,PQIN,NOT_NASDAQ_LISTED
6296,PQLC,NOT_NASDAQ_LISTED
6297,PQSG,NOT_NASDAQ_LISTED
6298,PQSV,NOT_NASDAQ_LISTED
6299,PRA,NOT_NASDAQ_LISTED
6300,PRAA,FIRST_ADD_PRICE_BELOW_FLOOR
6301,PRAH,FIRST_ADD_PRICE_BELOW_FLOOR
6302,PRCP,FIRST_ADD_PRICE_BELOW_FLOOR
6303,PRE-F,NOT_NASDAQ_LISTED
6304,PRE-G,NOT_NASDAQ_LISTED
6305,PRE-H,NOT_NASDAQ_LISTED
6306,PRE-I,NOT_NASDAQ_LISTED
6307,PREF,NOT_NASDAQ_LISTED
6308,PRF,NOT_NASDAQ_LISTED
6309,PRFT,FIRST_ADD_PRICE_BELOW_FLOOR
6310,PRFZ,NOT_COMMON_STOCK
6311,PRGO,NOT_NASDAQ_LISTED
6312,PRGS,FIRST_ADD_PRICE_BELOW_FLOOR
6314,PRH,NOT_NASDAQ_LISTED
6315,PRI,NOT_NASDAQ_LISTED
6316,PRID,NOT_NASDAQ_LISTED
6317,PRIF-A,NOT_NASDAQ_LISTED
6318,PRIF-B,NOT_NASDAQ_LISTED
6319,PRIF-C,NOT_NASDAQ_LISTED
6320,PRIF-D,NOT_NASDAQ_LISTED
6321,PRIM,FIRST_ADD_PRICE_BELOW_FLOOR
6322,PRK,NOT_NASDAQ_LISTED
6323,PRLB,NOT_NASDAQ_LISTED
6324,PRME,NOT_NASDAQ_LISTED
6326,PRN,NOT_COMMON_STOCK
6328,PRNT,NOT_NASDAQ_LISTED
6329,PRO,NOT_NASDAQ_LISTED
6330,PROS,NOT_NASDAQ_LISTED
6332,PRPH,FIRST_ADD_PRICE_BELOW_FLOOR
6335,PRQR,NOT_COMMON_STOCK
6336,PRS,NOT_NASDAQ_LISTED
6337,PRSC,FIRST_ADD_PRICE_BELOW_FLOOR
6338,PRSP,NOT_NASDAQ_LISTED
6339,PRT,NOT_NASDAQ_LISTED
6340,PRTA,NOT_COMMON_STOCK
6343,PRTO,FIRST_ADD_PRICE_BELOW_FLOOR
6345,PRTY,NOT_NASDAQ_LISTED
6346,PRU,NOT_NASDAQ_LISTED
6350,PSA,NOT_NASDAQ_LISTED
6351,PSA-A,NOT_NASDAQ_LISTED
6352,PSA-B,NOT_NASDAQ_LISTED
6353,PSA-C,NOT_NASDAQ_LISTED
6354,PSA-D,NOT_NASDAQ_LISTED
6355,PSA-E,NOT_NASDAQ_LISTED
6356,PSA-F,NOT_NASDAQ_LISTED
6357,PSA-G,NOT_NASDAQ_LISTED
6358,PSA-H,NOT_NASDAQ_LISTED
6359,PSA-U,NOT_NASDAQ_LISTED
6360,PSA-V,NOT_NASDAQ_LISTED
6361,PSA-W,NOT_NASDAQ_LISTED
6362,PSA-X,NOT_NASDAQ_LISTED
6363,PSB,NOT_NASDAQ_LISTED
6364,PSB-U,NOT_NASDAQ_LISTED
6365,PSB-V,NOT_NASDAQ_LISTED
6366,PSB-W,NOT_NASDAQ_LISTED
6367,PSB-X,NOT_NASDAQ_LISTED
6368,PSB-Y,NOT_NASDAQ_LISTED
6369,PSC,NOT_COMMON_STOCK
6370,PSCC,NOT_COMMON_STOCK
6371,PSCD,NOT_COMMON_STOCK
6372,PSCE,NOT_COMMON_STOCK
6373,PSCF,NOT_COMMON_STOCK
6374,PSCH,NOT_COMMON_STOCK
6375,PSCI,NOT_COMMON_STOCK
6376,PSCM,NOT_COMMON_STOCK
6377,PSCT,NOT_COMMON_STOCK
6378,PSCU,NOT_COMMON_STOCK
6379,PSDO,FIRST_ADD_PRICE_BELOW_FLOOR
6381,PSET,NOT_COMMON_STOCK
6382,PSF,NOT_NASDAQ_LISTED
6383,PSI,NOT_NASDAQ_LISTED
6384,PSJ,NOT_NASDAQ_LISTED
6385,PSK,NOT_NASDAQ_LISTED
6386,PSL,NOT_COMMON_STOCK
6387,PSLV,NOT_NASDAQ_LISTED
6388,PSM,NOT_COMMON_STOCK
6389,PSMB,NOT_NASDAQ_LISTED
6390,PSMC,NOT_NASDAQ_LISTED
6391,PSMG,NOT_NASDAQ_LISTED
6392,PSMM,NOT_NASDAQ_LISTED
6393,PSMT,FIRST_ADD_PRICE_BELOW_FLOOR
6394,PSN,NOT_NASDAQ_LISTED
6396,PSO,NOT_NASDAQ_LISTED
6397,PSP,NOT_NASDAQ_LISTED
6398,PSQ,NOT_NASDAQ_LISTED
6399,PSR,NOT_NASDAQ_LISTED
6400,PST,NOT_NASDAQ_LISTED
6401,PSTG,NOT_NASDAQ_LISTED
6403,PSTL,NOT_NASDAQ_LISTED
6404,PSTV,FIRST_ADD_PRICE_BELOW_FLOOR
6405,PSTVZ,NOT_COMMON_STOCK
6406,PSV,NOT_NASDAQ_LISTED
6407,PSX,NOT_NASDAQ_LISTED
6408,PSXP,NOT_NASDAQ_LISTED
6409,PT,NOT_COMMON_STOCK
6410,PTC,FIRST_ADD_PRICE_BELOW_FLOOR
6412,PTE,FIRST_ADD_PRICE_BELOW_FLOOR
6414,PTEU,NOT_NASDAQ_LISTED
6415,PTF,NOT_COMMON_STOCK
6417,PTH,NOT_COMMON_STOCK
6419,PTIN,NOT_NASDAQ_LISTED
6421,PTLC,NOT_NASDAQ_LISTED
6422,PTMC,NOT_NASDAQ_LISTED
6424,PTN,NOT_NASDAQ_LISTED
6425,PTNQ,NOT_NASDAQ_LISTED
6426,PTNR,NOT_COMMON_STOCK
6427,PTR,NOT_NASDAQ_LISTED
6428,PTSI,FIRST_ADD_PRICE_BELOW_FLOOR
6429,PTVCA,FIRST_ADD_PRICE_BELOW_FLOOR
6431,PTY,NOT_NASDAQ_LISTED
6433,PUI,NOT_COMMON_STOCK
6434,PUK,NOT_NASDAQ_LISTED
6435,PUK-,NOT_NASDAQ_LISTED
6436,PUK-A,NOT_NASDAQ_LISTED
6438,PULS,NOT_NASDAQ_LISTED
6439,PUMP,NOT_NASDAQ_LISTED
6440,PUTW,NOT_NASDAQ_LISTED
6441,PUYI,NOT_COMMON_STOCK
6443,PVAL,NOT_COMMON_STOCK
6444,PVBC,FIRST_ADD_PRICE_BELOW_FLOOR
6445,PVG,NOT_NASDAQ_LISTED
6446,PVH,NOT_NASDAQ_LISTED
6447,PVI,NOT_NASDAQ_LISTED
6448,PVL,NOT_NASDAQ_LISTED
6449,PVT,NOT_NASDAQ_LISTED
6450,PVT+,NOT_NASDAQ_LISTED
6451,PVT=,NOT_NASDAQ_LISTED
6452,PVTL,NOT_NASDAQ_LISTED
6453,PW,NOT_NASDAQ_LISTED
6454,PW-A,NOT_NASDAQ_LISTED
6455,PWB,NOT_NASDAQ_LISTED
6456,PWC,NOT_NASDAQ_LISTED
6457,PWOD,FIRST_ADD_PRICE_BELOW_FLOOR
6458,PWR,NOT_NASDAQ_LISTED
6459,PWS,NOT_NASDAQ_LISTED
6460,PWV,NOT_NASDAQ_LISTED
6461,PWZ,NOT_NASDAQ_LISTED
6462,PXD,NOT_NASDAQ_LISTED
6463,PXE,NOT_NASDAQ_LISTED
6464,PXF,NOT_NASDAQ_LISTED
6465,PXH,NOT_NASDAQ_LISTED
6466,PXI,NOT_COMMON_STOCK
6467,PXJ,NOT_NASDAQ_LISTED
6469,PXQ,NOT_NASDAQ_LISTED
6471,PY,NOT_COMMON_STOCK
6472,PYN,NOT_NASDAQ_LISTED
6473,PYPE,NOT_NASDAQ_LISTED
6475,PYS,NOT_NASDAQ_LISTED
6476,PYT,NOT_NASDAQ_LISTED
6477,PYX,NOT_NASDAQ_LISTED
6478,PYZ,NOT_COMMON_STOCK
6479,PZA,NOT_NASDAQ_LISTED
6480,PZC,NOT_NASDAQ_LISTED
6481,PZD,NOT_NASDAQ_LISTED
6482,PZG,NOT_NASDAQ_LISTED
6483,PZN,NOT_NASDAQ_LISTED
6484,PZT,NOT_NASDAQ_LISTED
6486,QABA,NOT_COMMON_STOCK
6487,QADA,FIRST_ADD_PRICE_BELOW_FLOOR
6488,QADB,FIRST_ADD_PRICE_BELOW_FLOOR
6489,QAI,NOT_NASDAQ_LISTED
6490,QARP,NOT_NASDAQ_LISTED
6491,QAT,NOT_COMMON_STOCK
6492,QBAK,FIRST_ADD_PRICE_BELOW_FLOOR
6493,QCLN,NOT_COMMON_STOCK
6495,QCRH,FIRST_ADD_PRICE_BELOW_FLOOR
6496,QD,NOT_NASDAQ_LISTED
6497,QDEF,NOT_NASDAQ_LISTED
6499,QDF,NOT_NASDAQ_LISTED
6500,QDIV,NOT_NASDAQ_LISTED
6501,QDYN,NOT_NASDAQ_LISTED
6502,QED,NOT_NASDAQ_LISTED
6503,QEFA,NOT_NASDAQ_LISTED
6504,QEMM,NOT_NASDAQ_LISTED
6505,QEP,NOT_NASDAQ_LISTED
6506,QES,NOT_NASDAQ_LISTED
6507,QFIN,NOT_COMMON_STOCK
6508,QGEN,NOT_NASDAQ_LISTED
6509,QGRO,NOT_NASDAQ_LISTED
6510,QGTA,NOT_NASDAQ_LISTED
6511,QHC,NOT_NASDAQ_LISTED
6512,QID,NOT_NASDAQ_LISTED
6513,QINT,NOT_NASDAQ_LISTED
6514,QIWI,NOT_COMMON_STOCK
6515,QLC,NOT_COMMON_STOCK
6516,QLD,NOT_NASDAQ_LISTED
6517,QLS,NOT_NASDAQ_LISTED
6518,QLTA,NOT_NASDAQ_LISTED
6519,QLV,NOT_NASDAQ_LISTED
6520,QLVD,NOT_NASDAQ_LISTED
6521,QLVE,NOT_NASDAQ_LISTED
6523,QMN,NOT_NASDAQ_LISTED
6524,QMOM,NOT_NASDAQ_LISTED
6526,QQEW,NOT_COMMON_STOCK
6527,QQQ,NOT_COMMON_STOCK
6528,QQQE,NOT_NASDAQ_LISTED
6529,QQQX,NOT_COMMON_STOCK
6530,QQXT,NOT_COMMON_STOCK
6531,QRFT,NOT_NASDAQ_LISTED
6532,QRHC,FIRST_ADD_PRICE_BELOW_FLOOR
6534,QRTEB,FIRST_ADD_PRICE_BELOW_FLOOR
6536,QSR,NOT_NASDAQ_LISTED
6537,QSY,NOT_NASDAQ_LISTED
6538,QTEC,NOT_COMMON_STOCK
6539,QTNT,NOT_COMMON_STOCK
6540,QTRH,FIRST_ADD_PRICE_BELOW_FLOOR
6542,QTS,NOT_NASDAQ_LISTED
6543,QTS-A,NOT_NASDAQ_LISTED
6544,QTS-B,NOT_NASDAQ_LISTED
6545,QTT,NOT_COMMON_STOCK
6546,QTUM,NOT_NASDAQ_LISTED
6547,QTWO,NOT_NASDAQ_LISTED
6548,QUAD,NOT_NASDAQ_LISTED
6549,QUAL,NOT_NASDAQ_LISTED
6550,QUIK,FIRST_ADD_PRICE_BELOW_FLOOR
6551,QUMU,FIRST_ADD_PRICE_BELOW_FLOOR
6552,QUOT,NOT_NASDAQ_LISTED
6553,QURE,NOT_COMMON_STOCK
6554,QUS,NOT_NASDAQ_LISTED
6555,QVAL,NOT_NASDAQ_LISTED
6556,QVCD,NOT_NASDAQ_LISTED
6557,QVM,NOT_NASDAQ_LISTED
6558,QWLD,NOT_NASDAQ_LISTED
6559,QYLD,NOT_COMMON_STOCK
6560,R,NOT_NASDAQ_LISTED
6561,RA,NOT_NASDAQ_LISTED
6562,RAAX,NOT_NASDAQ_LISTED
6563,RACE,NOT_NASDAQ_LISTED
6564,RAD,NOT_NASDAQ_LISTED
6565,RADA,NOT_COMMON_STOCK
6567,RALS,NOT_NASDAQ_LISTED
6568,RAMP,NOT_NASDAQ_LISTED
6570,RARE,FIRST_ADD_PRICE_BELOW_FLOOR
6573,RAVI,NOT_NASDAQ_LISTED
6574,RAVN,FIRST_ADD_PRICE_BELOW_FLOOR
6575,RBA,NOT_NASDAQ_LISTED
6576,RBB,FIRST_ADD_PRICE_BELOW_FLOOR
6578,RBC,NOT_NASDAQ_LISTED
6580,RBCN,FIRST_ADD_PRICE_BELOW_FLOOR
6581,RBIN,NOT_NASDAQ_LISTED
6582,RBKB,FIRST_ADD_PRICE_BELOW_FLOOR
6583,RBNC,FIRST_ADD_PRICE_BELOW_FLOOR
6584,RBS,NOT_NASDAQ_LISTED
6585,RBUS,NOT_NASDAQ_LISTED
6586,RBZ,NOT_COMMON_STOCK
6587,RC,NOT_NASDAQ_LISTED
6588,RCA,NOT_NASDAQ_LISTED
6589,RCB,NOT_NASDAQ_LISTED
6590,RCD,NOT_NASDAQ_LISTED
6591,RCG,NOT_NASDAQ_LISTED
6592,RCI,NOT_NASDAQ_LISTED
6595,RCKY,FIRST_ADD_PRICE_BELOW_FLOOR
6596,RCL,NOT_NASDAQ_LISTED
6599,RCON,NOT_COMMON_STOCK
6600,RCP,NOT_NASDAQ_LISTED
6601,RCS,NOT_NASDAQ_LISTED
6602,RCUS,NOT_NASDAQ_LISTED
6603,RDCM,NOT_COMMON_STOCK
6605,RDHL,NOT_COMMON_STOCK
6607,RDIB,FIRST_ADD_PRICE_BELOW_FLOOR
6608,RDIV,NOT_NASDAQ_LISTED
6609,RDN,NOT_NASDAQ_LISTED
6611,RDS.A,NOT_NASDAQ_LISTED
6612,RDS.B,NOT_NASDAQ_LISTED
6615,RDVY,NOT_COMMON_STOCK
6616,RDWR,NOT_COMMON_STOCK
6617,RDY,NOT_NASDAQ_LISTED
6618,RE,NOT_NASDAQ_LISTED
6621,REDU,NOT_COMMON_STOCK
6622,REDV,NOT_NASDAQ_LISTED
6624,REEM,NOT_NASDAQ_LISTED
6625,REET,NOT_NASDAQ_LISTED
6626,REFA,NOT_NASDAQ_LISTED
6630,REGL,NOT_NASDAQ_LISTED
6632,REI,NOT_NASDAQ_LISTED
6633,REK,NOT_NASDAQ_LISTED
6637,RELX,NOT_NASDAQ_LISTED
6638,REM,NOT_NASDAQ_LISTED
6639,REML,NOT_NASDAQ_LISTED
6640,REMX,NOT_NASDAQ_LISTED
6641,RENN,NOT_NASDAQ_LISTED
6642,REPH,FIRST_ADD_PRICE_BELOW_FLOOR
6643,REPL,FIRST_ADD_PRICE_BELOW_FLOOR
6644,RES,NOT_NASDAQ_LISTED
6645,RESI,NOT_NASDAQ_LISTED
6648,RETL,NOT_NASDAQ_LISTED
6649,RETO,FIRST_ADD_PRICE_BELOW_FLOOR
6650,REV,NOT_NASDAQ_LISTED
6651,REVG,NOT_NASDAQ_LISTED
6652,REW,NOT_NASDAQ_LISTED
6653,REX,NOT_NASDAQ_LISTED
6655,REXR,NOT_NASDAQ_LISTED
6656,REXR-A,NOT_NASDAQ_LISTED
6657,REXR-B,NOT_NASDAQ_LISTED
6658,REZ,NOT_NASDAQ_LISTED
6659,REZI,NOT_NASDAQ_LISTED
6660,RF,NOT_NASDAQ_LISTED
6661,RF-A,NOT_NASDAQ_LISTED
6662,RF-B,NOT_NASDAQ_LISTED
6663,RF-C,NOT_NASDAQ_LISTED
6664,RFAP,NOT_COMMON_STOCK
6665,RFCI,NOT_NASDAQ_LISTED
6666,RFDA,NOT_NASDAQ_LISTED
6667,RFDI,NOT_COMMON_STOCK
6668,RFEM,NOT_COMMON_STOCK
6669,RFEU,NOT_COMMON_STOCK
6670,RFFC,NOT_NASDAQ_LISTED
6671,RFG,NOT_NASDAQ_LISTED
6672,RFI,NOT_NASDAQ_LISTED
6673,RFIL,FIRST_ADD_PRICE_BELOW_FLOOR
6674,RFL,NOT_NASDAQ_LISTED
6675,RFP,NOT_NASDAQ_LISTED
6676,RFUN,NOT_NASDAQ_LISTED
6677,RFV,NOT_NASDAQ_LISTED
6678,RGA,NOT_NASDAQ_LISTED
6679,RGCO,FIRST_ADD_PRICE_BELOW_FLOOR
6681,RGI,NOT_NASDAQ_LISTED
6682,RGLB,NOT_NASDAQ_LISTED
6686,RGR,NOT_NASDAQ_LISTED
6687,RGS,NOT_NASDAQ_LISTED
6688,RGT,NOT_NASDAQ_LISTED
6689,RH,NOT_NASDAQ_LISTED
6690,RHE,NOT_NASDAQ_LISTED
6691,RHE-A,NOT_NASDAQ_LISTED
6692,RHI,NOT_NASDAQ_LISTED
6693,RHP,NOT_NASDAQ_LISTED
6694,RHS,NOT_NASDAQ_LISTED
6697,RIDV,NOT_NASDAQ_LISTED
6698,RIF,NOT_NASDAQ_LISTED
6699,RIG,NOT_NASDAQ_LISTED
6701,RIGS,NOT_NASDAQ_LISTED
6702,RILY,FIRST_ADD_PRICE_BELOW_FLOOR
6703,RILYG,NOT_COMMON_STOCK
6704,RILYH,NOT_COMMON_STOCK
6705,RILYI,NOT_COMMON_STOCK
6706,RILYL,NOT_COMMON_STOCK
6707,RILYO,NOT_COMMON_STOCK
6708,RILYZ,NOT_COMMON_STOCK
6709,RINF,NOT_NASDAQ_LISTED
6710,RING,NOT_COMMON_STOCK
6711,RIO,NOT_NASDAQ_LISTED
6713,RISE,NOT_NASDAQ_LISTED
6714,RIV,NOT_NASDAQ_LISTED
6715,RIVE,FIRST_ADD_PRICE_BELOW_FLOOR
6716,RJA,NOT_NASDAQ_LISTED
6717,RJF,NOT_NASDAQ_LISTED
6718,RJI,NOT_NASDAQ_LISTED
6719,RJN,NOT_NASDAQ_LISTED
6720,RJZ,NOT_NASDAQ_LISTED
6722,RL,NOT_NASDAQ_LISTED
6723,RLGT,NOT_NASDAQ_LISTED
6724,RLGY,NOT_NASDAQ_LISTED
6725,RLH,NOT_NASDAQ_LISTED
6726,RLI,NOT_NASDAQ_LISTED
6727,RLJ,NOT_NASDAQ_LISTED
6728,RLJ-A,NOT_NASDAQ_LISTED
6729,RLM,NOT_COMMON_STOCK
6730,RLY,NOT_NASDAQ_LISTED
6731,RM,NOT_NASDAQ_LISTED
6732,RMAX,NOT_NASDAQ_LISTED
6733,RMBI,FIRST_ADD_PRICE_BELOW_FLOOR
6736,RMCF,FIRST_ADD_PRICE_BELOW_FLOOR
6737,RMD,NOT_NASDAQ_LISTED
6738,RMED,NOT_NASDAQ_LISTED
6739,RMG,NOT_NASDAQ_LISTED
6740,RMG+,NOT_NASDAQ_LISTED
6741,RMG=,NOT_NASDAQ_LISTED
6742,RMI,NOT_NASDAQ_LISTED
6743,RMM,NOT_NASDAQ_LISTED
6744,RMNI,FIRST_ADD_PRICE_BELOW_FLOOR
6745,RMPL-,NOT_NASDAQ_LISTED
6747,RMT,NOT_NASDAQ_LISTED
6749,RNDB,FIRST_ADD_PRICE_BELOW_FLOOR
6750,RNDM,NOT_COMMON_STOCK
6751,RNDV,NOT_COMMON_STOCK
6752,RNEM,NOT_COMMON_STOCK
6753,RNET,FIRST_ADD_PRICE_BELOW_FLOOR
6754,RNG,NOT_NASDAQ_LISTED
6755,RNGR,NOT_NASDAQ_LISTED
6756,RNLC,NOT_COMMON_STOCK
6757,RNMC,NOT_COMMON_STOCK
6758,RNP,NOT_NASDAQ_LISTED
6759,RNR,NOT_NASDAQ_LISTED
6760,RNR-C,NOT_NASDAQ_LISTED
6761,RNR-E,NOT_NASDAQ_LISTED
6762,RNR-F,NOT_NASDAQ_LISTED
6763,RNSC,NOT_COMMON_STOCK
6764,RNST,FIRST_ADD_PRICE_BELOW_FLOOR
6766,ROAD,FIRST_ADD_PRICE_BELOW_FLOOR
6767,ROAM,NOT_NASDAQ_LISTED
6768,ROAN,NOT_NASDAQ_LISTED
6769,ROBO,NOT_NASDAQ_LISTED
6770,ROBT,NOT_COMMON_STOCK
6772,RODI,NOT_NASDAQ_LISTED
6773,RODM,NOT_NASDAQ_LISTED
6774,ROG,NOT_NASDAQ_LISTED
6775,ROGS,NOT_NASDAQ_LISTED
6776,ROIC,FIRST_ADD_PRICE_BELOW_FLOOR
6777,ROK,NOT_NASDAQ_LISTED
6778,ROKT,NOT_NASDAQ_LISTED
6780,ROL,NOT_NASDAQ_LISTED
6781,ROLL,FIRST_ADD_PRICE_BELOW_FLOOR
6782,ROM,NOT_NASDAQ_LISTED
6783,ROOF,NOT_NASDAQ_LISTED
6784,ROP,NOT_NASDAQ_LISTED
6785,RORE,NOT_NASDAQ_LISTED
6787,ROSEU,NOT_COMMON_STOCK
6788,ROSEW,NOT_COMMON_STOCK
6790,ROUS,NOT_NASDAQ_LISTED
6791,ROX,NOT_NASDAQ_LISTED
6792,ROYT,NOT_NASDAQ_LISTED
6794,RPAI,NOT_NASDAQ_LISTED
6796,RPAYW,NOT_COMMON_STOCK
6798,RPG,NOT_NASDAQ_LISTED
6799,RPLA,NOT_NASDAQ_LISTED
6800,RPLA+,NOT_NASDAQ_LISTED
6801,RPLA=,NOT_NASDAQ_LISTED
6802,RPM,NOT_NASDAQ_LISTED
6803,RPT,NOT_NASDAQ_LISTED
6804,RPT-D,NOT_NASDAQ_LISTED
6805,RPUT,NOT_NASDAQ_LISTED
6806,RPV,NOT_NASDAQ_LISTED
6807,RQI,NOT_NASDAQ_LISTED
6808,RRBI,FIRST_ADD_PRICE_BELOW_FLOOR
6809,RRC,NOT_NASDAQ_LISTED
6810,RRD,NOT_NASDAQ_LISTED
6811,RRGB,FIRST_ADD_PRICE_BELOW_FLOOR
6813,RRTS,NOT_NASDAQ_LISTED
6814,RS,NOT_NASDAQ_LISTED
6815,RSF,NOT_NASDAQ_LISTED
6816,RSG,NOT_NASDAQ_LISTED
6817,RSP,NOT_NASDAQ_LISTED
6818,RST,NOT_NASDAQ_LISTED
6819,RSX,NOT_NASDAQ_LISTED
6820,RSXJ,NOT_NASDAQ_LISTED
6821,RTEC,NOT_NASDAQ_LISTED
6822,RTH,NOT_NASDAQ_LISTED
6824,RTL,NOT_NASDAQ_LISTED
6825,RTLR,NOT_COMMON_STOCK
6826,RTM,NOT_NASDAQ_LISTED
6827,RTN,NOT_NASDAQ_LISTED
6830,RTW,NOT_NASDAQ_LISTED
6831,RUBI,NOT_NASDAQ_LISTED
6833,RUHN,NOT_COMMON_STOCK
6835,RUSHA,FIRST_ADD_PRICE_BELOW_FLOOR
6836,RUSHB,FIRST_ADD_PRICE_BELOW_FLOOR
6837,RUSL,NOT_NASDAQ_LISTED
6838,RUSS,NOT_NASDAQ_LISTED
6839,RUTH,FIRST_ADD_PRICE_BELOW_FLOOR
6841,RVI,NOT_NASDAQ_LISTED
6842,RVLT,FIRST_ADD_PRICE_BELOW_FLOOR
6843,RVLV,NOT_NASDAQ_LISTED
6845,RVNU,NOT_NASDAQ_LISTED
6846,RVP,NOT_NASDAQ_LISTED
6847,RVRS,NOT_NASDAQ_LISTED
6848,RVSB,FIRST_ADD_PRICE_BELOW_FLOOR
6849,RVT,NOT_NASDAQ_LISTED
6850,RWCD,NOT_NASDAQ_LISTED
6851,RWDC,NOT_NASDAQ_LISTED
6852,RWDE,NOT_NASDAQ_LISTED
6853,RWED,NOT_NASDAQ_LISTED
6854,RWGE,NOT_NASDAQ_LISTED
6855,RWGE+,NOT_NASDAQ_LISTED
6856,RWGE=,NOT_NASDAQ_LISTED
6857,RWGV,NOT_NASDAQ_LISTED
6858,RWIU,NOT_NASDAQ_LISTED
6859,RWJ,NOT_NASDAQ_LISTED
6860,RWK,NOT_NASDAQ_LISTED
6861,RWL,NOT_NASDAQ_LISTED
6862,RWLK,NOT_COMMON_STOCK
6863,RWLS,NOT_NASDAQ_LISTED
6864,RWM,NOT_NASDAQ_LISTED
6865,RWO,NOT_NASDAQ_LISTED
6866,RWR,NOT_NASDAQ_LISTED
6867,RWSL,NOT_NASDAQ_LISTED
6868,RWT,NOT_NASDAQ_LISTED
6869,RWUI,NOT_NASDAQ_LISTED
6870,RWVG,NOT_NASDAQ_LISTED
6871,RWW,NOT_NASDAQ_LISTED
6872,RWX,NOT_NASDAQ_LISTED
6873,RXD,NOT_NASDAQ_LISTED
6874,RXI,NOT_NASDAQ_LISTED
6875,RXL,NOT_NASDAQ_LISTED
6876,RXN,NOT_NASDAQ_LISTED
6877,RXN-A,NOT_NASDAQ_LISTED
6878,RY,NOT_NASDAQ_LISTED
6879,RY-T,NOT_NASDAQ_LISTED
6880,RYAAY,NOT_COMMON_STOCK
6881,RYAM,NOT_NASDAQ_LISTED
6882,RYAM-A,NOT_NASDAQ_LISTED
6883,RYB,NOT_NASDAQ_LISTED
6884,RYE,NOT_NASDAQ_LISTED
6885,RYF,NOT_NASDAQ_LISTED
6886,RYH,NOT_NASDAQ_LISTED
6887,RYI,NOT_NASDAQ_LISTED
6888,RYJ,NOT_NASDAQ_LISTED
6889,RYLD,NOT_NASDAQ_LISTED
6890,RYN,NOT_NASDAQ_LISTED
6891,RYT,NOT_NASDAQ_LISTED
6893,RYU,NOT_NASDAQ_LISTED
6894,RYZZ,NOT_NASDAQ_LISTED
6895,RZA,NOT_NASDAQ_LISTED
6896,RZB,NOT_NASDAQ_LISTED
6897,RZG,NOT_NASDAQ_LISTED
6898,RZV,NOT_NASDAQ_LISTED
6899,S,NOT_NASDAQ_LISTED
6900,SA,NOT_NASDAQ_LISTED
6901,SAA,NOT_NASDAQ_LISTED
6902,SAB,NOT_NASDAQ_LISTED
6903,SABR,FIRST_ADD_PRICE_BELOW_FLOOR
6904,SACH,NOT_NASDAQ_LISTED
6906,SAF,NOT_NASDAQ_LISTED
6907,SAFE,NOT_NASDAQ_LISTED
6909,SAFT,FIRST_ADD_PRICE_BELOW_FLOOR
6911,SAGG,NOT_NASDAQ_LISTED
6912,SAH,NOT_NASDAQ_LISTED
6913,SAIA,FIRST_ADD_PRICE_BELOW_FLOOR
6914,SAIC,NOT_NASDAQ_LISTED
6915,SAIL,NOT_NASDAQ_LISTED
6917,SALM,FIRST_ADD_PRICE_BELOW_FLOOR
6918,SALT,NOT_NASDAQ_LISTED
6919,SAM,NOT_NASDAQ_LISTED
6921,SAMAU,NOT_COMMON_STOCK
6922,SAMAW,NOT_COMMON_STOCK
6924,SAN,NOT_NASDAQ_LISTED
6925,SAN-B,NOT_NASDAQ_LISTED
6926,SAND,NOT_NASDAQ_LISTED
6927,SANM,FIRST_ADD_PRICE_BELOW_FLOOR
6929,SAP,NOT_NASDAQ_LISTED
6930,SAR,NOT_NASDAQ_LISTED
6932,SATS,FIRST_ADD_PRICE_BELOW_FLOOR
6933,SAUC,FIRST_ADD_PRICE_BELOW_FLOOR
6935,SAVE,NOT_NASDAQ_LISTED
6936,SB,NOT_NASDAQ_LISTED
6937,SB-C,NOT_NASDAQ_LISTED
6938,SB-D,NOT_NASDAQ_LISTED
6940,SBB,NOT_NASDAQ_LISTED
6941,SBBP,NOT_COMMON_STOCK
6944,SBE=,NOT_NASDAQ_LISTED
6945,SBFG,FIRST_ADD_PRICE_BELOW_FLOOR
6946,SBFGP,NOT_COMMON_STOCK
6947,SBGI,FIRST_ADD_PRICE_BELOW_FLOOR
6948,SBGL,NOT_NASDAQ_LISTED
6949,SBH,NOT_NASDAQ_LISTED
6950,SBI,NOT_NASDAQ_LISTED
6951,SBIO,NOT_NASDAQ_LISTED
6952,SBLK,FIRST_ADD_PRICE_BELOW_FLOOR
6953,SBLKZ,NOT_COMMON_STOCK
6954,SBM,NOT_NASDAQ_LISTED
6955,SBNA,NOT_NASDAQ_LISTED
6957,SBOW,NOT_NASDAQ_LISTED
6959,SBR,NOT_NASDAQ_LISTED
6961,SBS,NOT_NASDAQ_LISTED
6962,SBSI,FIRST_ADD_PRICE_BELOW_FLOOR
6963,SBT,FIRST_ADD_PRICE_BELOW_FLOOR
6965,SC,NOT_NASDAQ_LISTED
6966,SCA,NOT_NASDAQ_LISTED
6967,SCAP,NOT_NASDAQ_LISTED
6968,SCC,NOT_NASDAQ_LISTED
6969,SCCB,NOT_NASDAQ_LISTED
6970,SCCO,NOT_NASDAQ_LISTED
6971,SCD,NOT_NASDAQ_LISTED
6972,SCE-B,NOT_NASDAQ_LISTED
6973,SCE-C,NOT_NASDAQ_LISTED
6974,SCE-D,NOT_NASDAQ_LISTED
6975,SCE-E,NOT_NASDAQ_LISTED
6976,SCE-G,NOT_NASDAQ_LISTED
6977,SCE-H,NOT_NASDAQ_LISTED
6978,SCE-J,NOT_NASDAQ_LISTED
6979,SCE-K,NOT_NASDAQ_LISTED
6980,SCE-L,NOT_NASDAQ_LISTED
6981,SCHA,NOT_NASDAQ_LISTED
6982,SCHB,NOT_NASDAQ_LISTED
6983,SCHC,NOT_NASDAQ_LISTED
6984,SCHD,NOT_NASDAQ_LISTED
6985,SCHE,NOT_NASDAQ_LISTED
6986,SCHF,NOT_NASDAQ_LISTED
6987,SCHG,NOT_NASDAQ_LISTED
6988,SCHH,NOT_NASDAQ_LISTED
6989,SCHK,NOT_NASDAQ_LISTED
6991,SCHM,NOT_NASDAQ_LISTED
6993,SCHO,NOT_NASDAQ_LISTED
6994,SCHP,NOT_NASDAQ_LISTED
6995,SCHR,NOT_NASDAQ_LISTED
6996,SCHV,NOT_NASDAQ_LISTED
6997,SCHW,NOT_NASDAQ_LISTED
6998,SCHW-C,NOT_NASDAQ_LISTED
6999,SCHW-D,NOT_NASDAQ_LISTED
7000,SCHX,NOT_NASDAQ_LISTED
7001,SCHZ,NOT_NASDAQ_LISTED
7002,SCI,NOT_NASDAQ_LISTED
7003,SCID,NOT_NASDAQ_LISTED
7004,SCIF,NOT_NASDAQ_LISTED
7005,SCIJ,NOT_NASDAQ_LISTED
7006,SCIU,NOT_NASDAQ_LISTED
7007,SCIX,NOT_NASDAQ_LISTED
7008,SCJ,NOT_NASDAQ_LISTED
7009,SCKT,FIRST_ADD_PRICE_BELOW_FLOOR
7010,SCL,NOT_NASDAQ_LISTED
7011,SCM,NOT_NASDAQ_LISTED
7012,SCO,NOT_NASDAQ_LISTED
7013,SCOM,NOT_NASDAQ_LISTED
7014,SCON,FIRST_ADD_PRICE_BELOW_FLOOR
7016,SCPE=,NOT_NASDAQ_LISTED
7019,SCS,NOT_NASDAQ_LISTED
7021,SCVL,FIRST_ADD_PRICE_BELOW_FLOOR
7022,SCWX,FIRST_ADD_PRICE_BELOW_FLOOR
7023,SCX,NOT_NASDAQ_LISTED
7025,SCZ,NOT_COMMON_STOCK
7026,SD,NOT_NASDAQ_LISTED
7027,SDAG,NOT_NASDAQ_LISTED
7028,SDCI,NOT_NASDAQ_LISTED
7029,SDD,NOT_NASDAQ_LISTED
7030,SDEM,NOT_NASDAQ_LISTED
7031,SDG,NOT_COMMON_STOCK
7032,SDGA,NOT_NASDAQ_LISTED
7033,SDI,NOT_NASDAQ_LISTED
7034,SDIV,NOT_NASDAQ_LISTED
7035,SDLP,NOT_NASDAQ_LISTED
7036,SDOG,NOT_NASDAQ_LISTED
7037,SDOW,NOT_NASDAQ_LISTED
7038,SDP,NOT_NASDAQ_LISTED
7039,SDPI,NOT_NASDAQ_LISTED
7040,SDR,NOT_NASDAQ_LISTED
7041,SDRL,NOT_NASDAQ_LISTED
7042,SDS,NOT_NASDAQ_LISTED
7043,SDT,NOT_NASDAQ_LISTED
7044,SDVY,NOT_COMMON_STOCK
7045,SDY,NOT_NASDAQ_LISTED
7046,SDYL,NOT_NASDAQ_LISTED
7047,SE,NOT_NASDAQ_LISTED
7048,SEA,NOT_NASDAQ_LISTED
7050,SEAS,NOT_NASDAQ_LISTED
7051,SEB,NOT_NASDAQ_LISTED
7052,SECO,NOT_COMMON_STOCK
7053,SECT,NOT_NASDAQ_LISTED
7055,SEE,NOT_NASDAQ_LISTED
7058,SEF,NOT_NASDAQ_LISTED
7060,SEIX,NOT_NASDAQ_LISTED
7063,SEM,NOT_NASDAQ_LISTED
7064,SEMG,NOT_NASDAQ_LISTED
7065,SENEA,FIRST_ADD_PRICE_BELOW_FLOOR
7066,SENEB,FIRST_ADD_PRICE_BELOW_FLOOR
7067,SENS,NOT_NASDAQ_LISTED
7068,SERV,NOT_NASDAQ_LISTED
7071,SF,NOT_NASDAQ_LISTED
7072,SF-A,NOT_NASDAQ_LISTED
7073,SF-B,NOT_NASDAQ_LISTED
7074,SFB,NOT_NASDAQ_LISTED
7076,SFBS,FIRST_ADD_PRICE_BELOW_FLOOR
7077,SFE,NOT_NASDAQ_LISTED
7078,SFET,NOT_COMMON_STOCK
7079,SFHY,NOT_NASDAQ_LISTED
7080,SFIG,NOT_NASDAQ_LISTED
7082,SFL,NOT_NASDAQ_LISTED
7087,SFUN,NOT_NASDAQ_LISTED
7088,SFY,NOT_NASDAQ_LISTED
7089,SFYF,NOT_NASDAQ_LISTED
7090,SFYX,NOT_NASDAQ_LISTED
7091,SG,FIRST_ADD_PRICE_BELOW_FLOOR
7093,SGB,NOT_NASDAQ_LISTED
7096,SGDJ,NOT_NASDAQ_LISTED
7097,SGDM,NOT_NASDAQ_LISTED
7099,SGG,NOT_NASDAQ_LISTED
7100,SGH,NOT_COMMON_STOCK
7102,SGLBW,NOT_COMMON_STOCK
7106,SGOC,NOT_COMMON_STOCK
7107,SGOL,NOT_NASDAQ_LISTED
7108,SGRP,FIRST_ADD_PRICE_BELOW_FLOOR
7110,SGU,NOT_NASDAQ_LISTED
7111,SH,NOT_NASDAQ_LISTED
7112,SHAG,NOT_NASDAQ_LISTED
7113,SHAK,NOT_NASDAQ_LISTED
7115,SHE,NOT_NASDAQ_LISTED
7116,SHEN,FIRST_ADD_PRICE_BELOW_FLOOR
7117,SHG,NOT_NASDAQ_LISTED
7118,SHI,NOT_NASDAQ_LISTED
7120,SHIPW,NOT_COMMON_STOCK
7121,SHIPZ,NOT_COMMON_STOCK
7122,SHLL,NOT_NASDAQ_LISTED
7123,SHLL+,NOT_NASDAQ_LISTED
7124,SHLL=,NOT_NASDAQ_LISTED
7125,SHLO,FIRST_ADD_PRICE_BELOW_FLOOR
7126,SHLX,NOT_NASDAQ_LISTED
7127,SHM,NOT_NASDAQ_LISTED
7128,SHO,NOT_NASDAQ_LISTED
7129,SHO-E,NOT_NASDAQ_LISTED
7130,SHO-F,NOT_NASDAQ_LISTED
7132,SHOP,NOT_NASDAQ_LISTED
7134,SHSP,FIRST_ADD_PRICE_BELOW_FLOOR
7135,SHV,NOT_COMMON_STOCK
7136,SHW,NOT_NASDAQ_LISTED
7137,SHY,NOT_COMMON_STOCK
7138,SHYD,NOT_NASDAQ_LISTED
7139,SHYG,NOT_NASDAQ_LISTED
7140,SHYL,NOT_NASDAQ_LISTED
7143,SID,NOT_NASDAQ_LISTED
7146,SIF,NOT_NASDAQ_LISTED
7147,SIFY,NOT_COMMON_STOCK
7148,SIG,NOT_NASDAQ_LISTED
7149,SIGA,FIRST_ADD_PRICE_BELOW_FLOOR
7150,SIGI,FIRST_ADD_PRICE_BELOW_FLOOR
7151,SIJ,NOT_NASDAQ_LISTED
7152,SIL,NOT_NASDAQ_LISTED
7153,SILC,NOT_COMMON_STOCK
7154,SILJ,NOT_NASDAQ_LISTED
7156,SILV,NOT_NASDAQ_LISTED
7157,SIM,NOT_NASDAQ_LISTED
7158,SIMO,NOT_COMMON_STOCK
7159,SIMS,NOT_NASDAQ_LISTED
7160,SINA,NOT_COMMON_STOCK
7164,SITC,NOT_NASDAQ_LISTED
7165,SITC-A,NOT_NASDAQ_LISTED
7166,SITC-J,NOT_NASDAQ_LISTED
7167,SITC-K,NOT_NASDAQ_LISTED
7168,SITE,NOT_NASDAQ_LISTED
7169,SITO,FIRST_ADD_PRICE_BELOW_FLOOR
7171,SIVR,NOT_NASDAQ_LISTED
7172,SIX,NOT_NASDAQ_LISTED
7173,SIZ,NOT_NASDAQ_LISTED
7174,SIZE,NOT_NASDAQ_LISTED
7175,SJB,NOT_NASDAQ_LISTED
7176,SJI,NOT_NASDAQ_LISTED
7177,SJIU,NOT_NASDAQ_LISTED
7178,SJM,NOT_NASDAQ_LISTED
7179,SJNK,NOT_NASDAQ_LISTED
7180,SJR,NOT_NASDAQ_LISTED
7181,SJT,NOT_NASDAQ_LISTED
7182,SJW,NOT_NASDAQ_LISTED
7183,SKF,NOT_NASDAQ_LISTED
7185,SKM,NOT_NASDAQ_LISTED
7186,SKOR,NOT_COMMON_STOCK
7187,SKT,NOT_NASDAQ_LISTED
7188,SKX,NOT_NASDAQ_LISTED
7189,SKY,NOT_NASDAQ_LISTED
7190,SKYS,NOT_COMMON_STOCK
7191,SKYW,FIRST_ADD_PRICE_BELOW_FLOOR
7192,SKYY,NOT_COMMON_STOCK
7194,SLB,NOT_NASDAQ_LISTED
7195,SLCA,NOT_NASDAQ_LISTED
7196,SLCT,FIRST_ADD_PRICE_BELOW_FLOOR
7198,SLF,NOT_NASDAQ_LISTED
7199,SLG,NOT_NASDAQ_LISTED
7200,SLG-I,NOT_NASDAQ_LISTED
7202,SLGL,NOT_COMMON_STOCK
7203,SLGN,FIRST_ADD_PRICE_BELOW_FLOOR
7204,SLIM,NOT_COMMON_STOCK
7206,SLMBP,NOT_COMMON_STOCK
7209,SLNOW,NOT_COMMON_STOCK
7211,SLQD,NOT_COMMON_STOCK
7214,SLS,FIRST_ADD_PRICE_BELOW_FLOOR
7215,SLT,NOT_NASDAQ_LISTED
7216,SLTB*,NOT_NASDAQ_LISTED
7217,SLV,NOT_NASDAQ_LISTED
7218,SLVO,NOT_COMMON_STOCK
7219,SLVP,NOT_NASDAQ_LISTED
7220,SLX,NOT_NASDAQ_LISTED
7221,SLY,NOT_NASDAQ_LISTED
7222,SLYG,NOT_NASDAQ_LISTED
7223,SLYV,NOT_NASDAQ_LISTED
7224,SM,NOT_NASDAQ_LISTED
7225,SMAR,NOT_NASDAQ_LISTED
7226,SMB,NOT_NASDAQ_LISTED
7228,SMBK,FIRST_ADD_PRICE_BELOW_FLOOR
7229,SMCP,NOT_COMMON_STOCK
7230,SMDD,NOT_NASDAQ_LISTED
7231,SMDV,NOT_NASDAQ_LISTED
7232,SMED,FIRST_ADD_PRICE_BELOW_FLOOR
7233,SMEZ,NOT_NASDAQ_LISTED
7234,SMFG,NOT_NASDAQ_LISTED
7235,SMG,NOT_NASDAQ_LISTED
7236,SMH,NOT_NASDAQ_LISTED
7237,SMHB,NOT_NASDAQ_LISTED
7238,SMHD,NOT_NASDAQ_LISTED
7239,SMHI,NOT_NASDAQ_LISTED
7240,SMIN,NOT_NASDAQ_LISTED
7242,SMLF,NOT_NASDAQ_LISTED
7243,SMLL,NOT_NASDAQ_LISTED
7244,SMLP,NOT_NASDAQ_LISTED
7245,SMLV,NOT_NASDAQ_LISTED
7246,SMM,NOT_NASDAQ_LISTED
7247,SMMC,FIRST_ADD_PRICE_BELOW_FLOOR
7248,SMMCU,NOT_COMMON_STOCK
7249,SMMCW,NOT_COMMON_STOCK
7250,SMMD,NOT_NASDAQ_LISTED
7251,SMMF,FIRST_ADD_PRICE_BELOW_FLOOR
7252,SMMT,NOT_COMMON_STOCK
7253,SMMU,NOT_NASDAQ_LISTED
7254,SMMV,NOT_NASDAQ_LISTED
7255,SMN,NOT_NASDAQ_LISTED
7256,SMOG,NOT_NASDAQ_LISTED
7257,SMP,NOT_NASDAQ_LISTED
7259,SMRT,FIRST_ADD_PRICE_BELOW_FLOOR
7261,SMTA,NOT_NASDAQ_LISTED
7263,SMTS,NOT_NASDAQ_LISTED
7264,SMTX,FIRST_ADD_PRICE_BELOW_FLOOR
7265,SNA,NOT_NASDAQ_LISTED
7266,SNAP,NOT_NASDAQ_LISTED
7270,SNDE,NOT_COMMON_STOCK
7271,SNDR,NOT_NASDAQ_LISTED
7272,SNDX,FIRST_ADD_PRICE_BELOW_FLOOR
7273,SNE,NOT_NASDAQ_LISTED
7275,SNFCA,FIRST_ADD_PRICE_BELOW_FLOOR
7277,SNGXW,NOT_COMMON_STOCK
7278,SNH,NOT_COMMON_STOCK
7279,SNHNI,NOT_COMMON_STOCK
7280,SNHNL,NOT_COMMON_STOCK
7281,SNLN,NOT_COMMON_STOCK
7282,SNMP,NOT_NASDAQ_LISTED
7283,SNN,NOT_NASDAQ_LISTED
7284,SNNA,FIRST_ADD_PRICE_BELOW_FLOOR
7286,SNOAW,NOT_COMMON_STOCK
7287,SNP,NOT_NASDAQ_LISTED
7288,SNPE,NOT_NASDAQ_LISTED
7290,SNR,NOT_NASDAQ_LISTED
7291,SNSR,NOT_COMMON_STOCK
7292,SNSS,FIRST_ADD_PRICE_BELOW_FLOOR
7293,SNV,NOT_NASDAQ_LISTED
7294,SNV-D,NOT_NASDAQ_LISTED
7295,SNV-E,NOT_NASDAQ_LISTED
7296,SNX,NOT_NASDAQ_LISTED
7297,SNY,NOT_COMMON_STOCK
7298,SO,NOT_NASDAQ_LISTED
7299,SOCL,NOT_COMMON_STOCK
7300,SOGO,NOT_NASDAQ_LISTED
7301,SOHO,FIRST_ADD_PRICE_BELOW_FLOOR
7302,SOHOB,NOT_COMMON_STOCK
7303,SOHON,NOT_COMMON_STOCK
7304,SOHOO,NOT_COMMON_STOCK
7305,SOHU,NOT_COMMON_STOCK
7306,SOI,NOT_NASDAQ_LISTED
7307,SOIL,NOT_NASDAQ_LISTED
7308,SOJA,NOT_NASDAQ_LISTED
7309,SOJB,NOT_NASDAQ_LISTED
7310,SOJC,NOT_NASDAQ_LISTED
7311,SOL,NOT_NASDAQ_LISTED
7313,SOLOW,NOT_COMMON_STOCK
7315,SON,NOT_NASDAQ_LISTED
7319,SOR,NOT_NASDAQ_LISTED
7321,SOVB,NOT_NASDAQ_LISTED
7322,SOXL,NOT_NASDAQ_LISTED
7323,SOXS,NOT_NASDAQ_LISTED
7324,SOXX,NOT_COMMON_STOCK
7325,SOYB,NOT_NASDAQ_LISTED
7327,SPAB,NOT_NASDAQ_LISTED
7328,SPAQ,NOT_NASDAQ_LISTED
7329,SPAQ+,NOT_NASDAQ_LISTED
7330,SPAQ=,NOT_NASDAQ_LISTED
7332,SPB,NOT_NASDAQ_LISTED
7333,SPCB,NOT_COMMON_STOCK
7334,SPDN,NOT_NASDAQ_LISTED
7335,SPDV,NOT_NASDAQ_LISTED
7336,SPDW,NOT_NASDAQ_LISTED
7337,SPE,NOT_NASDAQ_LISTED
7338,SPE-B,NOT_NASDAQ_LISTED
7339,SPEM,NOT_NASDAQ_LISTED
7341,SPFF,NOT_NASDAQ_LISTED
7343,SPG,NOT_NASDAQ_LISTED
7344,SPG-J,NOT_NASDAQ_LISTED
7345,SPGI,NOT_NASDAQ_LISTED
7346,SPGP,NOT_NASDAQ_LISTED
7347,SPH,NOT_NASDAQ_LISTED
7348,SPHB,NOT_NASDAQ_LISTED
7349,SPHD,NOT_NASDAQ_LISTED
7350,SPHQ,NOT_NASDAQ_LISTED
7352,SPI,NOT_COMMON_STOCK
7353,SPIB,NOT_NASDAQ_LISTED
7355,SPKEP,NOT_COMMON_STOCK
7356,SPLB,NOT_NASDAQ_LISTED
7357,SPLG,NOT_NASDAQ_LISTED
7359,SPLP,NOT_NASDAQ_LISTED
7360,SPLP-A,NOT_NASDAQ_LISTED
7361,SPLV,NOT_NASDAQ_LISTED
7362,SPMD,NOT_NASDAQ_LISTED
7363,SPMO,NOT_NASDAQ_LISTED
7364,SPMV,NOT_NASDAQ_LISTED
7365,SPN,NOT_NASDAQ_LISTED
7368,SPOK,FIRST_ADD_PRICE_BELOW_FLOOR
7369,SPOT,NOT_NASDAQ_LISTED
7371,SPPP,NOT_NASDAQ_LISTED
7372,SPR,NOT_NASDAQ_LISTED
7375,SPSB,NOT_NASDAQ_LISTED
7377,SPSM,NOT_NASDAQ_LISTED
7378,SPTL,NOT_NASDAQ_LISTED
7379,SPTM,NOT_NASDAQ_LISTED
7381,SPTS,NOT_NASDAQ_LISTED
7382,SPUU,NOT_NASDAQ_LISTED
7383,SPVM,NOT_NASDAQ_LISTED
7384,SPVU,NOT_NASDAQ_LISTED
7385,SPWH,FIRST_ADD_PRICE_BELOW_FLOOR
7387,SPXB,NOT_NASDAQ_LISTED
7388,SPXC,NOT_NASDAQ_LISTED
7389,SPXE,NOT_NASDAQ_LISTED
7390,SPXL,NOT_NASDAQ_LISTED
7391,SPXN,NOT_NASDAQ_LISTED
7392,SPXS,NOT_NASDAQ_LISTED
7393,SPXT,NOT_NASDAQ_LISTED
7394,SPXU,NOT_NASDAQ_LISTED
7395,SPXV,NOT_NASDAQ_LISTED
7396,SPXX,NOT_NASDAQ_LISTED
7397,SPY,NOT_NASDAQ_LISTED
7398,SPYB,NOT_NASDAQ_LISTED
7399,SPYD,NOT_NASDAQ_LISTED
7400,SPYG,NOT_NASDAQ_LISTED
7401,SPYV,NOT_NASDAQ_LISTED
7402,SPYX,NOT_NASDAQ_LISTED
7403,SQ,NOT_NASDAQ_LISTED
7404,SQBG,FIRST_ADD_PRICE_BELOW_FLOOR
7405,SQLV,NOT_COMMON_STOCK
7406,SQM,NOT_NASDAQ_LISTED
7407,SQNS,NOT_NASDAQ_LISTED
7408,SQQQ,NOT_COMMON_STOCK
7409,SR,NOT_NASDAQ_LISTED
7410,SR-A,NOT_NASDAQ_LISTED
7412,SRC,NOT_NASDAQ_LISTED
7413,SRC-A,NOT_NASDAQ_LISTED
7414,SRCE,FIRST_ADD_PRICE_BELOW_FLOOR
7415,SRCI,NOT_NASDAQ_LISTED
7417,SRDX,FIRST_ADD_PRICE_BELOW_FLOOR
7418,SRE,NOT_NASDAQ_LISTED
7419,SRE-A,NOT_NASDAQ_LISTED
7420,SRE-B,NOT_NASDAQ_LISTED
7421,SREA,NOT_NASDAQ_LISTED
7422,SRET,NOT_COMMON_STOCK
7423,SREV,FIRST_ADD_PRICE_BELOW_FLOOR
7424,SRF,NOT_NASDAQ_LISTED
7425,SRG,NOT_NASDAQ_LISTED
7426,SRG-A,NOT_NASDAQ_LISTED
7427,SRI,NOT_NASDAQ_LISTED
7428,SRL,NOT_NASDAQ_LISTED
7429,SRLN,NOT_NASDAQ_LISTED
7430,SRLP,NOT_NASDAQ_LISTED
7433,SRRA,FIRST_ADD_PRICE_BELOW_FLOOR
7434,SRRK,FIRST_ADD_PRICE_BELOW_FLOOR
7435,SRS,NOT_NASDAQ_LISTED
7436,SRT,NOT_NASDAQ_LISTED
7437,SRTS,FIRST_ADD_PRICE_BELOW_FLOOR
7438,SRTSW,NOT_COMMON_STOCK
7439,SRTY,NOT_NASDAQ_LISTED
7440,SRV,NOT_NASDAQ_LISTED
7441,SRVR,NOT_NASDAQ_LISTED
7444,SSD,NOT_NASDAQ_LISTED
7445,SSFN,FIRST_ADD_PRICE_BELOW_FLOOR
7446,SSG,NOT_NASDAQ_LISTED
7447,SSI,NOT_NASDAQ_LISTED
7448,SSKN,FIRST_ADD_PRICE_BELOW_FLOOR
7449,SSL,NOT_NASDAQ_LISTED
7452,SSO,NOT_NASDAQ_LISTED
7453,SSP,FIRST_ADD_PRICE_BELOW_FLOOR
7454,SSPY,NOT_NASDAQ_LISTED
7457,SSTK,NOT_NASDAQ_LISTED
7458,SSW,NOT_NASDAQ_LISTED
7459,SSW-D,NOT_NASDAQ_LISTED
7460,SSW-E,NOT_NASDAQ_LISTED
7461,SSW-G,NOT_NASDAQ_LISTED
7462,SSW-H,NOT_NASDAQ_LISTED
7463,SSW-I,NOT_NASDAQ_LISTED
7464,SSWA,NOT_NASDAQ_LISTED
7465,SSY,NOT_NASDAQ_LISTED
7466,SSYS,NOT_COMMON_STOCK
7467,ST,NOT_NASDAQ_LISTED
7468,STAA,FIRST_ADD_PRICE_BELOW_FLOOR
7470,STAG,NOT_NASDAQ_LISTED
7471,STAG-C,NOT_NASDAQ_LISTED
7472,STAR,NOT_NASDAQ_LISTED
7473,STAR-D,NOT_NASDAQ_LISTED
7474,STAR-G,NOT_NASDAQ_LISTED
7475,STAR-I,NOT_NASDAQ_LISTED
7478,STC,NOT_NASDAQ_LISTED
7480,STE,NOT_NASDAQ_LISTED
7482,STG,NOT_NASDAQ_LISTED
7483,STI,NOT_NASDAQ_LISTED
7484,STI-A,NOT_NASDAQ_LISTED
7485,STIM,FIRST_ADD_PRICE_BELOW_FLOOR
7486,STIP,NOT_NASDAQ_LISTED
7487,STK,NOT_NASDAQ_LISTED
7488,STKL,FIRST_ADD_PRICE_BELOW_FLOOR
7490,STL,NOT_NASDAQ_LISTED
7491,STL-A,NOT_NASDAQ_LISTED
7493,STM,NOT_NASDAQ_LISTED
7496,STN,NOT_NASDAQ_LISTED
7499,STNG,NOT_NASDAQ_LISTED
7501,STNLU,NOT_COMMON_STOCK
7502,STNLW,NOT_COMMON_STOCK
7504,STON,NOT_NASDAQ_LISTED
7505,STOR,NOT_NASDAQ_LISTED
7506,STOT,NOT_NASDAQ_LISTED
7507,STPP,NOT_NASDAQ_LISTED
7508,STPZ,NOT_NASDAQ_LISTED
7510,STRL,FIRST_ADD_PRICE_BELOW_FLOOR
7512,STRO,FIRST_ADD_PRICE_BELOW_FLOOR
7513,STRS,FIRST_ADD_PRICE_BELOW_FLOOR
7515,STT,NOT_NASDAQ_LISTED
7516,STT-C,NOT_NASDAQ_LISTED
7517,STT-D,NOT_NASDAQ_LISTED
7518,STT-E,NOT_NASDAQ_LISTED
7519,STT-G,NOT_NASDAQ_LISTED
7520,STWD,NOT_NASDAQ_LISTED
7522,STXB,FIRST_ADD_PRICE_BELOW_FLOOR
7523,STZ,NOT_NASDAQ_LISTED
7524,STZ.B,NOT_NASDAQ_LISTED
7525,SU,NOT_NASDAQ_LISTED
7526,SUB,NOT_NASDAQ_LISTED
7527,SUI,NOT_NASDAQ_LISTED
7528,SUM,NOT_NASDAQ_LISTED
7529,SUMR,FIRST_ADD_PRICE_BELOW_FLOOR
7530,SUN,NOT_NASDAQ_LISTED
7532,SUNW,FIRST_ADD_PRICE_BELOW_FLOOR
7533,SUP,NOT_NASDAQ_LISTED
7535,SUPV,NOT_NASDAQ_LISTED
7536,SURF,FIRST_ADD_PRICE_BELOW_FLOOR
7537,SUSA,NOT_NASDAQ_LISTED
7538,SUSB,NOT_COMMON_STOCK
7539,SUSC,NOT_COMMON_STOCK
7540,SUSL,NOT_COMMON_STOCK
7541,SUZ,NOT_NASDAQ_LISTED
7542,SVA,NOT_COMMON_STOCK
7543,SVBI,FIRST_ADD_PRICE_BELOW_FLOOR
7544,SVM,NOT_NASDAQ_LISTED
7545,SVMK,FIRST_ADD_PRICE_BELOW_FLOOR
7547,SVT,NOT_NASDAQ_LISTED
7548,SVVC,FIRST_ADD_PRICE_BELOW_FLOOR
7549,SVXY,NOT_NASDAQ_LISTED
7550,SWAN,NOT_NASDAQ_LISTED
7552,SWCH,NOT_NASDAQ_LISTED
7553,SWI,NOT_NASDAQ_LISTED
7555,SWJ,NOT_NASDAQ_LISTED
7556,SWK,NOT_NASDAQ_LISTED
7558,SWM,NOT_NASDAQ_LISTED
7559,SWN,NOT_NASDAQ_LISTED
7560,SWP,NOT_NASDAQ_LISTED
7561,SWX,NOT_NASDAQ_LISTED
7562,SWZ,NOT_NASDAQ_LISTED
7563,SXC,NOT_NASDAQ_LISTED
7564,SXI,NOT_NASDAQ_LISTED
7565,SXT,NOT_NASDAQ_LISTED
7566,SXTC,NOT_COMMON_STOCK
7567,SY,NOT_COMMON_STOCK
7568,SYBT,FIRST_ADD_PRICE_BELOW_FLOOR
7569,SYBX,FIRST_ADD_PRICE_BELOW_FLOOR
7570,SYE,NOT_NASDAQ_LISTED
7571,SYF,NOT_NASDAQ_LISTED
7572,SYG,NOT_NASDAQ_LISTED
7573,SYK,NOT_NASDAQ_LISTED
7574,SYKE,FIRST_ADD_PRICE_BELOW_FLOOR
7575,SYLD,NOT_NASDAQ_LISTED
7577,SYN,NOT_NASDAQ_LISTED
7580,SYNH,FIRST_ADD_PRICE_BELOW_FLOOR
7583,SYRS,FIRST_ADD_PRICE_BELOW_FLOOR
7584,SYV,NOT_NASDAQ_LISTED
7585,SYX,NOT_NASDAQ_LISTED
7586,SYY,NOT_NASDAQ_LISTED
7587,SZC,NOT_NASDAQ_LISTED
7588,SZK,NOT_NASDAQ_LISTED
7589,SZNE,NOT_NASDAQ_LISTED
7590,T,NOT_NASDAQ_LISTED
7592,TAC,NOT_NASDAQ_LISTED
7594,TACOW,NOT_COMMON_STOCK
7596,TAGS,NOT_NASDAQ_LISTED
7597,TAIL,NOT_NASDAQ_LISTED
7599,TAK,NOT_NASDAQ_LISTED
7600,TAL,NOT_NASDAQ_LISTED
7601,TALO,NOT_NASDAQ_LISTED
7602,TALO+,NOT_NASDAQ_LISTED
7603,TAN,NOT_NASDAQ_LISTED
7605,TANNI,NOT_COMMON_STOCK
7606,TANNL,NOT_COMMON_STOCK
7607,TANNZ,NOT_COMMON_STOCK
7608,TAO,NOT_NASDAQ_LISTED
7609,TAOP,NOT_COMMON_STOCK
7610,TAP,NOT_NASDAQ_LISTED
7611,TAP.A,NOT_NASDAQ_LISTED
7612,TAPR,NOT_NASDAQ_LISTED
7613,TARO,NOT_NASDAQ_LISTED
7614,TAST,FIRST_ADD_PRICE_BELOW_FLOOR
7615,TAT,NOT_NASDAQ_LISTED
7616,TATT,NOT_COMMON_STOCK
7617,TAWK,NOT_NASDAQ_LISTED
7618,TAXF,NOT_NASDAQ_LISTED
7619,TAYD,FIRST_ADD_PRICE_BELOW_FLOOR
7620,TBB,NOT_NASDAQ_LISTED
7621,TBBK,FIRST_ADD_PRICE_BELOW_FLOOR
7622,TBC,NOT_NASDAQ_LISTED
7623,TBF,NOT_NASDAQ_LISTED
7624,TBI,NOT_NASDAQ_LISTED
7626,TBK,FIRST_ADD_PRICE_BELOW_FLOOR
7627,TBLT,FIRST_ADD_PRICE_BELOW_FLOOR
7628,TBLTU,NOT_COMMON_STOCK
7629,TBLTW,NOT_COMMON_STOCK
7630,TBLU,NOT_NASDAQ_LISTED
7631,TBND,NOT_NASDAQ_LISTED
7632,TBNK,FIRST_ADD_PRICE_BELOW_FLOOR
7633,TBPH,NOT_COMMON_STOCK
7634,TBT,NOT_NASDAQ_LISTED
7635,TBX,NOT_NASDAQ_LISTED
7636,TC,NOT_COMMON_STOCK
7638,TCBIL,NOT_COMMON_STOCK
7639,TCBIP,NOT_COMMON_STOCK
7641,TCCO,FIRST_ADD_PRICE_BELOW_FLOOR
7643,TCF,NOT_NASDAQ_LISTED
7644,TCF-D,NOT_NASDAQ_LISTED
7645,TCFC,FIRST_ADD_PRICE_BELOW_FLOOR
7646,TCGP,NOT_COMMON_STOCK
7647,TCI,NOT_NASDAQ_LISTED
7648,TCLD,NOT_NASDAQ_LISTED
7650,TCO,NOT_NASDAQ_LISTED
7651,TCO-J,NOT_NASDAQ_LISTED
7652,TCO-K,NOT_NASDAQ_LISTED
7653,TCON,FIRST_ADD_PRICE_BELOW_FLOOR
7654,TCP,NOT_NASDAQ_LISTED
7658,TCRW,NOT_NASDAQ_LISTED
7659,TCRZ,NOT_NASDAQ_LISTED
7660,TCS,NOT_NASDAQ_LISTED
7661,TCTL,NOT_NASDAQ_LISTED
7663,TD,NOT_NASDAQ_LISTED
7664,TDA,NOT_NASDAQ_LISTED
7666,TDACU,NOT_COMMON_STOCK
7667,TDACW,NOT_COMMON_STOCK
7668,TDC,NOT_NASDAQ_LISTED
7669,TDE,NOT_NASDAQ_LISTED
7670,TDF,NOT_NASDAQ_LISTED
7671,TDG,NOT_NASDAQ_LISTED
7672,TDI,NOT_NASDAQ_LISTED
7673,TDIV,NOT_COMMON_STOCK
7674,TDJ,NOT_NASDAQ_LISTED
7675,TDOC,NOT_NASDAQ_LISTED
7676,TDS,NOT_NASDAQ_LISTED
7677,TDTF,NOT_NASDAQ_LISTED
7678,TDTT,NOT_NASDAQ_LISTED
7679,TDW,NOT_NASDAQ_LISTED
7680,TDW+,NOT_NASDAQ_LISTED
7681,TDW+A,NOT_NASDAQ_LISTED
7682,TDW+B,NOT_NASDAQ_LISTED
7683,TDY,NOT_NASDAQ_LISTED
7684,TEAF,NOT_NASDAQ_LISTED
7685,TEAM,NOT_COMMON_STOCK
7688,TECK,NOT_NASDAQ_LISTED
7689,TECL,NOT_NASDAQ_LISTED
7690,TECS,NOT_NASDAQ_LISTED
7691,TECTP,NOT_COMMON_STOCK
7692,TEDU,NOT_COMMON_STOCK
7693,TEF,NOT_NASDAQ_LISTED
7694,TEI,NOT_NASDAQ_LISTED
7695,TEL,NOT_NASDAQ_LISTED
7697,TEN,NOT_NASDAQ_LISTED
7700,TEO,NOT_NASDAQ_LISTED
7702,TERM,NOT_NASDAQ_LISTED
7706,TEVA,NOT_NASDAQ_LISTED
7707,TEX,NOT_NASDAQ_LISTED
7708,TFI,NOT_NASDAQ_LISTED
7709,TFIV,NOT_NASDAQ_LISTED
7710,TFLO,NOT_NASDAQ_LISTED
7711,TFLT,NOT_NASDAQ_LISTED
7712,TFSL,FIRST_ADD_PRICE_BELOW_FLOOR
7713,TFX,NOT_NASDAQ_LISTED
7714,TG,NOT_NASDAQ_LISTED
7715,TGA,NOT_COMMON_STOCK
7716,TGB,NOT_NASDAQ_LISTED
7717,TGC,NOT_NASDAQ_LISTED
7718,TGE,NOT_NASDAQ_LISTED
7720,TGH,NOT_NASDAQ_LISTED
7721,TGI,NOT_NASDAQ_LISTED
7722,TGLS,NOT_COMMON_STOCK
7723,TGNA,NOT_NASDAQ_LISTED
7724,TGP,NOT_NASDAQ_LISTED
7725,TGP-A,NOT_NASDAQ_LISTED
7726,TGP-B,NOT_NASDAQ_LISTED
7727,TGS,NOT_NASDAQ_LISTED
7728,TGT,NOT_NASDAQ_LISTED
7730,TH,FIRST_ADD_PRICE_BELOW_FLOOR
7731,THC,NOT_NASDAQ_LISTED
7732,THCA,FIRST_ADD_PRICE_BELOW_FLOOR
7733,THCAU,NOT_COMMON_STOCK
7734,THCAW,NOT_COMMON_STOCK
7736,THCBU,NOT_COMMON_STOCK
7737,THCBW,NOT_COMMON_STOCK
7738,THCX,NOT_NASDAQ_LISTED
7739,THD,NOT_NASDAQ_LISTED
7741,THG,NOT_NASDAQ_LISTED
7742,THGA,NOT_NASDAQ_LISTED
7743,THM,NOT_NASDAQ_LISTED
7744,THO,NOT_NASDAQ_LISTED
7746,THQ,NOT_NASDAQ_LISTED
7747,THR,NOT_NASDAQ_LISTED
7748,THRM,FIRST_ADD_PRICE_BELOW_FLOOR
7749,THS,NOT_NASDAQ_LISTED
7750,THW,NOT_NASDAQ_LISTED
7751,THWWW,NOT_COMMON_STOCK
7752,TIBR,FIRST_ADD_PRICE_BELOW_FLOOR
7753,TIBRU,NOT_COMMON_STOCK
7754,TIBRW,NOT_COMMON_STOCK
7755,TIF,NOT_NASDAQ_LISTED
7757,TIGR,NOT_COMMON_STOCK
7759,TILT,NOT_NASDAQ_LISTED
7760,TIP,NOT_NASDAQ_LISTED
7761,TIPT,FIRST_ADD_PRICE_BELOW_FLOOR
7762,TIPX,NOT_NASDAQ_LISTED
7763,TIPZ,NOT_NASDAQ_LISTED
7764,TISI,NOT_NASDAQ_LISTED
7767,TJX,NOT_NASDAQ_LISTED
7768,TK,NOT_NASDAQ_LISTED
7769,TKAT,NOT_NASDAQ_LISTED
7770,TKC,NOT_NASDAQ_LISTED
7771,TKKS,NOT_COMMON_STOCK
7772,TKKSR,NOT_COMMON_STOCK
7773,TKKSU,NOT_COMMON_STOCK
7774,TKKSW,NOT_COMMON_STOCK
7775,TKR,NOT_NASDAQ_LISTED
7776,TLC,NOT_COMMON_STOCK
7777,TLDH,NOT_NASDAQ_LISTED
7778,TLEH,NOT_NASDAQ_LISTED
7779,TLF,FIRST_ADD_PRICE_BELOW_FLOOR
7781,TLH,NOT_NASDAQ_LISTED
7782,TLI,NOT_NASDAQ_LISTED
7783,TLK,NOT_NASDAQ_LISTED
7784,TLND,NOT_COMMON_STOCK
7785,TLRA,NOT_NASDAQ_LISTED
7786,TLRD,NOT_NASDAQ_LISTED
7788,TLSA,NOT_COMMON_STOCK
7789,TLT,NOT_COMMON_STOCK
7790,TLTD,NOT_NASDAQ_LISTED
7791,TLTE,NOT_NASDAQ_LISTED
7792,TLYS,NOT_NASDAQ_LISTED
7793,TM,NOT_NASDAQ_LISTED
7794,TMCX,FIRST_ADD_PRICE_BELOW_FLOOR
7795,TMCXU,NOT_COMMON_STOCK
7796,TMCXW,NOT_COMMON_STOCK
7797,TMDI,NOT_COMMON_STOCK
7798,TMDX,FIRST_ADD_PRICE_BELOW_FLOOR
7799,TME,NOT_NASDAQ_LISTED
7800,TMF,NOT_NASDAQ_LISTED
7801,TMFC,NOT_NASDAQ_LISTED
7802,TMHC,NOT_NASDAQ_LISTED
7803,TMK,NOT_NASDAQ_LISTED
7804,TMK-C,NOT_NASDAQ_LISTED
7805,TMO,NOT_NASDAQ_LISTED
7806,TMP,NOT_NASDAQ_LISTED
7807,TMQ,NOT_NASDAQ_LISTED
7809,TMST,NOT_NASDAQ_LISTED
7811,TMV,NOT_NASDAQ_LISTED
7812,TNA,NOT_NASDAQ_LISTED
7814,TNC,NOT_NASDAQ_LISTED
7816,TNET,NOT_NASDAQ_LISTED
7817,TNK,NOT_NASDAQ_LISTED
7818,TNP,NOT_NASDAQ_LISTED
7819,TNP-C,NOT_NASDAQ_LISTED
7820,TNP-D,NOT_NASDAQ_LISTED
7821,TNP-E,NOT_NASDAQ_LISTED
7822,TNP-F,NOT_NASDAQ_LISTED
7824,TOCA,FIRST_ADD_PRICE_BELOW_FLOOR
7825,TOK,NOT_NASDAQ_LISTED
7826,TOKE,NOT_NASDAQ_LISTED
7827,TOL,NOT_NASDAQ_LISTED
7828,TOLZ,NOT_NASDAQ_LISTED
7829,TOO,NOT_NASDAQ_LISTED
7830,TOO-A,NOT_NASDAQ_LISTED
7831,TOO-B,NOT_NASDAQ_LISTED
7832,TOO-E,NOT_NASDAQ_LISTED
7835,TOT,NOT_NASDAQ_LISTED
7836,TOTA,NOT_COMMON_STOCK
7837,TOTAR,NOT_COMMON_STOCK
7838,TOTAU,NOT_COMMON_STOCK
7839,TOTAW,NOT_COMMON_STOCK
7840,TOTL,NOT_NASDAQ_LISTED
7841,TOUR,NOT_COMMON_STOCK
7842,TOWN,FIRST_ADD_PRICE_BELOW_FLOOR
7843,TOWR,NOT_NASDAQ_LISTED
7844,TPAY,NOT_NASDAQ_LISTED
7845,TPB,NOT_NASDAQ_LISTED
7846,TPC,NOT_NASDAQ_LISTED
7848,TPGH,NOT_NASDAQ_LISTED
7849,TPGH+,NOT_NASDAQ_LISTED
7850,TPGH=,NOT_NASDAQ_LISTED
7851,TPH,NOT_NASDAQ_LISTED
7852,TPHD,NOT_NASDAQ_LISTED
7853,TPHS,NOT_NASDAQ_LISTED
7854,TPIC,FIRST_ADD_PRICE_BELOW_FLOOR
7855,TPL,NOT_NASDAQ_LISTED
7856,TPLC,NOT_NASDAQ_LISTED
7857,TPOR,NOT_NASDAQ_LISTED
7858,TPR,NOT_NASDAQ_LISTED
7859,TPRE,NOT_NASDAQ_LISTED
7860,TPTX,FIRST_ADD_PRICE_BELOW_FLOOR
7861,TPVG,NOT_NASDAQ_LISTED
7862,TPVY,NOT_NASDAQ_LISTED
7863,TPX,NOT_NASDAQ_LISTED
7864,TPYP,NOT_NASDAQ_LISTED
7865,TPZ,NOT_NASDAQ_LISTED
7866,TQQQ,NOT_COMMON_STOCK
7867,TR,NOT_NASDAQ_LISTED
7868,TRC,NOT_NASDAQ_LISTED
7869,TRCB,FIRST_ADD_PRICE_BELOW_FLOOR
7871,TRCO,NOT_NASDAQ_LISTED
7872,TREC,NOT_NASDAQ_LISTED
7874,TREX,NOT_NASDAQ_LISTED
7875,TRGP,NOT_NASDAQ_LISTED
7877,TRI,NOT_NASDAQ_LISTED
7878,TRIB,NOT_COMMON_STOCK
7879,TRIL,NOT_COMMON_STOCK
7881,TRK,NOT_NASDAQ_LISTED
7883,TRMD,FIRST_ADD_PRICE_BELOW_FLOOR
7884,TRMK,FIRST_ADD_PRICE_BELOW_FLOOR
7885,TRMT,NOT_COMMON_STOCK
7886,TRN,NOT_NASDAQ_LISTED
7887,TRND,NOT_NASDAQ_LISTED
7888,TRNE,NOT_NASDAQ_LISTED
7889,TRNE+,NOT_NASDAQ_LISTED
7890,TRNE=,NOT_NASDAQ_LISTED
7891,TRNO,NOT_NASDAQ_LISTED
7892,TRNS,FIRST_ADD_PRICE_BELOW_FLOOR
7893,TRNX,FIRST_ADD_PRICE_BELOW_FLOOR
7896,TROX,NOT_NASDAQ_LISTED
7897,TRP,NOT_NASDAQ_LISTED
7898,TRPX,NOT_COMMON_STOCK
7899,TRQ,NOT_NASDAQ_LISTED
7900,TRS,FIRST_ADD_PRICE_BELOW_FLOOR
7902,TRT,NOT_NASDAQ_LISTED
7903,TRTN,NOT_NASDAQ_LISTED
7904,TRTN-A,NOT_NASDAQ_LISTED
7905,TRTN-B,NOT_NASDAQ_LISTED
7906,TRTX,NOT_NASDAQ_LISTED
7907,TRTY,NOT_NASDAQ_LISTED
7908,TRU,NOT_NASDAQ_LISTED
7910,TRUP,FIRST_ADD_PRICE_BELOW_FLOOR
7911,TRV,NOT_NASDAQ_LISTED
7912,TRVG,NOT_COMMON_STOCK
7913,TRVI,FIRST_ADD_PRICE_BELOW_FLOOR
7915,TRWH,NOT_NASDAQ_LISTED
7916,TRX,NOT_NASDAQ_LISTED
7917,TRXC,NOT_NASDAQ_LISTED
7918,TS,NOT_NASDAQ_LISTED
7919,TSBK,FIRST_ADD_PRICE_BELOW_FLOOR
7920,TSC,FIRST_ADD_PRICE_BELOW_FLOOR
7921,TSCAP,NOT_COMMON_STOCK
7922,TSCBP,NOT_COMMON_STOCK
7924,TSE,NOT_NASDAQ_LISTED
7925,TSEM,NOT_COMMON_STOCK
7927,TSI,NOT_NASDAQ_LISTED
7929,TSLF,NOT_NASDAQ_LISTED
7930,TSLX,NOT_NASDAQ_LISTED
7931,TSM,NOT_NASDAQ_LISTED
7932,TSN,NOT_NASDAQ_LISTED
7933,TSQ,NOT_NASDAQ_LISTED
7934,TSRI,FIRST_ADD_PRICE_BELOW_FLOOR
7935,TSS,NOT_NASDAQ_LISTED
7937,TSU,NOT_NASDAQ_LISTED
7938,TTAC,NOT_NASDAQ_LISTED
7939,TTAI,NOT_NASDAQ_LISTED
7940,TTC,NOT_NASDAQ_LISTED
7942,TTEC,FIRST_ADD_PRICE_BELOW_FLOOR
7943,TTEK,FIRST_ADD_PRICE_BELOW_FLOOR
7945,TTI,NOT_NASDAQ_LISTED
7946,TTM,NOT_NASDAQ_LISTED
7947,TTMI,FIRST_ADD_PRICE_BELOW_FLOOR
7950,TTP,NOT_NASDAQ_LISTED
7951,TTPH,FIRST_ADD_PRICE_BELOW_FLOOR
7953,TTT,NOT_NASDAQ_LISTED
7954,TTTN,NOT_COMMON_STOCK
7956,TU,NOT_NASDAQ_LISTED
7957,TUES,FIRST_ADD_PRICE_BELOW_FLOOR
7958,TUFN,NOT_NASDAQ_LISTED
7959,TUP,NOT_NASDAQ_LISTED
7960,TUR,NOT_COMMON_STOCK
7961,TURN,FIRST_ADD_PRICE_BELOW_FLOOR
7962,TUSA,NOT_COMMON_STOCK
7964,TUZ,NOT_NASDAQ_LISTED
7965,TV,NOT_NASDAQ_LISTED
7966,TVC,NOT_NASDAQ_LISTED
7967,TVE,NOT_NASDAQ_LISTED
7968,TVIX,NOT_COMMON_STOCK
7971,TWAR,NOT_NASDAQ_LISTED
7972,TWI,NOT_NASDAQ_LISTED
7974,TWLO,NOT_NASDAQ_LISTED
7975,TWM,NOT_NASDAQ_LISTED
7976,TWMC,FIRST_ADD_PRICE_BELOW_FLOOR
7977,TWN,NOT_NASDAQ_LISTED
7979,TWNKW,NOT_COMMON_STOCK
7980,TWO,NOT_NASDAQ_LISTED
7981,TWO-A,NOT_NASDAQ_LISTED
7982,TWO-B,NOT_NASDAQ_LISTED
7983,TWO-C,NOT_NASDAQ_LISTED
7984,TWO-D,NOT_NASDAQ_LISTED
7985,TWO-E,NOT_NASDAQ_LISTED
7986,TWOU,FIRST_ADD_PRICE_BELOW_FLOOR
7988,TWTR,NOT_NASDAQ_LISTED
7989,TX,NOT_NASDAQ_LISTED
7993,TXT,NOT_NASDAQ_LISTED
7994,TY,NOT_NASDAQ_LISTED
7995,TY-,NOT_NASDAQ_LISTED
7996,TYBS,NOT_NASDAQ_LISTED
7997,TYD,NOT_NASDAQ_LISTED
7998,TYG,NOT_NASDAQ_LISTED
8000,TYL,NOT_NASDAQ_LISTED
8002,TYNS,NOT_NASDAQ_LISTED
8003,TYO,NOT_NASDAQ_LISTED
8005,TZA,NOT_NASDAQ_LISTED
8006,TZAC,NOT_COMMON_STOCK
8007,TZACU,NOT_COMMON_STOCK
8008,TZACW,NOT_COMMON_STOCK
8010,UA,NOT_NASDAQ_LISTED
8011,UAA,NOT_NASDAQ_LISTED
8012,UAE,NOT_COMMON_STOCK
8013,UAG,NOT_NASDAQ_LISTED
8015,UAMY,NOT_NASDAQ_LISTED
8016,UAN,NOT_NASDAQ_LISTED
8017,UAPR,NOT_NASDAQ_LISTED
8018,UAUD,NOT_NASDAQ_LISTED
8019,UAVS,NOT_NASDAQ_LISTED
8020,UBA,NOT_NASDAQ_LISTED
8021,UBCP,FIRST_ADD_PRICE_BELOW_FLOOR
8022,UBER,NOT_NASDAQ_LISTED
8024,UBG,NOT_NASDAQ_LISTED
8025,UBIO,NOT_COMMON_STOCK
8028,UBOH,FIRST_ADD_PRICE_BELOW_FLOOR
8029,UBOT,NOT_NASDAQ_LISTED
8030,UBP,NOT_NASDAQ_LISTED
8031,UBP-G,NOT_NASDAQ_LISTED
8032,UBP-H,NOT_NASDAQ_LISTED
8033,UBR,NOT_NASDAQ_LISTED
8034,UBS,NOT_NASDAQ_LISTED
8035,UBSI,FIRST_ADD_PRICE_BELOW_FLOOR
8036,UBT,NOT_NASDAQ_LISTED
8039,UCC,NOT_NASDAQ_LISTED
8040,UCFC,FIRST_ADD_PRICE_BELOW_FLOOR
8041,UCHF,NOT_NASDAQ_LISTED
8042,UCI,NOT_NASDAQ_LISTED
8043,UCIB,NOT_NASDAQ_LISTED
8044,UCO,NOT_NASDAQ_LISTED
8045,UCOM,NOT_NASDAQ_LISTED
8046,UCON,NOT_NASDAQ_LISTED
8048,UDN,NOT_NASDAQ_LISTED
8049,UDOW,NOT_NASDAQ_LISTED
8050,UDR,NOT_NASDAQ_LISTED
8051,UE,NOT_NASDAQ_LISTED
8052,UEC,NOT_NASDAQ_LISTED
8055,UEUR,NOT_NASDAQ_LISTED
8056,UEVM,NOT_NASDAQ_LISTED
8057,UFAB,NOT_NASDAQ_LISTED
8058,UFCS,FIRST_ADD_PRICE_BELOW_FLOOR
8059,UFI,NOT_NASDAQ_LISTED
8060,UFO,NOT_NASDAQ_LISTED
8062,UFPT,FIRST_ADD_PRICE_BELOW_FLOOR
8063,UFS,NOT_NASDAQ_LISTED
8065,UGA,NOT_NASDAQ_LISTED
8066,UGAZ,NOT_NASDAQ_LISTED
8067,UGBP,NOT_NASDAQ_LISTED
8068,UGE,NOT_NASDAQ_LISTED
8069,UGI,NOT_NASDAQ_LISTED
8070,UGL,NOT_NASDAQ_LISTED
8071,UGLD,NOT_COMMON_STOCK
8072,UGP,NOT_NASDAQ_LISTED
8074,UHS,NOT_NASDAQ_LISTED
8075,UHT,NOT_NASDAQ_LISTED
8077,UIS,NOT_NASDAQ_LISTED
8078,UITB,NOT_NASDAQ_LISTED
8079,UIVM,NOT_NASDAQ_LISTED
8080,UJAN,NOT_NASDAQ_LISTED
8081,UJB,NOT_NASDAQ_LISTED
8082,UJPY,NOT_NASDAQ_LISTED
8083,UJUL,NOT_NASDAQ_LISTED
8084,UJUN,NOT_NASDAQ_LISTED
8085,UL,NOT_NASDAQ_LISTED
8087,ULBR,NOT_NASDAQ_LISTED
8088,ULE,NOT_NASDAQ_LISTED
8089,ULH,FIRST_ADD_PRICE_BELOW_FLOOR
8090,ULST,NOT_NASDAQ_LISTED
8092,ULVM,NOT_NASDAQ_LISTED
8093,UMBF,FIRST_ADD_PRICE_BELOW_FLOOR
8094,UMC,NOT_NASDAQ_LISTED
8095,UMDD,NOT_NASDAQ_LISTED
8096,UMH,NOT_NASDAQ_LISTED
8097,UMH-B,NOT_NASDAQ_LISTED
8098,UMH-C,NOT_NASDAQ_LISTED
8099,UMH-D,NOT_NASDAQ_LISTED
8100,UMPQ,FIRST_ADD_PRICE_BELOW_FLOOR
8102,UN,NOT_NASDAQ_LISTED
8105,UNF,NOT_NASDAQ_LISTED
8106,UNFI,NOT_NASDAQ_LISTED
8107,UNG,NOT_NASDAQ_LISTED
8108,UNH,NOT_NASDAQ_LISTED
8110,UNL,NOT_NASDAQ_LISTED
8111,UNM,NOT_NASDAQ_LISTED
8112,UNMA,NOT_NASDAQ_LISTED
8113,UNP,NOT_NASDAQ_LISTED
8114,UNT,NOT_NASDAQ_LISTED
8115,UNTY,FIRST_ADD_PRICE_BELOW_FLOOR
8116,UNVR,NOT_NASDAQ_LISTED
8117,UOCT,NOT_NASDAQ_LISTED
8119,UONEK,FIRST_ADD_PRICE_BELOW_FLOOR
8120,UPL,FIRST_ADD_PRICE_BELOW_FLOOR
8122,UPRO,NOT_NASDAQ_LISTED
8123,UPS,NOT_NASDAQ_LISTED
8124,UPV,NOT_NASDAQ_LISTED
8125,UPW,NOT_NASDAQ_LISTED
8127,UQM,NOT_NASDAQ_LISTED
8128,URA,NOT_NASDAQ_LISTED
8130,URE,NOT_NASDAQ_LISTED
8131,URG,NOT_NASDAQ_LISTED
8132,URGN,NOT_COMMON_STOCK
8133,URI,NOT_NASDAQ_LISTED
8135,URR,NOT_NASDAQ_LISTED
8136,URTH,NOT_NASDAQ_LISTED
8137,URTY,NOT_NASDAQ_LISTED
8138,USA,NOT_NASDAQ_LISTED
8139,USAC,NOT_NASDAQ_LISTED
8140,USAI,NOT_NASDAQ_LISTED
8142,USAP,FIRST_ADD_PRICE_BELOW_FLOOR
8143,USAS,NOT_NASDAQ_LISTED
8145,USATP,NOT_COMMON_STOCK
8146,USAU,FIRST_ADD_PRICE_BELOW_FLOOR
8147,USB,NOT_NASDAQ_LISTED
8148,USB-A,NOT_NASDAQ_LISTED
8149,USB-H,NOT_NASDAQ_LISTED
8150,USB-M,NOT_NASDAQ_LISTED
8151,USB-O,NOT_NASDAQ_LISTED
8152,USB-P,NOT_NASDAQ_LISTED
8153,USCI,NOT_NASDAQ_LISTED
8155,USD,NOT_NASDAQ_LISTED
8156,USDP,NOT_NASDAQ_LISTED
8157,USDU,NOT_NASDAQ_LISTED
8158,USDY,NOT_NASDAQ_LISTED
8159,USEG,FIRST_ADD_PRICE_BELOW_FLOOR
8160,USEQ,NOT_NASDAQ_LISTED
8161,USFD,NOT_NASDAQ_LISTED
8162,USFR,NOT_NASDAQ_LISTED
8163,USHG,NOT_NASDAQ_LISTED
8164,USHY,NOT_NASDAQ_LISTED
8165,USI,NOT_NASDAQ_LISTED
8166,USIG,NOT_COMMON_STOCK
8168,USL,NOT_NASDAQ_LISTED
8169,USLB,NOT_COMMON_STOCK
8170,USLM,FIRST_ADD_PRICE_BELOW_FLOOR
8171,USLV,NOT_COMMON_STOCK
8172,USM,NOT_NASDAQ_LISTED
8173,USMC,NOT_COMMON_STOCK
8174,USMF,NOT_NASDAQ_LISTED
8175,USMV,NOT_NASDAQ_LISTED
8176,USNA,NOT_NASDAQ_LISTED
8177,USO,NOT_NASDAQ_LISTED
8178,USOD,NOT_NASDAQ_LISTED
8179,USOI,NOT_COMMON_STOCK
8180,USOU,NOT_NASDAQ_LISTED
8181,USPH,NOT_NASDAQ_LISTED
8182,USRT,NOT_NASDAQ_LISTED
8183,USSG,NOT_NASDAQ_LISTED
8184,UST,NOT_NASDAQ_LISTED
8185,USTB,NOT_NASDAQ_LISTED
8186,USV,NOT_NASDAQ_LISTED
8187,USVM,NOT_NASDAQ_LISTED
8188,USWS,FIRST_ADD_PRICE_BELOW_FLOOR
8189,USWSW,NOT_COMMON_STOCK
8190,USX,NOT_NASDAQ_LISTED
8191,UTES,NOT_NASDAQ_LISTED
8192,UTF,NOT_NASDAQ_LISTED
8193,UTG,NOT_NASDAQ_LISTED
8194,UTHR,FIRST_ADD_PRICE_BELOW_FLOOR
8195,UTI,NOT_NASDAQ_LISTED
8196,UTL,NOT_NASDAQ_LISTED
8198,UTRN,NOT_NASDAQ_LISTED
8199,UTSI,NOT_COMMON_STOCK
8200,UTSL,NOT_NASDAQ_LISTED
8201,UTX,NOT_NASDAQ_LISTED
8202,UUP,NOT_NASDAQ_LISTED
8203,UUU,NOT_NASDAQ_LISTED
8204,UUUU,NOT_NASDAQ_LISTED
8205,UUUU+,NOT_NASDAQ_LISTED
8206,UVE,NOT_NASDAQ_LISTED
8207,UVSP,FIRST_ADD_PRICE_BELOW_FLOOR
8208,UVV,NOT_NASDAQ_LISTED
8209,UVXY,NOT_NASDAQ_LISTED
8210,UWM,NOT_NASDAQ_LISTED
8211,UWT,NOT_NASDAQ_LISTED
8212,UXI,NOT_NASDAQ_LISTED
8213,UXIN,NOT_COMMON_STOCK
8214,UYG,NOT_NASDAQ_LISTED
8215,UYM,NOT_NASDAQ_LISTED
8216,UZA,NOT_NASDAQ_LISTED
8217,UZB,NOT_NASDAQ_LISTED
8218,UZC,NOT_NASDAQ_LISTED
8219,V,NOT_NASDAQ_LISTED
8220,VAC,NOT_NASDAQ_LISTED
8221,VALE,NOT_NASDAQ_LISTED
8222,VALQ,NOT_NASDAQ_LISTED
8223,VALU,FIRST_ADD_PRICE_BELOW_FLOOR
8224,VALX,NOT_COMMON_STOCK
8225,VAM,NOT_NASDAQ_LISTED
8226,VAMO,NOT_NASDAQ_LISTED
8227,VAPO,NOT_NASDAQ_LISTED
8228,VAR,NOT_NASDAQ_LISTED
8229,VAW,NOT_NASDAQ_LISTED
8230,VB,NOT_NASDAQ_LISTED
8231,VBF,NOT_NASDAQ_LISTED
8232,VBFC,FIRST_ADD_PRICE_BELOW_FLOOR
8233,VBIV,FIRST_ADD_PRICE_BELOW_FLOOR
8234,VBK,NOT_NASDAQ_LISTED
8235,VBLT,NOT_COMMON_STOCK
8236,VBND,NOT_NASDAQ_LISTED
8237,VBR,NOT_NASDAQ_LISTED
8238,VBTX,FIRST_ADD_PRICE_BELOW_FLOOR
8241,VCF,NOT_NASDAQ_LISTED
8242,VCIF,NOT_NASDAQ_LISTED
8243,VCIT,NOT_COMMON_STOCK
8244,VCLT,NOT_COMMON_STOCK
8246,VCR,NOT_NASDAQ_LISTED
8247,VCRA,NOT_NASDAQ_LISTED
8248,VCSH,NOT_COMMON_STOCK
8249,VCTR,FIRST_ADD_PRICE_BELOW_FLOOR
8250,VCV,NOT_NASDAQ_LISTED
8252,VDC,NOT_NASDAQ_LISTED
8253,VDE,NOT_NASDAQ_LISTED
8254,VEA,NOT_NASDAQ_LISTED
8255,VEC,NOT_NASDAQ_LISTED
8257,VEDL,NOT_NASDAQ_LISTED
8258,VEEV,NOT_NASDAQ_LISTED
8259,VEGA,NOT_NASDAQ_LISTED
8260,VEGI,NOT_NASDAQ_LISTED
8261,VEON,NOT_COMMON_STOCK
8262,VER,NOT_NASDAQ_LISTED
8263,VER-F,NOT_NASDAQ_LISTED
8265,VERBW,NOT_COMMON_STOCK
8268,VET,NOT_NASDAQ_LISTED
8269,VETS,NOT_COMMON_STOCK
8270,VEU,NOT_NASDAQ_LISTED
8271,VFC,NOT_NASDAQ_LISTED
8273,VFH,NOT_NASDAQ_LISTED
8274,VFL,NOT_NASDAQ_LISTED
8275,VFLQ,NOT_NASDAQ_LISTED
8276,VFMF,NOT_NASDAQ_LISTED
8277,VFMO,NOT_NASDAQ_LISTED
8278,VFMV,NOT_NASDAQ_LISTED
8279,VFQY,NOT_NASDAQ_LISTED
8280,VFVA,NOT_NASDAQ_LISTED
8281,VG,NOT_NASDAQ_LISTED
8282,VGFO,NOT_NASDAQ_LISTED
8283,VGI,NOT_NASDAQ_LISTED
8284,VGIT,NOT_COMMON_STOCK
8285,VGK,NOT_NASDAQ_LISTED
8286,VGLT,NOT_COMMON_STOCK
8287,VGM,NOT_NASDAQ_LISTED
8288,VGR,NOT_NASDAQ_LISTED
8289,VGSH,NOT_COMMON_STOCK
8290,VGT,NOT_NASDAQ_LISTED
8291,VGZ,NOT_NASDAQ_LISTED
8292,VHC,NOT_NASDAQ_LISTED
8293,VHI,NOT_NASDAQ_LISTED
8294,VHT,NOT_NASDAQ_LISTED
8295,VIA,FIRST_ADD_PRICE_BELOW_FLOOR
8298,VICI,NOT_NASDAQ_LISTED
8299,VICL,FIRST_ADD_PRICE_BELOW_FLOOR
8300,VICR,FIRST_ADD_PRICE_BELOW_FLOOR
8301,VIDG,NOT_NASDAQ_LISTED
8302,VIDI,NOT_NASDAQ_LISTED
8303,VIG,NOT_NASDAQ_LISTED
8304,VIGI,NOT_COMMON_STOCK
8305,VIIX,NOT_COMMON_STOCK
8306,VIOG,NOT_NASDAQ_LISTED
8307,VIOO,NOT_NASDAQ_LISTED
8308,VIOT,NOT_COMMON_STOCK
8309,VIOV,NOT_NASDAQ_LISTED
8310,VIPS,NOT_NASDAQ_LISTED
8313,VIS,NOT_NASDAQ_LISTED
8314,VISI,NOT_NASDAQ_LISTED
8316,VIST,NOT_NASDAQ_LISTED
8317,VIV,NOT_NASDAQ_LISTED
8318,VIVE,FIRST_ADD_PRICE_BELOW_FLOOR
8320,VIXM,NOT_NASDAQ_LISTED
8321,VIXY,NOT_NASDAQ_LISTED
8322,VJET,NOT_NASDAQ_LISTED
8323,VKI,NOT_NASDAQ_LISTED
8324,VKQ,NOT_NASDAQ_LISTED
8326,VKTXW,NOT_COMMON_STOCK
8327,VLGEA,FIRST_ADD_PRICE_BELOW_FLOOR
8328,VLO,NOT_NASDAQ_LISTED
8329,VLRS,NOT_NASDAQ_LISTED
8331,VLT,NOT_NASDAQ_LISTED
8332,VLU,NOT_NASDAQ_LISTED
8333,VLUE,NOT_NASDAQ_LISTED
8335,VLYPO,NOT_COMMON_STOCK
8336,VLYPP,NOT_COMMON_STOCK
8337,VMBS,NOT_COMMON_STOCK
8338,VMC,NOT_NASDAQ_LISTED
8339,VMI,NOT_NASDAQ_LISTED
8340,VMM,NOT_NASDAQ_LISTED
8341,VMO,NOT_NASDAQ_LISTED
8342,VMOT,NOT_NASDAQ_LISTED
8343,VMW,NOT_NASDAQ_LISTED
8344,VNCE,NOT_NASDAQ_LISTED
8346,VNE,NOT_NASDAQ_LISTED
8347,VNET,NOT_COMMON_STOCK
8348,VNLA,NOT_NASDAQ_LISTED
8349,VNM,NOT_NASDAQ_LISTED
8350,VNO,NOT_NASDAQ_LISTED
8351,VNO-K,NOT_NASDAQ_LISTED
8352,VNO-L,NOT_NASDAQ_LISTED
8353,VNO-M,NOT_NASDAQ_LISTED
8354,VNOM,NOT_COMMON_STOCK
8355,VNQ,NOT_NASDAQ_LISTED
8356,VNQI,NOT_COMMON_STOCK
8357,VNRX,NOT_NASDAQ_LISTED
8358,VNTR,NOT_NASDAQ_LISTED
8359,VO,NOT_NASDAQ_LISTED
8360,VOC,NOT_NASDAQ_LISTED
8361,VOD,NOT_COMMON_STOCK
8362,VOE,NOT_NASDAQ_LISTED
8363,VONE,NOT_COMMON_STOCK
8364,VONG,NOT_COMMON_STOCK
8365,VONV,NOT_COMMON_STOCK
8366,VOO,NOT_NASDAQ_LISTED
8367,VOOG,NOT_NASDAQ_LISTED
8368,VOOV,NOT_NASDAQ_LISTED
8369,VOT,NOT_NASDAQ_LISTED
8370,VOX,NOT_NASDAQ_LISTED
8371,VOXX,FIRST_ADD_PRICE_BELOW_FLOOR
8372,VOYA,NOT_NASDAQ_LISTED
8373,VOYA-B,NOT_NASDAQ_LISTED
8374,VPC,NOT_NASDAQ_LISTED
8375,VPG,NOT_NASDAQ_LISTED
8376,VPL,NOT_NASDAQ_LISTED
8377,VPU,NOT_NASDAQ_LISTED
8378,VPV,NOT_NASDAQ_LISTED
8379,VQT,NOT_NASDAQ_LISTED
8381,VRAI,NOT_NASDAQ_LISTED
8383,VRCA,FIRST_ADD_PRICE_BELOW_FLOOR
8385,VRIG,NOT_COMMON_STOCK
8387,VRNA,NOT_COMMON_STOCK
8390,VRP,NOT_NASDAQ_LISTED
8392,VRS,NOT_NASDAQ_LISTED
8394,VRSN,FIRST_ADD_PRICE_BELOW_FLOOR
8395,VRTS,FIRST_ADD_PRICE_BELOW_FLOOR
8396,VRTSP,NOT_COMMON_STOCK
8397,VRTU,FIRST_ADD_PRICE_BELOW_FLOOR
8398,VRTV,NOT_NASDAQ_LISTED
8401,VSDA,NOT_COMMON_STOCK
8403,VSGX,NOT_NASDAQ_LISTED
8404,VSH,NOT_NASDAQ_LISTED
8405,VSI,NOT_NASDAQ_LISTED
8406,VSL,NOT_NASDAQ_LISTED
8407,VSLR,NOT_NASDAQ_LISTED
8408,VSM,NOT_NASDAQ_LISTED
8409,VSMV,NOT_COMMON_STOCK
8410,VSS,NOT_NASDAQ_LISTED
8411,VST,NOT_NASDAQ_LISTED
8412,VST+A,NOT_NASDAQ_LISTED
8414,VSTO,NOT_NASDAQ_LISTED
8415,VT,NOT_NASDAQ_LISTED
8416,VTA,NOT_NASDAQ_LISTED
8417,VTC,NOT_COMMON_STOCK
8418,VTEB,NOT_NASDAQ_LISTED
8420,VTHR,NOT_COMMON_STOCK
8421,VTI,NOT_NASDAQ_LISTED
8422,VTIP,NOT_COMMON_STOCK
8424,VTIQU,NOT_COMMON_STOCK
8425,VTIQW,NOT_COMMON_STOCK
8426,VTN,NOT_NASDAQ_LISTED
8427,VTNR,FIRST_ADD_PRICE_BELOW_FLOOR
8428,VTR,NOT_NASDAQ_LISTED
8430,VTV,NOT_NASDAQ_LISTED
8432,VTWG,NOT_COMMON_STOCK
8433,VTWO,NOT_COMMON_STOCK
8434,VTWV,NOT_COMMON_STOCK
8435,VUG,NOT_NASDAQ_LISTED
8436,VUSE,NOT_NASDAQ_LISTED
8438,VV,NOT_NASDAQ_LISTED
8439,VVI,NOT_NASDAQ_LISTED
8440,VVPR,NOT_COMMON_STOCK
8441,VVR,NOT_NASDAQ_LISTED
8443,VVV,NOT_NASDAQ_LISTED
8444,VWO,NOT_NASDAQ_LISTED
8445,VWOB,NOT_COMMON_STOCK
8446,VXF,NOT_NASDAQ_LISTED
8447,VXRT,FIRST_ADD_PRICE_BELOW_FLOOR
8448,VXUS,NOT_COMMON_STOCK
8449,VXX,NOT_NASDAQ_LISTED
8450,VXZ,NOT_NASDAQ_LISTED
8452,VYM,NOT_NASDAQ_LISTED
8453,VYMI,NOT_COMMON_STOCK
8454,VZ,NOT_NASDAQ_LISTED
8455,W,NOT_NASDAQ_LISTED
8456,WAAS,NOT_NASDAQ_LISTED
8457,WAB,NOT_NASDAQ_LISTED
8458,WABC,FIRST_ADD_PRICE_BELOW_FLOOR
8459,WAFD,FIRST_ADD_PRICE_BELOW_FLOOR
8460,WAFU,NOT_COMMON_STOCK
8461,WAGE,NOT_NASDAQ_LISTED
8462,WAIR,NOT_NASDAQ_LISTED
8463,WAL,NOT_NASDAQ_LISTED
8464,WALA,NOT_NASDAQ_LISTED
8465,WANT,NOT_NASDAQ_LISTED
8466,WASH,FIRST_ADD_PRICE_BELOW_FLOOR
8467,WAT,NOT_NASDAQ_LISTED
8469,WB,NOT_COMMON_STOCK
8471,WBAI,NOT_NASDAQ_LISTED
8472,WBAL,NOT_NASDAQ_LISTED
8473,WBC,NOT_NASDAQ_LISTED
8474,WBIA,NOT_NASDAQ_LISTED
8475,WBIB,NOT_NASDAQ_LISTED
8476,WBIC,NOT_NASDAQ_LISTED
8477,WBID,NOT_NASDAQ_LISTED
8478,WBIE,NOT_NASDAQ_LISTED
8479,WBIF,NOT_NASDAQ_LISTED
8480,WBIG,NOT_NASDAQ_LISTED
8481,WBII,NOT_NASDAQ_LISTED
8482,WBIL,NOT_NASDAQ_LISTED
8483,WBIN,NOT_NASDAQ_LISTED
8484,WBIT,NOT_NASDAQ_LISTED
8485,WBIY,NOT_NASDAQ_LISTED
8486,WBK,NOT_NASDAQ_LISTED
8487,WBND,NOT_COMMON_STOCK
8488,WBS,NOT_NASDAQ_LISTED
8489,WBS-F,NOT_NASDAQ_LISTED
8490,WBT,NOT_NASDAQ_LISTED
8491,WCC,NOT_NASDAQ_LISTED
8492,WCG,NOT_NASDAQ_LISTED
8493,WCHN,NOT_NASDAQ_LISTED
8494,WCN,NOT_NASDAQ_LISTED
8495,WD,NOT_NASDAQ_LISTED
8499,WDIV,NOT_NASDAQ_LISTED
8500,WDR,NOT_NASDAQ_LISTED
8501,WDRW,NOT_NASDAQ_LISTED
8502,WEA,NOT_NASDAQ_LISTED
8503,WEAT,NOT_NASDAQ_LISTED
8505,WEC,NOT_NASDAQ_LISTED
8506,WEI,NOT_NASDAQ_LISTED
8507,WELL,NOT_NASDAQ_LISTED
8509,WERN,FIRST_ADD_PRICE_BELOW_FLOOR
8510,WES,NOT_NASDAQ_LISTED
8512,WEX,NOT_NASDAQ_LISTED
8513,WEYS,FIRST_ADD_PRICE_BELOW_FLOOR
8514,WF,NOT_NASDAQ_LISTED
8515,WFC,NOT_NASDAQ_LISTED
8516,WFC-L,NOT_NASDAQ_LISTED
8517,WFC-N,NOT_NASDAQ_LISTED
8518,WFC-O,NOT_NASDAQ_LISTED
8519,WFC-P,NOT_NASDAQ_LISTED
8520,WFC-Q,NOT_NASDAQ_LISTED
8521,WFC-R,NOT_NASDAQ_LISTED
8522,WFC-T,NOT_NASDAQ_LISTED
8523,WFC-V,NOT_NASDAQ_LISTED
8524,WFC-W,NOT_NASDAQ_LISTED
8525,WFC-X,NOT_NASDAQ_LISTED
8526,WFC-Y,NOT_NASDAQ_LISTED
8527,WFE-A,NOT_NASDAQ_LISTED
8528,WFHY,NOT_NASDAQ_LISTED
8529,WFIG,NOT_NASDAQ_LISTED
8530,WGO,NOT_NASDAQ_LISTED
8531,WH,NOT_NASDAQ_LISTED
8532,WHD,NOT_NASDAQ_LISTED
8534,WHFBZ,NOT_COMMON_STOCK
8535,WHG,NOT_NASDAQ_LISTED
8536,WHLM,FIRST_ADD_PRICE_BELOW_FLOOR
8538,WHLRD,NOT_COMMON_STOCK
8539,WHLRP,NOT_COMMON_STOCK
8540,WHR,NOT_NASDAQ_LISTED
8541,WIA,NOT_NASDAQ_LISTED
8543,WIL,NOT_NASDAQ_LISTED
8544,WILC,NOT_COMMON_STOCK
8546,WINC,NOT_COMMON_STOCK
8548,WINS,NOT_COMMON_STOCK
8549,WIP,NOT_NASDAQ_LISTED
8551,WISA,FIRST_ADD_PRICE_BELOW_FLOOR
8552,WIT,NOT_NASDAQ_LISTED
8553,WIW,NOT_NASDAQ_LISTED
8554,WIX,NOT_COMMON_STOCK
8555,WK,NOT_NASDAQ_LISTED
8557,WLDN,FIRST_ADD_PRICE_BELOW_FLOOR
8558,WLDR,NOT_NASDAQ_LISTED
8560,WLH,NOT_NASDAQ_LISTED
8561,WLK,NOT_NASDAQ_LISTED
8562,WLKP,NOT_NASDAQ_LISTED
8563,WLL,NOT_NASDAQ_LISTED
8564,WLTW,NOT_COMMON_STOCK
8565,WM,NOT_NASDAQ_LISTED
8566,WMB,NOT_NASDAQ_LISTED
8567,WMC,NOT_NASDAQ_LISTED
8568,WMGI,NOT_COMMON_STOCK
8569,WMK,NOT_NASDAQ_LISTED
8570,WMS,NOT_NASDAQ_LISTED
8571,WMT,NOT_NASDAQ_LISTED
8572,WNC,NOT_NASDAQ_LISTED
8573,WNEB,FIRST_ADD_PRICE_BELOW_FLOOR
8574,WNS,NOT_NASDAQ_LISTED
8575,WOMN,NOT_NASDAQ_LISTED
8576,WOOD,NOT_COMMON_STOCK
8577,WOR,NOT_NASDAQ_LISTED
8578,WORK,NOT_NASDAQ_LISTED
8580,WOW,NOT_NASDAQ_LISTED
8581,WP,NOT_NASDAQ_LISTED
8582,WPC,NOT_NASDAQ_LISTED
8583,WPG,NOT_NASDAQ_LISTED
8584,WPG-H,NOT_NASDAQ_LISTED
8585,WPG-I,NOT_NASDAQ_LISTED
8586,WPM,NOT_NASDAQ_LISTED
8587,WPP,NOT_NASDAQ_LISTED
8589,WPS,NOT_NASDAQ_LISTED
8590,WPX,NOT_NASDAQ_LISTED
8591,WRB,NOT_NASDAQ_LISTED
8592,WRB-B,NOT_NASDAQ_LISTED
8593,WRB-C,NOT_NASDAQ_LISTED
8594,WRB-D,NOT_NASDAQ_LISTED
8595,WRB-E,NOT_NASDAQ_LISTED
8596,WRE,NOT_NASDAQ_LISTED
8597,WRI,NOT_NASDAQ_LISTED
8598,WRK,NOT_NASDAQ_LISTED
8601,WRLSR,NOT_COMMON_STOCK
8602,WRLSU,NOT_COMMON_STOCK
8603,WRLSW,NOT_COMMON_STOCK
8604,WRN,NOT_NASDAQ_LISTED
8610,WSG,NOT_COMMON_STOCK
8611,WSM,NOT_NASDAQ_LISTED
8612,WSO,NOT_NASDAQ_LISTED
8613,WSO.B,NOT_NASDAQ_LISTED
8614,WSR,NOT_NASDAQ_LISTED
8615,WST,NOT_NASDAQ_LISTED
8616,WSTG,FIRST_ADD_PRICE_BELOW_FLOOR
8617,WSTL,FIRST_ADD_PRICE_BELOW_FLOOR
8618,WTBA,FIRST_ADD_PRICE_BELOW_FLOOR
8620,WTFC,FIRST_ADD_PRICE_BELOW_FLOOR
8621,WTFCM,NOT_COMMON_STOCK
8622,WTI,NOT_NASDAQ_LISTED
8623,WTID,NOT_NASDAQ_LISTED
8624,WTIU,NOT_NASDAQ_LISTED
8625,WTM,NOT_NASDAQ_LISTED
8626,WTMF,NOT_NASDAQ_LISTED
8627,WTR,NOT_NASDAQ_LISTED
8629,WTREP,NOT_COMMON_STOCK
8631,WTRU,NOT_NASDAQ_LISTED
8632,WTS,NOT_NASDAQ_LISTED
8633,WTT,NOT_NASDAQ_LISTED
8634,WTTR,NOT_NASDAQ_LISTED
8635,WU,NOT_NASDAQ_LISTED
8636,WUBA,NOT_NASDAQ_LISTED
8637,WVE,NOT_COMMON_STOCK
8638,WVFC,FIRST_ADD_PRICE_BELOW_FLOOR
8639,WVVI,FIRST_ADD_PRICE_BELOW_FLOOR
8640,WVVIP,NOT_COMMON_STOCK
8642,WWD,FIRST_ADD_PRICE_BELOW_FLOOR
8643,WWE,NOT_NASDAQ_LISTED
8645,WWW,NOT_NASDAQ_LISTED
8646,WY,NOT_NASDAQ_LISTED
8647,WYDE,NOT_NASDAQ_LISTED
8648,WYND,NOT_NASDAQ_LISTED
8650,WYY,NOT_NASDAQ_LISTED
8651,X,NOT_NASDAQ_LISTED
8653,XAN,NOT_NASDAQ_LISTED
8654,XAN-C,NOT_NASDAQ_LISTED
8655,XAR,NOT_NASDAQ_LISTED
8656,XBI,NOT_NASDAQ_LISTED
8658,XBIOW,NOT_COMMON_STOCK
8659,XBIT,FIRST_ADD_PRICE_BELOW_FLOOR
8660,XBUY,NOT_NASDAQ_LISTED
8661,XCEM,NOT_NASDAQ_LISTED
8662,XCOM,NOT_NASDAQ_LISTED
8663,XDIV,NOT_NASDAQ_LISTED
8664,XEC,NOT_NASDAQ_LISTED
8668,XENE,FIRST_ADD_PRICE_BELOW_FLOOR
8669,XENT,FIRST_ADD_PRICE_BELOW_FLOOR
8671,XES,NOT_NASDAQ_LISTED
8672,XFLT,NOT_NASDAQ_LISTED
8674,XHB,NOT_NASDAQ_LISTED
8675,XHE,NOT_NASDAQ_LISTED
8676,XHR,NOT_NASDAQ_LISTED
8677,XHS,NOT_NASDAQ_LISTED
8678,XIN,NOT_NASDAQ_LISTED
8679,XITK,NOT_NASDAQ_LISTED
8680,XLB,NOT_NASDAQ_LISTED
8681,XLC,NOT_NASDAQ_LISTED
8682,XLE,NOT_NASDAQ_LISTED
8683,XLEY,NOT_NASDAQ_LISTED
8684,XLF,NOT_NASDAQ_LISTED
8685,XLG,NOT_NASDAQ_LISTED
8686,XLI,NOT_NASDAQ_LISTED
8687,XLK,NOT_NASDAQ_LISTED
8689,XLP,NOT_NASDAQ_LISTED
8690,XLRE,NOT_NASDAQ_LISTED
8691,XLRN,FIRST_ADD_PRICE_BELOW_FLOOR
8692,XLSR,NOT_NASDAQ_LISTED
8693,XLSY,NOT_NASDAQ_LISTED
8694,XLTY,NOT_NASDAQ_LISTED
8695,XLU,NOT_NASDAQ_LISTED
8696,XLUY,NOT_NASDAQ_LISTED
8697,XLV,NOT_NASDAQ_LISTED
8698,XLY,NOT_NASDAQ_LISTED
8699,XME,NOT_NASDAQ_LISTED
8700,XMHQ,NOT_NASDAQ_LISTED
8701,XMLV,NOT_NASDAQ_LISTED
8702,XMMO,NOT_NASDAQ_LISTED
8703,XMPT,NOT_NASDAQ_LISTED
8704,XMVM,NOT_NASDAQ_LISTED
8705,XMX,NOT_NASDAQ_LISTED
8706,XNCR,FIRST_ADD_PRICE_BELOW_FLOOR
8707,XNET,NOT_COMMON_STOCK
8708,XNTK,NOT_NASDAQ_LISTED
8710,XOM,NOT_NASDAQ_LISTED
8714,XOP,NOT_NASDAQ_LISTED
8716,XPER,FIRST_ADD_PRICE_BELOW_FLOOR
8717,XPH,NOT_NASDAQ_LISTED
8718,XPL,NOT_NASDAQ_LISTED
8719,XPO,NOT_NASDAQ_LISTED
8720,XPP,NOT_NASDAQ_LISTED
8722,XRF,NOT_NASDAQ_LISTED
8723,XRLV,NOT_NASDAQ_LISTED
8724,XRT,NOT_NASDAQ_LISTED
8725,XRX,NOT_NASDAQ_LISTED
8726,XSD,NOT_NASDAQ_LISTED
8727,XSHD,NOT_NASDAQ_LISTED
8728,XSHQ,NOT_NASDAQ_LISTED
8729,XSLV,NOT_NASDAQ_LISTED
8730,XSMO,NOT_NASDAQ_LISTED
8731,XSOE,NOT_NASDAQ_LISTED
8733,XSVM,NOT_NASDAQ_LISTED
8734,XSW,NOT_NASDAQ_LISTED
8735,XT,NOT_COMMON_STOCK
8736,XTH,NOT_NASDAQ_LISTED
8737,XTL,NOT_NASDAQ_LISTED
8738,XTLB,NOT_COMMON_STOCK
8739,XTN,NOT_NASDAQ_LISTED
8740,XTNT,NOT_NASDAQ_LISTED
8741,XVZ,NOT_NASDAQ_LISTED
8742,XWEB,NOT_NASDAQ_LISTED
8743,XXII,NOT_NASDAQ_LISTED
8744,XYF,NOT_NASDAQ_LISTED
8745,XYL,NOT_NASDAQ_LISTED
8746,Y,NOT_NASDAQ_LISTED
8747,YANG,NOT_NASDAQ_LISTED
8748,YCBD,NOT_NASDAQ_LISTED
8749,YCL,NOT_NASDAQ_LISTED
8750,YCOM,NOT_NASDAQ_LISTED
8751,YCS,NOT_NASDAQ_LISTED
8752,YELP,NOT_NASDAQ_LISTED
8753,YETI,NOT_NASDAQ_LISTED
8754,YEXT,NOT_NASDAQ_LISTED
8755,YGRN,NOT_NASDAQ_LISTED
8757,YI,NOT_COMMON_STOCK
8758,YIN,NOT_COMMON_STOCK
8759,YINN,NOT_NASDAQ_LISTED
8760,YJ,NOT_COMMON_STOCK
8761,YLCO,NOT_COMMON_STOCK
8762,YLD,NOT_NASDAQ_LISTED
8763,YLDE,NOT_COMMON_STOCK
8764,YMAB,FIRST_ADD_PRICE_BELOW_FLOOR
8765,YMLI,NOT_NASDAQ_LISTED
8766,YMLP,NOT_NASDAQ_LISTED
8767,YNDX,NOT_COMMON_STOCK
8768,YOGA,FIRST_ADD_PRICE_BELOW_FLOOR
8769,YOLO,NOT_NASDAQ_LISTED
8770,YORW,FIRST_ADD_PRICE_BELOW_FLOOR
8771,YPF,NOT_NASDAQ_LISTED
8773,YRD,NOT_NASDAQ_LISTED
8774,YRIV,FIRST_ADD_PRICE_BELOW_FLOOR
8775,YTEN,FIRST_ADD_PRICE_BELOW_FLOOR
8776,YTRA,NOT_COMMON_STOCK
8777,YUM,NOT_NASDAQ_LISTED
8778,YUMA,NOT_NASDAQ_LISTED
8779,YUMC,NOT_NASDAQ_LISTED
8781,YXI,NOT_NASDAQ_LISTED
8782,YY,NOT_COMMON_STOCK
8783,YYY,NOT_NASDAQ_LISTED
8785,ZAGG,FIRST_ADD_PRICE_BELOW_FLOOR
8786,ZAYO,NOT_NASDAQ_LISTED
8787,ZAZZT,NOT_LIVE_AUTHENTICITY
8788,ZB-A,NOT_NASDAQ_LISTED
8789,ZB-G,NOT_NASDAQ_LISTED
8790,ZB-H,NOT_NASDAQ_LISTED
8791,ZBH,NOT_NASDAQ_LISTED
8792,ZBIO,NOT_COMMON_STOCK
8793,ZBK,NOT_NASDAQ_LISTED
8795,ZBZX,NOT_NASDAQ_LISTED
8796,ZBZZT,NOT_LIVE_AUTHENTICITY
8797,ZCAN,NOT_NASDAQ_LISTED
8798,ZCZZT,NOT_LIVE_AUTHENTICITY
8799,ZDEU,NOT_NASDAQ_LISTED
8800,ZDGE,NOT_NASDAQ_LISTED
8801,ZEAL,NOT_COMMON_STOCK
8802,ZEN,NOT_NASDAQ_LISTED
8803,ZEUS,FIRST_ADD_PRICE_BELOW_FLOOR
8804,ZEXIT,NOT_NASDAQ_LISTED
8805,ZF,NOT_NASDAQ_LISTED
8807,ZG,FIRST_ADD_PRICE_BELOW_FLOOR
8808,ZGBR,NOT_NASDAQ_LISTED
8810,ZHOK,NOT_NASDAQ_LISTED
8811,ZIEXT,NOT_NASDAQ_LISTED
8812,ZIG,NOT_NASDAQ_LISTED
8814,ZIONW,NOT_COMMON_STOCK
8815,ZIOP,FIRST_ADD_PRICE_BELOW_FLOOR
8816,ZIV,NOT_COMMON_STOCK
8818,ZJPN,NOT_NASDAQ_LISTED
8819,ZJZZT,NOT_LIVE_AUTHENTICITY
8820,ZKIN,NOT_COMMON_STOCK
8821,ZLAB,NOT_COMMON_STOCK
8823,ZMLP,NOT_NASDAQ_LISTED
8824,ZN,FIRST_ADD_PRICE_BELOW_FLOOR
8826,ZNH,NOT_NASDAQ_LISTED
8827,ZNWAA,NOT_COMMON_STOCK
8828,ZOM,NOT_NASDAQ_LISTED
8829,ZROZ,NOT_NASDAQ_LISTED
8832,ZSL,NOT_NASDAQ_LISTED
8833,ZTEST,NOT_NASDAQ_LISTED
8834,ZTO,NOT_NASDAQ_LISTED
8835,ZTR,NOT_NASDAQ_LISTED
8836,ZTS,NOT_NASDAQ_LISTED
8838,ZUO,NOT_NASDAQ_LISTED
8840,ZVV,NOT_NASDAQ_LISTED
8841,ZVZZC,NOT_COMMON_STOCK
8842,ZVZZT,NOT_COMMON_STOCK
8843,ZWZZT,NOT_COMMON_STOCK
8844,ZXIET,NOT_NASDAQ_LISTED
8845,ZXYZ.A,NOT_LIVE_AUTHENTICITY
8846,ZXZZT,NOT_COMMON_STOCK
8847,ZYME,NOT_NASDAQ_LISTED
7521,STX,OUTSIDE_COMPUTE_SCOPE_RANK
7955,TTWO,OUTSIDE_COMPUTE_SCOPE_RANK
5647,NTAP,OUTSIDE_COMPUTE_SCOPE_RANK
3554,GT,OUTSIDE_COMPUTE_SCOPE_RANK
5664,NTNX,OUTSIDE_COMPUTE_SCOPE_RANK
1311,CELG,OUTSIDE_COMPUTE_SCOPE_RANK
2698,EXPE,OUTSIDE_COMPUTE_SCOPE_RANK
5207,MNST,OUTSIDE_COMPUTE_SCOPE_RANK
7880,TRIP,OUTSIDE_COMPUTE_SCOPE_RANK
2046,DISH,OUTSIDE_COMPUTE_SCOPE_RANK
4953,MAR,OUTSIDE_COMPUTE_SCOPE_RANK
3623,HBAN,OUTSIDE_COMPUTE_SCOPE_RANK
4369,JBLU,OUTSIDE_COMPUTE_SCOPE_RANK
7576,SYMC,OUTSIDE_COMPUTE_SCOPE_RANK
111,ADSK,OUTSIDE_COMPUTE_SCOPE_RANK
1289,CDNS,OUTSIDE_COMPUTE_SCOPE_RANK
2735,FAST,OUTSIDE_COMPUTE_SCOPE_RANK
250,AKAM,OUTSIDE_COMPUTE_SCOPE_RANK
8014,UAL,OUTSIDE_COMPUTE_SCOPE_RANK
8784,Z,OUTSIDE_COMPUTE_SCOPE_RANK
627,AVGO,OUTSIDE_COMPUTE_SCOPE_RANK
5952,PAAS,OUTSIDE_COMPUTE_SCOPE_RANK
3774,HOLX,OUTSIDE_COMPUTE_SCOPE_RANK
7923,TSCO,OUTSIDE_COMPUTE_SCOPE_RANK
1808,CTXS,OUTSIDE_COMPUTE_SCOPE_RANK
8129,URBN,OUTSIDE_COMPUTE_SCOPE_RANK
1632,COMM,OUTSIDE_COMPUTE_SCOPE_RANK
342,AMGN,OUTSIDE_COMPUTE_SCOPE_RANK
724,BBBY,OUTSIDE_COMPUTE_SCOPE_RANK
5371,MXIM,OUTSIDE_COMPUTE_SCOPE_RANK
2828,FEYE,OUTSIDE_COMPUTE_SCOPE_RANK
1363,CGNX,OUTSIDE_COMPUTE_SCOPE_RANK
8296,VIAB,OUTSIDE_COMPUTE_SCOPE_RANK
103,ADP,OUTSIDE_COMPUTE_SCOPE_RANK
2045,DISCK,OUTSIDE_COMPUTE_SCOPE_RANK
4719,LBRDA,OUTSIDE_COMPUTE_SCOPE_RANK
1327,CERN,OUTSIDE_COMPUTE_SCOPE_RANK
1521,CLVS,OUTSIDE_COMPUTE_SCOPE_RANK
7163,SIRI,OUTSIDE_COMPUTE_SCOPE_RANK
3665,HDS,OUTSIDE_COMPUTE_SCOPE_RANK
2686,EXAS,OUTSIDE_COMPUTE_SCOPE_RANK
7557,SWKS,OUTSIDE_COMPUTE_SCOPE_RANK
1935,DBX,OUTSIDE_COMPUTE_SCOPE_RANK
280,ALGN,OUTSIDE_COMPUTE_SCOPE_RANK
7895,TROW,OUTSIDE_COMPUTE_SCOPE_RANK
3130,FTNT,OUTSIDE_COMPUTE_SCOPE_RANK
4720,LBRDK,OUTSIDE_COMPUTE_SCOPE_RANK
8496,WDAY,OUTSIDE_COMPUTE_SCOPE_RANK
1648,COST,OUTSIDE_COMPUTE_SCOPE_RANK
6533,QRTEA,OUTSIDE_COMPUTE_SCOPE_RANK
4806,LKQ,OUTSIDE_COMPUTE_SCOPE_RANK
8508,WEN,OUTSIDE_COMPUTE_SCOPE_RANK
2476,ENTG,OUTSIDE_COMPUTE_SCOPE_RANK
7081,SFIX,OUTSIDE_COMPUTE_SCOPE_RANK
3018,FNSR,OUTSIDE_COMPUTE_SCOPE_RANK
2468,ENPH,OUTSIDE_COMPUTE_SCOPE_RANK
5913,OSTK,OUTSIDE_COMPUTE_SCOPE_RANK
7289,SNPS,OUTSIDE_COMPUTE_SCOPE_RANK
6535,QRVO,OUTSIDE_COMPUTE_SCOPE_RANK
4910,LULU,OUTSIDE_COMPUTE_SCOPE_RANK
3441,GNTX,OUTSIDE_COMPUTE_SCOPE_RANK
3819,HSIC,OUTSIDE_COMPUTE_SCOPE_RANK
3097,FSLR,OUTSIDE_COMPUTE_SCOPE_RANK
2689,EXEL,OUTSIDE_COMPUTE_SCOPE_RANK
6110,PFG,OUTSIDE_COMPUTE_SCOPE_RANK
4106,ILMN,OUTSIDE_COMPUTE_SCOPE_RANK
2598,ETSY,OUTSIDE_COMPUTE_SCOPE_RANK
3476,GPOR,OUTSIDE_COMPUTE_SCOPE_RANK
4892,LSXMK,OUTSIDE_COMPUTE_SCOPE_RANK
3617,HAS,OUTSIDE_COMPUTE_SCOPE_RANK
4890,LSXMA,OUTSIDE_COMPUTE_SCOPE_RANK
1183,CAR,OUTSIDE_COMPUTE_SCOPE_RANK
3499,GRMN,OUTSIDE_COMPUTE_SCOPE_RANK
5677,NUAN,OUTSIDE_COMPUTE_SCOPE_RANK
5669,NTRS,OUTSIDE_COMPUTE_SCOPE_RANK
930,BLMN,OUTSIDE_COMPUTE_SCOPE_RANK
183,AGNC,OUTSIDE_COMPUTE_SCOPE_RANK
6051,PDCE,OUTSIDE_COMPUTE_SCOPE_RANK
8399,VRTX,OUTSIDE_COMPUTE_SCOPE_RANK
5830,OLLI,OUTSIDE_COMPUTE_SCOPE_RANK
7992,TXRH,OUTSIDE_COMPUTE_SCOPE_RANK
1717,CRON,OUTSIDE_COMPUTE_SCOPE_RANK
3318,GHDX,OUTSIDE_COMPUTE_SCOPE_RANK
1894,CZR,OUTSIDE_COMPUTE_SCOPE_RANK
869,BIIB,OUTSIDE_COMPUTE_SCOPE_RANK
5411,NAVI,OUTSIDE_COMPUTE_SCOPE_RANK
4189,INTU,OUTSIDE_COMPUTE_SCOPE_RANK
1876,CY,OUTSIDE_COMPUTE_SCOPE_RANK
4610,KLAC,OUTSIDE_COMPUTE_SCOPE_RANK
4096,IIVI,OUTSIDE_COMPUTE_SCOPE_RANK
5417,NBIX,OUTSIDE_COMPUTE_SCOPE_RANK
952,BMRN,OUTSIDE_COMPUTE_SCOPE_RANK
5547,NKTR,OUTSIDE_COMPUTE_SCOPE_RANK
2697,EXPD,OUTSIDE_COMPUTE_SCOPE_RANK
8641,WW,OUTSIDE_COMPUTE_SCOPE_RANK
1428,CHTR,OUTSIDE_COMPUTE_SCOPE_RANK
1026,BRKR,OUTSIDE_COMPUTE_SCOPE_RANK
8649,WYNN,OUTSIDE_COMPUTE_SCOPE_RANK
8721,XRAY,OUTSIDE_COMPUTE_SCOPE_RANK
5444,NDAQ,OUTSIDE_COMPUTE_SCOPE_RANK
4838,LNT,OUTSIDE_COMPUTE_SCOPE_RANK
7498,STNE,OUTSIDE_COMPUTE_SCOPE_RANK
5825,OKTA,OUTSIDE_COMPUTE_SCOPE_RANK
7358,SPLK,OUTSIDE_COMPUTE_SCOPE_RANK
4144,INCY,OUTSIDE_COMPUTE_SCOPE_RANK
5041,MEOH,OUTSIDE_COMPUTE_SCOPE_RANK
1719,CROX,OUTSIDE_COMPUTE_SCOPE_RANK
2532,ERI,OUTSIDE_COMPUTE_SCOPE_RANK
4931,LYFT,OUTSIDE_COMPUTE_SCOPE_RANK
4267,ISRG,OUTSIDE_COMPUTE_SCOPE_RANK
2730,FANG,OUTSIDE_COMPUTE_SCOPE_RANK
4797,LITE,OUTSIDE_COMPUTE_SCOPE_RANK
1539,CME,OUTSIDE_COMPUTE_SCOPE_RANK
6349,PS,OUTSIDE_COMPUTE_SCOPE_RANK
2931,FLIR,OUTSIDE_COMPUTE_SCOPE_RANK
1841,CVLT,OUTSIDE_COMPUTE_SCOPE_RANK
1699,CREE,OUTSIDE_COMPUTE_SCOPE_RANK
7455,SSRM,OUTSIDE_COMPUTE_SCOPE_RANK
7105,SGMS,OUTSIDE_COMPUTE_SCOPE_RANK
8825,ZNGA,OUTSIDE_COMPUTE_SCOPE_RANK
4212,IPGP,OUTSIDE_COMPUTE_SCOPE_RANK
5035,MEDP,OUTSIDE_COMPUTE_SCOPE_RANK
7084,SFM,OUTSIDE_COMPUTE_SCOPE_RANK
53,ACGL,OUTSIDE_COMPUTE_SCOPE_RANK
4251,ISBC,OUTSIDE_COMPUTE_SCOPE_RANK
352,AMKR,OUTSIDE_COMPUTE_SCOPE_RANK
6207,PLAY,OUTSIDE_COMPUTE_SCOPE_RANK
7386,SPWR,OUTSIDE_COMPUTE_SCOPE_RANK
6078,PEGI,OUTSIDE_COMPUTE_SCOPE_RANK
6631,REGN,OUTSIDE_COMPUTE_SCOPE_RANK
1774,CTAS,OUTSIDE_COMPUTE_SCOPE_RANK
7941,TTD,OUTSIDE_COMPUTE_SCOPE_RANK
43,ACAD,OUTSIDE_COMPUTE_SCOPE_RANK
3903,HZNP,OUTSIDE_COMPUTE_SCOPE_RANK
8334,VLY,OUTSIDE_COMPUTE_SCOPE_RANK
5007,MDB,OUTSIDE_COMPUTE_SCOPE_RANK
5307,MTCH,OUTSIDE_COMPUTE_SCOPE_RANK
2842,FFIV,OUTSIDE_COMPUTE_SCOPE_RANK
5962,PACW,OUTSIDE_COMPUTE_SCOPE_RANK
3376,GLNG,OUTSIDE_COMPUTE_SCOPE_RANK
2519,EQIX,OUTSIDE_COMPUTE_SCOPE_RANK
6087,PENN,OUTSIDE_COMPUTE_SCOPE_RANK
6052,PDCO,OUTSIDE_COMPUTE_SCOPE_RANK
2242,DXCM,OUTSIDE_COMPUTE_SCOPE_RANK
8822,ZM,OUTSIDE_COMPUTE_SCOPE_RANK
6939,SBAC,OUTSIDE_COMPUTE_SCOPE_RANK
1414,CHNG,OUTSIDE_COMPUTE_SCOPE_RANK
1651,COUP,OUTSIDE_COMPUTE_SCOPE_RANK
8091,ULTA,OUTSIDE_COMPUTE_SCOPE_RANK
8388,VRNS,OUTSIDE_COMPUTE_SCOPE_RANK
474,ARCC,OUTSIDE_COMPUTE_SCOPE_RANK
2111,DOCU,OUTSIDE_COMPUTE_SCOPE_RANK
8830,ZS,OUTSIDE_COMPUTE_SCOPE_RANK
1384,CHFC,OUTSIDE_COMPUTE_SCOPE_RANK
8794,ZBRA,OUTSIDE_COMPUTE_SCOPE_RANK
7205,SLM,OUTSIDE_COMPUTE_SCOPE_RANK
5728,NWSA,OUTSIDE_COMPUTE_SCOPE_RANK
7104,SGMO,OUTSIDE_COMPUTE_SCOPE_RANK
5895,ORLY,OUTSIDE_COMPUTE_SCOPE_RANK
2891,FIVE,OUTSIDE_COMPUTE_SCOPE_RANK
3398,GLUU,OUTSIDE_COMPUTE_SCOPE_RANK
7170,SIVB,OUTSIDE_COMPUTE_SCOPE_RANK
5117,MIK,OUTSIDE_COMPUTE_SCOPE_RANK
6164,PI,OUTSIDE_COMPUTE_SCOPE_RANK
6960,SBRA,OUTSIDE_COMPUTE_SCOPE_RANK
7416,SRCL,OUTSIDE_COMPUTE_SCOPE_RANK
6834,RUN,OUTSIDE_COMPUTE_SCOPE_RANK
4124,IMMU,OUTSIDE_COMPUTE_SCOPE_RANK
3800,HQY,OUTSIDE_COMPUTE_SCOPE_RANK
8109,UNIT,OUTSIDE_COMPUTE_SCOPE_RANK
6420,PTLA,OUTSIDE_COMPUTE_SCOPE_RANK
4676,KTOS,OUTSIDE_COMPUTE_SCOPE_RANK
8709,XOG,OUTSIDE_COMPUTE_SCOPE_RANK
524,ARWR,OUTSIDE_COMPUTE_SCOPE_RANK
336,AMCX,OUTSIDE_COMPUTE_SCOPE_RANK
6485,PZZA,OUTSIDE_COMPUTE_SCOPE_RANK
77,ACST,OUTSIDE_COMPUTE_SCOPE_RANK
1169,CAKE,OUTSIDE_COMPUTE_SCOPE_RANK
6683,RGLD,OUTSIDE_COMPUTE_SCOPE_RANK
7267,SNBR,OUTSIDE_COMPUTE_SCOPE_RANK
1628,COLM,OUTSIDE_COMPUTE_SCOPE_RANK
64,ACIW,OUTSIDE_COMPUTE_SCOPE_RANK
4238,IRDM,OUTSIDE_COMPUTE_SCOPE_RANK
3654,HCSG,OUTSIDE_COMPUTE_SCOPE_RANK
33,ABMD,OUTSIDE_COMPUTE_SCOPE_RANK
2102,DNKN,OUTSIDE_COMPUTE_SCOPE_RANK
19,AAXN,OUTSIDE_COMPUTE_SCOPE_RANK
908,BKNG,OUTSIDE_COMPUTE_SCOPE_RANK
5142,MKTX,OUTSIDE_COMPUTE_SCOPE_RANK
3026,FOLD,OUTSIDE_COMPUTE_SCOPE_RANK
3035,FOSL,OUTSIDE_COMPUTE_SCOPE_RANK
849,BHF,OUTSIDE_COMPUTE_SCOPE_RANK
58,ACHN,OUTSIDE_COMPUTE_SCOPE_RANK
8297,VIAV,OUTSIDE_COMPUTE_SCOPE_RANK
1752,CSOD,OUTSIDE_COMPUTE_SCOPE_RANK
1288,CDNA,OUTSIDE_COMPUTE_SCOPE_RANK
6628,REG,OUTSIDE_COMPUTE_SCOPE_RANK
4043,IFRX,OUTSIDE_COMPUTE_SCOPE_RANK
4849,LOGI,OUTSIDE_COMPUTE_SCOPE_RANK
7926,TSG,OUTSIDE_COMPUTE_SCOPE_RANK
5828,OLED,OUTSIDE_COMPUTE_SCOPE_RANK
4867,LPSN,OUTSIDE_COMPUTE_SCOPE_RANK
1458,CINF,OUTSIDE_COMPUTE_SCOPE_RANK
4777,LGND,OUTSIDE_COMPUTE_SCOPE_RANK
1831,CVBF,OUTSIDE_COMPUTE_SCOPE_RANK
1321,CENX,OUTSIDE_COMPUTE_SCOPE_RANK
3907,IAC,OUTSIDE_COMPUTE_SCOPE_RANK
1027,BRKS,OUTSIDE_COMPUTE_SCOPE_RANK
5662,NTLA,OUTSIDE_COMPUTE_SCOPE_RANK
8239,VC,OUTSIDE_COMPUTE_SCOPE_RANK
6411,PTCT,OUTSIDE_COMPUTE_SCOPE_RANK
6680,RGEN,OUTSIDE_COMPUTE_SCOPE_RANK
4197,IONS,OUTSIDE_COMPUTE_SCOPE_RANK
2893,FIVN,OUTSIDE_COMPUTE_SCOPE_RANK
936,BLUE,OUTSIDE_COMPUTE_SCOPE_RANK
7882,TRMB,OUTSIDE_COMPUTE_SCOPE_RANK
2621,EVBG,OUTSIDE_COMPUTE_SCOPE_RANK
3504,GRPN,OUTSIDE_COMPUTE_SCOPE_RANK
7578,SYNA,OUTSIDE_COMPUTE_SCOPE_RANK
4866,LPLA,OUTSIDE_COMPUTE_SCOPE_RANK
7085,SFNC,OUTSIDE_COMPUTE_SCOPE_RANK
3337,GIII,OUTSIDE_COMPUTE_SCOPE_RANK
2385,EHTH,OUTSIDE_COMPUTE_SCOPE_RANK
4202,IOVA,OUTSIDE_COMPUTE_SCOPE_RANK
8393,VRSK,OUTSIDE_COMPUTE_SCOPE_RANK
6593,RCII,OUTSIDE_COMPUTE_SCOPE_RANK
6042,PCRX,OUTSIDE_COMPUTE_SCOPE_RANK
6797,RPD,OUTSIDE_COMPUTE_SCOPE_RANK
1622,COHR,OUTSIDE_COMPUTE_SCOPE_RANK
7969,TVTY,OUTSIDE_COMPUTE_SCOPE_RANK
6812,RRR,OUTSIDE_COMPUTE_SCOPE_RANK
8556,WKHS,OUTSIDE_COMPUTE_SCOPE_RANK
5697,NUVA,OUTSIDE_COMPUTE_SCOPE_RANK
589,ATNX,OUTSIDE_COMPUTE_SCOPE_RANK
6793,RP,OUTSIDE_COMPUTE_SCOPE_RANK
5650,NTCT,OUTSIDE_COMPUTE_SCOPE_RANK
999,BPOP,OUTSIDE_COMPUTE_SCOPE_RANK
2316,EDIT,OUTSIDE_COMPUTE_SCOPE_RANK
890,BJRI,OUTSIDE_COMPUTE_SCOPE_RANK
4788,LILAK,OUTSIDE_COMPUTE_SCOPE_RANK
7476,STAY,OUTSIDE_COMPUTE_SCOPE_RANK
1448,CIGI,OUTSIDE_COMPUTE_SCOPE_RANK
4885,LSCC,OUTSIDE_COMPUTE_SCOPE_RANK
7131,SHOO,OUTSIDE_COMPUTE_SCOPE_RANK
4008,IDXX,OUTSIDE_COMPUTE_SCOPE_RANK
4236,IRBT,OUTSIDE_COMPUTE_SCOPE_RANK
1184,CARA,OUTSIDE_COMPUTE_SCOPE_RANK
6095,PETS,OUTSIDE_COMPUTE_SCOPE_RANK
2162,DSGX,OUTSIDE_COMPUTE_SCOPE_RANK
1232,CBRL,OUTSIDE_COMPUTE_SCOPE_RANK
4175,INSM,OUTSIDE_COMPUTE_SCOPE_RANK
5786,ODP,OUTSIDE_COMPUTE_SCOPE_RANK
6045,PCTY,OUTSIDE_COMPUTE_SCOPE_RANK
7098,SGEN,OUTSIDE_COMPUTE_SCOPE_RANK
2899,FIZZ,OUTSIDE_COMPUTE_SCOPE_RANK
8038,UCBI,OUTSIDE_COMPUTE_SCOPE_RANK
3389,GLPI,OUTSIDE_COMPUTE_SCOPE_RANK
7815,TNDM,OUTSIDE_COMPUTE_SCOPE_RANK
7534,SUPN,OUTSIDE_COMPUTE_SCOPE_RANK
1634,CONE,OUTSIDE_COMPUTE_SCOPE_RANK
6210,PLCE,OUTSIDE_COMPUTE_SCOPE_RANK
7193,SLAB,OUTSIDE_COMPUTE_SCOPE_RANK
447,APPS,OUTSIDE_COMPUTE_SCOPE_RANK
8547,WING,OUTSIDE_COMPUTE_SCOPE_RANK
4928,LXRX,OUTSIDE_COMPUTE_SCOPE_RANK
6181,PIRS,OUTSIDE_COMPUTE_SCOPE_RANK
4950,MANH,OUTSIDE_COMPUTE_SCOPE_RANK
7432,SRPT,OUTSIDE_COMPUTE_SCOPE_RANK
3173,FWONK,OUTSIDE_COMPUTE_SCOPE_RANK
1646,CORT,OUTSIDE_COMPUTE_SCOPE_RANK
6125,PFPT,OUTSIDE_COMPUTE_SCOPE_RANK
309,ALRM,OUTSIDE_COMPUTE_SCOPE_RANK
7696,TELL,OUTSIDE_COMPUTE_SCOPE_RANK
1836,CVET,OUTSIDE_COMPUTE_SCOPE_RANK
227,AIMC,OUTSIDE_COMPUTE_SCOPE_RANK
6908,SAFM,OUTSIDE_COMPUTE_SCOPE_RANK
2654,EWBC,OUTSIDE_COMPUTE_SCOPE_RANK
3808,HRTX,OUTSIDE_COMPUTE_SCOPE_RANK
4850,LOGM,OUTSIDE_COMPUTE_SCOPE_RANK
6604,RDFN,OUTSIDE_COMPUTE_SCOPE_RANK
1729,CRUS,OUTSIDE_COMPUTE_SCOPE_RANK
323,AMAG,OUTSIDE_COMPUTE_SCOPE_RANK
513,ARQL,OUTSIDE_COMPUTE_SCOPE_RANK
2840,FFIN,OUTSIDE_COMPUTE_SCOPE_RANK
6522,QLYS,OUTSIDE_COMPUTE_SCOPE_RANK
2832,FFBC,OUTSIDE_COMPUTE_SCOPE_RANK
3744,HLIT,OUTSIDE_COMPUTE_SCOPE_RANK
5985,PAYS,OUTSIDE_COMPUTE_SCOPE_RANK
3613,HALO,OUTSIDE_COMPUTE_SCOPE_RANK
507,ARNA,OUTSIDE_COMPUTE_SCOPE_RANK
5667,NTRA,OUTSIDE_COMPUTE_SCOPE_RANK
259,AKRX,OUTSIDE_COMPUTE_SCOPE_RANK
5183,MMSI,OUTSIDE_COMPUTE_SCOPE_RANK
2705,EXTR,OUTSIDE_COMPUTE_SCOPE_RANK
2855,FGEN,OUTSIDE_COMPUTE_SCOPE_RANK
1197,CASY,OUTSIDE_COMPUTE_SCOPE_RANK
8817,ZIXI,OUTSIDE_COMPUTE_SCOPE_RANK
3478,GPRE,OUTSIDE_COMPUTE_SCOPE_RANK
1635,CONN,OUTSIDE_COMPUTE_SCOPE_RANK
4650,KPTI,OUTSIDE_COMPUTE_SCOPE_RANK
8126,UPWK,OUTSIDE_COMPUTE_SCOPE_RANK
2041,DIOD,OUTSIDE_COMPUTE_SCOPE_RANK
7262,SMTC,OUTSIDE_COMPUTE_SCOPE_RANK
4152,INFN,OUTSIDE_COMPUTE_SCOPE_RANK
3603,HA,OUTSIDE_COMPUTE_SCOPE_RANK
5043,MERC,OUTSIDE_COMPUTE_SCOPE_RANK
5566,NMIH,OUTSIDE_COMPUTE_SCOPE_RANK
5465,NEO,OUTSIDE_COMPUTE_SCOPE_RANK
7758,TILE,OUTSIDE_COMPUTE_SCOPE_RANK
5873,OPK,OUTSIDE_COMPUTE_SCOPE_RANK
3154,FULT,OUTSIDE_COMPUTE_SCOPE_RANK
5740,NXST,OUTSIDE_COMPUTE_SCOPE_RANK
5039,MELI,OUTSIDE_COMPUTE_SCOPE_RANK
5378,MYGN,OUTSIDE_COMPUTE_SCOPE_RANK
8061,UFPI,OUTSIDE_COMPUTE_SCOPE_RANK
7593,TACO,OUTSIDE_COMPUTE_SCOPE_RANK
2980,FMBI,OUTSIDE_COMPUTE_SCOPE_RANK
8809,ZGNX,OUTSIDE_COMPUTE_SCOPE_RANK
8272,VFF,OUTSIDE_COMPUTE_SCOPE_RANK
5645,NSTG,OUTSIDE_COMPUTE_SCOPE_RANK
2512,EPZM,OUTSIDE_COMPUTE_SCOPE_RANK
7637,TCBI,OUTSIDE_COMPUTE_SCOPE_RANK
395,ANDE,OUTSIDE_COMPUTE_SCOPE_RANK
6910,SAGE,OUTSIDE_COMPUTE_SCOPE_RANK
8542,WIFI,OUTSIDE_COMPUTE_SCOPE_RANK
829,BGCP,OUTSIDE_COMPUTE_SCOPE_RANK
6990,SCHL,OUTSIDE_COMPUTE_SCOPE_RANK
2361,EFOI,OUTSIDE_COMPUTE_SCOPE_RANK
2121,DORM,OUTSIDE_COMPUTE_SCOPE_RANK
5732,NXGN,OUTSIDE_COMPUTE_SCOPE_RANK
2770,FCFS,OUTSIDE_COMPUTE_SCOPE_RANK
1209,CBAY,OUTSIDE_COMPUTE_SCOPE_RANK
3316,GH,OUTSIDE_COMPUTE_SCOPE_RANK
8325,VKTX,OUTSIDE_COMPUTE_SCOPE_RANK
445,APPF,OUTSIDE_COMPUTE_SCOPE_RANK
1185,CARB,OUTSIDE_COMPUTE_SCOPE_RANK
7686,TECD,OUTSIDE_COMPUTE_SCOPE_RANK
1793,CTRE,OUTSIDE_COMPUTE_SCOPE_RANK
2116,DOMO,OUTSIDE_COMPUTE_SCOPE_RANK
1595,CNSL,OUTSIDE_COMPUTE_SCOPE_RANK
7787,TLRY,OUTSIDE_COMPUTE_SCOPE_RANK
8451,VYGR,OUTSIDE_COMPUTE_SCOPE_RANK
5727,NWS,OUTSIDE_COMPUTE_SCOPE_RANK
4379,JCOM,OUTSIDE_COMPUTE_SCOPE_RANK
8026,UBNK,OUTSIDE_COMPUTE_SCOPE_RANK
5749,NYMT,OUTSIDE_COMPUTE_SCOPE_RANK
2334,EEFT,OUTSIDE_COMPUTE_SCOPE_RANK
1002,BPR,OUTSIDE_COMPUTE_SCOPE_RANK
6274,PPBI,OUTSIDE_COMPUTE_SCOPE_RANK
4356,JACK,OUTSIDE_COMPUTE_SCOPE_RANK
3445,GO,OUTSIDE_COMPUTE_SCOPE_RANK
5257,MRCY,OUTSIDE_COMPUTE_SCOPE_RANK
7059,SEIC,OUTSIDE_COMPUTE_SCOPE_RANK
3560,GTLS,OUTSIDE_COMPUTE_SCOPE_RANK
670,AXSM,OUTSIDE_COMPUTE_SCOPE_RANK
7495,STMP,OUTSIDE_COMPUTE_SCOPE_RANK
5247,MPWR,OUTSIDE_COMPUTE_SCOPE_RANK
4277,ITCI,OUTSIDE_COMPUTE_SCOPE_RANK
4783,LHCG,OUTSIDE_COMPUTE_SCOPE_RANK
3235,GBT,OUTSIDE_COMPUTE_SCOPE_RANK
2706,EYE,OUTSIDE_COMPUTE_SCOPE_RANK
3226,GBCI,OUTSIDE_COMPUTE_SCOPE_RANK
1747,CSIQ,OUTSIDE_COMPUTE_SCOPE_RANK
5076,MGEE,OUTSIDE_COMPUTE_SCOPE_RANK
5208,MNTA,OUTSIDE_COMPUTE_SCOPE_RANK
6735,RMBS,OUTSIDE_COMPUTE_SCOPE_RANK
3725,HIIQ,OUTSIDE_COMPUTE_SCOPE_RANK
8389,VRNT,OUTSIDE_COMPUTE_SCOPE_RANK
6094,PETQ,OUTSIDE_COMPUTE_SCOPE_RANK
3016,FNKO,OUTSIDE_COMPUTE_SCOPE_RANK
5141,MKSI,OUTSIDE_COMPUTE_SCOPE_RANK
6020,PBYI,OUTSIDE_COMPUTE_SCOPE_RANK
6629,REGI,OUTSIDE_COMPUTE_SCOPE_RANK
6613,RDUS,OUTSIDE_COMPUTE_SCOPE_RANK
2858,FHB,OUTSIDE_COMPUTE_SCOPE_RANK
3679,HELE,OUTSIDE_COMPUTE_SCOPE_RANK
2570,ESPR,OUTSIDE_COMPUTE_SCOPE_RANK
6525,QNST,OUTSIDE_COMPUTE_SCOPE_RANK
8382,VRAY,OUTSIDE_COMPUTE_SCOPE_RANK
8047,UCTT,OUTSIDE_COMPUTE_SCOPE_RANK
8319,VIVO,OUTSIDE_COMPUTE_SCOPE_RANK
4250,IRWD,OUTSIDE_COMPUTE_SCOPE_RANK
1418,CHRS,OUTSIDE_COMPUTE_SCOPE_RANK
8256,VECO,OUTSIDE_COMPUTE_SCOPE_RANK
8251,VCYT,OUTSIDE_COMPUTE_SCOPE_RANK
7978,TWNK,OUTSIDE_COMPUTE_SCOPE_RANK
6597,RCM,OUTSIDE_COMPUTE_SCOPE_RANK
8400,VSAT,OUTSIDE_COMPUTE_SCOPE_RANK
3963,IBTX,OUTSIDE_COMPUTE_SCOPE_RANK
7145,SIEN,OUTSIDE_COMPUTE_SCOPE_RANK
4787,LILA,OUTSIDE_COMPUTE_SCOPE_RANK
5406,NATI,OUTSIDE_COMPUTE_SCOPE_RANK
5265,MRNA,OUTSIDE_COMPUTE_SCOPE_RANK
2472,ENSG,OUTSIDE_COMPUTE_SCOPE_RANK
3106,FSV,OUTSIDE_COMPUTE_SCOPE_RANK
3718,HIBB,OUTSIDE_COMPUTE_SCOPE_RANK
3091,FSCT,OUTSIDE_COMPUTE_SCOPE_RANK
5835,OMCL,OUTSIDE_COMPUTE_SCOPE_RANK
4710,LAUR,OUTSIDE_COMPUTE_SCOPE_RANK
5719,NWBI,OUTSIDE_COMPUTE_SCOPE_RANK
2737,FATE,OUTSIDE_COMPUTE_SCOPE_RANK
1677,CPRX,OUTSIDE_COMPUTE_SCOPE_RANK
8121,UPLD,OUTSIDE_COMPUTE_SCOPE_RANK
5084,MGNX,OUTSIDE_COMPUTE_SCOPE_RANK
1745,CSGS,OUTSIDE_COMPUTE_SCOPE_RANK
5806,OGI,OUTSIDE_COMPUTE_SCOPE_RANK
7705,TEUM,OUTSIDE_COMPUTE_SCOPE_RANK
657,AXGN,OUTSIDE_COMPUTE_SCOPE_RANK
8312,VIRT,OUTSIDE_COMPUTE_SCOPE_RANK
980,BOLD,OUTSIDE_COMPUTE_SCOPE_RANK
116,ADVM,OUTSIDE_COMPUTE_SCOPE_RANK
7703,TERP,OUTSIDE_COMPUTE_SCOPE_RANK
1744,CSGP,OUTSIDE_COMPUTE_SCOPE_RANK
594,ATRA,OUTSIDE_COMPUTE_SCOPE_RANK
5414,NBEV,OUTSIDE_COMPUTE_SCOPE_RANK
4913,LVGO,OUTSIDE_COMPUTE_SCOPE_RANK
8380,VRA,OUTSIDE_COMPUTE_SCOPE_RANK
8630,WTRH,OUTSIDE_COMPUTE_SCOPE_RANK
5659,NTGR,OUTSIDE_COMPUTE_SCOPE_RANK
7729,TGTX,OUTSIDE_COMPUTE_SCOPE_RANK
6264,PODD,OUTSIDE_COMPUTE_SCOPE_RANK
8027,UBNT,OUTSIDE_COMPUTE_SCOPE_RANK
2280,EBIX,OUTSIDE_COMPUTE_SCOPE_RANK
60,ACIA,OUTSIDE_COMPUTE_SCOPE_RANK
70,ACOR,OUTSIDE_COMPUTE_SCOPE_RANK
2534,ERIE,OUTSIDE_COMPUTE_SCOPE_RANK
1193,CASA,OUTSIDE_COMPUTE_SCOPE_RANK
801,BEAT,OUTSIDE_COMPUTE_SCOPE_RANK
3986,IDCC,OUTSIDE_COMPUTE_SCOPE_RANK
7687,TECH,OUTSIDE_COMPUTE_SCOPE_RANK
4846,LOCO,OUTSIDE_COMPUTE_SCOPE_RANK
2493,EPAY,OUTSIDE_COMPUTE_SCOPE_RANK
8345,VNDA,OUTSIDE_COMPUTE_SCOPE_RANK
127,AEIS,OUTSIDE_COMPUTE_SCOPE_RANK
7054,SEDG,OUTSIDE_COMPUTE_SCOPE_RANK
654,AXAS,OUTSIDE_COMPUTE_SCOPE_RANK
6223,PLUG,OUTSIDE_COMPUTE_SCOPE_RANK
5573,NMRK,OUTSIDE_COMPUTE_SCOPE_RANK
3083,FRPT,OUTSIDE_COMPUTE_SCOPE_RANK
1725,CRSP,OUTSIDE_COMPUTE_SCOPE_RANK
446,APPN,OUTSIDE_COMPUTE_SCOPE_RANK
4158,INGN,OUTSIDE_COMPUTE_SCOPE_RANK
8609,WSFS,OUTSIDE_COMPUTE_SCOPE_RANK
473,ARCB,OUTSIDE_COMPUTE_SCOPE_RANK
6177,PINC,OUTSIDE_COMPUTE_SCOPE_RANK
4191,INVA,OUTSIDE_COMPUTE_SCOPE_RANK
8837,ZUMZ,OUTSIDE_COMPUTE_SCOPE_RANK
3118,FTDR,OUTSIDE_COMPUTE_SCOPE_RANK
7766,TIVO,OUTSIDE_COMPUTE_SCOPE_RANK
1220,CBLK,OUTSIDE_COMPUTE_SCOPE_RANK
5637,NSIT,OUTSIDE_COMPUTE_SCOPE_RANK
960,BNFT,OUTSIDE_COMPUTE_SCOPE_RANK
2104,DNLI,OUTSIDE_COMPUTE_SCOPE_RANK
1627,COLL,OUTSIDE_COMPUTE_SCOPE_RANK
7494,STML,OUTSIDE_COMPUTE_SCOPE_RANK
8391,VRRM,OUTSIDE_COMPUTE_SCOPE_RANK
1838,CVGW,OUTSIDE_COMPUTE_SCOPE_RANK
4287,ITRI,OUTSIDE_COMPUTE_SCOPE_RANK
5036,MEET,OUTSIDE_COMPUTE_SCOPE_RANK
6571,RARX,OUTSIDE_COMPUTE_SCOPE_RANK
3844,HTLD,OUTSIDE_COMPUTE_SCOPE_RANK
3172,FWONA,OUTSIDE_COMPUTE_SCOPE_RANK
5205,MNRO,OUTSIDE_COMPUTE_SCOPE_RANK
5124,MINI,OUTSIDE_COMPUTE_SCOPE_RANK
1975,DENN,OUTSIDE_COMPUTE_SCOPE_RANK
8330,VLRX,OUTSIDE_COMPUTE_SCOPE_RANK
2119,DOOO,OUTSIDE_COMPUTE_SCOPE_RANK
1187,CARG,OUTSIDE_COMPUTE_SCOPE_RANK
2700,EXPO,OUTSIDE_COMPUTE_SCOPE_RANK
7990,TXMD,OUTSIDE_COMPUTE_SCOPE_RANK
7949,TTOO,OUTSIDE_COMPUTE_SCOPE_RANK
554,ASRT,OUTSIDE_COMPUTE_SCOPE_RANK
7873,TREE,OUTSIDE_COMPUTE_SCOPE_RANK
4538,KALU,OUTSIDE_COMPUTE_SCOPE_RANK
7380,SPTN,OUTSIDE_COMPUTE_SCOPE_RANK
6685,RGNX,OUTSIDE_COMPUTE_SCOPE_RANK
315,ALTR,OUTSIDE_COMPUTE_SCOPE_RANK
6442,PVAC,OUTSIDE_COMPUTE_SCOPE_RANK
4811,LLNW,OUTSIDE_COMPUTE_SCOPE_RANK
5601,NOVT,OUTSIDE_COMPUTE_SCOPE_RANK
620,AVAV,OUTSIDE_COMPUTE_SCOPE_RANK
8384,VREX,OUTSIDE_COMPUTE_SCOPE_RANK
7909,TRUE,OUTSIDE_COMPUTE_SCOPE_RANK
17,AAWW,OUTSIDE_COMPUTE_SCOPE_RANK
8848,ZYNE,OUTSIDE_COMPUTE_SCOPE_RANK
3132,FTR,OUTSIDE_COMPUTE_SCOPE_RANK
2914,FLDM,OUTSIDE_COMPUTE_SCOPE_RANK
5271,MRTX,OUTSIDE_COMPUTE_SCOPE_RANK
3053,FPRX,OUTSIDE_COMPUTE_SCOPE_RANK
3039,FOXF,OUTSIDE_COMPUTE_SCOPE_RANK
6610,RDNT,OUTSIDE_COMPUTE_SCOPE_RANK
779,BCRX,OUTSIDE_COMPUTE_SCOPE_RANK
4437,JJSF,OUTSIDE_COMPUTE_SCOPE_RANK
6992,SCHN,OUTSIDE_COMPUTE_SCOPE_RANK
8240,VCEL,OUTSIDE_COMPUTE_SCOPE_RANK
8511,WETF,OUTSIDE_COMPUTE_SCOPE_RANK
8599,WRLD,OUTSIDE_COMPUTE_SCOPE_RANK
114,ADTN,OUTSIDE_COMPUTE_SCOPE_RANK
1637,COOP,OUTSIDE_COMPUTE_SCOPE_RANK
7509,STRA,OUTSIDE_COMPUTE_SCOPE_RANK
4615,KLXE,OUTSIDE_COMPUTE_SCOPE_RANK
7963,TUSK,OUTSIDE_COMPUTE_SCOPE_RANK
5886,ORBC,OUTSIDE_COMPUTE_SCOPE_RANK
4117,IMGN,OUTSIDE_COMPUTE_SCOPE_RANK
1297,CDXS,OUTSIDE_COMPUTE_SCOPE_RANK
8712,XON,OUTSIDE_COMPUTE_SCOPE_RANK
6844,RVNC,OUTSIDE_COMPUTE_SCOPE_RANK
6956,SBNY,OUTSIDE_COMPUTE_SCOPE_RANK
1377,CHDN,OUTSIDE_COMPUTE_SCOPE_RANK
5768,OBLN,OUTSIDE_COMPUTE_SCOPE_RANK
6619,REAL,OUTSIDE_COMPUTE_SCOPE_RANK
2695,EXLS,OUTSIDE_COMPUTE_SCOPE_RANK
2971,FLXN,OUTSIDE_COMPUTE_SCOPE_RANK
1044,BRY,OUTSIDE_COMPUTE_SCOPE_RANK
2377,EGOV,OUTSIDE_COMPUTE_SCOPE_RANK
4249,IRTC,OUTSIDE_COMPUTE_SCOPE_RANK
3557,GTHX,OUTSIDE_COMPUTE_SCOPE_RANK
6203,PLAB,OUTSIDE_COMPUTE_SCOPE_RANK
6748,RMTI,OUTSIDE_COMPUTE_SCOPE_RANK
414,AOBC,OUTSIDE_COMPUTE_SCOPE_RANK
7970,TW,OUTSIDE_COMPUTE_SCOPE_RANK
877,BIOS,OUTSIDE_COMPUTE_SCOPE_RANK
6828,RTRX,OUTSIDE_COMPUTE_SCOPE_RANK
5079,MGI,OUTSIDE_COMPUTE_SCOPE_RANK
1175,CAMP,OUTSIDE_COMPUTE_SCOPE_RANK
6634,REKR,OUTSIDE_COMPUTE_SCOPE_RANK
5449,NDSN,OUTSIDE_COMPUTE_SCOPE_RANK
6228,PLXS,OUTSIDE_COMPUTE_SCOPE_RANK
7376,SPSC,OUTSIDE_COMPUTE_SCOPE_RANK
4680,KURA,OUTSIDE_COMPUTE_SCOPE_RANK
978,BOKF,OUTSIDE_COMPUTE_SCOPE_RANK
3291,GERN,OUTSIDE_COMPUTE_SCOPE_RANK
996,BPMC,OUTSIDE_COMPUTE_SCOPE_RANK
3983,ICUI,OUTSIDE_COMPUTE_SCOPE_RANK
7370,SPPI,OUTSIDE_COMPUTE_SCOPE_RANK
1694,CRBP,OUTSIDE_COMPUTE_SCOPE_RANK
5914,OSUR,OUTSIDE_COMPUTE_SCOPE_RANK
436,APLS,OUTSIDE_COMPUTE_SCOPE_RANK
3450,GOGL,OUTSIDE_COMPUTE_SCOPE_RANK
3451,GOGO,OUTSIDE_COMPUTE_SCOPE_RANK
4168,INOV,OUTSIDE_COMPUTE_SCOPE_RANK
3139,FTSV,OUTSIDE_COMPUTE_SCOPE_RANK
5466,NEOG,OUTSIDE_COMPUTE_SCOPE_RANK
5836,OMER,OUTSIDE_COMPUTE_SCOPE_RANK
5911,OSPN,OUTSIDE_COMPUTE_SCOPE_RANK
7197,SLDB,OUTSIDE_COMPUTE_SCOPE_RANK
3981,ICPT,OUTSIDE_COMPUTE_SCOPE_RANK
8154,USCR,OUTSIDE_COMPUTE_SCOPE_RANK
6700,RIGL,OUTSIDE_COMPUTE_SCOPE_RANK
3023,FOCS,OUTSIDE_COMPUTE_SCOPE_RANK
4709,LASR,OUTSIDE_COMPUTE_SCOPE_RANK
1653,COWN,OUTSIDE_COMPUTE_SCOPE_RANK
361,AMPH,OUTSIDE_COMPUTE_SCOPE_RANK
4854,LOPE,OUTSIDE_COMPUTE_SCOPE_RANK
7698,TENB,OUTSIDE_COMPUTE_SCOPE_RANK
1267,CCOI,OUTSIDE_COMPUTE_SCOPE_RANK
8606,WSBC,OUTSIDE_COMPUTE_SCOPE_RANK
6380,PSEC,OUTSIDE_COMPUTE_SCOPE_RANK
3032,FORM,OUTSIDE_COMPUTE_SCOPE_RANK
8437,VUZI,OUTSIDE_COMPUTE_SCOPE_RANK
8608,WSC,OUTSIDE_COMPUTE_SCOPE_RANK
1025,BRKL,OUTSIDE_COMPUTE_SCOPE_RANK
2970,FLWS,OUTSIDE_COMPUTE_SCOPE_RANK
251,AKBA,OUTSIDE_COMPUTE_SCOPE_RANK
2375,EGLE,OUTSIDE_COMPUTE_SCOPE_RANK
777,BCPC,OUTSIDE_COMPUTE_SCOPE_RANK
6594,RCKT,OUTSIDE_COMPUTE_SCOPE_RANK
1788,CTMX,OUTSIDE_COMPUTE_SCOPE_RANK
7442,SSB,OUTSIDE_COMPUTE_SCOPE_RANK
7260,SMSI,OUTSIDE_COMPUTE_SCOPE_RANK
1848,CVTI,OUTSIDE_COMPUTE_SCOPE_RANK
2475,ENTA,OUTSIDE_COMPUTE_SCOPE_RANK
707,BAND,OUTSIDE_COMPUTE_SCOPE_RANK
1891,CYTK,OUTSIDE_COMPUTE_SCOPE_RANK
5699,NVAX,OUTSIDE_COMPUTE_SCOPE_RANK
920,BLDP,OUTSIDE_COMPUTE_SCOPE_RANK
1624,COKE,OUTSIDE_COMPUTE_SCOPE_RANK
6347,PRVB,OUTSIDE_COMPUTE_SCOPE_RANK
7662,TCX,OUTSIDE_COMPUTE_SCOPE_RANK
3675,HEES,OUTSIDE_COMPUTE_SCOPE_RANK
5787,ODT,OUTSIDE_COMPUTE_SCOPE_RANK
4801,LJPC,OUTSIDE_COMPUTE_SCOPE_RANK
3669,HEAR,OUTSIDE_COMPUTE_SCOPE_RANK
5401,NANO,OUTSIDE_COMPUTE_SCOPE_RANK
6325,PRMW,OUTSIDE_COMPUTE_SCOPE_RANK
5044,MESA,OUTSIDE_COMPUTE_SCOPE_RANK
7876,TRHC,OUTSIDE_COMPUTE_SCOPE_RANK
1350,CFMS,OUTSIDE_COMPUTE_SCOPE_RANK
3752,HMHC,OUTSIDE_COMPUTE_SCOPE_RANK
7367,SPNS,OUTSIDE_COMPUTE_SCOPE_RANK
2083,DLTH,OUTSIDE_COMPUTE_SCOPE_RANK
6418,PTI,OUTSIDE_COMPUTE_SCOPE_RANK
7318,SONO,OUTSIDE_COMPUTE_SCOPE_RANK
7083,SFLY,OUTSIDE_COMPUTE_SCOPE_RANK
4633,KNSL,OUTSIDE_COMPUTE_SCOPE_RANK
1977,DERM,OUTSIDE_COMPUTE_SCOPE_RANK
8498,WDFC,OUTSIDE_COMPUTE_SCOPE_RANK
8037,UBX,OUTSIDE_COMPUTE_SCOPE_RANK
8144,USAT,OUTSIDE_COMPUTE_SCOPE_RANK
5212,MOBL,OUTSIDE_COMPUTE_SCOPE_RANK
5198,MNKD,OUTSIDE_COMPUTE_SCOPE_RANK
5905,OSIS,OUTSIDE_COMPUTE_SCOPE_RANK
65,ACLS,OUTSIDE_COMPUTE_SCOPE_RANK
166,AGEN,OUTSIDE_COMPUTE_SCOPE_RANK
2488,EOLS,OUTSIDE_COMPUTE_SCOPE_RANK
8772,YRCW,OUTSIDE_COMPUTE_SCOPE_RANK
8266,VERI,OUTSIDE_COMPUTE_SCOPE_RANK
1889,CYRX,OUTSIDE_COMPUTE_SCOPE_RANK
6395,PSNL,OUTSIDE_COMPUTE_SCOPE_RANK
4663,KRYS,OUTSIDE_COMPUTE_SCOPE_RANK
3604,HABT,OUTSIDE_COMPUTE_SCOPE_RANK
6943,SBCF,OUTSIDE_COMPUTE_SCOPE_RANK
4989,MCFT,OUTSIDE_COMPUTE_SCOPE_RANK
7258,SMPL,OUTSIDE_COMPUTE_SCOPE_RANK
383,AMWD,OUTSIDE_COMPUTE_SCOPE_RANK
6137,PGNX,OUTSIDE_COMPUTE_SCOPE_RANK
5384,MYOK,OUTSIDE_COMPUTE_SCOPE_RANK
8004,TYPE,OUTSIDE_COMPUTE_SCOPE_RANK
5025,MDSO,OUTSIDE_COMPUTE_SCOPE_RANK
7162,SINT,OUTSIDE_COMPUTE_SCOPE_RANK
2865,FIBK,OUTSIDE_COMPUTE_SCOPE_RANK
7155,SILK,OUTSIDE_COMPUTE_SCOPE_RANK
3746,HLNE,OUTSIDE_COMPUTE_SCOPE_RANK
231,AINV,OUTSIDE_COMPUTE_SCOPE_RANK
6577,RBBN,OUTSIDE_COMPUTE_SCOPE_RANK
4978,MBUU,OUTSIDE_COMPUTE_SCOPE_RANK
4146,INDB,OUTSIDE_COMPUTE_SCOPE_RANK
2169,DSPG,OUTSIDE_COMPUTE_SCOPE_RANK
5263,MRKR,OUTSIDE_COMPUTE_SCOPE_RANK
5435,NCMI,OUTSIDE_COMPUTE_SCOPE_RANK
7109,SGRY,OUTSIDE_COMPUTE_SCOPE_RANK
2640,EVOP,OUTSIDE_COMPUTE_SCOPE_RANK
4659,KRNY,OUTSIDE_COMPUTE_SCOPE_RANK
566,ATEC,OUTSIDE_COMPUTE_SCOPE_RANK
4518,JRVR,OUTSIDE_COMPUTE_SCOPE_RANK
2948,FLNT,OUTSIDE_COMPUTE_SCOPE_RANK
1499,CLNE,OUTSIDE_COMPUTE_SCOPE_RANK
558,ASTE,OUTSIDE_COMPUTE_SCOPE_RANK
6931,SASR,OUTSIDE_COMPUTE_SCOPE_RANK
100,ADMS,OUTSIDE_COMPUTE_SCOPE_RANK
1285,CDLX,OUTSIDE_COMPUTE_SCOPE_RANK
7987,TWST,OUTSIDE_COMPUTE_SCOPE_RANK
8670,XERS,OUTSIDE_COMPUTE_SCOPE_RANK
5579,NNBR,OUTSIDE_COMPUTE_SCOPE_RANK
5143,MLAB,OUTSIDE_COMPUTE_SCOPE_RANK
2299,ECHO,OUTSIDE_COMPUTE_SCOPE_RANK
3540,GSKY,OUTSIDE_COMPUTE_SCOPE_RANK
598,ATRS,OUTSIDE_COMPUTE_SCOPE_RANK
5782,OCUL,OUTSIDE_COMPUTE_SCOPE_RANK
261,AKTS,OUTSIDE_COMPUTE_SCOPE_RANK
6647,RETA,OUTSIDE_COMPUTE_SCOPE_RANK
285,ALGT,OUTSIDE_COMPUTE_SCOPE_RANK
369,AMRS,OUTSIDE_COMPUTE_SCOPE_RANK
3972,ICFI,OUTSIDE_COMPUTE_SCOPE_RANK
7642,TCDA,OUTSIDE_COMPUTE_SCOPE_RANK
7477,STBA,OUTSIDE_COMPUTE_SCOPE_RANK
7020,SCSC,OUTSIDE_COMPUTE_SCOPE_RANK
5955,PACB,OUTSIDE_COMPUTE_SCOPE_RANK
2897,FIXX,OUTSIDE_COMPUTE_SCOPE_RANK
373,AMSC,OUTSIDE_COMPUTE_SCOPE_RANK
8849,ZYXI,OUTSIDE_COMPUTE_SCOPE_RANK
74,ACRX,OUTSIDE_COMPUTE_SCOPE_RANK
4173,INSG,OUTSIDE_COMPUTE_SCOPE_RANK
1277,CCXI,OUTSIDE_COMPUTE_SCOPE_RANK
1157,CACC,OUTSIDE_COMPUTE_SCOPE_RANK
157,AFYA,OUTSIDE_COMPUTE_SCOPE_RANK
7649,TCMD,OUTSIDE_COMPUTE_SCOPE_RANK
5936,OXLC,OUTSIDE_COMPUTE_SCOPE_RANK
5088,MGRC,OUTSIDE_COMPUTE_SCOPE_RANK
6348,PRVL,OUTSIDE_COMPUTE_SCOPE_RANK
4123,IMMR,OUTSIDE_COMPUTE_SCOPE_RANK
7015,SCOR,OUTSIDE_COMPUTE_SCOPE_RANK
1837,CVGI,OUTSIDE_COMPUTE_SCOPE_RANK
5915,OSW,OUTSIDE_COMPUTE_SCOPE_RANK
2733,FARO,OUTSIDE_COMPUTE_SCOPE_RANK
3607,HAFC,OUTSIDE_COMPUTE_SCOPE_RANK
6498,QDEL,OUTSIDE_COMPUTE_SCOPE_RANK
7914,TRVN,OUTSIDE_COMPUTE_SCOPE_RANK
8468,WATT,OUTSIDE_COMPUTE_SCOPE_RANK
1832,CVCO,OUTSIDE_COMPUTE_SCOPE_RANK
3629,HBIO,OUTSIDE_COMPUTE_SCOPE_RANK
775,BCOV,OUTSIDE_COMPUTE_SCOPE_RANK
2390,EIGI,OUTSIDE_COMPUTE_SCOPE_RANK
1766,CSWI,OUTSIDE_COMPUTE_SCOPE_RANK
6712,RIOT,OUTSIDE_COMPUTE_SCOPE_RANK
3402,GLYC,OUTSIDE_COMPUTE_SCOPE_RANK
613,AUPH,OUTSIDE_COMPUTE_SCOPE_RANK
8413,VSTM,OUTSIDE_COMPUTE_SCOPE_RANK
3433,GNMK,OUTSIDE_COMPUTE_SCOPE_RANK
4533,JYNT,OUTSIDE_COMPUTE_SCOPE_RANK
1194,CASH,OUTSIDE_COMPUTE_SCOPE_RANK
663,AXNX,OUTSIDE_COMPUTE_SCOPE_RANK
1286,CDMO,OUTSIDE_COMPUTE_SCOPE_RANK
7551,SWAV,OUTSIDE_COMPUTE_SCOPE_RANK
2699,EXPI,OUTSIDE_COMPUTE_SCOPE_RANK
6832,RUBY,OUTSIDE_COMPUTE_SCOPE_RANK
5472,NERV,OUTSIDE_COMPUTE_SCOPE_RANK
636,AVRO,OUTSIDE_COMPUTE_SCOPE_RANK
5644,NSSC,OUTSIDE_COMPUTE_SCOPE_RANK
3681,HEPA,OUTSIDE_COMPUTE_SCOPE_RANK
1359,CGBD,OUTSIDE_COMPUTE_SCOPE_RANK
7952,TTS,OUTSIDE_COMPUTE_SCOPE_RANK
98,ADMA,OUTSIDE_COMPUTE_SCOPE_RANK
4200,IOSP,OUTSIDE_COMPUTE_SCOPE_RANK
5535,NIHD,OUTSIDE_COMPUTE_SCOPE_RANK
5445,NDLS,OUTSIDE_COMPUTE_SCOPE_RANK
6771,ROCK,OUTSIDE_COMPUTE_SCOPE_RANK
7765,TITN,OUTSIDE_COMPUTE_SCOPE_RANK
4815,LMAT,OUTSIDE_COMPUTE_SCOPE_RANK
7141,SIBN,OUTSIDE_COMPUTE_SCOPE_RANK
7314,SOLY,OUTSIDE_COMPUTE_SCOPE_RANK
7944,TTGT,OUTSIDE_COMPUTE_SCOPE_RANK
6892,RYTM,OUTSIDE_COMPUTE_SCOPE_RANK
3640,HCAT,OUTSIDE_COMPUTE_SCOPE_RANK
8628,WTRE,OUTSIDE_COMPUTE_SCOPE_RANK
8588,WPRT,OUTSIDE_COMPUTE_SCOPE_RANK
4951,MANT,OUTSIDE_COMPUTE_SCOPE_RANK
4166,INO,OUTSIDE_COMPUTE_SCOPE_RANK
104,ADPT,OUTSIDE_COMPUTE_SCOPE_RANK
2717,EZPW,OUTSIDE_COMPUTE_SCOPE_RANK
587,ATNI,OUTSIDE_COMPUTE_SCOPE_RANK
3821,HSKA,OUTSIDE_COMPUTE_SCOPE_RANK
1294,CDTX,OUTSIDE_COMPUTE_SCOPE_RANK
4585,KFRC,OUTSIDE_COMPUTE_SCOPE_RANK
26,ABEO,OUTSIDE_COMPUTE_SCOPE_RANK
7331,SPAR,OUTSIDE_COMPUTE_SCOPE_RANK
4244,IRMD,OUTSIDE_COMPUTE_SCOPE_RANK
6059,PDLI,OUTSIDE_COMPUTE_SCOPE_RANK
1533,CMCO,OUTSIDE_COMPUTE_SCOPE_RANK
7431,SRNE,OUTSIDE_COMPUTE_SCOPE_RANK
2391,EIGR,OUTSIDE_COMPUTE_SCOPE_RANK
2404,ELGX,OUTSIDE_COMPUTE_SCOPE_RANK
7101,SGLB,OUTSIDE_COMPUTE_SCOPE_RANK
374,AMSF,OUTSIDE_COMPUTE_SCOPE_RANK
6746,RMR,OUTSIDE_COMPUTE_SCOPE_RANK
626,AVEO,OUTSIDE_COMPUTE_SCOPE_RANK
6342,PRTK,OUTSIDE_COMPUTE_SCOPE_RANK
3701,HFWA,OUTSIDE_COMPUTE_SCOPE_RANK
3463,GOSS,OUTSIDE_COMPUTE_SCOPE_RANK
2123,DOVA,OUTSIDE_COMPUTE_SCOPE_RANK
5780,OCSL,OUTSIDE_COMPUTE_SCOPE_RANK
314,ALTM,OUTSIDE_COMPUTE_SCOPE_RANK
1555,CMRX,OUTSIDE_COMPUTE_SCOPE_RANK
2363,EFSC,OUTSIDE_COMPUTE_SCOPE_RANK
3857,HURN,OUTSIDE_COMPUTE_SCOPE_RANK
797,BDSI,OUTSIDE_COMPUTE_SCOPE_RANK
3743,HLIO,OUTSIDE_COMPUTE_SCOPE_RANK
7901,TRST,OUTSIDE_COMPUTE_SCOPE_RANK
7070,SESN,OUTSIDE_COMPUTE_SCOPE_RANK
924,BLFS,OUTSIDE_COMPUTE_SCOPE_RANK
7456,SSTI,OUTSIDE_COMPUTE_SCOPE_RANK
1335,CEVA,OUTSIDE_COMPUTE_SCOPE_RANK
5297,MSTR,OUTSIDE_COMPUTE_SCOPE_RANK
7813,TNAV,OUTSIDE_COMPUTE_SCOPE_RANK
655,AXDX,OUTSIDE_COMPUTE_SCOPE_RANK
4870,LPTX,OUTSIDE_COMPUTE_SCOPE_RANK
4845,LOB,OUTSIDE_COMPUTE_SCOPE_RANK
5426,NBTB,OUTSIDE_COMPUTE_SCOPE_RANK
7269,SND,OUTSIDE_COMPUTE_SCOPE_RANK
1479,CLBK,OUTSIDE_COMPUTE_SCOPE_RANK
115,ADUS,OUTSIDE_COMPUTE_SCOPE_RANK
6432,PUB,OUTSIDE_COMPUTE_SCOPE_RANK
4645,KOPN,OUTSIDE_COMPUTE_SCOPE_RANK
7546,SVRA,OUTSIDE_COMPUTE_SCOPE_RANK
7756,TIGO,OUTSIDE_COMPUTE_SCOPE_RANK
430,APEI,OUTSIDE_COMPUTE_SCOPE_RANK
1430,CHUY,OUTSIDE_COMPUTE_SCOPE_RANK
154,AFMD,OUTSIDE_COMPUTE_SCOPE_RANK
6620,RECN,OUTSIDE_COMPUTE_SCOPE_RANK
895,BKCC,OUTSIDE_COMPUTE_SCOPE_RANK
2388,EIDX,OUTSIDE_COMPUTE_SCOPE_RANK
2287,EBSB,OUTSIDE_COMPUTE_SCOPE_RANK
5200,MNOV,OUTSIDE_COMPUTE_SCOPE_RANK
6009,PBPB,OUTSIDE_COMPUTE_SCOPE_RANK
8076,UIHC,OUTSIDE_COMPUTE_SCOPE_RANK
4137,INAP,OUTSIDE_COMPUTE_SCOPE_RANK
2302,ECOL,OUTSIDE_COMPUTE_SCOPE_RANK
4205,IPAR,OUTSIDE_COMPUTE_SCOPE_RANK
735,BBIO,OUTSIDE_COMPUTE_SCOPE_RANK
3431,GNLN,OUTSIDE_COMPUTE_SCOPE_RANK
4715,LBAI,OUTSIDE_COMPUTE_SCOPE_RANK
4214,IPHS,OUTSIDE_COMPUTE_SCOPE_RANK
7268,SNCR,OUTSIDE_COMPUTE_SCOPE_RANK
5325,MTRX,OUTSIDE_COMPUTE_SCOPE_RANK
4536,KALA,OUTSIDE_COMPUTE_SCOPE_RANK
8550,WIRE,OUTSIDE_COMPUTE_SCOPE_RANK
7834,TORC,OUTSIDE_COMPUTE_SCOPE_RANK
4791,LIND,OUTSIDE_COMPUTE_SCOPE_RANK
3989,IDEX,OUTSIDE_COMPUTE_SCOPE_RANK
4804,LKFN,OUTSIDE_COMPUTE_SCOPE_RANK
5879,OPTN,OUTSIDE_COMPUTE_SCOPE_RANK
198,AGTC,OUTSIDE_COMPUTE_SCOPE_RANK
4135,IMXI,OUTSIDE_COMPUTE_SCOPE_RANK
7554,SWIR,OUTSIDE_COMPUTE_SCOPE_RANK
1204,CATS,OUTSIDE_COMPUTE_SCOPE_RANK
3895,HYRE,OUTSIDE_COMPUTE_SCOPE_RANK
1715,CRNX,OUTSIDE_COMPUTE_SCOPE_RANK
8806,ZFGN,OUTSIDE_COMPUTE_SCOPE_RANK
1319,CENT,OUTSIDE_COMPUTE_SCOPE_RANK
5862,OPB,OUTSIDE_COMPUTE_SCOPE_RANK
641,AVXL,OUTSIDE_COMPUTE_SCOPE_RANK
6145,PHAS,OUTSIDE_COMPUTE_SCOPE_RANK
73,ACRS,OUTSIDE_COMPUTE_SCOPE_RANK
4201,IOTS,OUTSIDE_COMPUTE_SCOPE_RANK
450,APTO,OUTSIDE_COMPUTE_SCOPE_RANK
3632,HBNC,OUTSIDE_COMPUTE_SCOPE_RANK
276,ALEC,OUTSIDE_COMPUTE_SCOPE_RANK
2164,DSKE,OUTSIDE_COMPUTE_SCOPE_RANK
3087,FRTA,OUTSIDE_COMPUTE_SCOPE_RANK
5266,MRNS,OUTSIDE_COMPUTE_SCOPE_RANK
2515,EQBK,OUTSIDE_COMPUTE_SCOPE_RANK
6958,SBPH,OUTSIDE_COMPUTE_SCOPE_RANK
3508,GRTS,OUTSIDE_COMPUTE_SCOPE_RANK
7210,SLP,OUTSIDE_COMPUTE_SCOPE_RANK
7142,SIC,OUTSIDE_COMPUTE_SCOPE_RANK
8315,VISL,OUTSIDE_COMPUTE_SCOPE_RANK
1759,CSTL,OUTSIDE_COMPUTE_SCOPE_RANK
5432,NCBS,OUTSIDE_COMPUTE_SCOPE_RANK
4794,LIQT,OUTSIDE_COMPUTE_SCOPE_RANK
765,BCEL,OUTSIDE_COMPUTE_SCOPE_RANK
5150,MLNT,OUTSIDE_COMPUTE_SCOPE_RANK
7640,TCBK,OUTSIDE_COMPUTE_SCOPE_RANK
578,ATHX,OUTSIDE_COMPUTE_SCOPE_RANK
5009,MDCA,OUTSIDE_COMPUTE_SCOPE_RANK
7326,SP,OUTSIDE_COMPUTE_SCOPE_RANK
2713,EYPT,OUTSIDE_COMPUTE_SCOPE_RANK
5089,MGTA,OUTSIDE_COMPUTE_SCOPE_RANK
1296,CDXC,OUTSIDE_COMPUTE_SCOPE_RANK
658,AXGT,OUTSIDE_COMPUTE_SCOPE_RANK
672,AXTI,OUTSIDE_COMPUTE_SCOPE_RANK
6541,QTRX,OUTSIDE_COMPUTE_SCOPE_RANK
4955,MARK,OUTSIDE_COMPUTE_SCOPE_RANK
5717,NVTR,OUTSIDE_COMPUTE_SCOPE_RANK
1562,CMTL,OUTSIDE_COMPUTE_SCOPE_RANK
3770,HOFT,OUTSIDE_COMPUTE_SCOPE_RANK
200,AGYS,OUTSIDE_COMPUTE_SCOPE_RANK
8053,UEIC,OUTSIDE_COMPUTE_SCOPE_RANK
4187,INTL,OUTSIDE_COMPUTE_SCOPE_RANK
6327,PRNB,OUTSIDE_COMPUTE_SCOPE_RANK
1598,CNTY,OUTSIDE_COMPUTE_SCOPE_RANK
5288,MSEX,OUTSIDE_COMPUTE_SCOPE_RANK
2751,FBNC,OUTSIDE_COMPUTE_SCOPE_RANK
4359,JAGX,OUTSIDE_COMPUTE_SCOPE_RANK
4091,IIIV,OUTSIDE_COMPUTE_SCOPE_RANK
596,ATRI,OUTSIDE_COMPUTE_SCOPE_RANK
4601,KIN,OUTSIDE_COMPUTE_SCOPE_RANK
6334,PRPO,OUTSIDE_COMPUTE_SCOPE_RANK
2408,ELOX,OUTSIDE_COMPUTE_SCOPE_RANK
5668,NTRP,OUTSIDE_COMPUTE_SCOPE_RANK
3836,HTBX,OUTSIDE_COMPUTE_SCOPE_RANK
5490,NFBK,OUTSIDE_COMPUTE_SCOPE_RANK
5296,MSON,OUTSIDE_COMPUTE_SCOPE_RANK
5847,ONCE,OUTSIDE_COMPUTE_SCOPE_RANK
4468,JNCE,OUTSIDE_COMPUTE_SCOPE_RANK
3622,HAYN,OUTSIDE_COMPUTE_SCOPE_RANK
4090,IIIN,OUTSIDE_COMPUTE_SCOPE_RANK
5038,MEIP,OUTSIDE_COMPUTE_SCOPE_RANK
7655,TCPC,OUTSIDE_COMPUTE_SCOPE_RANK
830,BGFV,OUTSIDE_COMPUTE_SCOPE_RANK
4632,KNSA,OUTSIDE_COMPUTE_SCOPE_RANK
4593,KIDS,OUTSIDE_COMPUTE_SCOPE_RANK
5611,NRC,OUTSIDE_COMPUTE_SCOPE_RANK
8141,USAK,OUTSIDE_COMPUTE_SCOPE_RANK
1477,CLAR,OUTSIDE_COMPUTE_SCOPE_RANK
2000,DFRG,OUTSIDE_COMPUTE_SCOPE_RANK
3782,HOOK,OUTSIDE_COMPUTE_SCOPE_RANK
5790,OESX,OUTSIDE_COMPUTE_SCOPE_RANK
2009,DGII,OUTSIDE_COMPUTE_SCOPE_RANK
981,BOMN,OUTSIDE_COMPUTE_SCOPE_RANK
7704,TESS,OUTSIDE_COMPUTE_SCOPE_RANK
3208,GABC,OUTSIDE_COMPUTE_SCOPE_RANK
5704,NVEE,OUTSIDE_COMPUTE_SCOPE_RANK
5387,MYRG,OUTSIDE_COMPUTE_SCOPE_RANK
108,ADRO,OUTSIDE_COMPUTE_SCOPE_RANK
7481,STFC,OUTSIDE_COMPUTE_SCOPE_RANK
6132,PGC,OUTSIDE_COMPUTE_SCOPE_RANK
572,ATEX,OUTSIDE_COMPUTE_SCOPE_RANK
522,ARVN,OUTSIDE_COMPUTE_SCOPE_RANK
3033,FORR,OUTSIDE_COMPUTE_SCOPE_RANK
2839,FFIC,OUTSIDE_COMPUTE_SCOPE_RANK
7069,SES,OUTSIDE_COMPUTE_SCOPE_RANK
628,AVGR,OUTSIDE_COMPUTE_SCOPE_RANK
1215,CBIO,OUTSIDE_COMPUTE_SCOPE_RANK
4767,LFVN,OUTSIDE_COMPUTE_SCOPE_RANK
2535,ERII,OUTSIDE_COMPUTE_SCOPE_RANK
1330,CETV,OUTSIDE_COMPUTE_SCOPE_RANK
2624,EVER,OUTSIDE_COMPUTE_SCOPE_RANK
2369,EGAN,OUTSIDE_COMPUTE_SCOPE_RANK
6216,PLMR,OUTSIDE_COMPUTE_SCOPE_RANK
5550,NLNK,OUTSIDE_COMPUTE_SCOPE_RANK
2745,FBIO,OUTSIDE_COMPUTE_SCOPE_RANK
195,AGRX,OUTSIDE_COMPUTE_SCOPE_RANK
677,AYTU,OUTSIDE_COMPUTE_SCOPE_RANK
4970,MBIN,OUTSIDE_COMPUTE_SCOPE_RANK
258,AKRO,OUTSIDE_COMPUTE_SCOPE_RANK
1611,CODX,OUTSIDE_COMPUTE_SCOPE_RANK
3214,GALT,OUTSIDE_COMPUTE_SCOPE_RANK
2434,EMKR,OUTSIDE_COMPUTE_SCOPE_RANK
917,BLCM,OUTSIDE_COMPUTE_SCOPE_RANK
5940,OXSQ,OUTSIDE_COMPUTE_SCOPE_RANK
2943,FLMN,OUTSIDE_COMPUTE_SCOPE_RANK
7657,TCRR,OUTSIDE_COMPUTE_SCOPE_RANK
6627,REFR,OUTSIDE_COMPUTE_SCOPE_RANK
8009,TZOO,OUTSIDE_COMPUTE_SCOPE_RANK
3210,GAIN,OUTSIDE_COMPUTE_SCOPE_RANK
7833,TOPS,OUTSIDE_COMPUTE_SCOPE_RANK
8073,UHAL,OUTSIDE_COMPUTE_SCOPE_RANK
3252,GDEN,OUTSIDE_COMPUTE_SCOPE_RANK
4627,KNDI,OUTSIDE_COMPUTE_SCOPE_RANK
3884,HYGS,OUTSIDE_COMPUTE_SCOPE_RANK
7745,THOR,OUTSIDE_COMPUTE_SCOPE_RANK
51,ACER,OUTSIDE_COMPUTE_SCOPE_RANK
8605,WRTC,OUTSIDE_COMPUTE_SCOPE_RANK
3646,HCCI,OUTSIDE_COMPUTE_SCOPE_RANK
4134,IMV,OUTSIDE_COMPUTE_SCOPE_RANK
931,BLNK,OUTSIDE_COMPUTE_SCOPE_RANK
1574,CNCE,OUTSIDE_COMPUTE_SCOPE_RANK
8666,XELA,OUTSIDE_COMPUTE_SCOPE_RANK
5515,NGM,OUTSIDE_COMPUTE_SCOPE_RANK
2156,DRYS,OUTSIDE_COMPUTE_SCOPE_RANK
953,BMTC,OUTSIDE_COMPUTE_SCOPE_RANK
6468,PXLW,OUTSIDE_COMPUTE_SCOPE_RANK
4636,KOD,OUTSIDE_COMPUTE_SCOPE_RANK
7018,SCPL,OUTSIDE_COMPUTE_SCOPE_RANK
1777,CTBI,OUTSIDE_COMPUTE_SCOPE_RANK
7061,SELB,OUTSIDE_COMPUTE_SCOPE_RANK
8657,XBIO,OUTSIDE_COMPUTE_SCOPE_RANK
7625,TBIO,OUTSIDE_COMPUTE_SCOPE_RANK
4992,MCHX,OUTSIDE_COMPUTE_SCOPE_RANK
1607,CODA,OUTSIDE_COMPUTE_SCOPE_RANK
3063,FRAN,OUTSIDE_COMPUTE_SCOPE_RANK
2151,DRRX,OUTSIDE_COMPUTE_SCOPE_RANK
8001,TYME,OUTSIDE_COMPUTE_SCOPE_RANK
6696,RICK,OUTSIDE_COMPUTE_SCOPE_RANK
6795,RPAY,OUTSIDE_COMPUTE_SCOPE_RANK
1570,CNAT,OUTSIDE_COMPUTE_SCOPE_RANK
475,ARCE,OUTSIDE_COMPUTE_SCOPE_RANK
6159,PHUN,OUTSIDE_COMPUTE_SCOPE_RANK
1301,CECE,OUTSIDE_COMPUTE_SCOPE_RANK
1171,CALA,OUTSIDE_COMPUTE_SCOPE_RANK
5484,NEWT,OUTSIDE_COMPUTE_SCOPE_RANK
4133,IMUX,OUTSIDE_COMPUTE_SCOPE_RANK
7049,SEAC,OUTSIDE_COMPUTE_SCOPE_RANK
4281,ITI,OUTSIDE_COMPUTE_SCOPE_RANK
63,ACIU,OUTSIDE_COMPUTE_SCOPE_RANK
2575,ESTA,OUTSIDE_COMPUTE_SCOPE_RANK
40,ABUS,OUTSIDE_COMPUTE_SCOPE_RANK
286,ALIM,OUTSIDE_COMPUTE_SCOPE_RANK
3209,GAIA,OUTSIDE_COMPUTE_SCOPE_RANK
4605,KIRK,OUTSIDE_COMPUTE_SCOPE_RANK
39,ABTX,OUTSIDE_COMPUTE_SCOPE_RANK
2398,EKSO,OUTSIDE_COMPUTE_SCOPE_RANK
1066,BSGM,OUTSIDE_COMPUTE_SCOPE_RANK
1819,CUE,OUTSIDE_COMPUTE_SCOPE_RANK
5769,OBNK,OUTSIDE_COMPUTE_SCOPE_RANK
875,BIOC,OUTSIDE_COMPUTE_SCOPE_RANK
8431,VTVT,OUTSIDE_COMPUTE_SCOPE_RANK
422,AOSL,OUTSIDE_COMPUTE_SCOPE_RANK
3362,GLBS,OUTSIDE_COMPUTE_SCOPE_RANK
7212,SLRC,OUTSIDE_COMPUTE_SCOPE_RANK
313,ALT,OUTSIDE_COMPUTE_SCOPE_RANK
4194,INWK,OUTSIDE_COMPUTE_SCOPE_RANK
4120,IMKTA,OUTSIDE_COMPUTE_SCOPE_RANK
3780,HONE,OUTSIDE_COMPUTE_SCOPE_RANK
1195,CASI,OUTSIDE_COMPUTE_SCOPE_RANK
1692,CRAY,OUTSIDE_COMPUTE_SCOPE_RANK
5920,OTLK,OUTSIDE_COMPUTE_SCOPE_RANK
8533,WHF,OUTSIDE_COMPUTE_SCOPE_RANK
6073,PEBO,OUTSIDE_COMPUTE_SCOPE_RANK
926,BLIN,OUTSIDE_COMPUTE_SCOPE_RANK
7316,SONA,OUTSIDE_COMPUTE_SCOPE_RANK
650,AWSM,OUTSIDE_COMPUTE_SCOPE_RANK
3028,FONR,OUTSIDE_COMPUTE_SCOPE_RANK
1389,CHI,OUTSIDE_COMPUTE_SCOPE_RANK
4999,MCRI,OUTSIDE_COMPUTE_SCOPE_RANK
4823,LMNR,OUTSIDE_COMPUTE_SCOPE_RANK
484,ARDX,OUTSIDE_COMPUTE_SCOPE_RANK
1331,CETX,OUTSIDE_COMPUTE_SCOPE_RANK
461,AQMS,OUTSIDE_COMPUTE_SCOPE_RANK
4856,LORL,OUTSIDE_COMPUTE_SCOPE_RANK
7847,TPCO,OUTSIDE_COMPUTE_SCOPE_RANK
1431,CHW,OUTSIDE_COMPUTE_SCOPE_RANK
5235,MOTS,OUTSIDE_COMPUTE_SCOPE_RANK
7057,SEEL,OUTSIDE_COMPUTE_SCOPE_RANK
8607,WSBF,OUTSIDE_COMPUTE_SCOPE_RANK
4972,MBIO,OUTSIDE_COMPUTE_SCOPE_RANK
2979,FMBH,OUTSIDE_COMPUTE_SCOPE_RANK
1006,BPTH,OUTSIDE_COMPUTE_SCOPE_RANK
584,ATLC,OUTSIDE_COMPUTE_SCOPE_RANK
5527,NHTC,OUTSIDE_COMPUTE_SCOPE_RANK
7503,STOK,OUTSIDE_COMPUTE_SCOPE_RANK
6402,PSTI,OUTSIDE_COMPUTE_SCOPE_RANK
8197,UTMD,OUTSIDE_COMPUTE_SCOPE_RANK
2818,FENC,OUTSIDE_COMPUTE_SCOPE_RANK
5878,OPRX,OUTSIDE_COMPUTE_SCOPE_RANK
5425,NBSE,OUTSIDE_COMPUTE_SCOPE_RANK
2709,EYEN,OUTSIDE_COMPUTE_SCOPE_RANK
458,APYX,OUTSIDE_COMPUTE_SCOPE_RANK
6823,RTIX,OUTSIDE_COMPUTE_SCOPE_RANK
4010,IEA,OUTSIDE_COMPUTE_SCOPE_RANK
1764,CSWC,OUTSIDE_COMPUTE_SCOPE_RANK
5901,OSBC,OUTSIDE_COMPUTE_SCOPE_RANK
3869,HWKN,OUTSIDE_COMPUTE_SCOPE_RANK
234,AIRG,OUTSIDE_COMPUTE_SCOPE_RANK
3166,FVCB,OUTSIDE_COMPUTE_SCOPE_RANK
67,ACMR,OUTSIDE_COMPUTE_SCOPE_RANK
3359,GLAD,OUTSIDE_COMPUTE_SCOPE_RANK
2732,FARM,OUTSIDE_COMPUTE_SCOPE_RANK
8713,XONE,OUTSIDE_COMPUTE_SCOPE_RANK
8267,VERU,OUTSIDE_COMPUTE_SCOPE_RANK
3761,HMTV,OUTSIDE_COMPUTE_SCOPE_RANK
6695,RIBT,OUTSIDE_COMPUTE_SCOPE_RANK
5726,NWPX,OUTSIDE_COMPUTE_SCOPE_RANK
3323,GHSI,OUTSIDE_COMPUTE_SCOPE_RANK
7656,TCRD,OUTSIDE_COMPUTE_SCOPE_RANK
7276,SNGX,OUTSIDE_COMPUTE_SCOPE_RANK
453,APTX,OUTSIDE_COMPUTE_SCOPE_RANK
5209,MNTX,OUTSIDE_COMPUTE_SCOPE_RANK
7823,TNXP,OUTSIDE_COMPUTE_SCOPE_RANK
1545,CMLS,OUTSIDE_COMPUTE_SCOPE_RANK
6119,PFLT,OUTSIDE_COMPUTE_SCOPE_RANK
3227,GBDC,OUTSIDE_COMPUTE_SCOPE_RANK
4785,LIFE,OUTSIDE_COMPUTE_SCOPE_RANK
4706,LAND,OUTSIDE_COMPUTE_SCOPE_RANK
8619,WTER,OUTSIDE_COMPUTE_SCOPE_RANK
6579,RBCAA,OUTSIDE_COMPUTE_SCOPE_RANK
460,AQB,OUTSIDE_COMPUTE_SCOPE_RANK
791,BDGE,OUTSIDE_COMPUTE_SCOPE_RANK
7213,SLRX,OUTSIDE_COMPUTE_SCOPE_RANK
7312,SOLO,OUTSIDE_COMPUTE_SCOPE_RANK
6942,SBBX,OUTSIDE_COMPUTE_SCOPE_RANK
8101,UMRX,OUTSIDE_COMPUTE_SCOPE_RANK
1824,CUR,OUTSIDE_COMPUTE_SCOPE_RANK
2690,EXFO,OUTSIDE_COMPUTE_SCOPE_RANK
3293,GEVO,OUTSIDE_COMPUTE_SCOPE_RANK
727,BBCP,OUTSIDE_COMPUTE_SCOPE_RANK
2750,FBMS,OUTSIDE_COMPUTE_SCOPE_RANK
7366,SPNE,OUTSIDE_COMPUTE_SCOPE_RANK
4974,MBRX,OUTSIDE_COMPUTE_SCOPE_RANK
4876,LQDT,OUTSIDE_COMPUTE_SCOPE_RANK
389,ANAT,OUTSIDE_COMPUTE_SCOPE_RANK
6721,RKDA,OUTSIDE_COMPUTE_SCOPE_RANK
4602,KINS,OUTSIDE_COMPUTE_SCOPE_RANK
3528,GSBC,OUTSIDE_COMPUTE_SCOPE_RANK
4852,LONE,OUTSIDE_COMPUTE_SCOPE_RANK
480,ARCT,OUTSIDE_COMPUTE_SCOPE_RANK
2305,ECOR,OUTSIDE_COMPUTE_SCOPE_RANK
5215,MOFG,OUTSIDE_COMPUTE_SCOPE_RANK
2881,FISI,OUTSIDE_COMPUTE_SCOPE_RANK
814,BFC,OUTSIDE_COMPUTE_SCOPE_RANK
4165,INNT,OUTSIDE_COMPUTE_SCOPE_RANK
7973,TWIN,OUTSIDE_COMPUTE_SCOPE_RANK
3979,ICON,OUTSIDE_COMPUTE_SCOPE_RANK
5199,MNLO,OUTSIDE_COMPUTE_SCOPE_RANK
622,AVCO,OUTSIDE_COMPUTE_SCOPE_RANK
3551,GSVC,OUTSIDE_COMPUTE_SCOPE_RANK
7780,TLGT,OUTSIDE_COMPUTE_SCOPE_RANK
1682,CPST,OUTSIDE_COMPUTE_SCOPE_RANK
6245,PMTS,OUTSIDE_COMPUTE_SCOPE_RANK
6416,PTGX,OUTSIDE_COMPUTE_SCOPE_RANK
2260,DZSI,OUTSIDE_COMPUTE_SCOPE_RANK
3012,FNHC,OUTSIDE_COMPUTE_SCOPE_RANK
8054,UEPS,OUTSIDE_COMPUTE_SCOPE_RANK
7184,SKIS,OUTSIDE_COMPUTE_SCOPE_RANK
8402,VSEC,OUTSIDE_COMPUTE_SCOPE_RANK
3568,GTYH,OUTSIDE_COMPUTE_SCOPE_RANK
6168,PICO,OUTSIDE_COMPUTE_SCOPE_RANK
7017,SCPH,OUTSIDE_COMPUTE_SCOPE_RANK
303,ALNA,OUTSIDE_COMPUTE_SCOPE_RANK
306,ALOT,OUTSIDE_COMPUTE_SCOPE_RANK
1525,CLXT,OUTSIDE_COMPUTE_SCOPE_RANK
6566,RAIL,OUTSIDE_COMPUTE_SCOPE_RANK
1647,CORV,OUTSIDE_COMPUTE_SCOPE_RANK
99,ADMP,OUTSIDE_COMPUTE_SCOPE_RANK
3424,GNCA,OUTSIDE_COMPUTE_SCOPE_RANK
1511,CLRB,OUTSIDE_COMPUTE_SCOPE_RANK
6102,PFBI,OUTSIDE_COMPUTE_SCOPE_RANK
8711,XOMA,OUTSIDE_COMPUTE_SCOPE_RANK
4009,IDYA,OUTSIDE_COMPUTE_SCOPE_RANK
4575,KERN,OUTSIDE_COMPUTE_SCOPE_RANK
8831,ZSAN,OUTSIDE_COMPUTE_SCOPE_RANK
521,ARTX,OUTSIDE_COMPUTE_SCOPE_RANK
139,AEZS,OUTSIDE_COMPUTE_SCOPE_RANK
7740,THFF,OUTSIDE_COMPUTE_SCOPE_RANK
1708,CRIS,OUTSIDE_COMPUTE_SCOPE_RANK
815,BFIN,OUTSIDE_COMPUTE_SCOPE_RANK
1186,CARE,OUTSIDE_COMPUTE_SCOPE_RANK
1313,CELH,OUTSIDE_COMPUTE_SCOPE_RANK
4750,LEGH,OUTSIDE_COMPUTE_SCOPE_RANK
5126,MIRM,OUTSIDE_COMPUTE_SCOPE_RANK
2271,EARS,OUTSIDE_COMPUTE_SCOPE_RANK
4983,MCBC,OUTSIDE_COMPUTE_SCOPE_RANK
5136,MJCO,OUTSIDE_COMPUTE_SCOPE_RANK
1571,CNBKA,OUTSIDE_COMPUTE_SCOPE_RANK
2183,DTIL,OUTSIDE_COMPUTE_SCOPE_RANK
2288,EBTC,OUTSIDE_COMPUTE_SCOPE_RANK
592,ATOS,OUTSIDE_COMPUTE_SCOPE_RANK
6614,RDVT,OUTSIDE_COMPUTE_SCOPE_RANK
3817,HSDT,OUTSIDE_COMPUTE_SCOPE_RANK
4716,LBC,OUTSIDE_COMPUTE_SCOPE_RANK
7024,SCYX,OUTSIDE_COMPUTE_SCOPE_RANK
3834,HTBI,OUTSIDE_COMPUTE_SCOPE_RANK
6829,RTTR,OUTSIDE_COMPUTE_SCOPE_RANK
1486,CLDX,OUTSIDE_COMPUTE_SCOPE_RANK
3442,GNTY,OUTSIDE_COMPUTE_SCOPE_RANK
8732,XSPA,OUTSIDE_COMPUTE_SCOPE_RANK
7086,SFST,OUTSIDE_COMPUTE_SCOPE_RANK
7579,SYNC,OUTSIDE_COMPUTE_SCOPE_RANK
6934,SAVA,OUTSIDE_COMPUTE_SCOPE_RANK
5850,ONCY,OUTSIDE_COMPUTE_SCOPE_RANK
5049,METC,OUTSIDE_COMPUTE_SCOPE_RANK
4853,LOOP,OUTSIDE_COMPUTE_SCOPE_RANK
7354,SPKE,OUTSIDE_COMPUTE_SCOPE_RANK
2026,DHIL,OUTSIDE_COMPUTE_SCOPE_RANK
167,AGFS,OUTSIDE_COMPUTE_SCOPE_RANK
1684,CPTA,OUTSIDE_COMPUTE_SCOPE_RANK
7094,SGBX,OUTSIDE_COMPUTE_SCOPE_RANK
2547,ESCA,OUTSIDE_COMPUTE_SCOPE_RANK
6313,PRGX,OUTSIDE_COMPUTE_SCOPE_RANK
3221,GASS,OUTSIDE_COMPUTE_SCOPE_RANK
3671,HEBT,OUTSIDE_COMPUTE_SCOPE_RANK
5438,NCSM,OUTSIDE_COMPUTE_SCOPE_RANK
3299,GFN,OUTSIDE_COMPUTE_SCOPE_RANK
3120,FTEK,OUTSIDE_COMPUTE_SCOPE_RANK
8756,YGYI,OUTSIDE_COMPUTE_SCOPE_RANK
6430,PTVCB,OUTSIDE_COMPUTE_SCOPE_RANK
4954,MARA,OUTSIDE_COMPUTE_SCOPE_RANK
7274,SNES,OUTSIDE_COMPUTE_SCOPE_RANK
3153,FULC,OUTSIDE_COMPUTE_SCOPE_RANK
6219,PLPC,OUTSIDE_COMPUTE_SCOPE_RANK
6220,PLSE,OUTSIDE_COMPUTE_SCOPE_RANK
6200,PKOH,OUTSIDE_COMPUTE_SCOPE_RANK
591,ATOM,OUTSIDE_COMPUTE_SCOPE_RANK
1940,DCIX,OUTSIDE_COMPUTE_SCOPE_RANK
3082,FRPH,OUTSIDE_COMPUTE_SCOPE_RANK
4007,IDXG,OUTSIDE_COMPUTE_SCOPE_RANK
5880,OPTT,OUTSIDE_COMPUTE_SCOPE_RANK
8545,WINA,OUTSIDE_COMPUTE_SCOPE_RANK
2764,FCBP,OUTSIDE_COMPUTE_SCOPE_RANK
5218,MOGO,OUTSIDE_COMPUTE_SCOPE_RANK
2803,FDUS,OUTSIDE_COMPUTE_SCOPE_RANK
4943,MACK,OUTSIDE_COMPUTE_SCOPE_RANK
1728,CRTX,OUTSIDE_COMPUTE_SCOPE_RANK
6606,RDI,OUTSIDE_COMPUTE_SCOPE_RANK
6437,PULM,OUTSIDE_COMPUTE_SCOPE_RANK
1119,BWEN,OUTSIDE_COMPUTE_SCOPE_RANK
3014,FNJN,OUTSIDE_COMPUTE_SCOPE_RANK
7948,TTNP,OUTSIDE_COMPUTE_SCOPE_RANK
8419,VTGN,OUTSIDE_COMPUTE_SCOPE_RANK
253,AKER,OUTSIDE_COMPUTE_SCOPE_RANK
7119,SHIP,OUTSIDE_COMPUTE_SCOPE_RANK
4873,LQDA,OUTSIDE_COMPUTE_SCOPE_RANK
6043,PCSB,OUTSIDE_COMPUTE_SCOPE_RANK
4258,ISEE,OUTSIDE_COMPUTE_SCOPE_RANK
5724,NWLI,OUTSIDE_COMPUTE_SCOPE_RANK
3044,FPAY,OUTSIDE_COMPUTE_SCOPE_RANK
7373,SPRO,OUTSIDE_COMPUTE_SCOPE_RANK
6083,PEIX,OUTSIDE_COMPUTE_SCOPE_RANK
4140,INBK,OUTSIDE_COMPUTE_SCOPE_RANK
5077,MGEN,OUTSIDE_COMPUTE_SCOPE_RANK
7411,SRAX,OUTSIDE_COMPUTE_SCOPE_RANK
3627,HBCP,OUTSIDE_COMPUTE_SCOPE_RANK
1118,BWB,OUTSIDE_COMPUTE_SCOPE_RANK
5255,MRCC,OUTSIDE_COMPUTE_SCOPE_RANK
1244,CCB,OUTSIDE_COMPUTE_SCOPE_RANK
7103,SGMA,OUTSIDE_COMPUTE_SCOPE_RANK
5149,MLND,OUTSIDE_COMPUTE_SCOPE_RANK
1104,BURG,OUTSIDE_COMPUTE_SCOPE_RANK
1385,CHFS,OUTSIDE_COMPUTE_SCOPE_RANK
2253,DYAI,OUTSIDE_COMPUTE_SCOPE_RANK
7317,SONM,OUTSIDE_COMPUTE_SCOPE_RANK
1795,CTRM,OUTSIDE_COMPUTE_SCOPE_RANK
3966,ICBK,OUTSIDE_COMPUTE_SCOPE_RANK
2710,EYES,OUTSIDE_COMPUTE_SCOPE_RANK
5863,OPBK,OUTSIDE_COMPUTE_SCOPE_RANK
6117,PFIS,OUTSIDE_COMPUTE_SCOPE_RANK
7227,SMBC,OUTSIDE_COMPUTE_SCOPE_RANK
4682,KVHI,OUTSIDE_COMPUTE_SCOPE_RANK
6786,ROSE,OUTSIDE_COMPUTE_SCOPE_RANK
5999,PBFS,OUTSIDE_COMPUTE_SCOPE_RANK
511,AROW,OUTSIDE_COMPUTE_SCOPE_RANK
8839,ZVO,OUTSIDE_COMPUTE_SCOPE_RANK
7208,SLNO,OUTSIDE_COMPUTE_SCOPE_RANK
2092,DMPI,OUTSIDE_COMPUTE_SCOPE_RANK
1354,CFRX,OUTSIDE_COMPUTE_SCOPE_RANK
4973,MBOT,OUTSIDE_COMPUTE_SCOPE_RANK
3841,HTGM,OUTSIDE_COMPUTE_SCOPE_RANK
3090,FSBW,OUTSIDE_COMPUTE_SCOPE_RANK
2179,DTEA,OUTSIDE_COMPUTE_SCOPE_RANK
1936,DCAR,OUTSIDE_COMPUTE_SCOPE_RANK
408,ANIX,OUTSIDE_COMPUTE_SCOPE_RANK
4969,MBII,OUTSIDE_COMPUTE_SCOPE_RANK
872,BIMI,OUTSIDE_COMPUTE_SCOPE_RANK
6905,SAEX,OUTSIDE_COMPUTE_SCOPE_RANK
1023,BRID,OUTSIDE_COMPUTE_SCOPE_RANK
1471,CJJD,OUTSIDE_COMPUTE_SCOPE_RANK
1518,CLSN,OUTSIDE_COMPUTE_SCOPE_RANK
5912,OSS,OUTSIDE_COMPUTE_SCOPE_RANK
2997,FNCB,OUTSIDE_COMPUTE_SCOPE_RANK
2626,EVFM,OUTSIDE_COMPUTE_SCOPE_RANK
3809,HRZN,OUTSIDE_COMPUTE_SCOPE_RANK
1806,CTXR,OUTSIDE_COMPUTE_SCOPE_RANK
6047,PCYG,OUTSIDE_COMPUTE_SCOPE_RANK
4216,IPIC,OUTSIDE_COMPUTE_SCOPE_RANK
5718,NVUS,OUTSIDE_COMPUTE_SCOPE_RANK
7095,SGC,OUTSIDE_COMPUTE_SCOPE_RANK
1994,DFFN,OUTSIDE_COMPUTE_SCOPE_RANK
2783,FDBC,OUTSIDE_COMPUTE_SCOPE_RANK
6623,REED,OUTSIDE_COMPUTE_SCOPE_RANK
6646,RESN,OUTSIDE_COMPUTE_SCOPE_RANK
6258,PNRG,OUTSIDE_COMPUTE_SCOPE_RANK
6058,PDLB,OUTSIDE_COMPUTE_SCOPE_RANK
31,ABIO,OUTSIDE_COMPUTE_SCOPE_RANK
225,AIHS,OUTSIDE_COMPUTE_SCOPE_RANK
7092,SGA,OUTSIDE_COMPUTE_SCOPE_RANK
1833,CVCY,OUTSIDE_COMPUTE_SCOPE_RANK
4151,INFI,OUTSIDE_COMPUTE_SCOPE_RANK
8644,WWR,OUTSIDE_COMPUTE_SCOPE_RANK
3699,HFFG,OUTSIDE_COMPUTE_SCOPE_RANK
3856,HURC,OUTSIDE_COMPUTE_SCOPE_RANK
7999,TYHT,OUTSIDE_COMPUTE_SCOPE_RANK
4798,LIVE,OUTSIDE_COMPUTE_SCOPE_RANK
7894,TROV,OUTSIDE_COMPUTE_SCOPE_RANK
272,ALCO,OUTSIDE_COMPUTE_SCOPE_RANK
4027,IESC,OUTSIDE_COMPUTE_SCOPE_RANK
1199,CATB,OUTSIDE_COMPUTE_SCOPE_RANK
5848,ONCS,OUTSIDE_COMPUTE_SCOPE_RANK
2435,EML,OUTSIDE_COMPUTE_SCOPE_RANK
311,ALSK,OUTSIDE_COMPUTE_SCOPE_RANK
562,ASYS,OUTSIDE_COMPUTE_SCOPE_RANK
8559,WLFC,OUTSIDE_COMPUTE_SCOPE_RANK
8104,UNB,OUTSIDE_COMPUTE_SCOPE_RANK
1182,CAPR,OUTSIDE_COMPUTE_SCOPE_RANK
7207,SLNG,OUTSIDE_COMPUTE_SCOPE_RANK
770,BCML,OUTSIDE_COMPUTE_SCOPE_RANK
4869,LPTH,OUTSIDE_COMPUTE_SCOPE_RANK
6423,PTMN,OUTSIDE_COMPUTE_SCOPE_RANK
6684,RGLS,OUTSIDE_COMPUTE_SCOPE_RANK
6923,SAMG,OUTSIDE_COMPUTE_SCOPE_RANK
7469,STAF,OUTSIDE_COMPUTE_SCOPE_RANK
4923,LWAY,OUTSIDE_COMPUTE_SCOPE_RANK
138,AEYE,OUTSIDE_COMPUTE_SCOPE_RANK
683,AZRX,OUTSIDE_COMPUTE_SCOPE_RANK
59,ACHV,OUTSIDE_COMPUTE_SCOPE_RANK
2423,EMCI,OUTSIDE_COMPUTE_SCOPE_RANK
1346,CFFI,OUTSIDE_COMPUTE_SCOPE_RANK
3502,GROW,OUTSIDE_COMPUTE_SCOPE_RANK
5741,NXTC,OUTSIDE_COMPUTE_SCOPE_RANK
7531,SUNS,OUTSIDE_COMPUTE_SCOPE_RANK
3631,HBMD,OUTSIDE_COMPUTE_SCOPE_RANK
3733,HJLI,OUTSIDE_COMPUTE_SCOPE_RANK
7144,SIEB,OUTSIDE_COMPUTE_SCOPE_RANK
1190,CART,OUTSIDE_COMPUTE_SCOPE_RANK
5896,ORMP,OUTSIDE_COMPUTE_SCOPE_RANK
5980,PAVM,OUTSIDE_COMPUTE_SCOPE_RANK
6055,PDEX,OUTSIDE_COMPUTE_SCOPE_RANK
2778,FCSC,OUTSIDE_COMPUTE_SCOPE_RANK
5849,ONCT,OUTSIDE_COMPUTE_SCOPE_RANK
5272,MRUS,OUTSIDE_COMPUTE_SCOPE_RANK
4040,IFMK,OUTSIDE_COMPUTE_SCOPE_RANK
992,BOXL,OUTSIDE_COMPUTE_SCOPE_RANK
2936,FLL,OUTSIDE_COMPUTE_SCOPE_RANK
7591,TA,OUTSIDE_COMPUTE_SCOPE_RANK
5892,ORGS,OUTSIDE_COMPUTE_SCOPE_RANK
8667,XELB,OUTSIDE_COMPUTE_SCOPE_RANK
380,AMTX,OUTSIDE_COMPUTE_SCOPE_RANK
5069,MFSF,OUTSIDE_COMPUTE_SCOPE_RANK
8086,ULBI,OUTSIDE_COMPUTE_SCOPE_RANK
2032,DHXM,OUTSIDE_COMPUTE_SCOPE_RANK
5225,MORF,OUTSIDE_COMPUTE_SCOPE_RANK
7201,SLGG,OUTSIDE_COMPUTE_SCOPE_RANK
1249,CCD,OUTSIDE_COMPUTE_SCOPE_RANK
1857,CWBR,OUTSIDE_COMPUTE_SCOPE_RANK
1200,CATC,OUTSIDE_COMPUTE_SCOPE_RANK
4901,LTRX,OUTSIDE_COMPUTE_SCOPE_RANK
5489,NEXT,OUTSIDE_COMPUTE_SCOPE_RANK
5800,OFS,OUTSIDE_COMPUTE_SCOPE_RANK
6194,PKBK,OUTSIDE_COMPUTE_SCOPE_RANK
4172,INSE,OUTSIDE_COMPUTE_SCOPE_RANK
2457,ENFC,OUTSIDE_COMPUTE_SCOPE_RANK
1509,CLPS,OUTSIDE_COMPUTE_SCOPE_RANK
8673,XFOR,OUTSIDE_COMPUTE_SCOPE_RANK
662,AXLA,OUTSIDE_COMPUTE_SCOPE_RANK
581,ATIS,OUTSIDE_COMPUTE_SCOPE_RANK
6005,PBIP,OUTSIDE_COMPUTE_SCOPE_RANK
2438,EMMA,OUTSIDE_COMPUTE_SCOPE_RANK
5660,NTIC,OUTSIDE_COMPUTE_SCOPE_RANK
7870,TRCH,OUTSIDE_COMPUTE_SCOPE_RANK
7699,TENX,OUTSIDE_COMPUTE_SCOPE_RANK
4643,KOOL,OUTSIDE_COMPUTE_SCOPE_RANK
8023,UBFO,OUTSIDE_COMPUTE_SCOPE_RANK
8386,VRML,OUTSIDE_COMPUTE_SCOPE_RANK
308,ALPN,OUTSIDE_COMPUTE_SCOPE_RANK
2635,EVLO,OUTSIDE_COMPUTE_SCOPE_RANK
585,ATLO,OUTSIDE_COMPUTE_SCOPE_RANK
733,BBGI,OUTSIDE_COMPUTE_SCOPE_RANK
7581,SYNL,OUTSIDE_COMPUTE_SCOPE_RANK
1222,CBMB,OUTSIDE_COMPUTE_SCOPE_RANK
5928,OVBC,OUTSIDE_COMPUTE_SCOPE_RANK
6044,PCTI,OUTSIDE_COMPUTE_SCOPE_RANK
6734,RMBL,OUTSIDE_COMPUTE_SCOPE_RANK
5261,MRIN,OUTSIDE_COMPUTE_SCOPE_RANK
7114,SHBI,OUTSIDE_COMPUTE_SCOPE_RANK
1089,BTAI,OUTSIDE_COMPUTE_SCOPE_RANK
5240,MPB,OUTSIDE_COMPUTE_SCOPE_RANK
4621,KMPH,OUTSIDE_COMPUTE_SCOPE_RANK
3275,GECC,OUTSIDE_COMPUTE_SCOPE_RANK
4816,LMB,OUTSIDE_COMPUTE_SCOPE_RANK
2592,ETON,OUTSIDE_COMPUTE_SCOPE_RANK
2843,FFNW,OUTSIDE_COMPUTE_SCOPE_RANK
2976,FMAO,OUTSIDE_COMPUTE_SCOPE_RANK
2282,EBMT,OUTSIDE_COMPUTE_SCOPE_RANK
2924,FLGT,OUTSIDE_COMPUTE_SCOPE_RANK
1577,CNET,OUTSIDE_COMPUTE_SCOPE_RANK
5918,OTIC,OUTSIDE_COMPUTE_SCOPE_RANK
3585,GWGH,OUTSIDE_COMPUTE_SCOPE_RANK
2761,FCAP,OUTSIDE_COMPUTE_SCOPE_RANK
2012,DGLY,OUTSIDE_COMPUTE_SCOPE_RANK
2248,DXLG,OUTSIDE_COMPUTE_SCOPE_RANK
3865,HWBK,OUTSIDE_COMPUTE_SCOPE_RANK
412,ANY,OUTSIDE_COMPUTE_SCOPE_RANK
5476,NETE,OUTSIDE_COMPUTE_SCOPE_RANK
1661,CPAH,OUTSIDE_COMPUTE_SCOPE_RANK
1906,DARE,OUTSIDE_COMPUTE_SCOPE_RANK
3497,GRIF,OUTSIDE_COMPUTE_SCOPE_RANK
4002,IDSY,OUTSIDE_COMPUTE_SCOPE_RANK
6331,PROV,OUTSIDE_COMPUTE_SCOPE_RANK
5600,NOVN,OUTSIDE_COMPUTE_SCOPE_RANK
1408,CHMG,OUTSIDE_COMPUTE_SCOPE_RANK
1756,CSSE,OUTSIDE_COMPUTE_SCOPE_RANK
3616,HARP,OUTSIDE_COMPUTE_SCOPE_RANK
6572,RAVE,OUTSIDE_COMPUTE_SCOPE_RANK
3157,FUNC,OUTSIDE_COMPUTE_SCOPE_RANK
5389,MYT,OUTSIDE_COMPUTE_SCOPE_RANK
4703,LAKE,OUTSIDE_COMPUTE_SCOPE_RANK
8264,VERB,OUTSIDE_COMPUTE_SCOPE_RANK
5447,NDRA,OUTSIDE_COMPUTE_SCOPE_RANK
6234,PMD,OUTSIDE_COMPUTE_SCOPE_RANK
7351,SPHS,OUTSIDE_COMPUTE_SCOPE_RANK
1248,CCCL,OUTSIDE_COMPUTE_SCOPE_RANK
7598,TAIT,OUTSIDE_COMPUTE_SCOPE_RANK
934,BLPH,OUTSIDE_COMPUTE_SCOPE_RANK
2466,ENOB,OUTSIDE_COMPUTE_SCOPE_RANK
5407,NATR,OUTSIDE_COMPUTE_SCOPE_RANK
8442,VVUS,OUTSIDE_COMPUTE_SCOPE_RANK
8537,WHLR,OUTSIDE_COMPUTE_SCOPE_RANK
3498,GRIN,OUTSIDE_COMPUTE_SCOPE_RANK
6765,RNWK,OUTSIDE_COMPUTE_SCOPE_RANK
4818,LMFA,OUTSIDE_COMPUTE_SCOPE_RANK
5168,MLVF,OUTSIDE_COMPUTE_SCOPE_RANK
5304,MTBC,OUTSIDE_COMPUTE_SCOPE_RANK
557,ASTC,OUTSIDE_COMPUTE_SCOPE_RANK
3583,GVP,OUTSIDE_COMPUTE_SCOPE_RANK
5206,MNSB,OUTSIDE_COMPUTE_SCOPE_RANK
6470,PXS,OUTSIDE_COMPUTE_SCOPE_RANK
1213,CBFV,OUTSIDE_COMPUTE_SCOPE_RANK
2599,ETTX,OUTSIDE_COMPUTE_SCOPE_RANK
3162,FUV,OUTSIDE_COMPUTE_SCOPE_RANK
5931,OVLY,OUTSIDE_COMPUTE_SCOPE_RANK
859,BHTG,OUTSIDE_COMPUTE_SCOPE_RANK
5592,NODK,OUTSIDE_COMPUTE_SCOPE_RANK
4747,LEDS,OUTSIDE_COMPUTE_SCOPE_RANK
7374,SPRT,OUTSIDE_COMPUTE_SCOPE_RANK
3017,FNLC,OUTSIDE_COMPUTE_SCOPE_RANK
1207,CBAN,OUTSIDE_COMPUTE_SCOPE_RANK
4119,IMI,OUTSIDE_COMPUTE_SCOPE_RANK
516,ARRY,OUTSIDE_COMPUTE_SCOPE_RANK
2138,DRAD,OUTSIDE_COMPUTE_SCOPE_RANK
6341,PRTH,OUTSIDE_COMPUTE_SCOPE_RANK
1541,CMFN,OUTSIDE_COMPUTE_SCOPE_RANK
3020,FNWB,OUTSIDE_COMPUTE_SCOPE_RANK
5874,OPNT,OUTSIDE_COMPUTE_SCOPE_RANK
95,ADIL,OUTSIDE_COMPUTE_SCOPE_RANK
4241,IRIX,OUTSIDE_COMPUTE_SCOPE_RANK
126,AEHR,OUTSIDE_COMPUTE_SCOPE_RANK
2328,EDUC,OUTSIDE_COMPUTE_SCOPE_RANK
5754,NYNY,OUTSIDE_COMPUTE_SCOPE_RANK
7320,SORL,OUTSIDE_COMPUTE_SCOPE_RANK
3558,GTIM,OUTSIDE_COMPUTE_SCOPE_RANK
5306,MTC,OUTSIDE_COMPUTE_SCOPE_RANK
5858,ONTX,OUTSIDE_COMPUTE_SCOPE_RANK
8579,WORX,OUTSIDE_COMPUTE_SCOPE_RANK
4790,LINC,OUTSIDE_COMPUTE_SCOPE_RANK
4282,ITIC,OUTSIDE_COMPUTE_SCOPE_RANK
2513,EQ,OUTSIDE_COMPUTE_SCOPE_RANK
6074,PECK,OUTSIDE_COMPUTE_SCOPE_RANK
6152,PHIO,OUTSIDE_COMPUTE_SCOPE_RANK
6928,SANW,OUTSIDE_COMPUTE_SCOPE_RANK
8134,UROV,OUTSIDE_COMPUTE_SCOPE_RANK
5673,NTWK,OUTSIDE_COMPUTE_SCOPE_RANK
7342,SPFI,OUTSIDE_COMPUTE_SCOPE_RANK
7595,TACT,OUTSIDE_COMPUTE_SCOPE_RANK
7936,TST,OUTSIDE_COMPUTE_SCOPE_RANK
6344,PRTS,OUTSIDE_COMPUTE_SCOPE_RANK
7133,SHOS,OUTSIDE_COMPUTE_SCOPE_RANK
4360,JAKK,OUTSIDE_COMPUTE_SCOPE_RANK
5837,OMEX,OUTSIDE_COMPUTE_SCOPE_RANK
2319,EDNT,OUTSIDE_COMPUTE_SCOPE_RANK
8118,UONE,OUTSIDE_COMPUTE_SCOPE_RANK
5385,MYOS,OUTSIDE_COMPUTE_SCOPE_RANK
7514,STRT,OUTSIDE_COMPUTE_SCOPE_RANK
4192,INVE,OUTSIDE_COMPUTE_SCOPE_RANK
3792,HPJ,OUTSIDE_COMPUTE_SCOPE_RANK
4269,ISSC,OUTSIDE_COMPUTE_SCOPE_RANK
7340,SPEX,OUTSIDE_COMPUTE_SCOPE_RANK
6654,REXN,OUTSIDE_COMPUTE_SCOPE_RANK
2498,EPIX,OUTSIDE_COMPUTE_SCOPE_RANK
2765,FCCO,OUTSIDE_COMPUTE_SCOPE_RANK
1154,CAAS,OUTSIDE_COMPUTE_SCOPE_RANK
477,ARCI,OUTSIDE_COMPUTE_SCOPE_RANK
2274,EAST,OUTSIDE_COMPUTE_SCOPE_RANK
8780,YVR,OUTSIDE_COMPUTE_SCOPE_RANK
7056,SEED,OUTSIDE_COMPUTE_SCOPE_RANK
7489,STKS,OUTSIDE_COMPUTE_SCOPE_RANK
1981,DEST,OUTSIDE_COMPUTE_SCOPE_RANK
3030,FORD,OUTSIDE_COMPUTE_SCOPE_RANK
1702,CREX,OUTSIDE_COMPUTE_SCOPE_RANK
4382,JCS,OUTSIDE_COMPUTE_SCOPE_RANK
4713,LAZY,OUTSIDE_COMPUTE_SCOPE_RANK
7161,SINO,OUTSIDE_COMPUTE_SCOPE_RANK
3785,HOTH,OUTSIDE_COMPUTE_SCOPE_RANK
7479,STCN,OUTSIDE_COMPUTE_SCOPE_RANK
3638,HCAP,OUTSIDE_COMPUTE_SCOPE_RANK
7511,STRM,OUTSIDE_COMPUTE_SCOPE_RANK
8504,WEBK,OUTSIDE_COMPUTE_SCOPE_RANK
432,APEX,OUTSIDE_COMPUTE_SCOPE_RANK
6333,PRPL,OUTSIDE_COMPUTE_SCOPE_RANK
3822,HSON,OUTSIDE_COMPUTE_SCOPE_RANK
7062,SELF,OUTSIDE_COMPUTE_SCOPE_RANK
8311,VIRC,OUTSIDE_COMPUTE_SCOPE_RANK
1085,BSVN,OUTSIDE_COMPUTE_SCOPE_RANK
6635,RELL,OUTSIDE_COMPUTE_SCOPE_RANK
7604,TANH,OUTSIDE_COMPUTE_SCOPE_RANK
5467,NEON,OUTSIDE_COMPUTE_SCOPE_RANK
3094,FSFG,OUTSIDE_COMPUTE_SCOPE_RANK
1670,CPIX,OUTSIDE_COMPUTE_SCOPE_RANK
2074,DLPN,OUTSIDE_COMPUTE_SCOPE_RANK
3436,GNPX,OUTSIDE_COMPUTE_SCOPE_RANK
605,ATXI,OUTSIDE_COMPUTE_SCOPE_RANK
2258,DYSL,OUTSIDE_COMPUTE_SCOPE_RANK
3968,ICCH,OUTSIDE_COMPUTE_SCOPE_RANK
876,BIOL,OUTSIDE_COMPUTE_SCOPE_RANK
5111,MICT,OUTSIDE_COMPUTE_SCOPE_RANK
2086,DMAC,OUTSIDE_COMPUTE_SCOPE_RANK
5870,OPHC,OUTSIDE_COMPUTE_SCOPE_RANK
8715,XPEL,OUTSIDE_COMPUTE_SCOPE_RANK
634,AVNW,OUTSIDE_COMPUTE_SCOPE_RANK
3766,HNNA,OUTSIDE_COMPUTE_SCOPE_RANK
7285,SNOA,OUTSIDE_COMPUTE_SCOPE_RANK
6227,PLXP,OUTSIDE_COMPUTE_SCOPE_RANK
287,ALJJ,OUTSIDE_COMPUTE_SCOPE_RANK
3168,FVE,OUTSIDE_COMPUTE_SCOPE_RANK
4574,KEQU,OUTSIDE_COMPUTE_SCOPE_RANK
5971,PANL,OUTSIDE_COMPUTE_SCOPE_RANK
711,BANX,OUTSIDE_COMPUTE_SCOPE_RANK
8429,VTSI,OUTSIDE_COMPUTE_SCOPE_RANK
8167,USIO,OUTSIDE_COMPUTE_SCOPE_RANK
6266,POLA,OUTSIDE_COMPUTE_SCOPE_RANK
5299,MSVB,OUTSIDE_COMPUTE_SCOPE_RANK
6002,PBHC,OUTSIDE_COMPUTE_SCOPE_RANK
7451,SSNT,OUTSIDE_COMPUTE_SCOPE_RANK
6840,RVEN,OUTSIDE_COMPUTE_SCOPE_RANK
5793,OFED,OUTSIDE_COMPUTE_SCOPE_RANK
6598,RCMT,OUTSIDE_COMPUTE_SCOPE_RANK
1219,CBLI,OUTSIDE_COMPUTE_SCOPE_RANK
7582,SYPR,OUTSIDE_COMPUTE_SCOPE_RANK
431,APEN,OUTSIDE_COMPUTE_SCOPE_RANK
6636,RELV,OUTSIDE_COMPUTE_SCOPE_RANK
1191,CARV,OUTSIDE_COMPUTE_SCOPE_RANK
1442,CIDM,OUTSIDE_COMPUTE_SCOPE_RANK
4810,LLIT,OUTSIDE_COMPUTE_SCOPE_RANK
5774,OCCI,OUTSIDE_COMPUTE_SCOPE_RANK
8600,WRLS,OUTSIDE_COMPUTE_SCOPE_RANK
2189,DTSS,OUTSIDE_COMPUTE_SCOPE_RANK
520,ARTW,OUTSIDE_COMPUTE_SCOPE_RANK
1416,CHNR,OUTSIDE_COMPUTE_SCOPE_RANK
3723,HIHO,OUTSIDE_COMPUTE_SCOPE_RANK
7735,THCB,OUTSIDE_COMPUTE_SCOPE_RANK
2411,ELSE,OUTSIDE_COMPUTE_SCOPE_RANK
5237,MOXC,OUTSIDE_COMPUTE_SCOPE_RANK
2639,EVOL,OUTSIDE_COMPUTE_SCOPE_RANK
3707,HGSH,OUTSIDE_COMPUTE_SCOPE_RANK
560,ASV,OUTSIDE_COMPUTE_SCOPE_RANK
1679,CPSH,OUTSIDE_COMPUTE_SCOPE_RANK
4264,ISNS,OUTSIDE_COMPUTE_SCOPE_RANK
487,AREC,OUTSIDE_COMPUTE_SCOPE_RANK
2421,EMCF,OUTSIDE_COMPUTE_SCOPE_RANK
5023,MDRR,OUTSIDE_COMPUTE_SCOPE_RANK
483,ARDS,OUTSIDE_COMPUTE_SCOPE_RANK
2336,EEI,OUTSIDE_COMPUTE_SCOPE_RANK
7808,TMSR,OUTSIDE_COMPUTE_SCOPE_RANK
7500,STNL,OUTSIDE_COMPUTE_SCOPE_RANK
536,ASFI,OUTSIDE_COMPUTE_SCOPE_RANK
7719,TGEN,OUTSIDE_COMPUTE_SCOPE_RANK
4964,MAYS,OUTSIDE_COMPUTE_SCOPE_RANK
6916,SAL,OUTSIDE_COMPUTE_SCOPE_RANK
8245,VCNX,OUTSIDE_COMPUTE_SCOPE_RANK
4517,JRSH,OUTSIDE_COMPUTE_SCOPE_RANK
5809,OHAI,OUTSIDE_COMPUTE_SCOPE_RANK
4553,KBSF,OUTSIDE_COMPUTE_SCOPE_RANK
8652,XAIR,OUTSIDE_COMPUTE_SCOPE_RANK
2754,FBSS,OUTSIDE_COMPUTE_SCOPE_RANK
8064,UG,OUTSIDE_COMPUTE_SCOPE_RANK
1878,CYAN,OUTSIDE_COMPUTE_SCOPE_RANK
2982,FMCI,OUTSIDE_COMPUTE_SCOPE_RANK
2209,DVCR,OUTSIDE_COMPUTE_SCOPE_RANK
7241,SMIT,OUTSIDE_COMPUTE_SCOPE_RANK
5959,PACQ,OUTSIDE_COMPUTE_SCOPE_RANK
1869,CXDC,OUTSIDE_COMPUTE_SCOPE_RANK
5377,MYFW,OUTSIDE_COMPUTE_SCOPE_RANK
6171,PIH,OUTSIDE_COMPUTE_SCOPE_RANK
7075,SFBC,OUTSIDE_COMPUTE_SCOPE_RANK
7443,SSBI,OUTSIDE_COMPUTE_SCOPE_RANK
3810,HSAC,OUTSIDE_COMPUTE_SCOPE_RANK
5977,PATI,OUTSIDE_COMPUTE_SCOPE_RANK
3410,GMHI,OUTSIDE_COMPUTE_SCOPE_RANK
5172,MMDM,OUTSIDE_COMPUTE_SCOPE_RANK
1753,CSPI,OUTSIDE_COMPUTE_SCOPE_RANK
4001,IDSA,OUTSIDE_COMPUTE_SCOPE_RANK
5916,OTEL,OUTSIDE_COMPUTE_SCOPE_RANK
969,BNSO,OUTSIDE_COMPUTE_SCOPE_RANK
3757,HMNF,OUTSIDE_COMPUTE_SCOPE_RANK
7497,STND,OUTSIDE_COMPUTE_SCOPE_RANK
4104,IKNX,OUTSIDE_COMPUTE_SCOPE_RANK
4245,IROQ,OUTSIDE_COMPUTE_SCOPE_RANK
8103,UNAM,OUTSIDE_COMPUTE_SCOPE_RANK
2322,EDRY,OUTSIDE_COMPUTE_SCOPE_RANK
3501,GRNQ,OUTSIDE_COMPUTE_SCOPE_RANK
6569,RAND,OUTSIDE_COMPUTE_SCOPE_RANK
1989,DFBH,OUTSIDE_COMPUTE_SCOPE_RANK
776,BCOW,OUTSIDE_COMPUTE_SCOPE_RANK
4383,JCTCF,OUTSIDE_COMPUTE_SCOPE_RANK
4584,KFFB,OUTSIDE_COMPUTE_SCOPE_RANK
1722,CRSA,OUTSIDE_COMPUTE_SCOPE_RANK
4829,LMST,OUTSIDE_COMPUTE_SCOPE_RANK
2324,EDTX,OUTSIDE_COMPUTE_SCOPE_RANK
5453,NEBU,OUTSIDE_COMPUTE_SCOPE_RANK
2509,EPSN,OUTSIDE_COMPUTE_SCOPE_RANK
1343,CFFA,OUTSIDE_COMPUTE_SCOPE_RANK
5191,MNCL,OUTSIDE_COMPUTE_SCOPE_RANK
1771,CTAC,OUTSIDE_COMPUTE_SCOPE_RANK
8423,VTIQ,OUTSIDE_COMPUTE_SCOPE_RANK
281,ALGR,OUTSIDE_COMPUTE_SCOPE_RANK
3505,GRSH,OUTSIDE_COMPUTE_SCOPE_RANK
6281,PPHI,OUTSIDE_COMPUTE_SCOPE_RANK
5865,OPES,OUTSIDE_COMPUTE_SCOPE_RANK
7665,TDAC,OUTSIDE_COMPUTE_SCOPE_RANK
4761,LFAC,OUTSIDE_COMPUTE_SCOPE_RANK
3635,HCAC,OUTSIDE_COMPUTE_SCOPE_RANK
3697,HFBL,OUTSIDE_COMPUTE_SCOPE_RANK
332,AMCI,OUTSIDE_COMPUTE_SCOPE_RANK
1123,BWMC,OUTSIDE_COMPUTE_SCOPE_RANK
4178,INSU,OUTSIDE_COMPUTE_SCOPE_RANK
5094,MGYR,OUTSIDE_COMPUTE_SCOPE_RANK
3465,GPAQ,OUTSIDE_COMPUTE_SCOPE_RANK
6920,SAMA,OUTSIDE_COMPUTE_SCOPE_RANK
4548,KBLM,OUTSIDE_COMPUTE_SCOPE_RANK
3110,FTAC,OUTSIDE_COMPUTE_SCOPE_RANK
1034,BRPA,OUTSIDE_COMPUTE_SCOPE_RANK
4697,LACQ,OUTSIDE_COMPUTE_SCOPE_RANK
5338,MUDS,OUTSIDE_COMPUTE_SCOPE_RANK
44,ACAM,OUTSIDE_COMPUTE_SCOPE_RANK
2128,DPHC,OUTSIDE_COMPUTE_SCOPE_RANK
4727,LCA,OUTSIDE_COMPUTE_SCOPE_RANK
