imbalance_bin,spread_class,price_band,observations,mean_price_usd,mean_spread_bps,mean_half_spread_entry_bps,mean_half_spread_future_bps,mean_future_mid_move_bps,mean_signal_signed_mid_move_bps,mean_markout_bps,mean_cross_to_cross_bps,mean_spread_change_term_bps,fee_structural_floor_bps,net_structural_floor_bps,fee_accessible_fixed_bps,net_accessible_fixed_bps,fee_accessible_tiered_bps,net_accessible_tiered_bps,prob_cross_to_cross_positive,prob_net_structural_floor_positive,prob_net_accessible_fixed_positive,prob_net_accessible_tiered_positive,horizon_ms,delay_ms,share_of_signal_defined_observations,block_bootstrap_se_net_structural_floor_bps,block_bootstrap_ci_low_net_structural_floor_bps,block_bootstrap_ci_high_net_structural_floor_bps,block_cells,cost_ledger_id,representative_order_shares,label,note
"[-1.0,-0.8)",ONE_TICK,5-25,2938,15.910262083049696,6.855706416909448,3.427853208454724,3.447079002589054,-0.11119284150603025,0.11119284150603025,-3.3166603669486934,-6.763739369537747,-0.01922579413433029,4.454687778218796,-11.218427147756541,13.716506144370609,-20.480245513908354,9.537462578570626,-16.30120194810837,0.0,0.0,0.0,0.0,100,0,0.0021918323285570088,0.5096620544181636,-12.283246292653995,-10.249166919784033,64,M2-COST-LEDGER-v1,100,AGGRESSIVE_CROSS_TO_CROSS_STATE_CONDITIONED,"assumes sufficient displayed size, immediate aggressive fill, no additional slippage, no impact and no queue effect; costs are M2-COST-LEDGER-v1 round trips at the declared 100-share representative size, and are 2026 rate cards applied to a 2019 tape for arithmetic validation, not a reconstruction of 2019 economics"
"[-1.0,-0.8)",ONE_TICK,25-50,6607,38.622716058725594,2.7020178439448532,1.3510089219724266,1.3624260104391561,-0.06706050927545139,0.06706050927545139,-1.2839484126969747,-2.646374423136131,-0.011417088466729735,1.8801358901883702,-4.5265103133245015,5.404797062755029,-8.05117148589116,3.8829320849658115,-6.529306508101943,0.0009081277433025579,0.0006054184955350386,0.0,0.0,100,0,0.004929011638793791,0.08785176298244246,-4.696288468816517,-4.353315825140313,175,M2-COST-LEDGER-v1,100,AGGRESSIVE_CROSS_TO_CROSS_STATE_CONDITIONED,"assumes sufficient displayed size, immediate aggressive fill, no additional slippage, no impact and no queue effect; costs are M2-COST-LEDGER-v1 round trips at the declared 100-share representative size, and are 2026 rate cards applied to a 2019 tape for arithmetic validation, not a reconstruction of 2019 economics"
"[-1.0,-0.8)",ONE_TICK,50-100,8932,65.00825906851769,1.595802247694796,0.797901123847398,0.8108190624778322,-0.039358643479498454,0.039358643479498454,-0.7585424803678995,-1.569361542845732,-0.012917938630434162,1.194680917045524,-2.7640424598912556,3.191867367378608,-4.76122891022434,2.3774560968339737,-3.946817639679706,0.0008956560680698612,0.0003358710255261979,0.0,0.00011195700850873264,100,0,0.006663528372590607,0.03697127130694426,-2.835004201143541,-2.6943266175840033,252,M2-COST-LEDGER-v1,100,AGGRESSIVE_CROSS_TO_CROSS_STATE_CONDITIONED,"assumes sufficient displayed size, immediate aggressive fill, no additional slippage, no impact and no queue effect; costs are M2-COST-LEDGER-v1 round trips at the declared 100-share representative size, and are 2026 rate cards applied to a 2019 tape for arithmetic validation, not a reconstruction of 2019 economics"
"[-1.0,-0.8)",ONE_TICK,100-200,5687,129.802387023035,0.7944570183940292,0.3972285091970146,0.4143813641557524,-0.02530958471006259,0.02530958471006259,-0.371918924486952,-0.7863002886427044,-0.01715285495873777,0.6981861778735049,-1.4844864665162096,1.588978782481049,-2.3752790711237535,1.2869965665309002,-2.0732968551736044,0.00474767012484614,0.002110075611042729,0.00017583963425356076,0.000703358537014243,100,0,0.004242665232302148,0.01977326835977304,-1.5234130969885058,-1.4453575850451985,156,M2-COST-LEDGER-v1,100,AGGRESSIVE_CROSS_TO_CROSS_STATE_CONDITIONED,"assumes sufficient displayed size, immediate aggressive fill, no additional slippage, no impact and no queue effect; costs are M2-COST-LEDGER-v1 round trips at the declared 100-share representative size, and are 2026 rate cards applied to a 2019 tape for arithmetic validation, not a reconstruction of 2019 economics"
"[-1.0,-0.8)",ONE_TICK,200+,1002,210.60198602794412,0.47633701086226843,0.23816850543113421,0.285876992696727,-0.06409096986976107,0.06409096986976107,-0.17407753556137315,-0.4599545282581001,-0.04770848726559278,0.5010978217958342,-0.9610523500539343,0.9526967612456307,-1.4126512895037309,0.8541281809462539,-1.314082709204354,0.010978043912175649,0.0029940119760479044,0.001996007984031936,0.0029940119760479044,100,0,0.0007475207601137246,0.0402091758239347,-1.0320765720458753,-0.8652921838793647,30,M2-COST-LEDGER-v1,100,AGGRESSIVE_CROSS_TO_CROSS_STATE_CONDITIONED,"assumes sufficient displayed size, immediate aggressive fill, no additional slippage, no impact and no queue effect; costs are M2-COST-LEDGER-v1 round trips at the declared 100-share representative size, and are 2026 rate cards applied to a 2019 tape for arithmetic validation, not a reconstruction of 2019 economics"
"[-1.0,-0.8)",WIDER_THAN_ONE_TICK,5-25,214,13.524836448598132,31.373944835882135,15.686972417941067,15.681075560254946,-0.05924872991290282,0.05924872991290282,-15.627723688028167,-31.30879924828311,0.005896857686121571,5.170072888790462,-36.47887213707357,16.026062594965172,-47.334861843248284,11.10867461791816,-42.41747386620128,0.0,0.0,0.0,0.0,100,0,0.0001596501423795779,8.67570960581608,-50.32013412564023,-19.817755260675703,5,M2-COST-LEDGER-v1,100,AGGRESSIVE_CROSS_TO_CROSS_STATE_CONDITIONED,"assumes sufficient displayed size, immediate aggressive fill, no additional slippage, no impact and no queue effect; costs are M2-COST-LEDGER-v1 round trips at the declared 100-share representative size, and are 2026 rate cards applied to a 2019 tape for arithmetic validation, not a reconstruction of 2019 economics"
"[-1.0,-0.8)",WIDER_THAN_ONE_TICK,25-50,926,43.08046436285097,9.30879033810932,4.65439516905466,4.576613706946402,-0.09467734678611016,0.09467734678611016,-4.55971782226855,-9.136331529214953,0.07778146210825752,1.705471339631742,-10.841802868846695,4.840908279682783,-13.977239808897735,3.4993134708427154,-12.635645000057668,0.0010799136069114472,0.0010799136069114472,0.0,0.0,100,0,0.0006908225787078932,1.4121421497738442,-13.603318547164443,-8.208706842784174,49,M2-COST-LEDGER-v1,100,AGGRESSIVE_CROSS_TO_CROSS_STATE_CONDITIONED,"assumes sufficient displayed size, immediate aggressive fill, no additional slippage, no impact and no queue effect; costs are M2-COST-LEDGER-v1 round trips at the declared 100-share representative size, and are 2026 rate cards applied to a 2019 tape for arithmetic validation, not a reconstruction of 2019 economics"
"[-1.0,-0.8)",WIDER_THAN_ONE_TICK,50-100,3653,79.63197372022994,4.676511350709678,2.338255675354839,2.3273676397993626,-0.01996720624525552,0.01996720624525552,-2.318288469109584,-4.6456561089089465,0.010888035555475998,1.0239811105703396,-5.669637219479286,2.6407784037783366,-7.286434512687283,2.0025453150960364,-6.6482014240049825,0.0016424856282507528,0.0008212428141253764,0.0002737476047084588,0.0002737476047084588,100,0,0.002725242850993449,0.4289664443134744,-6.54881271746338,-4.890893720397899,136,M2-COST-LEDGER-v1,100,AGGRESSIVE_CROSS_TO_CROSS_STATE_CONDITIONED,"assumes sufficient displayed size, immediate aggressive fill, no additional slippage, no impact and no queue effect; costs are M2-COST-LEDGER-v1 round trips at the declared 100-share representative size, and are 2026 rate cards applied to a 2019 tape for arithmetic validation, not a reconstruction of 2019 economics"
"[-1.0,-0.8)",WIDER_THAN_ONE_TICK,100-200,18955,127.56537668161434,4.396399709607806,2.198199854803903,2.198708605896394,-0.011105758691959917,0.011105758691959917,-2.187094096111943,-4.385802702008338,-0.0005087510924909224,0.7166009623982302,-5.102403664406567,1.6484292571371433,-6.0342319591454805,1.327441259493713,-5.71324396150205,0.0012661566868900026,0.0010023740437879187,0.0002110261144816671,0.00036929570034291746,100,0,0.014140974059835979,0.3706815484674185,-5.835844756235844,-4.394618475042908,181,M2-COST-LEDGER-v1,100,AGGRESSIVE_CROSS_TO_CROSS_STATE_CONDITIONED,"assumes sufficient displayed size, immediate aggressive fill, no additional slippage, no impact and no queue effect; costs are M2-COST-LEDGER-v1 round trips at the declared 100-share representative size, and are 2026 rate cards applied to a 2019 tape for arithmetic validation, not a reconstruction of 2019 economics"
"[-1.0,-0.8)",WIDER_THAN_ONE_TICK,200+,30811,843.7854261465061,3.6142405382555367,1.8071202691277684,1.804758520494907,-0.007968708083150951,0.007968708083150951,-1.7991515610446172,-3.6039100815395244,0.002361748632860987,0.3571659411284746,-3.9610760226679984,0.48802563721864267,-4.091935718758167,0.5380082332305777,-4.141918314770102,0.0007140307033202428,0.00019473564636006622,0.00022719158742007725,0.00016227970530005519,100,0,0.022985890359145677,0.2688399532646396,-4.533829156443729,-3.499573962213329,113,M2-COST-LEDGER-v1,100,AGGRESSIVE_CROSS_TO_CROSS_STATE_CONDITIONED,"assumes sufficient displayed size, immediate aggressive fill, no additional slippage, no impact and no queue effect; costs are M2-COST-LEDGER-v1 round trips at the declared 100-share representative size, and are 2026 rate cards applied to a 2019 tape for arithmetic validation, not a reconstruction of 2019 economics"
"[-0.8,-0.6)",ONE_TICK,5-25,6735,15.374979213066075,7.023257957584681,3.5116289787923405,3.52315335076903,-0.0637105869161942,0.0637105869161942,-3.4479183918761467,-6.971071742645177,-0.011524371976690066,4.5585459668086,-11.529617709453776,14.051802959834061,-21.02287470247924,9.765568019801751,-16.736639762446927,0.00014847809948032666,0.00014847809948032666,0.0,0.0,100,0,0.005024503312740455,0.39027032642385334,-12.275406559174227,-10.75080010194934,65,M2-COST-LEDGER-v1,100,AGGRESSIVE_CROSS_TO_CROSS_STATE_CONDITIONED,"assumes sufficient displayed size, immediate aggressive fill, no additional slippage, no impact and no queue effect; costs are M2-COST-LEDGER-v1 round trips at the declared 100-share representative size, and are 2026 rate cards applied to a 2019 tape for arithmetic validation, not a reconstruction of 2019 economics"
"[-0.8,-0.6)",ONE_TICK,25-50,20639,38.42272614952275,2.7187185283772997,1.3593592641886498,1.368037684447605,-0.03538360661847215,0.03538360661847215,-1.3239756575701778,-2.6920133420177828,-0.008678420258955245,1.890485038918773,-4.582498380936555,5.438208358091277,-8.13022170010906,3.905662089884719,-6.597675431902502,0.0005814235185813266,0.00033916371917244053,4.845195988177722e-05,9.690391976355444e-05,100,0,0.015397286395196769,0.07789270884641496,-4.74488471767084,-4.4359251600869065,179,M2-COST-LEDGER-v1,100,AGGRESSIVE_CROSS_TO_CROSS_STATE_CONDITIONED,"assumes sufficient displayed size, immediate aggressive fill, no additional slippage, no impact and no queue effect; costs are M2-COST-LEDGER-v1 round trips at the declared 100-share representative size, and are 2026 rate cards applied to a 2019 tape for arithmetic validation, not a reconstruction of 2019 economics"
"[-0.8,-0.6)",ONE_TICK,50-100,23274,64.36989301366332,1.6089697198642456,0.8044848599321228,0.8118697054652075,-0.02408499664692703,0.02408499664692703,-0.7803998632851958,-1.5922695687504036,-0.007384845533084613,1.2028393755137436,-2.7951089442641472,3.2182062163478413,-4.8104757850982445,2.3953746528373836,-3.9876442215877868,0.0008163616052247142,0.0005155968032998196,0.0,4.296640027498496e-05,100,0,0.01736307202683316,0.033277649206438276,-2.859668239698686,-2.7293627983741895,250,M2-COST-LEDGER-v1,100,AGGRESSIVE_CROSS_TO_CROSS_STATE_CONDITIONED,"assumes sufficient displayed size, immediate aggressive fill, no additional slippage, no impact and no queue effect; costs are M2-COST-LEDGER-v1 round trips at the declared 100-share representative size, and are 2026 rate cards applied to a 2019 tape for arithmetic validation, not a reconstruction of 2019 economics"
"[-0.8,-0.6)",ONE_TICK,100-200,6653,129.87135653088833,0.7971573856584822,0.3985786928292411,0.4137699307480021,-0.021984344411994337,0.021984344411994337,-0.37659434841724676,-0.7903642791652488,-0.015191237918760973,0.699859270402783,-1.4902235495680318,1.5943802111469991,-2.384744490312248,1.2906712070652038,-2.0810354862304528,0.0028558545017285434,0.0012024650533593868,0.00015030813166992335,0.0003006162633398467,100,0,0.004963328959118373,0.0257445160099129,-1.540699372425428,-1.4413923297623927,146,M2-COST-LEDGER-v1,100,AGGRESSIVE_CROSS_TO_CROSS_STATE_CONDITIONED,"assumes sufficient displayed size, immediate aggressive fill, no additional slippage, no impact and no queue effect; costs are M2-COST-LEDGER-v1 round trips at the declared 100-share representative size, and are 2026 rate cards applied to a 2019 tape for arithmetic validation, not a reconstruction of 2019 economics"
"[-0.8,-0.6)",ONE_TICK,200+,1304,210.07106595092029,0.4771452685732939,0.23857263428664696,0.27884287493934345,-0.04100088242907976,0.04100088242907976,-0.1975717518575672,-0.4764146267969107,-0.0402702406526965,0.5015985574270041,-0.9780131842239149,0.9543133411686977,-1.4307279679656084,0.8552279548171358,-1.3316425816140463,0.003067484662576687,0.0007668711656441718,0.0007668711656441718,0.0007668711656441718,100,0,0.0009728214283316336,0.007759926299148826,-0.9897008837880991,-0.9592991033688341,27,M2-COST-LEDGER-v1,100,AGGRESSIVE_CROSS_TO_CROSS_STATE_CONDITIONED,"assumes sufficient displayed size, immediate aggressive fill, no additional slippage, no impact and no queue effect; costs are M2-COST-LEDGER-v1 round trips at the declared 100-share representative size, and are 2026 rate cards applied to a 2019 tape for arithmetic validation, not a reconstruction of 2019 economics"
"[-0.8,-0.6)",WIDER_THAN_ONE_TICK,5-25,275,15.371763636363639,18.132937642166645,9.066468821083323,8.999261410083752,0.08050369285226651,-0.08050369285226651,-9.146972513935589,-18.146233924019338,0.06720741099957121,4.549932235801131,-22.696166159820468,14.023994304442716,-32.17022822846205,9.746649541261121,-27.89288346528046,0.0,0.0,0.0,0.0,100,0,0.0002051578932447847,3.181464791846372,-29.177335339858132,-16.039307489439963,11,M2-COST-LEDGER-v1,100,AGGRESSIVE_CROSS_TO_CROSS_STATE_CONDITIONED,"assumes sufficient displayed size, immediate aggressive fill, no additional slippage, no impact and no queue effect; costs are M2-COST-LEDGER-v1 round trips at the declared 100-share representative size, and are 2026 rate cards applied to a 2019 tape for arithmetic validation, not a reconstruction of 2019 economics"
"[-0.8,-0.6)",WIDER_THAN_ONE_TICK,25-50,2420,43.59758677685951,7.644116111786122,3.822058055893061,3.791703960353921,-0.054804633087482096,0.054804633087482096,-3.7672534228055787,-7.5589573831595,0.0303540955391401,1.677339568912367,-9.236296952071868,4.750087389547592,-12.309044772707093,3.4375272018957332,-10.996484585055233,0.0008264462809917355,0.00041322314049586776,0.0,0.0,100,0,0.0018053894605541054,0.7615533446882836,-10.723017179986984,-7.7153831159044115,77,M2-COST-LEDGER-v1,100,AGGRESSIVE_CROSS_TO_CROSS_STATE_CONDITIONED,"assumes sufficient displayed size, immediate aggressive fill, no additional slippage, no impact and no queue effect; costs are M2-COST-LEDGER-v1 round trips at the declared 100-share representative size, and are 2026 rate cards applied to a 2019 tape for arithmetic validation, not a reconstruction of 2019 economics"
"[-0.8,-0.6)",WIDER_THAN_ONE_TICK,50-100,7444,70.9571628156905,4.916531236645601,2.4582656183228004,2.4452402398007194,-0.02759888883564755,0.02759888883564755,-2.4306667294871533,-4.875906969287873,0.013025378522081516,1.1275603469978888,-6.003467316285761,2.975174647289391,-7.851081616577263,2.2300380891227984,-7.10594505841067,0.0009403546480386889,0.0004030091348737238,0.0,0.00013433637829124128,100,0,0.005553437662960644,0.4062609950339088,-6.883268318239867,-5.275815814437639,176,M2-COST-LEDGER-v1,100,AGGRESSIVE_CROSS_TO_CROSS_STATE_CONDITIONED,"assumes sufficient displayed size, immediate aggressive fill, no additional slippage, no impact and no queue effect; costs are M2-COST-LEDGER-v1 round trips at the declared 100-share representative size, and are 2026 rate cards applied to a 2019 tape for arithmetic validation, not a reconstruction of 2019 economics"
"[-0.8,-0.6)",WIDER_THAN_ONE_TICK,100-200,13307,127.46325730818366,4.1164794017678386,2.0582397008839193,2.053458688577864,-0.015262211361692507,0.015262211361692507,-2.042977489522227,-4.096436178100091,0.004781012306055013,0.7165927379477676,-4.813028916047858,1.6484027052389592,-5.74483888333905,1.327423195998411,-5.423859374098502,0.0018035620350191628,0.0008266325993837829,0.0004508905087547907,0.0004508905087547907,100,0,0.009927403946939455,0.32731310982256673,-5.498423792172153,-4.2119807718923,187,M2-COST-LEDGER-v1,100,AGGRESSIVE_CROSS_TO_CROSS_STATE_CONDITIONED,"assumes sufficient displayed size, immediate aggressive fill, no additional slippage, no impact and no queue effect; costs are M2-COST-LEDGER-v1 round trips at the declared 100-share representative size, and are 2026 rate cards applied to a 2019 tape for arithmetic validation, not a reconstruction of 2019 economics"
"[-0.8,-0.6)",WIDER_THAN_ONE_TICK,200+,10491,672.302157563626,4.267039768384837,2.1335198841924186,2.123868639381473,-0.004439059106677058,0.004439059106677058,-2.129080825085741,-4.252949464467214,0.009651244810945028,0.3893926410765973,-4.642342105543811,0.5920666378582641,-4.845016102325478,0.608788262334718,-4.861737726801932,0.0009531979792202841,0.0003812791916881136,0.0001906395958440568,0.0003812791916881136,100,0,0.00782658712011286,0.38854874370275305,-5.445800911352158,-3.923464029837674,113,M2-COST-LEDGER-v1,100,AGGRESSIVE_CROSS_TO_CROSS_STATE_CONDITIONED,"assumes sufficient displayed size, immediate aggressive fill, no additional slippage, no impact and no queue effect; costs are M2-COST-LEDGER-v1 round trips at the declared 100-share representative size, and are 2026 rate cards applied to a 2019 tape for arithmetic validation, not a reconstruction of 2019 economics"
"[-0.6,-0.4)",ONE_TICK,5-25,10700,14.445185981308411,7.489087788909329,3.7445438944546643,3.751176427944646,-0.043376188328788375,0.043376188328788375,-3.7011677061258754,-7.452344134070521,-0.0066325334899828845,4.847346964926184,-12.299691098996707,14.984170992497768,-22.436515126568292,10.399866383735166,-17.852210517805688,0.00018691588785046728,0.00018691588785046728,0.0,0.0,100,0,0.007982507118978896,0.42985829357778,-13.157081144573175,-11.436227619806271,65,M2-COST-LEDGER-v1,100,AGGRESSIVE_CROSS_TO_CROSS_STATE_CONDITIONED,"assumes sufficient displayed size, immediate aggressive fill, no additional slippage, no impact and no queue effect; costs are M2-COST-LEDGER-v1 round trips at the declared 100-share representative size, and are 2026 rate cards applied to a 2019 tape for arithmetic validation, not a reconstruction of 2019 economics"
"[-0.6,-0.4)",ONE_TICK,25-50,29665,38.11645120512388,2.738723048260328,1.369361524130164,1.373979245658844,-0.020834086274261348,0.020834086274261348,-1.3485274378559027,-2.722506683514747,-0.004617721528680075,1.9028811075310657,-4.625387791045813,5.478227950059938,-8.200734633574685,3.932887778477326,-6.655394461992073,0.00030338783077700997,0.0002359683128265633,3.3709758975223326e-05,0.00010112927692566998,100,0,0.022130941465841956,0.07560243975799924,-4.776038451411243,-4.478383680611626,178,M2-COST-LEDGER-v1,100,AGGRESSIVE_CROSS_TO_CROSS_STATE_CONDITIONED,"assumes sufficient displayed size, immediate aggressive fill, no additional slippage, no impact and no queue effect; costs are M2-COST-LEDGER-v1 round trips at the declared 100-share representative size, and are 2026 rate cards applied to a 2019 tape for arithmetic validation, not a reconstruction of 2019 economics"
"[-0.6,-0.4)",ONE_TICK,50-100,33929,64.1672455716349,1.6145272247427827,0.8072636123713913,0.8128222983926853,-0.018067936521906844,0.018067936521906844,-0.7891956758494845,-1.6020179742421696,-0.005558686021293871,1.2062828329249984,-2.8083008071671682,3.229323108716702,-4.831341082958872,2.402937574767951,-4.004955549010121,0.0006189395502372602,0.00047157299065696013,2.9473311916060008e-05,8.841993574818003e-05,100,0,0.02531200785419018,0.03185558987599771,-2.870740811143344,-2.7464587893773142,252,M2-COST-LEDGER-v1,100,AGGRESSIVE_CROSS_TO_CROSS_STATE_CONDITIONED,"assumes sufficient displayed size, immediate aggressive fill, no additional slippage, no impact and no queue effect; costs are M2-COST-LEDGER-v1 round trips at the declared 100-share representative size, and are 2026 rate cards applied to a 2019 tape for arithmetic validation, not a reconstruction of 2019 economics"
"[-0.6,-0.4)",ONE_TICK,100-200,8826,125.5622309086789,0.8177992370614194,0.4088996185307097,0.42096863672146095,-0.012820747799214053,0.012820747799214053,-0.39607887073149567,-0.8170475074529566,-0.01206901819075126,0.712647817400262,-1.5296953248532186,1.6356668842623472,-2.4527143917153036,1.318758902365633,-2.13580640981859,0.002605937004305461,0.0013596193065941536,0.00011330160888284614,0.00045320643553138455,100,0,0.006584449330103526,0.02379766330361608,-1.5765406104093906,-1.4829746066071408,144,M2-COST-LEDGER-v1,100,AGGRESSIVE_CROSS_TO_CROSS_STATE_CONDITIONED,"assumes sufficient displayed size, immediate aggressive fill, no additional slippage, no impact and no queue effect; costs are M2-COST-LEDGER-v1 round trips at the declared 100-share representative size, and are 2026 rate cards applied to a 2019 tape for arithmetic validation, not a reconstruction of 2019 economics"
"[-0.6,-0.4)",ONE_TICK,200+,1326,209.36549019607844,0.47821753546401313,0.23910876773200657,0.2727380134219386,-0.0143436347309738,0.0143436347309738,-0.22476513300103276,-0.4975031464229714,-0.03362924568993206,0.5022628532147431,-0.9997659996377144,0.9564579603381539,-1.453961106761125,0.8566869585396891,-1.3541901049626606,0.012066365007541479,0.0030165912518853697,0.0,0.0030165912518853697,100,0,0.0009892340597912163,0.017466015568413148,-1.0432977247238802,-0.9786853162568567,25,M2-COST-LEDGER-v1,100,AGGRESSIVE_CROSS_TO_CROSS_STATE_CONDITIONED,"assumes sufficient displayed size, immediate aggressive fill, no additional slippage, no impact and no queue effect; costs are M2-COST-LEDGER-v1 round trips at the declared 100-share representative size, and are 2026 rate cards applied to a 2019 tape for arithmetic validation, not a reconstruction of 2019 economics"
"[-0.6,-0.4)",WIDER_THAN_ONE_TICK,5-25,308,15.428652597402596,17.92721064887734,8.96360532443867,8.831863535735074,-0.03999647527825429,0.03999647527825429,-8.923608849160416,-17.75547238489549,0.13174178870359676,4.622234926739375,-22.377707311634865,14.257417035478207,-32.012889420373696,9.905449125989145,-27.66092151088463,0.006493506493506494,0.0,0.0,0.0,100,0,0.00022977684043415887,2.737528143315022,-28.776959404950947,-18.17899053041258,23,M2-COST-LEDGER-v1,100,AGGRESSIVE_CROSS_TO_CROSS_STATE_CONDITIONED,"assumes sufficient displayed size, immediate aggressive fill, no additional slippage, no impact and no queue effect; costs are M2-COST-LEDGER-v1 round trips at the declared 100-share representative size, and are 2026 rate cards applied to a 2019 tape for arithmetic validation, not a reconstruction of 2019 economics"
"[-0.6,-0.4)",WIDER_THAN_ONE_TICK,25-50,3336,43.43330485611511,7.824304508013183,3.9121522540065916,3.855412176928927,-0.049871381911934555,0.049871381911934555,-3.862280872094657,-7.717693049023584,0.056740077077664736,1.682865197752597,-9.400558246776182,4.767926384996278,-12.485619434019863,3.4496632310504327,-11.167356280074017,0.00029976019184652276,0.00029976019184652276,0.0,0.0,100,0,0.0024887517522349154,0.8007214110586487,-10.969317811874744,-7.915856200684054,101,M2-COST-LEDGER-v1,100,AGGRESSIVE_CROSS_TO_CROSS_STATE_CONDITIONED,"assumes sufficient displayed size, immediate aggressive fill, no additional slippage, no impact and no queue effect; costs are M2-COST-LEDGER-v1 round trips at the declared 100-share representative size, and are 2026 rate cards applied to a 2019 tape for arithmetic validation, not a reconstruction of 2019 economics"
"[-0.6,-0.4)",WIDER_THAN_ONE_TICK,50-100,11174,73.33967558618221,4.3942502586904135,2.1971251293452068,2.1734331340592075,-0.012995001468913015,0.012995001468913015,-2.1841301278762937,-4.357563261935501,0.02369199528599911,1.0974107279186396,-5.45497398985414,2.8778393153144135,-7.235402577249914,2.1638199867622334,-6.521383248697734,0.0009844281367460176,0.0005369608018614641,0.00026848040093073206,0.00026848040093073206,100,0,0.008336124724062633,0.26766710601204674,-5.992578611736469,-4.952160784742563,212,M2-COST-LEDGER-v1,100,AGGRESSIVE_CROSS_TO_CROSS_STATE_CONDITIONED,"assumes sufficient displayed size, immediate aggressive fill, no additional slippage, no impact and no queue effect; costs are M2-COST-LEDGER-v1 round trips at the declared 100-share representative size, and are 2026 rate cards applied to a 2019 tape for arithmetic validation, not a reconstruction of 2019 economics"
"[-0.6,-0.4)",WIDER_THAN_ONE_TICK,100-200,17872,126.37433023724263,4.059108482413061,2.0295542412065304,2.020633893916969,-0.013889681692288006,0.013889681692288006,-2.0156645595142426,-4.036298453431212,0.008920347289561315,0.7172249175185484,-4.75352337094976,1.6504436400921663,-5.686742093523378,1.3288116623474615,-5.365110115778673,0.0010631154879140554,0.000391674127126231,5.595344673231871e-05,0.00022381378692927484,100,0,0.013333024974802881,0.314098473923222,-5.392569533192805,-4.164002822230814,190,M2-COST-LEDGER-v1,100,AGGRESSIVE_CROSS_TO_CROSS_STATE_CONDITIONED,"assumes sufficient displayed size, immediate aggressive fill, no additional slippage, no impact and no queue effect; costs are M2-COST-LEDGER-v1 round trips at the declared 100-share representative size, and are 2026 rate cards applied to a 2019 tape for arithmetic validation, not a reconstruction of 2019 economics"
"[-0.6,-0.4)",WIDER_THAN_ONE_TICK,200+,12078,579.5914037920185,3.805196544808629,1.9025982724043145,1.8983773309237033,-0.008040449880109438,0.008040449880109438,-1.8945578225242052,-3.792935153447908,0.004220941480611126,0.4042991703269912,-4.197234323774899,0.6401910260758391,-4.433126179523747,0.6415277167586281,-4.434462870206537,0.0009107468123861566,0.0003311806590495115,0.00024838549428713363,0.0003311806590495115,100,0,0.009010534671310943,0.28649053416154413,-4.80482389737626,-3.669862339056323,113,M2-COST-LEDGER-v1,100,AGGRESSIVE_CROSS_TO_CROSS_STATE_CONDITIONED,"assumes sufficient displayed size, immediate aggressive fill, no additional slippage, no impact and no queue effect; costs are M2-COST-LEDGER-v1 round trips at the declared 100-share representative size, and are 2026 rate cards applied to a 2019 tape for arithmetic validation, not a reconstruction of 2019 economics"
"[-0.4,-0.2)",ONE_TICK,5-25,15485,13.730438165967064,7.828906969023132,3.914453484511566,3.919175999398866,-0.022640454598893887,0.022640454598893887,-3.8918130299126723,-7.810989029311537,-0.004722514887299857,5.058021583192106,-12.869010612503644,15.664315038554017,-23.47530406786555,10.862574499563644,-18.67356352887518,0.00012915724895059736,0.00012915724895059736,0.0,0.0,100,0,0.01155225446143815,0.40929569288439427,-13.65589688516687,-12.021493534415237,65,M2-COST-LEDGER-v1,100,AGGRESSIVE_CROSS_TO_CROSS_STATE_CONDITIONED,"assumes sufficient displayed size, immediate aggressive fill, no additional slippage, no impact and no queue effect; costs are M2-COST-LEDGER-v1 round trips at the declared 100-share representative size, and are 2026 rate cards applied to a 2019 tape for arithmetic validation, not a reconstruction of 2019 economics"
"[-0.4,-0.2)",ONE_TICK,25-50,38618,37.79056139624009,2.764366209244814,1.382183104622407,1.3859965724272088,-0.010271438242121511,0.010271438242121511,-1.3719116663802853,-2.757908238807494,-0.003813467804802184,1.918771662931082,-4.676679901738576,5.529529178147157,-8.287437416954651,3.9677884656561146,-6.7256967044636085,0.00036252524729400796,0.00020715728416800455,2.589466052100057e-05,5.178932104200114e-05,100,0,0.02881013644118944,0.07383266361327913,-4.824443793785307,-4.537515117835231,179,M2-COST-LEDGER-v1,100,AGGRESSIVE_CROSS_TO_CROSS_STATE_CONDITIONED,"assumes sufficient displayed size, immediate aggressive fill, no additional slippage, no impact and no queue effect; costs are M2-COST-LEDGER-v1 round trips at the declared 100-share representative size, and are 2026 rate cards applied to a 2019 tape for arithmetic validation, not a reconstruction of 2019 economics"
"[-0.4,-0.2)",ONE_TICK,50-100,46672,64.93242629413781,1.5980753978408584,0.7990376989204292,0.8042576408215768,-0.009591121582456586,0.009591121582456586,-0.7894465773379726,-1.5937042181595495,-0.005219941901147604,1.1960893651466804,-2.78979358330623,3.19641441532423,-4.79011863348378,2.380549494474812,-3.9742537126343613,0.0005999314364072677,0.0004070963318477888,0.0,0.0,100,0,0.03481865161280215,0.031244170393401053,-2.8485358061415087,-2.7266953796843527,254,M2-COST-LEDGER-v1,100,AGGRESSIVE_CROSS_TO_CROSS_STATE_CONDITIONED,"assumes sufficient displayed size, immediate aggressive fill, no additional slippage, no impact and no queue effect; costs are M2-COST-LEDGER-v1 round trips at the declared 100-share representative size, and are 2026 rate cards applied to a 2019 tape for arithmetic validation, not a reconstruction of 2019 economics"
"[-0.4,-0.2)",ONE_TICK,100-200,12817,125.1155828196926,0.8209263642674047,0.41046318213370236,0.42440414776218305,-0.008550516310181569,0.008550516310181569,-0.4019126658235207,-0.8263168135857036,-0.013940965628480753,0.714585225301087,-1.5409020388867907,1.6419216313190863,-2.4682384449047903,1.3230140630810563,-2.14933087666676,0.0033549192478739176,0.00210657720215339,7.802137785753296e-05,0.00031208551143013184,100,0,0.009561849882612383,0.020840867342544082,-1.5802946609306692,-1.4989622970289436,158,M2-COST-LEDGER-v1,100,AGGRESSIVE_CROSS_TO_CROSS_STATE_CONDITIONED,"assumes sufficient displayed size, immediate aggressive fill, no additional slippage, no impact and no queue effect; costs are M2-COST-LEDGER-v1 round trips at the declared 100-share representative size, and are 2026 rate cards applied to a 2019 tape for arithmetic validation, not a reconstruction of 2019 economics"
"[-0.4,-0.2)",ONE_TICK,200+,1467,209.99729038854807,0.47725969165249044,0.23862984582624522,0.2883559852404279,0.004168847163185572,-0.004168847163185572,-0.24279869298943083,-0.5311546782298587,-0.04972613941418267,0.5016694454169278,-1.0328241236467866,0.9545421966648197,-1.4856968748946786,0.8553836472708468,-1.3865383255007055,0.00408997955010225,0.0006816632583503749,0.0006816632583503749,0.0006816632583503749,100,0,0.0010944241068730877,0.04036855778829719,-1.1348753604265065,-0.9826282266204645,27,M2-COST-LEDGER-v1,100,AGGRESSIVE_CROSS_TO_CROSS_STATE_CONDITIONED,"assumes sufficient displayed size, immediate aggressive fill, no additional slippage, no impact and no queue effect; costs are M2-COST-LEDGER-v1 round trips at the declared 100-share representative size, and are 2026 rate cards applied to a 2019 tape for arithmetic validation, not a reconstruction of 2019 economics"
"[-0.4,-0.2)",WIDER_THAN_ONE_TICK,5-25,507,15.663244575936886,17.138691666306194,8.569345833153097,8.45655528460477,-0.011578145397495227,0.011578145397495227,-8.557767687755602,-17.01432297236037,0.11279054854832957,4.5624419277525154,-21.576764900112885,14.064380719136452,-31.07870369149682,9.774124782655,-26.788447755015373,0.0,0.0,0.0,0.0,100,0,0.00037823655227311217,2.492223078229498,-26.721541288878715,-17.18439805333815,32,M2-COST-LEDGER-v1,100,AGGRESSIVE_CROSS_TO_CROSS_STATE_CONDITIONED,"assumes sufficient displayed size, immediate aggressive fill, no additional slippage, no impact and no queue effect; costs are M2-COST-LEDGER-v1 round trips at the declared 100-share representative size, and are 2026 rate cards applied to a 2019 tape for arithmetic validation, not a reconstruction of 2019 economics"
"[-0.4,-0.2)",WIDER_THAN_ONE_TICK,25-50,5312,42.62419239457831,7.739669801748899,3.8698349008744497,3.8106676900978034,0.020499391114146684,-0.020499391114146684,-3.8903342919885957,-7.7010019820863995,0.059167210776645794,1.7131190393323381,-9.414121021418739,4.86559818993491,-12.566600172021309,3.5161102389964287,-11.217112221082829,0.00037650602409638556,0.00018825301204819278,0.00018825301204819278,0.00018825301204819278,100,0,0.003962904468786532,0.7352512070931569,-10.883316474861598,-8.055436948706095,117,M2-COST-LEDGER-v1,100,AGGRESSIVE_CROSS_TO_CROSS_STATE_CONDITIONED,"assumes sufficient displayed size, immediate aggressive fill, no additional slippage, no impact and no queue effect; costs are M2-COST-LEDGER-v1 round trips at the declared 100-share representative size, and are 2026 rate cards applied to a 2019 tape for arithmetic validation, not a reconstruction of 2019 economics"
"[-0.4,-0.2)",WIDER_THAN_ONE_TICK,50-100,19199,73.88705323193916,4.428505672816432,2.214252836408216,2.194179729600785,-0.008894240490698146,0.008894240490698146,-2.205358595917518,-4.399538325518303,0.02007310680743155,1.0918633633947643,-5.491401688913067,2.859930148167116,-7.259468473685421,2.151636219169423,-6.551174544687725,0.0006250325537788426,0.00026043023074118443,0.0,0.00010417209229647377,100,0,0.014323005063296805,0.3006287632003817,-6.078802116455112,-4.938031610400686,226,M2-COST-LEDGER-v1,100,AGGRESSIVE_CROSS_TO_CROSS_STATE_CONDITIONED,"assumes sufficient displayed size, immediate aggressive fill, no additional slippage, no impact and no queue effect; costs are M2-COST-LEDGER-v1 round trips at the declared 100-share representative size, and are 2026 rate cards applied to a 2019 tape for arithmetic validation, not a reconstruction of 2019 economics"
"[-0.4,-0.2)",WIDER_THAN_ONE_TICK,100-200,33248,125.71239352743021,3.823910516896659,1.9119552584483295,1.9010501093147507,-0.011679517210630921,0.011679517210630921,-1.9002757412376985,-3.8013258505524496,0.010905149133578543,0.7178712989886691,-4.519197149541118,1.6525304244993348,-5.453856275051784,1.3302313205607184,-5.131557171113167,0.0011429258902791145,0.0005113089509143407,0.00018046198267564965,0.0002706929740134745,100,0,0.024803962307645824,0.26771601031121395,-5.09178579164278,-4.049153658219614,190,M2-COST-LEDGER-v1,100,AGGRESSIVE_CROSS_TO_CROSS_STATE_CONDITIONED,"assumes sufficient displayed size, immediate aggressive fill, no additional slippage, no impact and no queue effect; costs are M2-COST-LEDGER-v1 round trips at the declared 100-share representative size, and are 2026 rate cards applied to a 2019 tape for arithmetic validation, not a reconstruction of 2019 economics"
"[-0.4,-0.2)",WIDER_THAN_ONE_TICK,200+,16434,493.9570822684678,4.068736554147132,2.034368277073566,2.0282474016987306,-0.006451076812608841,0.006451076812608841,-2.0279172002609567,-4.056164601959687,0.006120875374835224,0.41650147529370835,-4.472666077253395,0.6795850695519235,-4.735749671511611,0.6683278390817997,-4.7244924410414875,0.000547645125958379,0.0003650967506389193,0.00018254837531945966,0.0003650967506389193,100,0,0.012260235700308333,0.2836260552122623,-5.028567870475393,-3.9532722618463763,113,M2-COST-LEDGER-v1,100,AGGRESSIVE_CROSS_TO_CROSS_STATE_CONDITIONED,"assumes sufficient displayed size, immediate aggressive fill, no additional slippage, no impact and no queue effect; costs are M2-COST-LEDGER-v1 round trips at the declared 100-share representative size, and are 2026 rate cards applied to a 2019 tape for arithmetic validation, not a reconstruction of 2019 economics"
"[-0.2,0.0)",ONE_TICK,5-25,16191,13.43565653758261,8.018581552835492,4.009290776417746,4.0119392392768,-0.012604433456134238,0.012604433456134238,-3.996686342961612,-8.008625582238412,-0.0026484628590543085,5.175624429784555,-13.184250012022966,16.04398524547072,-24.05261082770913,11.120867558360938,-19.12949314059935,6.176270767710456e-05,6.176270767710456e-05,0.0,0.0,100,0,0.012078950725550215,0.4264212247554449,-13.947888823170286,-12.279222417423727,65,M2-COST-LEDGER-v1,100,AGGRESSIVE_CROSS_TO_CROSS_STATE_CONDITIONED,"assumes sufficient displayed size, immediate aggressive fill, no additional slippage, no impact and no queue effect; costs are M2-COST-LEDGER-v1 round trips at the declared 100-share representative size, and are 2026 rate cards applied to a 2019 tape for arithmetic validation, not a reconstruction of 2019 economics"
"[-0.2,0.0)",ONE_TICK,25-50,37047,37.00706224525602,2.8210132374334087,1.4105066187167044,1.4123540854500314,-0.0016042985071412275,0.0016042985071412275,-1.4089023202095632,-2.821256405659595,-0.0018474667333268939,1.953874271081467,-4.775130676741061,5.642854789609256,-8.46411119526885,4.044884899064284,-6.866141304723878,0.00010797095581288633,8.097821685966476e-05,0.0,2.6992738953221582e-05,100,0,0.027638125349234686,0.07315756195799637,-4.923509414749963,-4.634402541835508,179,M2-COST-LEDGER-v1,100,AGGRESSIVE_CROSS_TO_CROSS_STATE_CONDITIONED,"assumes sufficient displayed size, immediate aggressive fill, no additional slippage, no impact and no queue effect; costs are M2-COST-LEDGER-v1 round trips at the declared 100-share representative size, and are 2026 rate cards applied to a 2019 tape for arithmetic validation, not a reconstruction of 2019 economics"
"[-0.2,0.0)",ONE_TICK,50-100,41707,64.69982772676049,1.605224943110983,0.8026124715554915,0.8051639985605759,-0.003472430393503152,0.003472430393503152,-0.7991400411619883,-1.604304039722564,-0.0025515270050843145,1.200519277904959,-2.8048233176275232,3.210715990007938,-4.815020029730503,2.39027898444631,-3.9945830241688745,0.0005994197616707028,0.0004555590188697341,2.397679046682811e-05,7.193037140048433e-05,100,0,0.031114619103855403,0.034674104901080714,-2.8707442098301352,-2.7344470090726807,252,M2-COST-LEDGER-v1,100,AGGRESSIVE_CROSS_TO_CROSS_STATE_CONDITIONED,"assumes sufficient displayed size, immediate aggressive fill, no additional slippage, no impact and no queue effect; costs are M2-COST-LEDGER-v1 round trips at the declared 100-share representative size, and are 2026 rate cards applied to a 2019 tape for arithmetic validation, not a reconstruction of 2019 economics"
"[-0.2,0.0)",ONE_TICK,100-200,9093,126.64411250412405,0.8157534579590147,0.40787672897950733,0.41851387522891614,-0.0061071113103388225,0.0061071113103388225,-0.4017696176691685,-0.8202834928980847,-0.010637146249408817,0.7113804338072693,-1.531663926705354,1.6315752503866645,-2.4518587432847494,1.3159753270153016,-2.1362588199133863,0.0024194435279885624,0.0012097217639942812,0.00010997470581766194,0.00010997470581766194,100,0,0.006783638993726645,0.02282375016027791,-1.5747999599929672,-1.4844371369798948,150,M2-COST-LEDGER-v1,100,AGGRESSIVE_CROSS_TO_CROSS_STATE_CONDITIONED,"assumes sufficient displayed size, immediate aggressive fill, no additional slippage, no impact and no queue effect; costs are M2-COST-LEDGER-v1 round trips at the declared 100-share representative size, and are 2026 rate cards applied to a 2019 tape for arithmetic validation, not a reconstruction of 2019 economics"
"[-0.2,0.0)",ONE_TICK,200+,1341,209.77311334824756,0.47757165787527295,0.23878582893763647,0.2542849934186052,-0.008088704460007916,0.008088704460007916,-0.23069712447762855,-0.48498211789623386,-0.015499164480968754,0.5018627157437938,-0.9868448336400275,0.9551661525223364,-1.4401482704185704,0.8558081300563184,-1.3407902479525522,0.005219985085756898,0.0007457121551081282,0.0007457121551081282,0.0007457121551081282,100,0,0.001000424490331841,0.0047848327077139605,-0.9956090654209576,-0.9769248736495854,24,M2-COST-LEDGER-v1,100,AGGRESSIVE_CROSS_TO_CROSS_STATE_CONDITIONED,"assumes sufficient displayed size, immediate aggressive fill, no additional slippage, no impact and no queue effect; costs are M2-COST-LEDGER-v1 round trips at the declared 100-share representative size, and are 2026 rate cards applied to a 2019 tape for arithmetic validation, not a reconstruction of 2019 economics"
"[-0.2,0.0)",WIDER_THAN_ONE_TICK,5-25,611,16.752013093289687,15.79565108352074,7.89782554176037,7.705655519032243,0.016243401592488577,-0.016243401592488577,-7.914068943352858,-15.619724462385102,0.19217002272812553,4.31752469946524,-19.937249161850342,13.273687488184795,-28.893411950569895,9.23620906139951,-24.85593352378461,0.0,0.0,0.0,0.0,100,0,0.0004558235373547762,1.9183188787253822,-23.95319257836136,-16.38357913021667,36,M2-COST-LEDGER-v1,100,AGGRESSIVE_CROSS_TO_CROSS_STATE_CONDITIONED,"assumes sufficient displayed size, immediate aggressive fill, no additional slippage, no impact and no queue effect; costs are M2-COST-LEDGER-v1 round trips at the declared 100-share representative size, and are 2026 rate cards applied to a 2019 tape for arithmetic validation, not a reconstruction of 2019 economics"
"[-0.2,0.0)",WIDER_THAN_ONE_TICK,25-50,3966,41.77243192133132,6.772375267105696,3.386187633552848,3.3416153697155058,-0.014441854333507618,0.014441854333507618,-3.3717457792193404,-6.713361148934846,0.04457226383734253,1.749847516502077,-8.463208665436923,4.9841727732109025,-11.697533922145748,3.596777595170336,-10.310138744105181,0.0005042864346949068,0.0002521432173474534,0.0002521432173474534,0.0002521432173474534,100,0,0.0029587498349411497,0.4435756439393776,-9.454537643474685,-7.705151481084908,140,M2-COST-LEDGER-v1,100,AGGRESSIVE_CROSS_TO_CROSS_STATE_CONDITIONED,"assumes sufficient displayed size, immediate aggressive fill, no additional slippage, no impact and no queue effect; costs are M2-COST-LEDGER-v1 round trips at the declared 100-share representative size, and are 2026 rate cards applied to a 2019 tape for arithmetic validation, not a reconstruction of 2019 economics"
"[-0.2,0.0)",WIDER_THAN_ONE_TICK,50-100,13207,73.47639282198834,3.938429785308434,1.969214892654217,1.9440208178546794,-0.005218761906709516,0.005218761906709516,-1.9639961307475078,-3.908016948602187,0.02519407479953755,1.0947649547817628,-5.00278190338395,2.8692976748402357,-6.777314623442423,2.158009031872886,-6.066025980475073,0.0005300219580525479,0.0001514348451578708,0.0,0.0,100,0,0.009852801076668624,0.1702678837121098,-5.349778574521202,-4.699518904684622,237,M2-COST-LEDGER-v1,100,AGGRESSIVE_CROSS_TO_CROSS_STATE_CONDITIONED,"assumes sufficient displayed size, immediate aggressive fill, no additional slippage, no impact and no queue effect; costs are M2-COST-LEDGER-v1 round trips at the declared 100-share representative size, and are 2026 rate cards applied to a 2019 tape for arithmetic validation, not a reconstruction of 2019 economics"
"[-0.2,0.0)",WIDER_THAN_ONE_TICK,100-200,20781,127.1136947211395,3.6375026698268207,1.8187513349134103,1.8047921990639153,-0.007571168172302917,0.007571168172302917,-1.8111801667411078,-3.6159723658050233,0.013959135849495556,0.7153002768922546,-4.331272642697278,1.6442301110322985,-5.260202476837322,1.3245845426062721,-4.940556908411295,0.0009624175929935999,0.00038496703719743995,0.0,0.00014436263894903998,100,0,0.015503222470981348,0.2149818664030514,-4.780823183247791,-3.937643591753047,189,M2-COST-LEDGER-v1,100,AGGRESSIVE_CROSS_TO_CROSS_STATE_CONDITIONED,"assumes sufficient displayed size, immediate aggressive fill, no additional slippage, no impact and no queue effect; costs are M2-COST-LEDGER-v1 round trips at the declared 100-share representative size, and are 2026 rate cards applied to a 2019 tape for arithmetic validation, not a reconstruction of 2019 economics"
"[-0.2,0.0)",WIDER_THAN_ONE_TICK,200+,14454,682.4125221392002,3.7160213771880874,1.8580106885940437,1.8545789019235845,0.00113461642040809,-0.00113461642040809,-1.8591453050144517,-3.7137242069380365,0.003431786670458983,0.3899069897628851,-4.103631196700921,0.5937271663047138,-4.30745137324275,0.6099179347815935,-4.323642141719629,0.0006918500069185001,0.0001383700013837,6.918500069185e-05,0.0001383700013837,100,0,0.010783098868945884,0.27911488697524445,-4.70889526215509,-3.6092507896269908,113,M2-COST-LEDGER-v1,100,AGGRESSIVE_CROSS_TO_CROSS_STATE_CONDITIONED,"assumes sufficient displayed size, immediate aggressive fill, no additional slippage, no impact and no queue effect; costs are M2-COST-LEDGER-v1 round trips at the declared 100-share representative size, and are 2026 rate cards applied to a 2019 tape for arithmetic validation, not a reconstruction of 2019 economics"
"[0.0,0.2)",ONE_TICK,5-25,17975,13.642759109874826,7.880121482789091,3.9400607413945457,3.9419709533776377,0.0024005603508128917,0.0024005603508128917,-3.9376601810437326,-7.87963113442137,-0.001910211983092706,5.085695679487048,-12.965326813908417,15.753658367996927,-23.633289502418297,10.92335557067362,-18.80298670509499,0.00011126564673157163,0.00011126564673157163,5.5632823365785815e-05,5.5632823365785815e-05,100,0,0.013409865931181836,0.41320644064307166,-13.744948288572523,-12.148775752061857,65,M2-COST-LEDGER-v1,100,AGGRESSIVE_CROSS_TO_CROSS_STATE_CONDITIONED,"assumes sufficient displayed size, immediate aggressive fill, no additional slippage, no impact and no queue effect; costs are M2-COST-LEDGER-v1 round trips at the declared 100-share representative size, and are 2026 rate cards applied to a 2019 tape for arithmetic validation, not a reconstruction of 2019 economics"
"[0.0,0.2)",ONE_TICK,25-50,39441,36.824467052052434,2.832947733644841,1.4164738668224206,1.4180901112485758,0.0025891349185886954,0.0025891349185886954,-1.4138847319038317,-2.8319748431524077,-0.00161624442615528,1.960752665367407,-4.792727508519814,5.665061066561444,-8.497035909713853,4.05999202913135,-6.891966872283756,0.00010141730686341624,0.00010141730686341624,0.0,0.0,100,0,0.029424118063518377,0.0743024138038716,-4.937321313252727,-4.650326677075089,179,M2-COST-LEDGER-v1,100,AGGRESSIVE_CROSS_TO_CROSS_STATE_CONDITIONED,"assumes sufficient displayed size, immediate aggressive fill, no additional slippage, no impact and no queue effect; costs are M2-COST-LEDGER-v1 round trips at the declared 100-share representative size, and are 2026 rate cards applied to a 2019 tape for arithmetic validation, not a reconstruction of 2019 economics"
"[0.0,0.2)",ONE_TICK,50-100,41717,64.31841827072896,1.6149545479786085,0.8074772739893042,0.8102806548583553,0.0027974952852013704,0.0027974952852013704,-0.8046797787041029,-1.6149604335624583,-0.002803380869051173,1.2063809603555828,-2.821341393918041,3.2296399042956674,-4.844600337858125,2.4031530936514813,-4.01811352721394,0.0005753050315219215,0.0004314787736414411,4.794208596016013e-05,4.794208596016013e-05,100,0,0.031122079390882487,0.03380947599112004,-2.8882748905617395,-2.753360540111426,253,M2-COST-LEDGER-v1,100,AGGRESSIVE_CROSS_TO_CROSS_STATE_CONDITIONED,"assumes sufficient displayed size, immediate aggressive fill, no additional slippage, no impact and no queue effect; costs are M2-COST-LEDGER-v1 round trips at the declared 100-share representative size, and are 2026 rate cards applied to a 2019 tape for arithmetic validation, not a reconstruction of 2019 economics"
"[0.0,0.2)",ONE_TICK,100-200,10234,126.25928473715068,0.8166380408513911,0.40831902042569557,0.41854523138644656,0.0015482099136557256,0.0015482099136557256,-0.4067708105120397,-0.8253160418984863,-0.010226210960751029,0.7118860871674842,-1.5372021290659708,1.6332077067553972,-2.4585237486538833,1.3170859017750576,-2.142401943673544,0.0015634160641000586,0.0009771350400625367,0.00019542700801250732,0.00019542700801250732,100,0,0.007634857743516824,0.022708714131013084,-1.5800766273895175,-1.4895356810281963,155,M2-COST-LEDGER-v1,100,AGGRESSIVE_CROSS_TO_CROSS_STATE_CONDITIONED,"assumes sufficient displayed size, immediate aggressive fill, no additional slippage, no impact and no queue effect; costs are M2-COST-LEDGER-v1 round trips at the declared 100-share representative size, and are 2026 rate cards applied to a 2019 tape for arithmetic validation, not a reconstruction of 2019 economics"
"[0.0,0.2)",ONE_TICK,200+,1436,210.5684610027855,0.4762927483436733,0.23814637417183665,0.25862361656731914,-0.02188598483241659,-0.02188598483241659,-0.26003235900425326,-0.5186559755715724,-0.02047724239548247,0.5010563165441575,-1.0197122921157298,0.9525627652757301,-1.4712187408473023,0.8540370222819668,-1.3726929978535392,0.004874651810584958,0.0,0.0,0.0,100,0,0.0010712972170891302,0.017697329230219334,-1.0641765066000723,-0.9935530826802824,23,M2-COST-LEDGER-v1,100,AGGRESSIVE_CROSS_TO_CROSS_STATE_CONDITIONED,"assumes sufficient displayed size, immediate aggressive fill, no additional slippage, no impact and no queue effect; costs are M2-COST-LEDGER-v1 round trips at the declared 100-share representative size, and are 2026 rate cards applied to a 2019 tape for arithmetic validation, not a reconstruction of 2019 economics"
"[0.0,0.2)",WIDER_THAN_ONE_TICK,5-25,685,16.743802919708028,15.004544548177119,7.5022722740885595,7.277933729553144,0.007145823744134054,0.007145823744134054,-7.495126450344425,-14.773060179897572,0.22433854453541535,4.250555341395505,-19.023615521293074,13.05748294235837,-27.830543122255936,9.089123163032882,-23.862183342930454,0.00145985401459854,0.00145985401459854,0.0,0.0,100,0,0.000511029661355191,1.7378359472898395,-22.51243685843753,-15.960617078272163,47,M2-COST-LEDGER-v1,100,AGGRESSIVE_CROSS_TO_CROSS_STATE_CONDITIONED,"assumes sufficient displayed size, immediate aggressive fill, no additional slippage, no impact and no queue effect; costs are M2-COST-LEDGER-v1 round trips at the declared 100-share representative size, and are 2026 rate cards applied to a 2019 tape for arithmetic validation, not a reconstruction of 2019 economics"
"[0.0,0.2)",WIDER_THAN_ONE_TICK,25-50,3227,41.14574992252867,7.24270978002285,3.621354890011425,3.5639123262444987,0.033652969994061796,0.033652969994061796,-3.587701920017363,-7.151614246261863,0.057442563766926316,1.7734139825509478,-8.92502822881281,5.060254988057943,-12.211869234319806,3.648537010670711,-10.800151256932574,0.0009296560272699101,0.0006197706848466068,0.0006197706848466068,0.0006197706848466068,100,0,0.0024074346236397097,0.614719239254809,-10.213697113916114,-7.816361681132673,141,M2-COST-LEDGER-v1,100,AGGRESSIVE_CROSS_TO_CROSS_STATE_CONDITIONED,"assumes sufficient displayed size, immediate aggressive fill, no additional slippage, no impact and no queue effect; costs are M2-COST-LEDGER-v1 round trips at the declared 100-share representative size, and are 2026 rate cards applied to a 2019 tape for arithmetic validation, not a reconstruction of 2019 economics"
"[0.0,0.2)",WIDER_THAN_ONE_TICK,50-100,12977,74.8253375202281,3.871182414164244,1.935591207082122,1.9098618493357684,0.005677037418193752,0.005677037418193752,-1.9299141696639281,-3.8397760189996966,0.025729357746353473,1.0790275878002855,-4.918803606799982,2.8184910017765477,-6.658267020776243,2.123444794927601,-5.963220813927298,0.00038529706403637206,0.0001541188256145488,0.0001541188256145488,0.0001541188256145488,100,0,0.009681214475045713,0.16061180798870445,-5.242959934475359,-4.621249357058025,235,M2-COST-LEDGER-v1,100,AGGRESSIVE_CROSS_TO_CROSS_STATE_CONDITIONED,"assumes sufficient displayed size, immediate aggressive fill, no additional slippage, no impact and no queue effect; costs are M2-COST-LEDGER-v1 round trips at the declared 100-share representative size, and are 2026 rate cards applied to a 2019 tape for arithmetic validation, not a reconstruction of 2019 economics"
"[0.0,0.2)",WIDER_THAN_ONE_TICK,100-200,23406,127.49573528155173,3.6163684729396257,1.8081842364698129,1.7984044620194042,2.484534308216109e-05,2.484534308216109e-05,-1.8081593911267309,-3.606563853146135,0.009779774450408726,0.7122581470798073,-4.318822000225943,1.634408868699943,-5.240972721846078,1.3179030630563897,-4.924466916202525,0.000427240878407246,0.0001281722635221738,0.0,0.0,100,0,0.01746154781559066,0.22293378249090923,-4.757788457509044,-3.9024543561928566,190,M2-COST-LEDGER-v1,100,AGGRESSIVE_CROSS_TO_CROSS_STATE_CONDITIONED,"assumes sufficient displayed size, immediate aggressive fill, no additional slippage, no impact and no queue effect; costs are M2-COST-LEDGER-v1 round trips at the declared 100-share representative size, and are 2026 rate cards applied to a 2019 tape for arithmetic validation, not a reconstruction of 2019 economics"
"[0.0,0.2)",WIDER_THAN_ONE_TICK,200+,15922,641.2404785830925,3.5463609267050855,1.7731804633525428,1.767491781359843,0.0027740885955496483,0.0027740885955496483,-1.7704063747569927,-3.5378981561168352,0.0056886819926996,0.38792221252046266,-3.9258203686372983,0.5873194915914854,-4.12521764770832,0.6055587360051118,-4.1434568921219475,0.0006280618012812461,0.00031403090064062303,0.00031403090064062303,0.00025122472051249844,100,0,0.01187826900452168,0.19933976221279795,-4.345146704019728,-3.5676347703690325,113,M2-COST-LEDGER-v1,100,AGGRESSIVE_CROSS_TO_CROSS_STATE_CONDITIONED,"assumes sufficient displayed size, immediate aggressive fill, no additional slippage, no impact and no queue effect; costs are M2-COST-LEDGER-v1 round trips at the declared 100-share representative size, and are 2026 rate cards applied to a 2019 tape for arithmetic validation, not a reconstruction of 2019 economics"
"[0.2,0.4)",ONE_TICK,5-25,17068,14.196163580970236,7.609843592326331,3.8049217961631654,3.8081159052644957,0.01724405778247053,0.01724405778247053,-3.787677738380695,-7.59579364364519,-0.003194109101330738,4.918383518284292,-12.514177161929483,15.21350611229796,-22.809299755943147,10.555885129751314,-18.151678773396505,0.00011717834544176236,5.858917272088118e-05,5.858917272088118e-05,5.858917272088118e-05,100,0,0.0127332178978254,0.4277588255978664,-13.357868549438171,-11.708024854005844,65,M2-COST-LEDGER-v1,100,AGGRESSIVE_CROSS_TO_CROSS_STATE_CONDITIONED,"assumes sufficient displayed size, immediate aggressive fill, no additional slippage, no impact and no queue effect; costs are M2-COST-LEDGER-v1 round trips at the declared 100-share representative size, and are 2026 rate cards applied to a 2019 tape for arithmetic validation, not a reconstruction of 2019 economics"
"[0.2,0.4)",ONE_TICK,25-50,41760,37.332660440613026,2.793766196909256,1.396883098454628,1.4008848598180894,0.008483100988736444,0.008483100988736444,-1.3883999974658916,-2.7892848572839815,-0.00400176136346109,1.9364866629822959,-4.725771520266276,5.586720461605475,-8.376005318889456,4.0066962105143595,-6.79598106779834,0.0003113026819923372,0.00019157088122605365,0.0,0.0,100,0,0.031154158625098943,0.0742836414615906,-4.861878243838265,-4.580540644742458,179,M2-COST-LEDGER-v1,100,AGGRESSIVE_CROSS_TO_CROSS_STATE_CONDITIONED,"assumes sufficient displayed size, immediate aggressive fill, no additional slippage, no impact and no queue effect; costs are M2-COST-LEDGER-v1 round trips at the declared 100-share representative size, and are 2026 rate cards applied to a 2019 tape for arithmetic validation, not a reconstruction of 2019 economics"
"[0.2,0.4)",ONE_TICK,50-100,50106,64.8216518979763,1.601031286764229,0.8005156433821145,0.805668756807114,0.008217690112642506,0.008217690112642506,-0.7922979532694719,-1.5979667100765858,-0.005153113424999664,1.1977569473990182,-2.7957236574756044,3.20179805455696,-4.7997647646335455,2.3842120326975906,-3.982178742774177,0.0005987306909352174,0.00037919610425897097,1.995768969784058e-05,1.995768969784058e-05,100,0,0.03738051417790248,0.03194875627739669,-2.858253629258701,-2.7344249240324516,255,M2-COST-LEDGER-v1,100,AGGRESSIVE_CROSS_TO_CROSS_STATE_CONDITIONED,"assumes sufficient displayed size, immediate aggressive fill, no additional slippage, no impact and no queue effect; costs are M2-COST-LEDGER-v1 round trips at the declared 100-share representative size, and are 2026 rate cards applied to a 2019 tape for arithmetic validation, not a reconstruction of 2019 economics"
"[0.2,0.4)",ONE_TICK,100-200,14105,125.61039666784828,0.8200437747005752,0.4100218873502876,0.4224985217511141,0.008121185896210182,0.008121185896210182,-0.40190070145407747,-0.8243992232051915,-0.01247663440082648,0.7139957804255744,-1.5383950036307659,1.6400186615837753,-2.464417884788967,1.3217194556433967,-2.146118678848588,0.002694080113434952,0.0009925558312655087,0.00014179369018078695,0.00014179369018078695,100,0,0.010522734851700685,0.020829826972740433,-1.5766086372130237,-1.4962619526408987,162,M2-COST-LEDGER-v1,100,AGGRESSIVE_CROSS_TO_CROSS_STATE_CONDITIONED,"assumes sufficient displayed size, immediate aggressive fill, no additional slippage, no impact and no queue effect; costs are M2-COST-LEDGER-v1 round trips at the declared 100-share representative size, and are 2026 rate cards applied to a 2019 tape for arithmetic validation, not a reconstruction of 2019 economics"
"[0.2,0.4)",ONE_TICK,200+,1338,209.5713153961136,0.4779176503920574,0.2389588251960287,0.2650224569786032,0.018532862319593498,0.018532862319593498,-0.2204259628764352,-0.48544841985503856,-0.026063631782574585,0.5020629019229328,-0.9875113217779714,0.9558124355865467,-1.4412608554415849,0.8562478022414479,-1.3416962220964865,0.006726457399103139,0.0007473841554559044,0.0007473841554559044,0.0007473841554559044,100,0,0.000998186404223716,0.005065546306276635,-0.9986127078260247,-0.9779101037247524,25,M2-COST-LEDGER-v1,100,AGGRESSIVE_CROSS_TO_CROSS_STATE_CONDITIONED,"assumes sufficient displayed size, immediate aggressive fill, no additional slippage, no impact and no queue effect; costs are M2-COST-LEDGER-v1 round trips at the declared 100-share representative size, and are 2026 rate cards applied to a 2019 tape for arithmetic validation, not a reconstruction of 2019 economics"
"[0.2,0.4)",WIDER_THAN_ONE_TICK,5-25,729,14.792215363511662,18.0785979396331,9.03929896981655,8.882309142258828,0.003922482216589709,0.003922482216589709,-9.035376487599958,-17.917685629858784,0.1569898275577205,4.783920137311599,-22.701605767170385,14.779403187446649,-32.69708881730544,10.260561003048643,-28.17824663290743,0.0,0.0,0.0,0.0,100,0,0.0005438549242743566,2.096722910040645,-26.61360526086373,-18.411501996891836,37,M2-COST-LEDGER-v1,100,AGGRESSIVE_CROSS_TO_CROSS_STATE_CONDITIONED,"assumes sufficient displayed size, immediate aggressive fill, no additional slippage, no impact and no queue effect; costs are M2-COST-LEDGER-v1 round trips at the declared 100-share representative size, and are 2026 rate cards applied to a 2019 tape for arithmetic validation, not a reconstruction of 2019 economics"
"[0.2,0.4)",WIDER_THAN_ONE_TICK,25-50,5310,42.06045197740113,7.992594189005503,3.9962970945027516,3.9367979678156777,0.01503124385619485,0.01503124385619485,-3.9812658506465564,-7.918063818462234,0.059499126687073585,1.7339044581423162,-9.65196827660455,4.932702044042989,-12.850765862505222,3.561761594880842,-11.479825413343075,0.0005649717514124294,0.00018832391713747646,0.0,0.0,100,0,0.003961412411381116,0.8298977133639749,-11.275998209574475,-8.110006677847794,130,M2-COST-LEDGER-v1,100,AGGRESSIVE_CROSS_TO_CROSS_STATE_CONDITIONED,"assumes sufficient displayed size, immediate aggressive fill, no additional slippage, no impact and no queue effect; costs are M2-COST-LEDGER-v1 round trips at the declared 100-share representative size, and are 2026 rate cards applied to a 2019 tape for arithmetic validation, not a reconstruction of 2019 economics"
"[0.2,0.4)",WIDER_THAN_ONE_TICK,50-100,19546,76.04359587639415,4.285703531559928,2.142851765779964,2.126656209524387,0.004656585120745114,0.004656585120745114,-2.138195180659219,-4.264851390183607,0.016195556255577528,1.0663781789370201,-5.331229569120627,2.7776535236061997,-7.042504913789806,2.0956626909910097,-6.360514081174616,0.0006139363552645043,0.00020464545175483476,0.00010232272587741738,0.00010232272587741738,100,0,0.014581877023136588,0.2660736057059868,-5.8821970774586125,-4.844438486900106,230,M2-COST-LEDGER-v1,100,AGGRESSIVE_CROSS_TO_CROSS_STATE_CONDITIONED,"assumes sufficient displayed size, immediate aggressive fill, no additional slippage, no impact and no queue effect; costs are M2-COST-LEDGER-v1 round trips at the declared 100-share representative size, and are 2026 rate cards applied to a 2019 tape for arithmetic validation, not a reconstruction of 2019 economics"
"[0.2,0.4)",WIDER_THAN_ONE_TICK,100-200,35255,126.89593929939015,3.8762350291161196,1.9381175145580598,1.9248796503461523,0.005292405269582636,0.005292405269582636,-1.9328251092884767,-3.85770475963463,0.013237864211907315,0.7149859416642605,-4.572690701298891,1.6432153080363534,-5.500920067670982,1.3238941629949035,-5.181598922629532,0.001106226067224507,0.0006523897319529145,0.00028364770954474543,0.00028364770954474543,100,0,0.026301241913981397,0.23555873575606387,-5.048036375242379,-4.137108984296882,190,M2-COST-LEDGER-v1,100,AGGRESSIVE_CROSS_TO_CROSS_STATE_CONDITIONED,"assumes sufficient displayed size, immediate aggressive fill, no additional slippage, no impact and no queue effect; costs are M2-COST-LEDGER-v1 round trips at the declared 100-share representative size, and are 2026 rate cards applied to a 2019 tape for arithmetic validation, not a reconstruction of 2019 economics"
"[0.2,0.4)",WIDER_THAN_ONE_TICK,200+,17849,620.7080844865259,4.024706446284737,2.0123532231423686,2.004192535425851,0.009333435621824253,0.009333435621824253,-2.0030197875205444,-4.007212322946395,0.008160687716517543,0.38753523306874843,-4.394747556015145,0.5860701632566534,-4.59328248620305,0.6047088066949706,-4.611921129641366,0.0005042299288475545,0.00011205109529945655,0.00011205109529945655,0.00011205109529945655,100,0,0.013315866314640589,0.30166620967021324,-5.031446501060663,-3.86758763569651,113,M2-COST-LEDGER-v1,100,AGGRESSIVE_CROSS_TO_CROSS_STATE_CONDITIONED,"assumes sufficient displayed size, immediate aggressive fill, no additional slippage, no impact and no queue effect; costs are M2-COST-LEDGER-v1 round trips at the declared 100-share representative size, and are 2026 rate cards applied to a 2019 tape for arithmetic validation, not a reconstruction of 2019 economics"
"[0.4,0.6)",ONE_TICK,5-25,12418,14.945040264132711,7.222343142528411,3.6111715712642054,3.613389772584385,0.0293892260357342,0.0293892260357342,-3.581782345228471,-7.195172117812857,-0.0022182013201802217,4.678512650797272,-11.87368476861013,14.439104603058183,-21.63427672087104,10.02905281340191,-17.224224931214764,0.0003221130616846513,0.0003221130616846513,0.0,0.0,100,0,0.009264184430231769,0.4126091785578435,-12.705021497516073,-11.08970544341261,65,M2-COST-LEDGER-v1,100,AGGRESSIVE_CROSS_TO_CROSS_STATE_CONDITIONED,"assumes sufficient displayed size, immediate aggressive fill, no additional slippage, no impact and no queue effect; costs are M2-COST-LEDGER-v1 round trips at the declared 100-share representative size, and are 2026 rate cards applied to a 2019 tape for arithmetic validation, not a reconstruction of 2019 economics"
"[0.4,0.6)",ONE_TICK,25-50,32172,37.52784004724605,2.7753164002813095,1.3876582001406548,1.3914477973465373,0.01909141365699684,0.01909141365699684,-1.368566786483658,-2.760014583830195,-0.003789597205882443,1.9250605356268062,-4.685075119457001,5.549832237697519,-8.309846821527715,3.9816008197957613,-6.741615403625956,0.0004351610095735422,0.0003729951510630362,0.0,0.0,100,0,0.024001235423531685,0.06914613848732512,-4.821046882664968,-4.552678249743085,179,M2-COST-LEDGER-v1,100,AGGRESSIVE_CROSS_TO_CROSS_STATE_CONDITIONED,"assumes sufficient displayed size, immediate aggressive fill, no additional slippage, no impact and no queue effect; costs are M2-COST-LEDGER-v1 round trips at the declared 100-share representative size, and are 2026 rate cards applied to a 2019 tape for arithmetic validation, not a reconstruction of 2019 economics"
"[0.4,0.6)",ONE_TICK,50-100,36384,64.71780920184698,1.603519896024616,0.801759948012308,0.8067317033630074,0.016175210955316932,0.016175210955316932,-0.7855847370569911,-1.5923164404199983,-0.004971755350699356,1.19929835676644,-2.7916147971864382,3.206774355985277,-4.799090796405276,2.3875974553459884,-3.9799138957659874,0.0007970536499560246,0.0006046613896218117,2.7484608619173264e-05,2.7484608619173264e-05,100,0,0.02714350831933908,0.03426065538082636,-2.8577548111212194,-2.721699412730509,254,M2-COST-LEDGER-v1,100,AGGRESSIVE_CROSS_TO_CROSS_STATE_CONDITIONED,"assumes sufficient displayed size, immediate aggressive fill, no additional slippage, no impact and no queue effect; costs are M2-COST-LEDGER-v1 round trips at the declared 100-share representative size, and are 2026 rate cards applied to a 2019 tape for arithmetic validation, not a reconstruction of 2019 economics"
"[0.4,0.6)",ONE_TICK,100-200,9764,127.67568312167145,0.8081946251881792,0.4040973125940896,0.41640207985177513,0.01054706629310444,0.01054706629310444,-0.39355024630098506,-0.8099523261527602,-0.012304767257685567,0.7066558066921412,-1.5166081328449015,1.6163222169237812,-2.4262745430765413,1.3055985510732004,-2.1155508772259606,0.0020483408439164277,0.0009217533797623924,0.0,0.0,100,0,0.0072842242532439195,0.023706412595183975,-1.561038550055525,-1.4680176303420898,147,M2-COST-LEDGER-v1,100,AGGRESSIVE_CROSS_TO_CROSS_STATE_CONDITIONED,"assumes sufficient displayed size, immediate aggressive fill, no additional slippage, no impact and no queue effect; costs are M2-COST-LEDGER-v1 round trips at the declared 100-share representative size, and are 2026 rate cards applied to a 2019 tape for arithmetic validation, not a reconstruction of 2019 economics"
"[0.4,0.6)",ONE_TICK,200+,1333,209.36018379594898,0.4782661112885015,0.23913305564425075,0.2613553210399203,0.009989904608724755,0.009989904608724755,-0.22914315103552602,-0.49049847207544633,-0.022222265395669554,0.5022787645821837,-0.9927772366576302,0.9565093287560409,-1.4470078008314873,0.8567219049366936,-1.34722037701214,0.006001500375093774,0.0,0.0,0.0,100,0,0.0009944562607101745,0.005005103868436203,-1.0033376074442142,-0.9839446279587184,23,M2-COST-LEDGER-v1,100,AGGRESSIVE_CROSS_TO_CROSS_STATE_CONDITIONED,"assumes sufficient displayed size, immediate aggressive fill, no additional slippage, no impact and no queue effect; costs are M2-COST-LEDGER-v1 round trips at the declared 100-share representative size, and are 2026 rate cards applied to a 2019 tape for arithmetic validation, not a reconstruction of 2019 economics"
"[0.4,0.6)",WIDER_THAN_ONE_TICK,5-25,490,15.380846938775509,18.045163046001626,9.022581523000813,8.94010613594916,0.10099290562456212,0.10099290562456212,-8.921588617376251,-17.861694753325416,0.0824753870516552,4.493202312545496,-22.354897065870905,13.840846852447122,-31.70254160577253,9.622052681341449,-27.48374743466686,0.0,0.0,0.0,0.0,100,0,0.00036555406432707094,2.4552165398985357,-26.692723798735706,-17.38749306629872,31,M2-COST-LEDGER-v1,100,AGGRESSIVE_CROSS_TO_CROSS_STATE_CONDITIONED,"assumes sufficient displayed size, immediate aggressive fill, no additional slippage, no impact and no queue effect; costs are M2-COST-LEDGER-v1 round trips at the declared 100-share representative size, and are 2026 rate cards applied to a 2019 tape for arithmetic validation, not a reconstruction of 2019 economics"
"[0.4,0.6)",WIDER_THAN_ONE_TICK,25-50,3302,42.795632949727434,7.3221931833952825,3.6610965916976412,3.638132385866003,0.02348880840730063,0.02348880840730063,-3.63760778329034,-7.275740169156342,0.022964205831638346,1.7049347911401924,-8.980674960296536,4.839176081162848,-12.11491625031919,3.498135040599817,-10.77387520975616,0.0006056935190793458,0.0003028467595396729,0.0,0.0,100,0,0.002463386776342833,0.7920863644789781,-10.706075023071708,-7.594378063068759,92,M2-COST-LEDGER-v1,100,AGGRESSIVE_CROSS_TO_CROSS_STATE_CONDITIONED,"assumes sufficient displayed size, immediate aggressive fill, no additional slippage, no impact and no queue effect; costs are M2-COST-LEDGER-v1 round trips at the declared 100-share representative size, and are 2026 rate cards applied to a 2019 tape for arithmetic validation, not a reconstruction of 2019 economics"
"[0.4,0.6)",WIDER_THAN_ONE_TICK,50-100,11239,76.75437983806388,4.24948442940877,2.124742214704385,2.1083193467083383,0.01572903560131866,0.01572903560131866,-2.109013179103066,-4.217332525811404,0.016422867996046458,1.0559668309157793,-5.2732993567271835,2.7440414234569146,-6.961373949268319,2.07279607675055,-6.290128602561954,0.0012456624254826942,0.0005338553252068689,8.897588753447816e-05,8.897588753447816e-05,100,0,0.008384616589738674,0.27159255543115274,-5.853421553968757,-4.801161638686425,214,M2-COST-LEDGER-v1,100,AGGRESSIVE_CROSS_TO_CROSS_STATE_CONDITIONED,"assumes sufficient displayed size, immediate aggressive fill, no additional slippage, no impact and no queue effect; costs are M2-COST-LEDGER-v1 round trips at the declared 100-share representative size, and are 2026 rate cards applied to a 2019 tape for arithmetic validation, not a reconstruction of 2019 economics"
"[0.4,0.6)",WIDER_THAN_ONE_TICK,100-200,19249,128.53206582160115,3.8924031990440313,1.9462015995220157,1.9381971613777822,0.017223883683441462,0.017223883683441462,-1.9289777158385737,-3.8671748772163568,0.008004438144233182,0.7118424673716852,-4.579017344588041,1.6330668841700895,-5.500241761386446,1.3169900989028693,-5.184164976119225,0.0012468180165203387,0.0005714582575718219,0.0002597537534417372,0.0002597537534417372,100,0,0.01436030649843222,0.27881564056718217,-5.153077115881876,-4.081176872051954,190,M2-COST-LEDGER-v1,100,AGGRESSIVE_CROSS_TO_CROSS_STATE_CONDITIONED,"assumes sufficient displayed size, immediate aggressive fill, no additional slippage, no impact and no queue effect; costs are M2-COST-LEDGER-v1 round trips at the declared 100-share representative size, and are 2026 rate cards applied to a 2019 tape for arithmetic validation, not a reconstruction of 2019 economics"
"[0.4,0.6)",WIDER_THAN_ONE_TICK,200+,11476,653.8387974904147,4.058078762846338,2.029039381423169,2.021389297109922,0.009726689866259585,0.009726689866259585,-2.0193126915569093,-4.040701988666831,0.007650084313246892,0.3869252144821506,-4.427627203148981,0.5841007731465718,-4.624802761813402,0.6033690128785711,-4.644071001545401,0.000871383757406762,0.0001742767514813524,0.00026141512722202857,8.71383757406762e-05,100,0,0.008561425392280542,0.31032999910668413,-5.06969164002268,-3.887992547845778,113,M2-COST-LEDGER-v1,100,AGGRESSIVE_CROSS_TO_CROSS_STATE_CONDITIONED,"assumes sufficient displayed size, immediate aggressive fill, no additional slippage, no impact and no queue effect; costs are M2-COST-LEDGER-v1 round trips at the declared 100-share representative size, and are 2026 rate cards applied to a 2019 tape for arithmetic validation, not a reconstruction of 2019 economics"
"[0.6,0.8)",ONE_TICK,5-25,7758,15.76425625161124,6.815931103740405,3.4079655518702023,3.4166825457699135,0.059749790358910364,0.059749790358910364,-3.3482157615112924,-6.764898307281206,-0.008716993899710134,4.426929856907938,-11.191828164189143,13.626892193407388,-20.391790500688593,9.476497401204787,-16.241395708485992,0.0002577984016499098,0.0002577984016499098,0.0,0.0,100,0,0.005787690675611053,0.41211612147696086,-12.034648543496312,-10.409875861219193,65,M2-COST-LEDGER-v1,100,AGGRESSIVE_CROSS_TO_CROSS_STATE_CONDITIONED,"assumes sufficient displayed size, immediate aggressive fill, no additional slippage, no impact and no queue effect; costs are M2-COST-LEDGER-v1 round trips at the declared 100-share representative size, and are 2026 rate cards applied to a 2019 tape for arithmetic validation, not a reconstruction of 2019 economics"
"[0.6,0.8)",ONE_TICK,25-50,21373,37.46709142375895,2.779681952579682,1.389840976289841,1.3958815887204679,0.037190464822072486,0.037190464822072486,-1.3526505114677685,-2.7485321001882363,-0.006040612430626922,1.9277642672821036,-4.67629636747034,5.558560992032618,-8.307093092220855,3.9875390699287188,-6.736071170116956,0.0007486080568942123,0.0006082440462265475,9.357600711177654e-05,9.357600711177654e-05,100,0,0.015944871462984667,0.07347521793308963,-4.825007402057694,-4.535143483815293,177,M2-COST-LEDGER-v1,100,AGGRESSIVE_CROSS_TO_CROSS_STATE_CONDITIONED,"assumes sufficient displayed size, immediate aggressive fill, no additional slippage, no impact and no queue effect; costs are M2-COST-LEDGER-v1 round trips at the declared 100-share representative size, and are 2026 rate cards applied to a 2019 tape for arithmetic validation, not a reconstruction of 2019 economics"
"[0.6,0.8)",ONE_TICK,50-100,26764,65.3637916604394,1.5868906398292912,0.7934453199146456,0.8010444769733672,0.026529983583339904,0.026529983583339904,-0.7669153363313058,-1.5679598133046733,-0.007599157058721633,1.188998180211232,-2.756957993515905,3.173521162909546,-4.741480976214219,2.3649750088178307,-3.932934822122504,0.0009340905694216112,0.0006351815872066956,7.472724555372888e-05,7.472724555372888e-05,100,0,0.019966712199285155,0.03568351900951295,-2.8240723065408897,-2.684855343064177,252,M2-COST-LEDGER-v1,100,AGGRESSIVE_CROSS_TO_CROSS_STATE_CONDITIONED,"assumes sufficient displayed size, immediate aggressive fill, no additional slippage, no impact and no queue effect; costs are M2-COST-LEDGER-v1 round trips at the declared 100-share representative size, and are 2026 rate cards applied to a 2019 tape for arithmetic validation, not a reconstruction of 2019 economics"
"[0.6,0.8)",ONE_TICK,100-200,7267,131.74002820971515,0.7886758255217229,0.39433791276086144,0.4127594852735334,0.018802596651035664,0.018802596651035664,-0.3755353161098258,-0.7882948013833593,-0.018421572512671937,0.6945647779772193,-1.4828595793605786,1.5772874188126529,-2.365582220196012,1.2790428266050173,-2.0673376279883766,0.003027384064951149,0.0012384752992981973,0.0002752167331773772,0.0002752167331773772,100,0,0.005421390582581274,0.02747218100310011,-1.5368010150302767,-1.4295747711781563,135,M2-COST-LEDGER-v1,100,AGGRESSIVE_CROSS_TO_CROSS_STATE_CONDITIONED,"assumes sufficient displayed size, immediate aggressive fill, no additional slippage, no impact and no queue effect; costs are M2-COST-LEDGER-v1 round trips at the declared 100-share representative size, and are 2026 rate cards applied to a 2019 tape for arithmetic validation, not a reconstruction of 2019 economics"
"[0.6,0.8)",ONE_TICK,200+,1148,209.50281358885016,0.47798293990969154,0.23899146995484577,0.2840079639850547,0.032066592750790476,0.032066592750790476,-0.20692487720405528,-0.49093284118911,-0.0450164940302089,0.5021033477051252,-0.9930361888942351,0.9559430111545612,-1.4468758523436709,0.8563366339755483,-1.3472694751646583,0.0078397212543554,0.0008710801393728223,0.0008710801393728223,0.0008710801393728223,100,0,0.0008564409507091376,0.013528628564403797,-1.025097613769206,-0.973458080879697,27,M2-COST-LEDGER-v1,100,AGGRESSIVE_CROSS_TO_CROSS_STATE_CONDITIONED,"assumes sufficient displayed size, immediate aggressive fill, no additional slippage, no impact and no queue effect; costs are M2-COST-LEDGER-v1 round trips at the declared 100-share representative size, and are 2026 rate cards applied to a 2019 tape for arithmetic validation, not a reconstruction of 2019 economics"
"[0.6,0.8)",WIDER_THAN_ONE_TICK,5-25,381,14.85982939632546,25.801983212854047,12.900991606427024,12.79931055669483,0.1587976377567968,0.1587976377567968,-12.742193968670227,-25.541504525365053,0.1016810497321933,4.67381681415848,-30.215321339523534,14.423944517057237,-39.96544904242229,10.018739270454693,-35.560243795819744,0.0026246719160104987,0.0026246719160104987,0.0026246719160104987,0.0026246719160104987,100,0,0.00028423693573186536,3.9890088370927823,-36.297355140061946,-20.910174275790624,15,M2-COST-LEDGER-v1,100,AGGRESSIVE_CROSS_TO_CROSS_STATE_CONDITIONED,"assumes sufficient displayed size, immediate aggressive fill, no additional slippage, no impact and no queue effect; costs are M2-COST-LEDGER-v1 round trips at the declared 100-share representative size, and are 2026 rate cards applied to a 2019 tape for arithmetic validation, not a reconstruction of 2019 economics"
"[0.6,0.8)",WIDER_THAN_ONE_TICK,25-50,2778,43.88307955363571,7.957838021352274,3.978919010676137,3.9480642861877886,0.025492063869483498,0.025492063869483498,-3.953426946806654,-7.901491232994443,0.030854724488348473,1.6590739997907193,-9.56056523278516,4.691118643392152,-12.592609876386595,3.3974102331674714,-11.298901466161915,0.0017998560115190785,0.0007199424046076314,0.0,0.0,100,0,0.0020724677361236795,0.8528068485731249,-11.318538972637567,-8.052602983464078,71,M2-COST-LEDGER-v1,100,AGGRESSIVE_CROSS_TO_CROSS_STATE_CONDITIONED,"assumes sufficient displayed size, immediate aggressive fill, no additional slippage, no impact and no queue effect; costs are M2-COST-LEDGER-v1 round trips at the declared 100-share representative size, and are 2026 rate cards applied to a 2019 tape for arithmetic validation, not a reconstruction of 2019 economics"
"[0.6,0.8)",WIDER_THAN_ONE_TICK,50-100,6871,75.24529762771067,4.556772351805095,2.2783861759025474,2.2605760674207787,0.02145747419712175,0.02145747419712175,-2.256928701705426,-4.517504769126204,0.01781010848176927,1.0713517544586322,-5.588856523584837,2.793710264596068,-7.311215033722274,2.106586236397087,-6.624091005523291,0.0016009314510260515,0.0005821568912822005,0.00029107844564110026,0.00029107844564110026,100,0,0.005125963216308784,0.3820491543710186,-6.424657699735917,-4.931289703364705,183,M2-COST-LEDGER-v1,100,AGGRESSIVE_CROSS_TO_CROSS_STATE_CONDITIONED,"assumes sufficient displayed size, immediate aggressive fill, no additional slippage, no impact and no queue effect; costs are M2-COST-LEDGER-v1 round trips at the declared 100-share representative size, and are 2026 rate cards applied to a 2019 tape for arithmetic validation, not a reconstruction of 2019 economics"
"[0.6,0.8)",WIDER_THAN_ONE_TICK,100-200,12963,134.20383398904576,4.152410581330133,2.0762052906650665,2.0698871734285844,0.022660320380459387,0.022660320380459387,-2.053544970284607,-4.123432143713191,0.0063181172364818565,0.6970470413219169,-4.820479185035108,1.5853011826373422,-5.708733326350534,1.2844946622588276,-5.40792680597202,0.0013114248245005013,0.0006171410938825889,0.00030857054694129443,0.00030857054694129443,100,0,0.009670770073207796,0.34763079583417544,-5.531308224529646,-4.152689404257762,186,M2-COST-LEDGER-v1,100,AGGRESSIVE_CROSS_TO_CROSS_STATE_CONDITIONED,"assumes sufficient displayed size, immediate aggressive fill, no additional slippage, no impact and no queue effect; costs are M2-COST-LEDGER-v1 round trips at the declared 100-share representative size, and are 2026 rate cards applied to a 2019 tape for arithmetic validation, not a reconstruction of 2019 economics"
"[0.6,0.8)",WIDER_THAN_ONE_TICK,200+,10700,640.8537186915887,4.584637501045525,2.2923187505227625,2.290365997772298,0.004581934027515879,0.004581934027515879,-2.2877368164952467,-4.578102814267544,0.0019527527504645727,0.39151523798318694,-4.969618052250732,0.5989192509545987,-5.177022065222143,0.6134501566976721,-5.191552970965216,0.0009345794392523365,0.00037383177570093456,0.00037383177570093456,0.00028037383177570094,100,0,0.007982507118978896,0.436996720472344,-5.870481489464409,-4.130205147970456,113,M2-COST-LEDGER-v1,100,AGGRESSIVE_CROSS_TO_CROSS_STATE_CONDITIONED,"assumes sufficient displayed size, immediate aggressive fill, no additional slippage, no impact and no queue effect; costs are M2-COST-LEDGER-v1 round trips at the declared 100-share representative size, and are 2026 rate cards applied to a 2019 tape for arithmetic validation, not a reconstruction of 2019 economics"
"[0.8,1.0]",ONE_TICK,5-25,3436,16.0709545983702,6.6577555183198145,3.3288777591599072,3.351547135117207,0.11128837101289589,0.11128837101289589,-3.2175893881470112,-6.569136523264219,-0.022669375957299724,4.329015012430458,-10.898151535694677,13.31078292955757,-19.87991945282179,9.261445424024382,-15.830581947288604,0.0,0.0,0.0,0.0,100,0,0.0025633546225057465,0.3948451413570071,-11.704288076249833,-10.17622150320772,64,M2-COST-LEDGER-v1,100,AGGRESSIVE_CROSS_TO_CROSS_STATE_CONDITIONED,"assumes sufficient displayed size, immediate aggressive fill, no additional slippage, no impact and no queue effect; costs are M2-COST-LEDGER-v1 round trips at the declared 100-share representative size, and are 2026 rate cards applied to a 2019 tape for arithmetic validation, not a reconstruction of 2019 economics"
"[0.8,1.0]",ONE_TICK,25-50,8205,37.29261243144424,2.7938746781133426,1.3969373390566713,1.406543520910947,0.05821347226689018,0.05821347226689018,-1.338723866789781,-2.7452673877007285,-0.009606181854275867,1.9365539977908846,-4.681821385491612,5.586937845975415,-8.332205233676143,4.006844099057688,-6.752111486758416,0.00036563071297989033,0.0002437538086532602,0.0001218769043266301,0.0001218769043266301,100,0,0.006121165505721667,0.0836741907267623,-4.848102246527361,-4.520402466492672,176,M2-COST-LEDGER-v1,100,AGGRESSIVE_CROSS_TO_CROSS_STATE_CONDITIONED,"assumes sufficient displayed size, immediate aggressive fill, no additional slippage, no impact and no queue effect; costs are M2-COST-LEDGER-v1 round trips at the declared 100-share representative size, and are 2026 rate cards applied to a 2019 tape for arithmetic validation, not a reconstruction of 2019 economics"
"[0.8,1.0]",ONE_TICK,50-100,12186,70.3335590021336,1.485879722293608,0.742939861146804,0.7514045219083545,0.029621083156915383,0.029621083156915383,-0.7133187779898886,-1.4647232998982431,-0.008464660761550412,1.126431080170133,-2.5911543800683763,2.971528910960881,-4.4362522108591245,2.2275578618868863,-3.692281161785129,0.0008206138191367143,0.0005744296733957,0.0,0.0,100,0,0.009091105771203442,0.06757797227822088,-2.7249094599843273,-2.4712631828443015,246,M2-COST-LEDGER-v1,100,AGGRESSIVE_CROSS_TO_CROSS_STATE_CONDITIONED,"assumes sufficient displayed size, immediate aggressive fill, no additional slippage, no impact and no queue effect; costs are M2-COST-LEDGER-v1 round trips at the declared 100-share representative size, and are 2026 rate cards applied to a 2019 tape for arithmetic validation, not a reconstruction of 2019 economics"
"[0.8,1.0]",ONE_TICK,100-200,5429,139.41648830355498,0.7561533960905563,0.37807669804527816,0.40463462376805626,0.030195951850408454,0.030195951850408454,-0.3478807461948697,-0.752515369962926,-0.02655792572277815,0.67441850349028,-1.426933873453206,1.5122469846336724,-2.2647623545965985,1.234795233869149,-1.987310603832075,0.004052311659605821,0.0014735678762202984,0.0003683919690550746,0.0003683919690550746,100,0,0.004050189827003404,0.032017763654206235,-1.4896020490056512,-1.3643780020060834,147,M2-COST-LEDGER-v1,100,AGGRESSIVE_CROSS_TO_CROSS_STATE_CONDITIONED,"assumes sufficient displayed size, immediate aggressive fill, no additional slippage, no impact and no queue effect; costs are M2-COST-LEDGER-v1 round trips at the declared 100-share representative size, and are 2026 rate cards applied to a 2019 tape for arithmetic validation, not a reconstruction of 2019 economics"
"[0.8,1.0]",ONE_TICK,200+,964,210.09496887966804,0.4772219076332689,0.23861095381663444,0.28902028843987077,0.03387500503516049,0.03387500503516049,-0.20473594878147394,-0.49375623722134476,-0.050409334623236345,0.5016319049382065,-0.9953881421595513,0.9544210006076078,-1.4481772378289526,0.8553011965023611,-1.349057433723706,0.002074688796680498,0.0,0.0,0.0,100,0,0.0007191716694108089,0.013398802648547675,-1.0290607084056196,-0.9768900961151223,25,M2-COST-LEDGER-v1,100,AGGRESSIVE_CROSS_TO_CROSS_STATE_CONDITIONED,"assumes sufficient displayed size, immediate aggressive fill, no additional slippage, no impact and no queue effect; costs are M2-COST-LEDGER-v1 round trips at the declared 100-share representative size, and are 2026 rate cards applied to a 2019 tape for arithmetic validation, not a reconstruction of 2019 economics"
"[0.8,1.0]",WIDER_THAN_ONE_TICK,5-25,286,14.997045454545457,26.298564021994647,13.149282010997323,13.123584148020113,0.10520529674779791,0.10520529674779791,-13.044076714249524,-26.16766086226964,0.025697862977212108,4.767758611532486,-30.93541947380212,14.72722715587566,-40.894888018145295,10.225065179186615,-36.39272604145625,0.0,0.0,0.0,0.0,100,0,0.0002133642089745761,6.164956462427925,-41.692362793945726,-18.621283312141315,5,M2-COST-LEDGER-v1,100,AGGRESSIVE_CROSS_TO_CROSS_STATE_CONDITIONED,"assumes sufficient displayed size, immediate aggressive fill, no additional slippage, no impact and no queue effect; costs are M2-COST-LEDGER-v1 round trips at the declared 100-share representative size, and are 2026 rate cards applied to a 2019 tape for arithmetic validation, not a reconstruction of 2019 economics"
"[0.8,1.0]",WIDER_THAN_ONE_TICK,25-50,1390,43.74385971223021,8.55238896923867,4.276194484619335,4.21448395255371,0.02667212277977524,0.02667212277977524,-4.249522361839559,-8.464006314393268,0.061710532065624706,1.6647880770201287,-10.128794391413397,4.709566027506469,-13.173572341899739,3.409960154606898,-11.873966469000168,0.002158273381294964,0.002158273381294964,0.0,0.0,100,0,0.0010369798967645482,0.8329366532770075,-11.639655217606277,-8.328496349948301,48,M2-COST-LEDGER-v1,100,AGGRESSIVE_CROSS_TO_CROSS_STATE_CONDITIONED,"assumes sufficient displayed size, immediate aggressive fill, no additional slippage, no impact and no queue effect; costs are M2-COST-LEDGER-v1 round trips at the declared 100-share representative size, and are 2026 rate cards applied to a 2019 tape for arithmetic validation, not a reconstruction of 2019 economics"
"[0.8,1.0]",WIDER_THAN_ONE_TICK,50-100,3494,78.38786061820264,4.911419233852871,2.4557096169264354,2.44503878352096,0.023820293842474412,0.023820293842474412,-2.4318893230839604,-4.876928106604921,0.010670833405475075,1.0339288453579223,-5.910856951962844,2.672893770324204,-7.549821876929125,2.0243936879954894,-6.90132179460041,0.0008586147681740126,0.00028620492272467084,0.00028620492272467084,0.00028620492272467084,100,0,0.002606624287262828,0.47459602095522285,-6.8555124000479335,-5.003482640696974,122,M2-COST-LEDGER-v1,100,AGGRESSIVE_CROSS_TO_CROSS_STATE_CONDITIONED,"assumes sufficient displayed size, immediate aggressive fill, no additional slippage, no impact and no queue effect; costs are M2-COST-LEDGER-v1 round trips at the declared 100-share representative size, and are 2026 rate cards applied to a 2019 tape for arithmetic validation, not a reconstruction of 2019 economics"
"[0.8,1.0]",WIDER_THAN_ONE_TICK,100-200,18124,139.6933047340543,4.822851540083285,2.4114257700416424,2.4096438609238224,0.025355929197878165,0.025355929197878165,-2.3860698408437644,-4.795713701767587,0.001781909117820079,0.6828180692532236,-5.47853177102081,1.5393642268062102,-6.335077928573797,1.2532433377743057,-6.048957039541892,0.0017104391966453322,0.0006069300375193114,0.00027587728978150516,0.00027587728978150516,100,0,0.013521024207885373,0.44474457812323265,-6.31808531918094,-4.612364165977079,178,M2-COST-LEDGER-v1,100,AGGRESSIVE_CROSS_TO_CROSS_STATE_CONDITIONED,"assumes sufficient displayed size, immediate aggressive fill, no additional slippage, no impact and no queue effect; costs are M2-COST-LEDGER-v1 round trips at the declared 100-share representative size, and are 2026 rate cards applied to a 2019 tape for arithmetic validation, not a reconstruction of 2019 economics"
"[0.8,1.0]",WIDER_THAN_ONE_TICK,200+,31363,871.2085645505852,3.9746289297598305,1.9873144648799153,1.985488089121618,0.006265987567972809,0.006265987567972809,-1.9810484773119421,-3.96653656643356,0.0018263757582969483,0.34375781591604954,-4.31029438234961,0.44473871159338024,-4.41127527802694,0.508559748145381,-4.47509631457894,0.00047827057360584125,0.0002550776392564487,0.0002550776392564487,0.0002231929343493926,100,0,0.023397698203040662,0.2761386400158904,-4.872335767115181,-3.7898061196187127,113,M2-COST-LEDGER-v1,100,AGGRESSIVE_CROSS_TO_CROSS_STATE_CONDITIONED,"assumes sufficient displayed size, immediate aggressive fill, no additional slippage, no impact and no queue effect; costs are M2-COST-LEDGER-v1 round trips at the declared 100-share representative size, and are 2026 rate cards applied to a 2019 tape for arithmetic validation, not a reconstruction of 2019 economics"
"[-1.0,-0.8)",ONE_TICK,5-25,2938,15.910262083049696,6.855706416909448,3.427853208454724,3.467734775106167,-0.2823583242587407,0.2823583242587407,-3.1454948841959833,-6.613229659302149,-0.03988156665144346,4.454687778218796,-11.067917437520947,13.716506144370609,-20.329735803672758,9.537462578570626,-16.15069223787277,0.0003403675970047651,0.0003403675970047651,0.0,0.0,250,0,0.0021918323285570088,0.49952084061668106,-12.08586612773564,-10.138388304147785,64,M2-COST-LEDGER-v1,100,AGGRESSIVE_CROSS_TO_CROSS_STATE_CONDITIONED,"assumes sufficient displayed size, immediate aggressive fill, no additional slippage, no impact and no queue effect; costs are M2-COST-LEDGER-v1 round trips at the declared 100-share representative size, and are 2026 rate cards applied to a 2019 tape for arithmetic validation, not a reconstruction of 2019 economics"
"[-1.0,-0.8)",ONE_TICK,25-50,6607,38.622716058725594,2.7020178439448532,1.3510089219724266,1.3720667558981048,-0.13086642281835353,0.13086642281835353,-1.2201424991540728,-2.5922092550521776,-0.021057833925678622,1.8801358901883702,-4.472345145240548,5.404797062755029,-7.997006317807207,3.8829320849658115,-6.475141340017989,0.0013621916149538368,0.0013621916149538368,0.0,0.00015135462388375965,250,0,0.004929011638793791,0.08859966841429569,-4.644633758382971,-4.311372529469617,175,M2-COST-LEDGER-v1,100,AGGRESSIVE_CROSS_TO_CROSS_STATE_CONDITIONED,"assumes sufficient displayed size, immediate aggressive fill, no additional slippage, no impact and no queue effect; costs are M2-COST-LEDGER-v1 round trips at the declared 100-share representative size, and are 2026 rate cards applied to a 2019 tape for arithmetic validation, not a reconstruction of 2019 economics"
"[-1.0,-0.8)",ONE_TICK,50-100,8932,65.00825906851769,1.595802247694796,0.797901123847398,0.8208588048033928,-0.07209161413082273,0.07209161413082273,-0.7258095097165754,-1.546668314519968,-0.02295768095599479,1.194680917045524,-2.7413492315654926,3.191867367378608,-4.738535681898576,2.3774560968339737,-3.924124411353942,0.0017913121361397223,0.0008956560680698612,0.0,0.0,250,0,0.006663528372590607,0.03648463549076404,-2.809313445258047,-2.6675989755493834,252,M2-COST-LEDGER-v1,100,AGGRESSIVE_CROSS_TO_CROSS_STATE_CONDITIONED,"assumes sufficient displayed size, immediate aggressive fill, no additional slippage, no impact and no queue effect; costs are M2-COST-LEDGER-v1 round trips at the declared 100-share representative size, and are 2026 rate cards applied to a 2019 tape for arithmetic validation, not a reconstruction of 2019 economics"
"[-1.0,-0.8)",ONE_TICK,100-200,5687,129.802387023035,0.7944570183940292,0.3972285091970146,0.4330656199693436,-0.04873054763519117,0.04873054763519117,-0.3484979615618235,-0.781563581531167,-0.035837110772328956,0.6981861778735049,-1.4797497594046718,1.588978782481049,-2.3705423640122163,1.2869965665309002,-2.0685601480620672,0.00949534024969228,0.005802707930367505,0.0008791981712678037,0.0015825567082820467,250,0,0.004242665232302148,0.021532882359339794,-1.521366301593219,-1.4396069558126678,156,M2-COST-LEDGER-v1,100,AGGRESSIVE_CROSS_TO_CROSS_STATE_CONDITIONED,"assumes sufficient displayed size, immediate aggressive fill, no additional slippage, no impact and no queue effect; costs are M2-COST-LEDGER-v1 round trips at the declared 100-share representative size, and are 2026 rate cards applied to a 2019 tape for arithmetic validation, not a reconstruction of 2019 economics"
"[-1.0,-0.8)",ONE_TICK,200+,1002,210.60198602794412,0.47633701086226843,0.23816850543113421,0.3155700319217939,-0.10227152483056512,0.10227152483056512,-0.13589698060056912,-0.451467012522363,-0.0774015264906597,0.5010978217958342,-0.9525648343181972,0.9526967612456307,-1.4041637737679937,0.8541281809462539,-1.305595193468617,0.020958083832335328,0.003992015968063872,0.0029940119760479044,0.003992015968063872,250,0,0.0007475207601137246,0.06612312073652038,-1.0600870248287029,-0.7980070841951933,30,M2-COST-LEDGER-v1,100,AGGRESSIVE_CROSS_TO_CROSS_STATE_CONDITIONED,"assumes sufficient displayed size, immediate aggressive fill, no additional slippage, no impact and no queue effect; costs are M2-COST-LEDGER-v1 round trips at the declared 100-share representative size, and are 2026 rate cards applied to a 2019 tape for arithmetic validation, not a reconstruction of 2019 economics"
"[-1.0,-0.8)",WIDER_THAN_ONE_TICK,5-25,214,13.524836448598132,31.373944835882135,15.686972417941067,15.609794450517958,-0.10973239441430029,0.10973239441430029,-15.577240023526768,-31.187034474044726,0.07717796742311168,5.170072888790462,-36.35710736283518,16.026062594965172,-47.2130970690099,11.10867461791816,-42.29570909196289,0.0,0.0,0.0,0.0,250,0,0.0001596501423795779,8.73016602124224,-50.358833542749025,-19.69499540034893,5,M2-COST-LEDGER-v1,100,AGGRESSIVE_CROSS_TO_CROSS_STATE_CONDITIONED,"assumes sufficient displayed size, immediate aggressive fill, no additional slippage, no impact and no queue effect; costs are M2-COST-LEDGER-v1 round trips at the declared 100-share representative size, and are 2026 rate cards applied to a 2019 tape for arithmetic validation, not a reconstruction of 2019 economics"
"[-1.0,-0.8)",WIDER_THAN_ONE_TICK,25-50,926,43.08046436285097,9.30879033810932,4.65439516905466,4.58704124499108,-0.07188205143034347,0.07188205143034347,-4.582513117624317,-9.169554362615395,0.0673539240635803,1.705471339631742,-10.87502570224714,4.840908279682783,-14.01046264229818,3.4993134708427154,-12.66886783345811,0.0032397408207343412,0.0032397408207343412,0.0,0.0,250,0,0.0006908225787078932,1.466804050497898,-13.807212201457942,-8.157518644602254,49,M2-COST-LEDGER-v1,100,AGGRESSIVE_CROSS_TO_CROSS_STATE_CONDITIONED,"assumes sufficient displayed size, immediate aggressive fill, no additional slippage, no impact and no queue effect; costs are M2-COST-LEDGER-v1 round trips at the declared 100-share representative size, and are 2026 rate cards applied to a 2019 tape for arithmetic validation, not a reconstruction of 2019 economics"
"[-1.0,-0.8)",WIDER_THAN_ONE_TICK,50-100,3653,79.63197372022994,4.676511350709678,2.338255675354839,2.327885331945198,-0.04010728003889337,0.04010728003889337,-2.2981483953159456,-4.626033727261144,0.010370343409640733,1.0239811105703396,-5.650014837831483,2.6407784037783366,-7.2668121310394795,2.0025453150960364,-6.628579042357179,0.0032849712565015056,0.0021899808376676703,0.0008212428141253764,0.0010949904188338351,250,0,0.002725242850993449,0.4228166200350977,-6.565163496240343,-4.918335922599177,136,M2-COST-LEDGER-v1,100,AGGRESSIVE_CROSS_TO_CROSS_STATE_CONDITIONED,"assumes sufficient displayed size, immediate aggressive fill, no additional slippage, no impact and no queue effect; costs are M2-COST-LEDGER-v1 round trips at the declared 100-share representative size, and are 2026 rate cards applied to a 2019 tape for arithmetic validation, not a reconstruction of 2019 economics"
"[-1.0,-0.8)",WIDER_THAN_ONE_TICK,100-200,18955,127.56537668161434,4.396399709607806,2.198199854803903,2.189640175381705,-0.0272615145702357,0.0272615145702357,-2.170938340233667,-4.360578515615372,0.00855967942219819,0.7166009623982302,-5.077179478013602,1.6484292571371433,-6.009007772752515,1.327441259493713,-5.688019775109085,0.003798470060670008,0.0021102611448166712,0.0006858348720654181,0.001160643629649169,250,0,0.014140974059835979,0.3603083663408153,-5.824390585756084,-4.4247675265542545,181,M2-COST-LEDGER-v1,100,AGGRESSIVE_CROSS_TO_CROSS_STATE_CONDITIONED,"assumes sufficient displayed size, immediate aggressive fill, no additional slippage, no impact and no queue effect; costs are M2-COST-LEDGER-v1 round trips at the declared 100-share representative size, and are 2026 rate cards applied to a 2019 tape for arithmetic validation, not a reconstruction of 2019 economics"
"[-1.0,-0.8)",WIDER_THAN_ONE_TICK,200+,30811,843.7854261465061,3.6142405382555367,1.8071202691277684,1.8051287779235035,-0.018133274936661854,0.018133274936661854,-1.7889869941911063,-3.5941157721146095,0.0019914912042647685,0.3571659411284746,-3.951281713243084,0.48802563721864267,-4.082141409333252,0.5380082332305777,-4.132124005345187,0.0012982376424004415,0.0005842069390801987,0.0004543831748401545,0.00048683911590016553,250,0,0.022985890359145677,0.2617026241724164,-4.4918515193068265,-3.458309676361984,113,M2-COST-LEDGER-v1,100,AGGRESSIVE_CROSS_TO_CROSS_STATE_CONDITIONED,"assumes sufficient displayed size, immediate aggressive fill, no additional slippage, no impact and no queue effect; costs are M2-COST-LEDGER-v1 round trips at the declared 100-share representative size, and are 2026 rate cards applied to a 2019 tape for arithmetic validation, not a reconstruction of 2019 economics"
"[-0.8,-0.6)",ONE_TICK,5-25,6735,15.374979213066075,7.023257957584681,3.5116289787923405,3.5313577753526992,-0.12450177694238948,0.12450177694238948,-3.387127201849951,-6.918484977202651,-0.019728796560359297,4.5585459668086,-11.477030944011252,14.051802959834061,-20.970287937036712,9.765568019801751,-16.684052997004404,0.00044543429844097997,0.00044543429844097997,0.0,0.0,250,0,0.005024503312740455,0.3883756806852622,-12.263008343295713,-10.758566816178194,65,M2-COST-LEDGER-v1,100,AGGRESSIVE_CROSS_TO_CROSS_STATE_CONDITIONED,"assumes sufficient displayed size, immediate aggressive fill, no additional slippage, no impact and no queue effect; costs are M2-COST-LEDGER-v1 round trips at the declared 100-share representative size, and are 2026 rate cards applied to a 2019 tape for arithmetic validation, not a reconstruction of 2019 economics"
"[-0.8,-0.6)",ONE_TICK,25-50,20639,38.42272614952275,2.7187185283772997,1.3593592641886498,1.374967603582479,-0.07849858794884902,0.07849858794884902,-1.2808606762398012,-2.6558282798222796,-0.01560833939382922,1.890485038918773,-4.546313318741053,5.438208358091277,-8.094036637913558,3.905662089884719,-6.561490369706999,0.0014051068365715394,0.0010659431173990989,4.845195988177722e-05,9.690391976355444e-05,250,0,0.015397286395196769,0.07560459100664951,-4.699046719002237,-4.404445932252488,179,M2-COST-LEDGER-v1,100,AGGRESSIVE_CROSS_TO_CROSS_STATE_CONDITIONED,"assumes sufficient displayed size, immediate aggressive fill, no additional slippage, no impact and no queue effect; costs are M2-COST-LEDGER-v1 round trips at the declared 100-share representative size, and are 2026 rate cards applied to a 2019 tape for arithmetic validation, not a reconstruction of 2019 economics"
"[-0.8,-0.6)",ONE_TICK,50-100,23274,64.36989301366332,1.6089697198642456,0.8044848599321228,0.8194290509218455,-0.055619337355859055,0.055619337355859055,-0.7488655225762638,-1.5682945734981095,-0.014944190989722566,1.2028393755137436,-2.771133949011853,3.2182062163478413,-4.78650078984595,2.3953746528373836,-3.9636692263354925,0.0021483200137492483,0.0014608576093494887,0.0,0.0001288992008249549,250,0,0.01736307202683316,0.03241413106044191,-2.8342326853712607,-2.7045829072073864,250,M2-COST-LEDGER-v1,100,AGGRESSIVE_CROSS_TO_CROSS_STATE_CONDITIONED,"assumes sufficient displayed size, immediate aggressive fill, no additional slippage, no impact and no queue effect; costs are M2-COST-LEDGER-v1 round trips at the declared 100-share representative size, and are 2026 rate cards applied to a 2019 tape for arithmetic validation, not a reconstruction of 2019 economics"
"[-0.8,-0.6)",ONE_TICK,100-200,6653,129.87135653088833,0.7971573856584822,0.3985786928292411,0.427240682771119,-0.05098806815447118,0.05098806815447118,-0.34759062467477,-0.7748313074458889,-0.028661989941877863,0.699859270402783,-1.4746905778486719,1.5943802111469991,-2.369211518592888,1.2906712070652038,-2.065502514511093,0.00766571471516609,0.00496016834510747,0.0006012325266796934,0.00135277318502931,250,0,0.004963328959118373,0.026518770254913834,-1.528792105095697,-1.423050906182964,146,M2-COST-LEDGER-v1,100,AGGRESSIVE_CROSS_TO_CROSS_STATE_CONDITIONED,"assumes sufficient displayed size, immediate aggressive fill, no additional slippage, no impact and no queue effect; costs are M2-COST-LEDGER-v1 round trips at the declared 100-share representative size, and are 2026 rate cards applied to a 2019 tape for arithmetic validation, not a reconstruction of 2019 economics"
"[-0.8,-0.6)",ONE_TICK,200+,1304,210.07106595092029,0.4771452685732939,0.23857263428664696,0.3242627775310371,-0.024147936116064625,0.024147936116064625,-0.21442469817058235,-0.5386874757016195,-0.08569014324439017,0.5015985574270041,-1.0402860331286234,0.9543133411686977,-1.493000816870317,0.8552279548171358,-1.393915430518755,0.015337423312883436,0.003834355828220859,0.0007668711656441718,0.003834355828220859,250,0,0.0009728214283316336,0.03682693003061675,-1.1312060072223589,-0.9915207337371784,27,M2-COST-LEDGER-v1,100,AGGRESSIVE_CROSS_TO_CROSS_STATE_CONDITIONED,"assumes sufficient displayed size, immediate aggressive fill, no additional slippage, no impact and no queue effect; costs are M2-COST-LEDGER-v1 round trips at the declared 100-share representative size, and are 2026 rate cards applied to a 2019 tape for arithmetic validation, not a reconstruction of 2019 economics"
"[-0.8,-0.6)",WIDER_THAN_ONE_TICK,5-25,275,15.371763636363639,18.132937642166645,9.066468821083323,8.982610897879292,0.13782007498319143,-0.13782007498319143,-9.204288896066513,-18.186899793945802,0.08385792320403167,4.549932235801131,-22.736832029746935,14.023994304442716,-32.21089409838852,9.746649541261121,-27.933549335206923,0.0,0.0,0.0,0.0,250,0,0.0002051578932447847,3.2033916704874996,-29.59560445020231,-16.496504632990053,11,M2-COST-LEDGER-v1,100,AGGRESSIVE_CROSS_TO_CROSS_STATE_CONDITIONED,"assumes sufficient displayed size, immediate aggressive fill, no additional slippage, no impact and no queue effect; costs are M2-COST-LEDGER-v1 round trips at the declared 100-share representative size, and are 2026 rate cards applied to a 2019 tape for arithmetic validation, not a reconstruction of 2019 economics"
"[-0.8,-0.6)",WIDER_THAN_ONE_TICK,25-50,2420,43.59758677685951,7.644116111786122,3.822058055893061,3.758197963414263,-0.10160310865887712,0.10160310865887712,-3.7204549472341832,-7.478652910648446,0.06386009247879809,1.677339568912367,-9.155992479560814,4.750087389547592,-12.22874030019604,3.4375272018957332,-10.91618011254418,0.002892561983471074,0.002066115702479339,0.00041322314049586776,0.0008264462809917355,250,0,0.0018053894605541054,0.7408029990205534,-10.632740828950649,-7.793416045590063,77,M2-COST-LEDGER-v1,100,AGGRESSIVE_CROSS_TO_CROSS_STATE_CONDITIONED,"assumes sufficient displayed size, immediate aggressive fill, no additional slippage, no impact and no queue effect; costs are M2-COST-LEDGER-v1 round trips at the declared 100-share representative size, and are 2026 rate cards applied to a 2019 tape for arithmetic validation, not a reconstruction of 2019 economics"
"[-0.8,-0.6)",WIDER_THAN_ONE_TICK,50-100,7444,70.9571628156905,4.916531236645601,2.4582656183228004,2.433204438009387,-0.06788972812142101,0.06788972812142101,-2.39037589020138,-4.823580328210767,0.025061180313413582,1.1275603469978888,-5.951140675208656,2.975174647289391,-7.798754975500158,2.2300380891227984,-7.053618417333565,0.0036270822138635144,0.0024180548092423426,0.0004030091348737238,0.0009403546480386889,250,0,0.005553437662960644,0.4055049249229609,-6.867414593070051,-5.239734245313836,176,M2-COST-LEDGER-v1,100,AGGRESSIVE_CROSS_TO_CROSS_STATE_CONDITIONED,"assumes sufficient displayed size, immediate aggressive fill, no additional slippage, no impact and no queue effect; costs are M2-COST-LEDGER-v1 round trips at the declared 100-share representative size, and are 2026 rate cards applied to a 2019 tape for arithmetic validation, not a reconstruction of 2019 economics"
"[-0.8,-0.6)",WIDER_THAN_ONE_TICK,100-200,13307,127.46325730818366,4.1164794017678386,2.0582397008839193,2.044841078892694,-0.024299541028088772,0.024299541028088772,-2.03394015985583,-4.078781238748524,0.013398621991225174,0.7165927379477676,-4.7953739766962915,1.6484027052389592,-5.727183943987483,1.327423195998411,-5.406204434746935,0.0032313819794093333,0.0019538588712707597,0.0004508905087547907,0.0008266325993837829,250,0,0.009927403946939455,0.33245566371447977,-5.491417214112539,-4.19956861113115,187,M2-COST-LEDGER-v1,100,AGGRESSIVE_CROSS_TO_CROSS_STATE_CONDITIONED,"assumes sufficient displayed size, immediate aggressive fill, no additional slippage, no impact and no queue effect; costs are M2-COST-LEDGER-v1 round trips at the declared 100-share representative size, and are 2026 rate cards applied to a 2019 tape for arithmetic validation, not a reconstruction of 2019 economics"
"[-0.8,-0.6)",WIDER_THAN_ONE_TICK,200+,10491,672.302157563626,4.267039768384837,2.1335198841924186,2.122945942498667,-0.018264367987968613,0.018264367987968613,-2.1152555162044497,-4.238201458703117,0.010573941693750871,0.3893926410765973,-4.6275940997797145,0.5920666378582641,-4.830268096561381,0.608788262334718,-4.8469897210378345,0.002192355352206653,0.0006672385854541988,0.00047659898961014205,0.0005719187875321705,250,0,0.00782658712011286,0.3958354881438828,-5.423411330267751,-3.866148775177526,113,M2-COST-LEDGER-v1,100,AGGRESSIVE_CROSS_TO_CROSS_STATE_CONDITIONED,"assumes sufficient displayed size, immediate aggressive fill, no additional slippage, no impact and no queue effect; costs are M2-COST-LEDGER-v1 round trips at the declared 100-share representative size, and are 2026 rate cards applied to a 2019 tape for arithmetic validation, not a reconstruction of 2019 economics"
"[-0.6,-0.4)",ONE_TICK,5-25,10700,14.445185981308411,7.489087788909329,3.7445438944546643,3.759123955884268,-0.08674281703761938,0.08674281703761938,-3.657801077417045,-7.416925033301313,-0.014580061429604567,4.847346964926184,-12.2642719982275,14.984170992497768,-22.40109602579908,10.399866383735166,-17.816791417036477,0.0005607476635514019,0.0005607476635514019,0.0,0.0,250,0,0.007982507118978896,0.4301799262635874,-13.124666735219114,-11.42891450020903,65,M2-COST-LEDGER-v1,100,AGGRESSIVE_CROSS_TO_CROSS_STATE_CONDITIONED,"assumes sufficient displayed size, immediate aggressive fill, no additional slippage, no impact and no queue effect; costs are M2-COST-LEDGER-v1 round trips at the declared 100-share representative size, and are 2026 rate cards applied to a 2019 tape for arithmetic validation, not a reconstruction of 2019 economics"
"[-0.6,-0.4)",ONE_TICK,25-50,29665,38.11645120512388,2.738723048260328,1.369361524130164,1.378124134175209,-0.043459230784793565,0.043459230784793565,-1.3259022933453706,-2.704026427520579,-0.008762610045044923,1.9028811075310657,-4.606907535051645,5.478227950059938,-8.182254377580517,3.932887778477326,-6.636914205997905,0.0011798415641328165,0.0010787122872071464,3.3709758975223326e-05,0.00030338783077700997,250,0,0.022130941465841956,0.07544058364611181,-4.754135340444265,-4.46119935435182,178,M2-COST-LEDGER-v1,100,AGGRESSIVE_CROSS_TO_CROSS_STATE_CONDITIONED,"assumes sufficient displayed size, immediate aggressive fill, no additional slippage, no impact and no queue effect; costs are M2-COST-LEDGER-v1 round trips at the declared 100-share representative size, and are 2026 rate cards applied to a 2019 tape for arithmetic validation, not a reconstruction of 2019 economics"
"[-0.6,-0.4)",ONE_TICK,50-100,33929,64.1672455716349,1.6145272247427827,0.8072636123713913,0.8177997876038722,-0.03793643071833341,0.03793643071833341,-0.7693271816530579,-1.58712696925693,-0.010536175232480871,1.2062828329249984,-2.793409802181929,3.229323108716702,-4.816450077973633,2.402937574767951,-3.9900645440248814,0.0017094520911314804,0.0012378791004745203,2.9473311916060008e-05,0.0002947331191606001,250,0,0.02531200785419018,0.03239778038439661,-2.8570537104484726,-2.7296189361453846,252,M2-COST-LEDGER-v1,100,AGGRESSIVE_CROSS_TO_CROSS_STATE_CONDITIONED,"assumes sufficient displayed size, immediate aggressive fill, no additional slippage, no impact and no queue effect; costs are M2-COST-LEDGER-v1 round trips at the declared 100-share representative size, and are 2026 rate cards applied to a 2019 tape for arithmetic validation, not a reconstruction of 2019 economics"
"[-0.6,-0.4)",ONE_TICK,100-200,8826,125.5622309086789,0.8177992370614194,0.4088996185307097,0.4302819533128557,-0.024060906564385094,0.024060906564385094,-0.3848387119663246,-0.8151206652791804,-0.021382334782146004,0.712647817400262,-1.5277684826794424,1.6356668842623472,-2.4507875495415274,1.318758902365633,-2.1338795676448132,0.005891683661907999,0.0030591434398368456,0.00022660321776569228,0.0007931112621799229,250,0,0.006584449330103526,0.02330234415016556,-1.5721611946636742,-1.4815846052688233,144,M2-COST-LEDGER-v1,100,AGGRESSIVE_CROSS_TO_CROSS_STATE_CONDITIONED,"assumes sufficient displayed size, immediate aggressive fill, no additional slippage, no impact and no queue effect; costs are M2-COST-LEDGER-v1 round trips at the declared 100-share representative size, and are 2026 rate cards applied to a 2019 tape for arithmetic validation, not a reconstruction of 2019 economics"
"[-0.6,-0.4)",ONE_TICK,200+,1326,209.36549019607844,0.47821753546401313,0.23910876773200657,0.2886454175126701,-0.01931542685607172,0.01931542685607172,-0.21979334087593486,-0.508438758388605,-0.04953664978066354,0.5022628532147431,-1.0107016116033483,0.9564579603381539,-1.4648967187267588,0.8566869585396891,-1.3651257169282942,0.01809954751131222,0.003770739064856712,0.0007541478129713424,0.003770739064856712,250,0,0.0009892340597912163,0.017674368176058487,-1.0552036023007119,-0.9870453276656674,25,M2-COST-LEDGER-v1,100,AGGRESSIVE_CROSS_TO_CROSS_STATE_CONDITIONED,"assumes sufficient displayed size, immediate aggressive fill, no additional slippage, no impact and no queue effect; costs are M2-COST-LEDGER-v1 round trips at the declared 100-share representative size, and are 2026 rate cards applied to a 2019 tape for arithmetic validation, not a reconstruction of 2019 economics"
"[-0.6,-0.4)",WIDER_THAN_ONE_TICK,5-25,308,15.428652597402596,17.92721064887734,8.96360532443867,8.70813699642351,-0.04168115639681167,0.04168115639681167,-8.921924168041858,-17.63006116446537,0.2554683280151604,4.622234926739375,-22.25229609120474,14.257417035478207,-31.887478199943576,9.905449125989145,-27.535510290454514,0.006493506493506494,0.0,0.0,0.0,250,0,0.00022977684043415887,2.7393832641368108,-28.59356006329414,-17.91229883142684,23,M2-COST-LEDGER-v1,100,AGGRESSIVE_CROSS_TO_CROSS_STATE_CONDITIONED,"assumes sufficient displayed size, immediate aggressive fill, no additional slippage, no impact and no queue effect; costs are M2-COST-LEDGER-v1 round trips at the declared 100-share representative size, and are 2026 rate cards applied to a 2019 tape for arithmetic validation, not a reconstruction of 2019 economics"
"[-0.6,-0.4)",WIDER_THAN_ONE_TICK,25-50,3336,43.43330485611511,7.824304508013183,3.9121522540065916,3.8055268605669195,-0.065380266375236,0.065380266375236,-3.8467719876313557,-7.652298848198275,0.1066253934396723,1.682865197752597,-9.335164045950872,4.767926384996278,-12.420225233194554,3.4496632310504327,-11.101962079248707,0.0008992805755395684,0.0005995203836930455,0.0,0.0,250,0,0.0024887517522349154,0.8175063558243997,-11.006248354867129,-7.840264217430794,101,M2-COST-LEDGER-v1,100,AGGRESSIVE_CROSS_TO_CROSS_STATE_CONDITIONED,"assumes sufficient displayed size, immediate aggressive fill, no additional slippage, no impact and no queue effect; costs are M2-COST-LEDGER-v1 round trips at the declared 100-share representative size, and are 2026 rate cards applied to a 2019 tape for arithmetic validation, not a reconstruction of 2019 economics"
"[-0.6,-0.4)",WIDER_THAN_ONE_TICK,50-100,11174,73.33967558618221,4.3942502586904135,2.1971251293452068,2.1561626702718373,-0.031138596846557627,0.031138596846557627,-2.165986532498649,-4.322149202770486,0.04096245907336924,1.0974107279186396,-5.419559930689125,2.8778393153144135,-7.199988518084899,2.1638199867622334,-6.48596918953272,0.002058349740468946,0.0008054412027921962,0.00026848040093073206,0.0004474673348845534,250,0,0.008336124724062633,0.26176808276085706,-5.893649480774565,-4.923551551538647,212,M2-COST-LEDGER-v1,100,AGGRESSIVE_CROSS_TO_CROSS_STATE_CONDITIONED,"assumes sufficient displayed size, immediate aggressive fill, no additional slippage, no impact and no queue effect; costs are M2-COST-LEDGER-v1 round trips at the declared 100-share representative size, and are 2026 rate cards applied to a 2019 tape for arithmetic validation, not a reconstruction of 2019 economics"
"[-0.6,-0.4)",WIDER_THAN_ONE_TICK,100-200,17872,126.37433023724263,4.059108482413061,2.0295542412065304,2.00961350182651,-0.028487998305953045,0.028487998305953045,-2.001066242900577,-4.010679744727088,0.019940739380020847,0.7172249175185484,-4.727904662245635,1.6504436400921663,-5.661123384819253,1.3288116623474615,-5.339491407074548,0.002573858549686661,0.001566696508504924,0.00016786034019695615,0.0006154879140555058,250,0,0.013333024974802881,0.3199249522022436,-5.346045396489627,-4.117623911868365,190,M2-COST-LEDGER-v1,100,AGGRESSIVE_CROSS_TO_CROSS_STATE_CONDITIONED,"assumes sufficient displayed size, immediate aggressive fill, no additional slippage, no impact and no queue effect; costs are M2-COST-LEDGER-v1 round trips at the declared 100-share representative size, and are 2026 rate cards applied to a 2019 tape for arithmetic validation, not a reconstruction of 2019 economics"
"[-0.6,-0.4)",WIDER_THAN_ONE_TICK,200+,12078,579.5914037920185,3.805196544808629,1.9025982724043145,1.8967426399548604,-0.014840467779153895,0.014840467779153895,-1.8877578046251604,-3.784500444580021,0.0058556324494539345,0.4042991703269912,-4.188799614907012,0.6401910260758391,-4.42469147065586,0.6415277167586281,-4.426028161338649,0.0018214936247723133,0.0005795661533366451,0.0005795661533366451,0.0005795661533366451,250,0,0.009010534671310943,0.2774843853291545,-4.754929516374368,-3.6808225853514345,113,M2-COST-LEDGER-v1,100,AGGRESSIVE_CROSS_TO_CROSS_STATE_CONDITIONED,"assumes sufficient displayed size, immediate aggressive fill, no additional slippage, no impact and no queue effect; costs are M2-COST-LEDGER-v1 round trips at the declared 100-share representative size, and are 2026 rate cards applied to a 2019 tape for arithmetic validation, not a reconstruction of 2019 economics"
"[-0.4,-0.2)",ONE_TICK,5-25,15485,13.730438165967064,7.828906969023132,3.914453484511566,3.920841519435521,-0.03713668637969265,0.03713668637969265,-3.8773167981318735,-7.7981583175673945,-0.0063880349239553115,5.058021583192106,-12.856179900759502,15.664315038554017,-23.46247335612141,10.862574499563644,-18.660732817131034,0.00038747174685179207,0.00032289312237649337,0.0,6.457862447529868e-05,250,0,0.01155225446143815,0.41192558925821393,-13.63546222671514,-12.050834968953477,65,M2-COST-LEDGER-v1,100,AGGRESSIVE_CROSS_TO_CROSS_STATE_CONDITIONED,"assumes sufficient displayed size, immediate aggressive fill, no additional slippage, no impact and no queue effect; costs are M2-COST-LEDGER-v1 round trips at the declared 100-share representative size, and are 2026 rate cards applied to a 2019 tape for arithmetic validation, not a reconstruction of 2019 economics"
"[-0.4,-0.2)",ONE_TICK,25-50,38618,37.79056139624009,2.764366209244814,1.382183104622407,1.3906403261556683,-0.021582750051768268,0.021582750051768268,-1.3606003545706384,-2.751240680726307,-0.008457221533261675,1.918771662931082,-4.670012343657389,5.529529178147157,-8.280769858873464,3.9677884656561146,-6.719029146382422,0.0007768398156300171,0.0005955771919830131,7.76839815630017e-05,0.00018126262364700398,250,0,0.02881013644118944,0.0751312303716068,-4.8214619442234685,-4.522410644395429,179,M2-COST-LEDGER-v1,100,AGGRESSIVE_CROSS_TO_CROSS_STATE_CONDITIONED,"assumes sufficient displayed size, immediate aggressive fill, no additional slippage, no impact and no queue effect; costs are M2-COST-LEDGER-v1 round trips at the declared 100-share representative size, and are 2026 rate cards applied to a 2019 tape for arithmetic validation, not a reconstruction of 2019 economics"
"[-0.4,-0.2)",ONE_TICK,50-100,46672,64.93242629413781,1.5980753978408584,0.7990376989204292,0.8099068946311475,-0.017506416706310153,0.017506416706310153,-0.7815312822141189,-1.5914381768452668,-0.010869195710718394,1.1960893651466804,-2.787527541991947,3.19641441532423,-4.7878525921694965,2.380549494474812,-3.9719876713200786,0.0014998285910181694,0.0011784367500857044,4.2852245457661984e-05,8.570449091532397e-05,250,0,0.03481865161280215,0.03148037483529282,-2.8475561979755946,-2.7254212633676773,254,M2-COST-LEDGER-v1,100,AGGRESSIVE_CROSS_TO_CROSS_STATE_CONDITIONED,"assumes sufficient displayed size, immediate aggressive fill, no additional slippage, no impact and no queue effect; costs are M2-COST-LEDGER-v1 round trips at the declared 100-share representative size, and are 2026 rate cards applied to a 2019 tape for arithmetic validation, not a reconstruction of 2019 economics"
"[-0.4,-0.2)",ONE_TICK,100-200,12817,125.1155828196926,0.8209263642674047,0.41046318213370236,0.43876810057029036,-0.018672804708785427,0.018672804708785427,-0.39179037742491685,-0.8305584779952072,-0.028304918436588028,0.714585225301087,-1.5451437032962942,1.6419216313190863,-2.4724801093142936,1.3230140630810563,-2.1535725410762634,0.006553795740032769,0.004135133026449247,0.0005461496450027307,0.0010922992900054614,250,0,0.009561849882612383,0.02095265958800905,-1.5858711406493455,-1.5033744096999322,158,M2-COST-LEDGER-v1,100,AGGRESSIVE_CROSS_TO_CROSS_STATE_CONDITIONED,"assumes sufficient displayed size, immediate aggressive fill, no additional slippage, no impact and no queue effect; costs are M2-COST-LEDGER-v1 round trips at the declared 100-share representative size, and are 2026 rate cards applied to a 2019 tape for arithmetic validation, not a reconstruction of 2019 economics"
"[-0.4,-0.2)",ONE_TICK,200+,1467,209.99729038854807,0.47725969165249044,0.23862984582624522,0.31234822336063894,-0.016253967635682615,0.016253967635682615,-0.2223758781905626,-0.5347241015512016,-0.07371837753439374,0.5016694454169278,-1.0363935469681296,0.9545421966648197,-1.4892662982160212,0.8553836472708468,-1.3901077488220484,0.016359918200409,0.00408997955010225,0.002044989775051125,0.00408997955010225,250,0,0.0010944241068730877,0.042579452307528264,-1.147300612071857,-0.9841221220071731,27,M2-COST-LEDGER-v1,100,AGGRESSIVE_CROSS_TO_CROSS_STATE_CONDITIONED,"assumes sufficient displayed size, immediate aggressive fill, no additional slippage, no impact and no queue effect; costs are M2-COST-LEDGER-v1 round trips at the declared 100-share representative size, and are 2026 rate cards applied to a 2019 tape for arithmetic validation, not a reconstruction of 2019 economics"
"[-0.4,-0.2)",WIDER_THAN_ONE_TICK,5-25,507,15.663244575936886,17.138691666306194,8.569345833153097,8.202861731977974,-0.20693647105437057,0.20693647105437057,-8.362409362098727,-16.5652710940767,0.3664841011751254,4.5624419277525154,-21.127713021829216,14.064380719136452,-30.629651813213147,9.774124782655,-26.339395876731697,0.0019723865877712033,0.0019723865877712033,0.0,0.0,250,0,0.00037823655227311217,2.4492229273038704,-26.362003511876168,-16.684581409794824,32,M2-COST-LEDGER-v1,100,AGGRESSIVE_CROSS_TO_CROSS_STATE_CONDITIONED,"assumes sufficient displayed size, immediate aggressive fill, no additional slippage, no impact and no queue effect; costs are M2-COST-LEDGER-v1 round trips at the declared 100-share representative size, and are 2026 rate cards applied to a 2019 tape for arithmetic validation, not a reconstruction of 2019 economics"
"[-0.4,-0.2)",WIDER_THAN_ONE_TICK,25-50,5312,42.62419239457831,7.739669801748899,3.8698349008744497,3.781353901846338,0.007160769543133334,-0.007160769543133334,-3.8769956704175823,-7.65834957226392,0.08848099902811102,1.7131190393323381,-9.371468611596258,4.86559818993491,-12.52394776219883,3.5161102389964287,-11.174459811260348,0.0009412650602409639,0.00037650602409638556,0.00018825301204819278,0.00018825301204819278,250,0,0.003962904468786532,0.7561161498536939,-10.8287273104589,-7.926414904455545,117,M2-COST-LEDGER-v1,100,AGGRESSIVE_CROSS_TO_CROSS_STATE_CONDITIONED,"assumes sufficient displayed size, immediate aggressive fill, no additional slippage, no impact and no queue effect; costs are M2-COST-LEDGER-v1 round trips at the declared 100-share representative size, and are 2026 rate cards applied to a 2019 tape for arithmetic validation, not a reconstruction of 2019 economics"
"[-0.4,-0.2)",WIDER_THAN_ONE_TICK,50-100,19199,73.88705323193916,4.428505672816432,2.214252836408216,2.178473886727352,-0.015462608569223572,0.015462608569223572,-2.198790227838993,-4.377264114566344,0.03577894968086413,1.0918633633947643,-5.469127477961109,2.859930148167116,-7.237194262733461,2.151636219169423,-6.528900333735767,0.0014584092921506328,0.0006771185999270796,0.00010417209229647377,0.00020834418459294755,250,0,0.014323005063296805,0.3005259238088115,-6.059432631801827,-4.885975491372019,226,M2-COST-LEDGER-v1,100,AGGRESSIVE_CROSS_TO_CROSS_STATE_CONDITIONED,"assumes sufficient displayed size, immediate aggressive fill, no additional slippage, no impact and no queue effect; costs are M2-COST-LEDGER-v1 round trips at the declared 100-share representative size, and are 2026 rate cards applied to a 2019 tape for arithmetic validation, not a reconstruction of 2019 economics"
"[-0.4,-0.2)",WIDER_THAN_ONE_TICK,100-200,33248,125.71239352743021,3.823910516896659,1.9119552584483295,1.8946318710112777,-0.016999677177429798,0.016999677177429798,-1.8949555812708996,-3.7895874522821775,0.017323387437051557,0.7178712989886691,-4.507458751270846,1.6525304244993348,-5.442117876781513,1.3302313205607184,-5.119818772842896,0.002586621751684312,0.0013835418671799807,0.00024061597690086623,0.0007519249278152069,250,0,0.024803962307645824,0.2663081083202008,-5.032394040528524,-4.031023031088755,190,M2-COST-LEDGER-v1,100,AGGRESSIVE_CROSS_TO_CROSS_STATE_CONDITIONED,"assumes sufficient displayed size, immediate aggressive fill, no additional slippage, no impact and no queue effect; costs are M2-COST-LEDGER-v1 round trips at the declared 100-share representative size, and are 2026 rate cards applied to a 2019 tape for arithmetic validation, not a reconstruction of 2019 economics"
"[-0.4,-0.2)",WIDER_THAN_ONE_TICK,200+,16434,493.9570822684678,4.068736554147132,2.034368277073566,2.0243824938856183,-0.012964557706796755,0.012964557706796755,-2.021403719366769,-4.045786213252388,0.009985783187947442,0.41650147529370835,-4.462287688546096,0.6795850695519235,-4.725371282804311,0.6683278390817997,-4.714114052334187,0.0019471826700742363,0.0009735913350371182,0.0004867956675185591,0.0009127418765972983,250,0,0.012260235700308333,0.308198219722117,-5.088384639282091,-3.882558410412685,113,M2-COST-LEDGER-v1,100,AGGRESSIVE_CROSS_TO_CROSS_STATE_CONDITIONED,"assumes sufficient displayed size, immediate aggressive fill, no additional slippage, no impact and no queue effect; costs are M2-COST-LEDGER-v1 round trips at the declared 100-share representative size, and are 2026 rate cards applied to a 2019 tape for arithmetic validation, not a reconstruction of 2019 economics"
"[-0.2,0.0)",ONE_TICK,5-25,16191,13.43565653758261,8.018581552835492,4.009290776417746,4.0133550588059395,-0.017418457808936867,0.017418457808936867,-3.9918723186088094,-8.005227377414748,-0.004064282388192544,5.175624429784555,-13.180851807199303,16.04398524547072,-24.049212622885463,11.120867558360938,-19.12609493577569,0.0003088135383855228,0.0003088135383855228,0.0,6.176270767710456e-05,250,0,0.012078950725550215,0.42970493547605043,-13.973827112596998,-12.297257453884841,65,M2-COST-LEDGER-v1,100,AGGRESSIVE_CROSS_TO_CROSS_STATE_CONDITIONED,"assumes sufficient displayed size, immediate aggressive fill, no additional slippage, no impact and no queue effect; costs are M2-COST-LEDGER-v1 round trips at the declared 100-share representative size, and are 2026 rate cards applied to a 2019 tape for arithmetic validation, not a reconstruction of 2019 economics"
"[-0.2,0.0)",ONE_TICK,25-50,37047,37.00706224525602,2.8210132374334087,1.4105066187167044,1.414695066468204,-0.004840041037593067,0.004840041037593067,-1.4056665776791113,-2.8203616441473156,-0.00418844775149976,1.953874271081467,-4.774235915228783,5.642854789609256,-8.463216433756571,4.044884899064284,-6.865246543211599,0.0006208329959240964,0.00051286204011121,0.0,0.00010797095581288633,250,0,0.027638125349234686,0.07597752900559424,-4.916076037760505,-4.620433224602716,179,M2-COST-LEDGER-v1,100,AGGRESSIVE_CROSS_TO_CROSS_STATE_CONDITIONED,"assumes sufficient displayed size, immediate aggressive fill, no additional slippage, no impact and no queue effect; costs are M2-COST-LEDGER-v1 round trips at the declared 100-share representative size, and are 2026 rate cards applied to a 2019 tape for arithmetic validation, not a reconstruction of 2019 economics"
"[-0.2,0.0)",ONE_TICK,50-100,41707,64.69982772676049,1.605224943110983,0.8026124715554915,0.8075092094551146,-0.004824301903171861,0.004824301903171861,-0.7977881696523195,-1.6052973791074345,-0.00489673789962327,1.200519277904959,-2.8058166570123935,3.210715990007938,-4.816013369115373,2.39027898444631,-3.9955763635537447,0.0010549787805404368,0.0008391876663389839,2.397679046682811e-05,9.590716186731244e-05,250,0,0.031114619103855403,0.03445648939268731,-2.8721378849985317,-2.735056959072994,252,M2-COST-LEDGER-v1,100,AGGRESSIVE_CROSS_TO_CROSS_STATE_CONDITIONED,"assumes sufficient displayed size, immediate aggressive fill, no additional slippage, no impact and no queue effect; costs are M2-COST-LEDGER-v1 round trips at the declared 100-share representative size, and are 2026 rate cards applied to a 2019 tape for arithmetic validation, not a reconstruction of 2019 economics"
"[-0.2,0.0)",ONE_TICK,100-200,9093,126.64411250412405,0.8157534579590147,0.40787672897950733,0.42936631576253276,-0.011029942817808183,0.011029942817808183,-0.39684678616169916,-0.826213101924232,-0.021489586783025417,0.7113804338072693,-1.5375935357315011,1.6315752503866645,-2.4577883523108968,1.3159753270153016,-2.142188428939533,0.006268558231606731,0.0031892664687121963,0.0003299241174529858,0.0007698229407236335,250,0,0.006783638993726645,0.023312607274450118,-1.5838562633307278,-1.4928524717559957,150,M2-COST-LEDGER-v1,100,AGGRESSIVE_CROSS_TO_CROSS_STATE_CONDITIONED,"assumes sufficient displayed size, immediate aggressive fill, no additional slippage, no impact and no queue effect; costs are M2-COST-LEDGER-v1 round trips at the declared 100-share representative size, and are 2026 rate cards applied to a 2019 tape for arithmetic validation, not a reconstruction of 2019 economics"
"[-0.2,0.0)",ONE_TICK,200+,1341,209.77311334824756,0.47757165787527295,0.23878582893763647,0.28281213231847663,-0.010156258591134384,0.010156258591134384,-0.2286295703465021,-0.5114417026649787,-0.04402630338084017,0.5018627157437938,-1.0133044184087725,0.9551661525223364,-1.4666078551873152,0.8558081300563184,-1.3672498327212972,0.01715137956748695,0.0022371364653243847,0.0014914243102162564,0.0022371364653243847,250,0,0.001000424490331841,0.022317986228924794,-1.0668316291489888,-0.9786210919341544,24,M2-COST-LEDGER-v1,100,AGGRESSIVE_CROSS_TO_CROSS_STATE_CONDITIONED,"assumes sufficient displayed size, immediate aggressive fill, no additional slippage, no impact and no queue effect; costs are M2-COST-LEDGER-v1 round trips at the declared 100-share representative size, and are 2026 rate cards applied to a 2019 tape for arithmetic validation, not a reconstruction of 2019 economics"
"[-0.2,0.0)",WIDER_THAN_ONE_TICK,5-25,611,16.752013093289687,15.79565108352074,7.89782554176037,7.522188230204347,-0.027342020149151307,0.027342020149151307,-7.870483521611219,-15.392671751815566,0.37563731155602315,4.31752469946524,-19.710196451280805,13.273687488184795,-28.66635924000036,9.23620906139951,-24.628880813215076,0.0,0.0,0.0,0.0,250,0,0.0004558235373547762,1.8793583292646137,-23.423246233426482,-16.200977409944304,36,M2-COST-LEDGER-v1,100,AGGRESSIVE_CROSS_TO_CROSS_STATE_CONDITIONED,"assumes sufficient displayed size, immediate aggressive fill, no additional slippage, no impact and no queue effect; costs are M2-COST-LEDGER-v1 round trips at the declared 100-share representative size, and are 2026 rate cards applied to a 2019 tape for arithmetic validation, not a reconstruction of 2019 economics"
"[-0.2,0.0)",WIDER_THAN_ONE_TICK,25-50,3966,41.77243192133132,6.772375267105696,3.386187633552848,3.279419910986094,-0.012996514702020508,0.012996514702020508,-3.3731911188508277,-6.652611029836921,0.10676772256675401,1.749847516502077,-8.402458546338998,4.9841727732109025,-11.636783803047825,3.596777595170336,-10.249388625007256,0.0010085728693898135,0.0007564296520423601,0.0005042864346949068,0.0005042864346949068,250,0,0.0029587498349411497,0.4651970608941059,-9.417286007546362,-7.605912845041935,140,M2-COST-LEDGER-v1,100,AGGRESSIVE_CROSS_TO_CROSS_STATE_CONDITIONED,"assumes sufficient displayed size, immediate aggressive fill, no additional slippage, no impact and no queue effect; costs are M2-COST-LEDGER-v1 round trips at the declared 100-share representative size, and are 2026 rate cards applied to a 2019 tape for arithmetic validation, not a reconstruction of 2019 economics"
"[-0.2,0.0)",WIDER_THAN_ONE_TICK,50-100,13207,73.47639282198834,3.938429785308434,1.969214892654217,1.9216961258464889,-0.011450133586679097,0.011450133586679097,-1.957764759067538,-3.8794608849140264,0.047518766807728235,1.0947649547817628,-4.97422583969579,2.8692976748402357,-6.748758559754262,2.158009031872886,-6.037469916786913,0.0014386310289997727,0.0007571742257893541,7.57174225789354e-05,7.57174225789354e-05,250,0,0.009852801076668624,0.1668547833795411,-5.323800854537127,-4.671056784984166,237,M2-COST-LEDGER-v1,100,AGGRESSIVE_CROSS_TO_CROSS_STATE_CONDITIONED,"assumes sufficient displayed size, immediate aggressive fill, no additional slippage, no impact and no queue effect; costs are M2-COST-LEDGER-v1 round trips at the declared 100-share representative size, and are 2026 rate cards applied to a 2019 tape for arithmetic validation, not a reconstruction of 2019 economics"
"[-0.2,0.0)",WIDER_THAN_ONE_TICK,100-200,20781,127.1136947211395,3.6375026698268207,1.8187513349134103,1.7963237797751888,-0.007149597024870387,0.007149597024870387,-1.8116017378885403,-3.6079255176637286,0.02242755513822199,0.7153002768922546,-4.3232257945559835,1.6442301110322985,-5.252155628696027,1.3245845426062721,-4.932510060270002,0.00211731870458592,0.0007218131947452,4.8120879649679994e-05,0.00033684615754775996,250,0,0.015503222470981348,0.21590980546424857,-4.79950242859596,-3.938836094198616,189,M2-COST-LEDGER-v1,100,AGGRESSIVE_CROSS_TO_CROSS_STATE_CONDITIONED,"assumes sufficient displayed size, immediate aggressive fill, no additional slippage, no impact and no queue effect; costs are M2-COST-LEDGER-v1 round trips at the declared 100-share representative size, and are 2026 rate cards applied to a 2019 tape for arithmetic validation, not a reconstruction of 2019 economics"
"[-0.2,0.0)",WIDER_THAN_ONE_TICK,200+,14454,682.4125221392002,3.7160213771880874,1.8580106885940437,1.8471682161370777,-0.0033764386817741006,0.0033764386817741006,-1.8546342499122692,-3.701802466049348,0.01084247245696566,0.3899069897628851,-4.091709455812233,0.5937271663047138,-4.295529632354061,0.6099179347815935,-4.311720400830941,0.0017296250172962502,0.00076103500761035,0.0006918500069185001,0.00076103500761035,250,0,0.010783098868945884,0.2687915333129502,-4.653714373369392,-3.6020189550715784,113,M2-COST-LEDGER-v1,100,AGGRESSIVE_CROSS_TO_CROSS_STATE_CONDITIONED,"assumes sufficient displayed size, immediate aggressive fill, no additional slippage, no impact and no queue effect; costs are M2-COST-LEDGER-v1 round trips at the declared 100-share representative size, and are 2026 rate cards applied to a 2019 tape for arithmetic validation, not a reconstruction of 2019 economics"
"[0.0,0.2)",ONE_TICK,5-25,17975,13.642759109874826,7.880121482789091,3.9400607413945457,3.944292487586682,0.01866106007169739,0.01866106007169739,-3.921399681322848,-7.865692168909529,-0.004231746192136737,5.085695679487048,-12.951387848396577,15.753658367996927,-23.619350536906456,10.92335557067362,-18.78904773958315,0.00033379694019471486,0.00033379694019471486,0.0,0.0,250,0,0.013409865931181836,0.40330078873745195,-13.757175119474134,-12.151966747086366,65,M2-COST-LEDGER-v1,100,AGGRESSIVE_CROSS_TO_CROSS_STATE_CONDITIONED,"assumes sufficient displayed size, immediate aggressive fill, no additional slippage, no impact and no queue effect; costs are M2-COST-LEDGER-v1 round trips at the declared 100-share representative size, and are 2026 rate cards applied to a 2019 tape for arithmetic validation, not a reconstruction of 2019 economics"
"[0.0,0.2)",ONE_TICK,25-50,39441,36.824467052052434,2.832947733644841,1.4164738668224206,1.4199422823765833,0.005622786192565364,0.005622786192565364,-1.4108510806298553,-2.830793363006438,-0.0034684155541628045,1.960752665367407,-4.791546028373846,5.665061066561444,-8.495854429567881,4.05999202913135,-6.890785392137788,0.00048173220760122713,0.00040566922745366495,0.0,0.0,250,0,0.029424118063518377,0.07399245511096758,-4.929573493089899,-4.638329345266411,179,M2-COST-LEDGER-v1,100,AGGRESSIVE_CROSS_TO_CROSS_STATE_CONDITIONED,"assumes sufficient displayed size, immediate aggressive fill, no additional slippage, no impact and no queue effect; costs are M2-COST-LEDGER-v1 round trips at the declared 100-share representative size, and are 2026 rate cards applied to a 2019 tape for arithmetic validation, not a reconstruction of 2019 economics"
"[0.0,0.2)",ONE_TICK,50-100,41717,64.31841827072896,1.6149545479786085,0.8074772739893042,0.8133639334038193,0.004857956847448553,0.004857956847448553,-0.8026193171418557,-1.6159832505456753,-0.005886659414515153,1.2063809603555828,-2.822364210901258,3.2296399042956674,-4.845623154841342,2.4031530936514813,-4.019136344197157,0.001078696934103603,0.0008869285902629624,0.00021573938682072056,0.00021573938682072056,250,0,0.031122079390882487,0.034659883865646154,-2.8885424847667074,-2.7545490665231633,253,M2-COST-LEDGER-v1,100,AGGRESSIVE_CROSS_TO_CROSS_STATE_CONDITIONED,"assumes sufficient displayed size, immediate aggressive fill, no additional slippage, no impact and no queue effect; costs are M2-COST-LEDGER-v1 round trips at the declared 100-share representative size, and are 2026 rate cards applied to a 2019 tape for arithmetic validation, not a reconstruction of 2019 economics"
"[0.0,0.2)",ONE_TICK,100-200,10234,126.25928473715068,0.8166380408513911,0.40831902042569557,0.42793458209147417,0.007389813296183739,0.007389813296183739,-0.40092920712951174,-0.8288637892209861,-0.01961556166577872,0.7118860871674842,-1.5407498763884702,1.6332077067553972,-2.4620714959763834,1.3170859017750576,-2.1459496909960434,0.004299394176275161,0.0025405511041625955,0.0004885675200312683,0.0004885675200312683,250,0,0.007634857743516824,0.022838596675436588,-1.5839022124519844,-1.4954610651727949,155,M2-COST-LEDGER-v1,100,AGGRESSIVE_CROSS_TO_CROSS_STATE_CONDITIONED,"assumes sufficient displayed size, immediate aggressive fill, no additional slippage, no impact and no queue effect; costs are M2-COST-LEDGER-v1 round trips at the declared 100-share representative size, and are 2026 rate cards applied to a 2019 tape for arithmetic validation, not a reconstruction of 2019 economics"
"[0.0,0.2)",ONE_TICK,200+,1436,210.5684610027855,0.4762927483436733,0.23814637417183665,0.27411025726272464,-0.024491737074320324,-0.024491737074320324,-0.262638111246157,-0.5367483685088815,-0.035963883090887994,0.5010563165441575,-1.0378046850530391,0.9525627652757301,-1.4893111337846119,0.8540370222819668,-1.3907853907908485,0.011142061281337047,0.0,0.0,0.0,250,0,0.0010712972170891302,0.03228540043677631,-1.1194315401827715,-0.9960394739164122,23,M2-COST-LEDGER-v1,100,AGGRESSIVE_CROSS_TO_CROSS_STATE_CONDITIONED,"assumes sufficient displayed size, immediate aggressive fill, no additional slippage, no impact and no queue effect; costs are M2-COST-LEDGER-v1 round trips at the declared 100-share representative size, and are 2026 rate cards applied to a 2019 tape for arithmetic validation, not a reconstruction of 2019 economics"
"[0.0,0.2)",WIDER_THAN_ONE_TICK,5-25,685,16.743802919708028,15.004544548177119,7.5022722740885595,7.075025861569809,-0.03757324379586999,-0.03757324379586999,-7.53984551788443,-14.614871379454241,0.42724641251875123,4.250555341395505,-18.865426720849744,13.05748294235837,-27.67235432181261,9.089123163032882,-23.70399454248712,0.00145985401459854,0.00145985401459854,0.0,0.0,250,0,0.000511029661355191,1.727601780269767,-22.506627175209978,-15.6956595060145,47,M2-COST-LEDGER-v1,100,AGGRESSIVE_CROSS_TO_CROSS_STATE_CONDITIONED,"assumes sufficient displayed size, immediate aggressive fill, no additional slippage, no impact and no queue effect; costs are M2-COST-LEDGER-v1 round trips at the declared 100-share representative size, and are 2026 rate cards applied to a 2019 tape for arithmetic validation, not a reconstruction of 2019 economics"
"[0.0,0.2)",WIDER_THAN_ONE_TICK,25-50,3227,41.14574992252867,7.24270978002285,3.621354890011425,3.488820671355216,0.07118954012017321,0.07118954012017321,-3.5501653498912513,-7.038986021246469,0.1325342186562093,1.7734139825509478,-8.812400003797414,5.060254988057943,-12.099241009304409,3.648537010670711,-10.68752303191718,0.0037186241090796405,0.0018593120545398203,0.0012395413696932136,0.0012395413696932136,250,0,0.0024074346236397097,0.6145371306093258,-10.056363011003588,-7.712148779405846,141,M2-COST-LEDGER-v1,100,AGGRESSIVE_CROSS_TO_CROSS_STATE_CONDITIONED,"assumes sufficient displayed size, immediate aggressive fill, no additional slippage, no impact and no queue effect; costs are M2-COST-LEDGER-v1 round trips at the declared 100-share representative size, and are 2026 rate cards applied to a 2019 tape for arithmetic validation, not a reconstruction of 2019 economics"
"[0.0,0.2)",WIDER_THAN_ONE_TICK,50-100,12977,74.8253375202281,3.871182414164244,1.935591207082122,1.888843729627483,0.014534109558007704,0.014534109558007704,-1.9210570975241144,-3.809900827151597,0.04674747745463922,1.0790275878002855,-4.888928414951883,2.8184910017765477,-6.6283918289281445,2.123444794927601,-5.933345622079198,0.0016182476689527625,0.0006935347152654697,0.0003082376512290976,0.0003082376512290976,250,0,0.009681214475045713,0.15149657869374478,-5.195223467788491,-4.611711068563895,235,M2-COST-LEDGER-v1,100,AGGRESSIVE_CROSS_TO_CROSS_STATE_CONDITIONED,"assumes sufficient displayed size, immediate aggressive fill, no additional slippage, no impact and no queue effect; costs are M2-COST-LEDGER-v1 round trips at the declared 100-share representative size, and are 2026 rate cards applied to a 2019 tape for arithmetic validation, not a reconstruction of 2019 economics"
"[0.0,0.2)",WIDER_THAN_ONE_TICK,100-200,23406,127.49573528155173,3.6163684729396257,1.8081842364698129,1.7949723274285274,0.004440041665411461,0.004440041665411461,-1.8037441948044017,-3.5987165222329294,0.01321190904128574,0.7122581470798073,-4.310974669312737,1.634408868699943,-5.233125390932872,1.3179030630563897,-4.916619585289318,0.0014098948987439118,0.0005981372297701444,0.0002990686148850722,0.0002990686148850722,250,0,0.01746154781559066,0.22243951070467907,-4.76016835236639,-3.9164833814753797,190,M2-COST-LEDGER-v1,100,AGGRESSIVE_CROSS_TO_CROSS_STATE_CONDITIONED,"assumes sufficient displayed size, immediate aggressive fill, no additional slippage, no impact and no queue effect; costs are M2-COST-LEDGER-v1 round trips at the declared 100-share representative size, and are 2026 rate cards applied to a 2019 tape for arithmetic validation, not a reconstruction of 2019 economics"
"[0.0,0.2)",WIDER_THAN_ONE_TICK,200+,15922,641.2404785830925,3.5463609267050855,1.7731804633525428,1.7614571587290413,0.0073727148388564945,0.0073727148388564945,-1.765807748513686,-3.527264907242727,0.011723304623501017,0.38792221252046266,-3.91518711976319,0.5873194915914854,-4.114584398834213,0.6055587360051118,-4.132823643247839,0.0013817359628187414,0.0005652556211531214,0.0005652556211531214,0.0005024494410249969,250,0,0.01187826900452168,0.1964430409880105,-4.318958311779974,-3.5678948923401186,113,M2-COST-LEDGER-v1,100,AGGRESSIVE_CROSS_TO_CROSS_STATE_CONDITIONED,"assumes sufficient displayed size, immediate aggressive fill, no additional slippage, no impact and no queue effect; costs are M2-COST-LEDGER-v1 round trips at the declared 100-share representative size, and are 2026 rate cards applied to a 2019 tape for arithmetic validation, not a reconstruction of 2019 economics"
"[0.2,0.4)",ONE_TICK,5-25,17068,14.196163580970236,7.609843592326331,3.8049217961631654,3.8125178133624984,0.05514131027513237,0.05514131027513237,-3.7497804858880333,-7.56229829925053,-0.0075960171993328905,4.918383518284292,-12.480681817534823,15.21350611229796,-22.77580441154849,10.555885129751314,-18.118183429001846,0.0005273025544879306,0.00046871338176704945,5.858917272088118e-05,5.858917272088118e-05,250,0,0.0127332178978254,0.41561287967918803,-13.292202101395768,-11.636201726796214,65,M2-COST-LEDGER-v1,100,AGGRESSIVE_CROSS_TO_CROSS_STATE_CONDITIONED,"assumes sufficient displayed size, immediate aggressive fill, no additional slippage, no impact and no queue effect; costs are M2-COST-LEDGER-v1 round trips at the declared 100-share representative size, and are 2026 rate cards applied to a 2019 tape for arithmetic validation, not a reconstruction of 2019 economics"
"[0.2,0.4)",ONE_TICK,25-50,41760,37.332660440613026,2.793766196909256,1.396883098454628,1.4053166076546024,0.02186028141021789,0.02186028141021789,-1.3750228170444103,-2.7803394246990125,-0.00843350919997421,1.9364866629822959,-4.716826087681309,5.586720461605475,-8.367059886304489,4.0066962105143595,-6.787035635213373,0.0008141762452107279,0.0006226053639846744,4.789272030651341e-05,4.789272030651341e-05,250,0,0.031154158625098943,0.07180918987907439,-4.856430542202818,-4.57800854154124,179,M2-COST-LEDGER-v1,100,AGGRESSIVE_CROSS_TO_CROSS_STATE_CONDITIONED,"assumes sufficient displayed size, immediate aggressive fill, no additional slippage, no impact and no queue effect; costs are M2-COST-LEDGER-v1 round trips at the declared 100-share representative size, and are 2026 rate cards applied to a 2019 tape for arithmetic validation, not a reconstruction of 2019 economics"
"[0.2,0.4)",ONE_TICK,50-100,50106,64.8216518979763,1.601031286764229,0.8005156433821145,0.8109507252447479,0.01739771805623021,0.01739771805623021,-0.7831179253258843,-1.5940686505706319,-0.01043508186263345,1.1977569473990182,-2.791825597969651,3.20179805455696,-4.795866705127592,2.3842120326975906,-3.978280683268223,0.0010577575539855507,0.0006785614497265797,7.983075879136232e-05,7.983075879136232e-05,250,0,0.03738051417790248,0.03165292237915269,-2.8568551037551173,-2.7308285207222833,255,M2-COST-LEDGER-v1,100,AGGRESSIVE_CROSS_TO_CROSS_STATE_CONDITIONED,"assumes sufficient displayed size, immediate aggressive fill, no additional slippage, no impact and no queue effect; costs are M2-COST-LEDGER-v1 round trips at the declared 100-share representative size, and are 2026 rate cards applied to a 2019 tape for arithmetic validation, not a reconstruction of 2019 economics"
"[0.2,0.4)",ONE_TICK,100-200,14105,125.61039666784828,0.8200437747005752,0.4100218873502876,0.43401857023550056,0.016161591145107502,0.016161591145107502,-0.3938602962051801,-0.8278788664406806,-0.023996682885212926,0.7139957804255744,-1.541874646866255,1.6400186615837753,-2.467897528024456,1.3217194556433967,-2.1495983220840773,0.005955334987593052,0.0027649769585253456,0.00042538107054236086,0.00042538107054236086,250,0,0.010522734851700685,0.021028444269341404,-1.582937891641414,-1.4991981084642578,162,M2-COST-LEDGER-v1,100,AGGRESSIVE_CROSS_TO_CROSS_STATE_CONDITIONED,"assumes sufficient displayed size, immediate aggressive fill, no additional slippage, no impact and no queue effect; costs are M2-COST-LEDGER-v1 round trips at the declared 100-share representative size, and are 2026 rate cards applied to a 2019 tape for arithmetic validation, not a reconstruction of 2019 economics"
"[0.2,0.4)",ONE_TICK,200+,1338,209.5713153961136,0.4779176503920574,0.2389588251960287,0.28882803129356494,0.023360179309819797,0.023360179309819797,-0.2155986458862089,-0.5044266771797739,-0.04986920609753627,0.5020629019229328,-1.0064895791027066,0.9558124355865467,-1.4602391127663208,0.8562478022414479,-1.360674479421222,0.01569506726457399,0.0014947683109118087,0.0014947683109118087,0.0014947683109118087,250,0,0.000998186404223716,0.009011873638954476,-1.0283959948231238,-0.9922816321078746,25,M2-COST-LEDGER-v1,100,AGGRESSIVE_CROSS_TO_CROSS_STATE_CONDITIONED,"assumes sufficient displayed size, immediate aggressive fill, no additional slippage, no impact and no queue effect; costs are M2-COST-LEDGER-v1 round trips at the declared 100-share representative size, and are 2026 rate cards applied to a 2019 tape for arithmetic validation, not a reconstruction of 2019 economics"
"[0.2,0.4)",WIDER_THAN_ONE_TICK,5-25,729,14.792215363511662,18.0785979396331,9.03929896981655,8.666185198671316,-0.012027181474327318,-0.012027181474327318,-9.051326151290876,-17.717511349962194,0.3731137711452317,4.783920137311599,-22.50143148727379,14.779403187446649,-32.49691453740884,10.260561003048643,-27.978072353010834,0.0,0.0,0.0,0.0,250,0,0.0005438549242743566,2.0907686062394064,-26.246901135016273,-18.15734226261897,37,M2-COST-LEDGER-v1,100,AGGRESSIVE_CROSS_TO_CROSS_STATE_CONDITIONED,"assumes sufficient displayed size, immediate aggressive fill, no additional slippage, no impact and no queue effect; costs are M2-COST-LEDGER-v1 round trips at the declared 100-share representative size, and are 2026 rate cards applied to a 2019 tape for arithmetic validation, not a reconstruction of 2019 economics"
"[0.2,0.4)",WIDER_THAN_ONE_TICK,25-50,5310,42.06045197740113,7.992594189005503,3.9962970945027516,3.893932979860658,0.021688535962687407,0.021688535962687407,-3.974608558540064,-7.868541538400722,0.10236411464209363,1.7339044581423162,-9.602445996543038,4.932702044042989,-12.801243582443712,3.561761594880842,-11.430303133281564,0.0030131826741996233,0.0011299435028248588,0.0005649717514124294,0.0005649717514124294,250,0,0.003961412411381116,0.8324771222189311,-11.29127794696589,-8.074898846788152,130,M2-COST-LEDGER-v1,100,AGGRESSIVE_CROSS_TO_CROSS_STATE_CONDITIONED,"assumes sufficient displayed size, immediate aggressive fill, no additional slippage, no impact and no queue effect; costs are M2-COST-LEDGER-v1 round trips at the declared 100-share representative size, and are 2026 rate cards applied to a 2019 tape for arithmetic validation, not a reconstruction of 2019 economics"
"[0.2,0.4)",WIDER_THAN_ONE_TICK,50-100,19546,76.04359587639415,4.285703531559928,2.142851765779964,2.108671127677694,0.019154630783106634,0.019154630783106634,-2.123697134996858,-4.232368262674551,0.0341806381022707,1.0663781789370201,-5.298746441611573,2.7776535236061997,-7.010021786280751,2.0956626909910097,-6.328030953665562,0.0015860022510999694,0.0009720658958354651,0.0004092909035096695,0.0004092909035096695,250,0,0.014581877023136588,0.26727907964901104,-5.8252020124049455,-4.782496470605482,230,M2-COST-LEDGER-v1,100,AGGRESSIVE_CROSS_TO_CROSS_STATE_CONDITIONED,"assumes sufficient displayed size, immediate aggressive fill, no additional slippage, no impact and no queue effect; costs are M2-COST-LEDGER-v1 round trips at the declared 100-share representative size, and are 2026 rate cards applied to a 2019 tape for arithmetic validation, not a reconstruction of 2019 economics"
"[0.2,0.4)",WIDER_THAN_ONE_TICK,100-200,35255,126.89593929939015,3.8762350291161196,1.9381175145580598,1.9200687751329155,0.013724801198212023,0.013724801198212023,-1.9243927133598475,-3.8444614884927635,0.018048739425144296,0.7149859416642605,-4.559447430157023,1.6432153080363534,-5.487676796529116,1.3238941629949035,-5.1683556514876665,0.0021557225925400653,0.0014466033186782017,0.0006523897319529145,0.0006523897319529145,250,0,0.026301241913981397,0.23284044364714432,-5.032310475435006,-4.124620729422618,190,M2-COST-LEDGER-v1,100,AGGRESSIVE_CROSS_TO_CROSS_STATE_CONDITIONED,"assumes sufficient displayed size, immediate aggressive fill, no additional slippage, no impact and no queue effect; costs are M2-COST-LEDGER-v1 round trips at the declared 100-share representative size, and are 2026 rate cards applied to a 2019 tape for arithmetic validation, not a reconstruction of 2019 economics"
"[0.2,0.4)",WIDER_THAN_ONE_TICK,200+,17849,620.7080844865259,4.024706446284737,2.0123532231423686,1.995598078685903,0.014806508555449713,0.014806508555449713,-1.9975467145869188,-3.9931447932728217,0.016755144456465428,0.38753523306874843,-4.380680026341571,0.5860701632566534,-4.5792149565294755,0.6047088066949706,-4.5978535999677925,0.0016247408818421201,0.0005602554764972828,0.0005602554764972828,0.0005042299288475545,250,0,0.013315866314640589,0.3089061758069189,-5.013117188070799,-3.797826577531004,113,M2-COST-LEDGER-v1,100,AGGRESSIVE_CROSS_TO_CROSS_STATE_CONDITIONED,"assumes sufficient displayed size, immediate aggressive fill, no additional slippage, no impact and no queue effect; costs are M2-COST-LEDGER-v1 round trips at the declared 100-share representative size, and are 2026 rate cards applied to a 2019 tape for arithmetic validation, not a reconstruction of 2019 economics"
"[0.4,0.6)",ONE_TICK,5-25,12418,14.945040264132711,7.222343142528411,3.6111715712642054,3.6181973219917127,0.082075919734152,0.082075919734152,-3.529095651530053,-7.1472929735217665,-0.007025750727507795,4.678512650797272,-11.825805624319038,14.439104603058183,-21.586397576579948,10.02905281340191,-17.176345786923676,0.0009663391850539539,0.0008052826542116283,0.0,0.0,250,0,0.009264184430231769,0.41458976863470076,-12.681348822197867,-11.020786359726701,65,M2-COST-LEDGER-v1,100,AGGRESSIVE_CROSS_TO_CROSS_STATE_CONDITIONED,"assumes sufficient displayed size, immediate aggressive fill, no additional slippage, no impact and no queue effect; costs are M2-COST-LEDGER-v1 round trips at the declared 100-share representative size, and are 2026 rate cards applied to a 2019 tape for arithmetic validation, not a reconstruction of 2019 economics"
"[0.4,0.6)",ONE_TICK,25-50,32172,37.52784004724605,2.7753164002813095,1.3876582001406548,1.3951653493010798,0.0407462191828855,0.0407462191828855,-1.3469119809577694,-2.742077330258849,-0.00750714916042506,1.9250605356268062,-4.667137865885655,5.549832237697519,-8.291909567956369,3.9816008197957613,-6.723678150054611,0.0007770732313813254,0.0006216585851050603,0.0,0.0,250,0,0.024001235423531685,0.07073069664732286,-4.811741116233865,-4.529794702429635,179,M2-COST-LEDGER-v1,100,AGGRESSIVE_CROSS_TO_CROSS_STATE_CONDITIONED,"assumes sufficient displayed size, immediate aggressive fill, no additional slippage, no impact and no queue effect; costs are M2-COST-LEDGER-v1 round trips at the declared 100-share representative size, and are 2026 rate cards applied to a 2019 tape for arithmetic validation, not a reconstruction of 2019 economics"
"[0.4,0.6)",ONE_TICK,50-100,36384,64.71780920184698,1.603519896024616,0.801759948012308,0.8119326771350234,0.03039531453243958,0.03039531453243958,-0.7713646334798685,-1.583297310614892,-0.010172729122715347,1.19929835676644,-2.7825956673813312,3.206774355985277,-4.790071666600169,2.3875974553459884,-3.9708947659608804,0.0015941072999120492,0.0011818381706244503,0.00013742304309586633,0.00013742304309586633,250,0,0.02714350831933908,0.03412190388657821,-2.8491152138091915,-2.7168263204723946,254,M2-COST-LEDGER-v1,100,AGGRESSIVE_CROSS_TO_CROSS_STATE_CONDITIONED,"assumes sufficient displayed size, immediate aggressive fill, no additional slippage, no impact and no queue effect; costs are M2-COST-LEDGER-v1 round trips at the declared 100-share representative size, and are 2026 rate cards applied to a 2019 tape for arithmetic validation, not a reconstruction of 2019 economics"
"[0.4,0.6)",ONE_TICK,100-200,9764,127.67568312167145,0.8081946251881792,0.4040973125940896,0.42708211464891604,0.020893853618033698,0.020893853618033698,-0.38320345897605584,-0.8102855736249719,-0.022984802054826472,0.7066558066921412,-1.516941380317113,1.6163222169237812,-2.426607790548753,1.3055985510732004,-2.115884124698172,0.004711183941007784,0.0028676771814829987,0.0003072511265874642,0.0003072511265874642,250,0,0.0072842242532439195,0.024010151144552926,-1.5614051591081892,-1.468216534503027,147,M2-COST-LEDGER-v1,100,AGGRESSIVE_CROSS_TO_CROSS_STATE_CONDITIONED,"assumes sufficient displayed size, immediate aggressive fill, no additional slippage, no impact and no queue effect; costs are M2-COST-LEDGER-v1 round trips at the declared 100-share representative size, and are 2026 rate cards applied to a 2019 tape for arithmetic validation, not a reconstruction of 2019 economics"
"[0.4,0.6)",ONE_TICK,200+,1333,209.36018379594898,0.4782661112885015,0.23913305564425075,0.2913836504532033,0.02872003393984032,0.02872003393984032,-0.21041302170441042,-0.5017966721576137,-0.052250594808952576,0.5022787645821837,-1.0040754367397975,0.9565093287560409,-1.4583060009136548,0.8567219049366936,-1.3585185770943073,0.014253563390847712,0.0007501875468867217,0.0007501875468867217,0.0007501875468867217,250,0,0.0009944562607101745,0.008409832164782062,-1.023755067058613,-0.9897012148806731,23,M2-COST-LEDGER-v1,100,AGGRESSIVE_CROSS_TO_CROSS_STATE_CONDITIONED,"assumes sufficient displayed size, immediate aggressive fill, no additional slippage, no impact and no queue effect; costs are M2-COST-LEDGER-v1 round trips at the declared 100-share representative size, and are 2026 rate cards applied to a 2019 tape for arithmetic validation, not a reconstruction of 2019 economics"
"[0.4,0.6)",WIDER_THAN_ONE_TICK,5-25,490,15.380846938775509,18.045163046001626,9.022581523000813,8.722577995648287,0.2827526768027103,0.2827526768027103,-8.739828846198105,-17.46240684184639,0.30000352735252733,4.493202312545496,-21.955609154391887,13.840846852447122,-31.30325369429351,9.622052681341449,-27.084459523187842,0.0020408163265306124,0.0,0.0,0.0,250,0,0.00036555406432707094,2.543014940876868,-26.686250970133898,-16.95864228415557,31,M2-COST-LEDGER-v1,100,AGGRESSIVE_CROSS_TO_CROSS_STATE_CONDITIONED,"assumes sufficient displayed size, immediate aggressive fill, no additional slippage, no impact and no queue effect; costs are M2-COST-LEDGER-v1 round trips at the declared 100-share representative size, and are 2026 rate cards applied to a 2019 tape for arithmetic validation, not a reconstruction of 2019 economics"
"[0.4,0.6)",WIDER_THAN_ONE_TICK,25-50,3302,42.795632949727434,7.3221931833952825,3.6610965916976412,3.606017343823529,0.01625999609691033,0.01625999609691033,-3.6448365956007303,-7.250853939424259,0.055079247874112294,1.7049347911401924,-8.955788730564453,4.839176081162848,-12.09003002058711,3.498135040599817,-10.748988980024075,0.0012113870381586917,0.0009085402786190188,0.0003028467595396729,0.0003028467595396729,250,0,0.002463386776342833,0.8197568344342624,-10.658503426936017,-7.49677723346348,92,M2-COST-LEDGER-v1,100,AGGRESSIVE_CROSS_TO_CROSS_STATE_CONDITIONED,"assumes sufficient displayed size, immediate aggressive fill, no additional slippage, no impact and no queue effect; costs are M2-COST-LEDGER-v1 round trips at the declared 100-share representative size, and are 2026 rate cards applied to a 2019 tape for arithmetic validation, not a reconstruction of 2019 economics"
"[0.4,0.6)",WIDER_THAN_ONE_TICK,50-100,11239,76.75437983806388,4.24948442940877,2.124742214704385,2.094550014774973,0.03703107437108324,0.03703107437108324,-2.0877111403333015,-4.182261155108275,0.030192199929411197,1.0559668309157793,-5.238227986024055,2.7440414234569146,-6.926302578565189,2.07279607675055,-6.255057231858825,0.0019574695257585195,0.0008897588753447815,0.0003559035501379126,0.0003559035501379126,250,0,0.008384616589738674,0.2863976618375805,-5.8503626619499265,-4.719634281846349,214,M2-COST-LEDGER-v1,100,AGGRESSIVE_CROSS_TO_CROSS_STATE_CONDITIONED,"assumes sufficient displayed size, immediate aggressive fill, no additional slippage, no impact and no queue effect; costs are M2-COST-LEDGER-v1 round trips at the declared 100-share representative size, and are 2026 rate cards applied to a 2019 tape for arithmetic validation, not a reconstruction of 2019 economics"
"[0.4,0.6)",WIDER_THAN_ONE_TICK,100-200,19249,128.53206582160115,3.8924031990440313,1.9462015995220157,1.928066243992323,0.03476547206743035,0.03476547206743035,-1.9114361274545852,-3.8395023714469088,0.01813535552969242,0.7118424673716852,-4.5513448388185935,1.6330668841700895,-5.472569255616998,1.3169900989028693,-5.156492470349778,0.0027014390357940673,0.001506571769962076,0.0007273105096368643,0.0007273105096368643,250,0,0.01436030649843222,0.27554969478238234,-5.087199448051444,-4.048912034097888,190,M2-COST-LEDGER-v1,100,AGGRESSIVE_CROSS_TO_CROSS_STATE_CONDITIONED,"assumes sufficient displayed size, immediate aggressive fill, no additional slippage, no impact and no queue effect; costs are M2-COST-LEDGER-v1 round trips at the declared 100-share representative size, and are 2026 rate cards applied to a 2019 tape for arithmetic validation, not a reconstruction of 2019 economics"
"[0.4,0.6)",WIDER_THAN_ONE_TICK,200+,11476,653.8387974904147,4.058078762846338,2.029039381423169,2.0162017848507063,0.014461632873574267,0.014461632873574267,-2.0145777485495944,-4.030779533400301,0.012837596572462555,0.3869252144821506,-4.417704747882452,0.5841007731465718,-4.614880306546872,0.6033690128785711,-4.634148546278872,0.002265597769257581,0.0003485535029627048,0.000435691878703381,0.00026141512722202857,250,0,0.008561425392280542,0.3104867043901033,-5.046572582892868,-3.8271915452943546,113,M2-COST-LEDGER-v1,100,AGGRESSIVE_CROSS_TO_CROSS_STATE_CONDITIONED,"assumes sufficient displayed size, immediate aggressive fill, no additional slippage, no impact and no queue effect; costs are M2-COST-LEDGER-v1 round trips at the declared 100-share representative size, and are 2026 rate cards applied to a 2019 tape for arithmetic validation, not a reconstruction of 2019 economics"
"[0.6,0.8)",ONE_TICK,5-25,7758,15.76425625161124,6.815931103740405,3.4079655518702023,3.4301171298391644,0.16195558875756358,0.16195558875756358,-3.246009963112639,-6.676127092951804,-0.02215157796896146,4.426929856907938,-11.103056949859742,13.626892193407388,-20.30301928635919,9.476497401204787,-16.15262449415659,0.001160092807424594,0.0010311936065996391,0.0,0.0,250,0,0.005787690675611053,0.3941047649137557,-11.956312548247466,-10.397056400351289,65,M2-COST-LEDGER-v1,100,AGGRESSIVE_CROSS_TO_CROSS_STATE_CONDITIONED,"assumes sufficient displayed size, immediate aggressive fill, no additional slippage, no impact and no queue effect; costs are M2-COST-LEDGER-v1 round trips at the declared 100-share representative size, and are 2026 rate cards applied to a 2019 tape for arithmetic validation, not a reconstruction of 2019 economics"
"[0.6,0.8)",ONE_TICK,25-50,21373,37.46709142375895,2.779681952579682,1.389840976289841,1.403607885759739,0.07879025581689847,0.07879025581689847,-1.3110507204729427,-2.714658606232682,-0.013766909469898145,1.9277642672821036,-4.642422873514785,5.558560992032618,-8.2732195982653,3.9875390699287188,-6.702197676161401,0.001544004117344313,0.001403640106676648,0.0001403640106676648,0.0001403640106676648,250,0,0.015944871462984667,0.07272375368930617,-4.78069728357052,-4.500055010625308,177,M2-COST-LEDGER-v1,100,AGGRESSIVE_CROSS_TO_CROSS_STATE_CONDITIONED,"assumes sufficient displayed size, immediate aggressive fill, no additional slippage, no impact and no queue effect; costs are M2-COST-LEDGER-v1 round trips at the declared 100-share representative size, and are 2026 rate cards applied to a 2019 tape for arithmetic validation, not a reconstruction of 2019 economics"
"[0.6,0.8)",ONE_TICK,50-100,26764,65.3637916604394,1.5868906398292912,0.7934453199146456,0.8082399461605283,0.05361280129955166,0.05361280129955166,-0.739832518615094,-1.5480724647756225,-0.014794626245882686,1.188998180211232,-2.7370706449868543,3.173521162909546,-4.721593627685168,2.3649750088178307,-3.913047473593453,0.002279180989388731,0.00134509041996712,0.00011209086833059333,0.00011209086833059333,250,0,0.019966712199285155,0.0363375135440949,-2.8069288937289856,-2.6637317428403655,252,M2-COST-LEDGER-v1,100,AGGRESSIVE_CROSS_TO_CROSS_STATE_CONDITIONED,"assumes sufficient displayed size, immediate aggressive fill, no additional slippage, no impact and no queue effect; costs are M2-COST-LEDGER-v1 round trips at the declared 100-share representative size, and are 2026 rate cards applied to a 2019 tape for arithmetic validation, not a reconstruction of 2019 economics"
"[0.6,0.8)",ONE_TICK,100-200,7267,131.74002820971515,0.7886758255217229,0.39433791276086144,0.4310097586801587,0.039234461676781004,0.039234461676781004,-0.3551034510840805,-0.7861132097642394,-0.03667184591929723,0.6945647779772193,-1.4806779877414584,1.5772874188126529,-2.3634006285768923,1.2790428266050173,-2.0651560363692565,0.006329984863079675,0.0034402091647172148,0.00041282509976606576,0.00041282509976606576,250,0,0.005421390582581274,0.028039174702535478,-1.5371062181576525,-1.4270496429295292,135,M2-COST-LEDGER-v1,100,AGGRESSIVE_CROSS_TO_CROSS_STATE_CONDITIONED,"assumes sufficient displayed size, immediate aggressive fill, no additional slippage, no impact and no queue effect; costs are M2-COST-LEDGER-v1 round trips at the declared 100-share representative size, and are 2026 rate cards applied to a 2019 tape for arithmetic validation, not a reconstruction of 2019 economics"
"[0.6,0.8)",ONE_TICK,200+,1148,209.50281358885016,0.47798293990969154,0.23899146995484577,0.31745373969727314,0.05322707288336906,0.05322707288336906,-0.18576439707147668,-0.5032181367687498,-0.07846226974242741,0.5021033477051252,-1.0053214844738751,0.9559430111545612,-1.4591611479233109,0.8563366339755483,-1.3595547707442983,0.016550522648083623,0.0017421602787456446,0.0017421602787456446,0.0017421602787456446,250,0,0.0008564409507091376,0.01828229082438385,-1.0484585118008125,-0.9804974755484578,27,M2-COST-LEDGER-v1,100,AGGRESSIVE_CROSS_TO_CROSS_STATE_CONDITIONED,"assumes sufficient displayed size, immediate aggressive fill, no additional slippage, no impact and no queue effect; costs are M2-COST-LEDGER-v1 round trips at the declared 100-share representative size, and are 2026 rate cards applied to a 2019 tape for arithmetic validation, not a reconstruction of 2019 economics"
"[0.6,0.8)",WIDER_THAN_ONE_TICK,5-25,381,14.85982939632546,25.801983212854047,12.900991606427024,12.713128316612028,0.3341535318932813,0.3341535318932813,-12.566838074533742,-25.279966391145773,0.18786328981499353,4.67381681415848,-29.953783205304255,14.423944517057237,-39.70391090820301,10.018739270454693,-35.298705661600465,0.005249343832020997,0.005249343832020997,0.0026246719160104987,0.0026246719160104987,250,0,0.00028423693573186536,4.043169318417473,-36.00191789505066,-20.09096380628266,15,M2-COST-LEDGER-v1,100,AGGRESSIVE_CROSS_TO_CROSS_STATE_CONDITIONED,"assumes sufficient displayed size, immediate aggressive fill, no additional slippage, no impact and no queue effect; costs are M2-COST-LEDGER-v1 round trips at the declared 100-share representative size, and are 2026 rate cards applied to a 2019 tape for arithmetic validation, not a reconstruction of 2019 economics"
"[0.6,0.8)",WIDER_THAN_ONE_TICK,25-50,2778,43.88307955363571,7.957838021352274,3.978919010676137,3.9036682842949473,0.07645008574980673,0.07645008574980673,-3.9024689249263305,-7.806137209221278,0.07525072638119033,1.6590739997907193,-9.465211209011997,4.691118643392152,-12.49725585261343,3.3974102331674714,-11.20354744238875,0.0028797696184305254,0.0017998560115190785,0.0007199424046076314,0.0007199424046076314,250,0,0.0020724677361236795,0.8465034920145881,-11.222783386950285,-7.971398276843444,71,M2-COST-LEDGER-v1,100,AGGRESSIVE_CROSS_TO_CROSS_STATE_CONDITIONED,"assumes sufficient displayed size, immediate aggressive fill, no additional slippage, no impact and no queue effect; costs are M2-COST-LEDGER-v1 round trips at the declared 100-share representative size, and are 2026 rate cards applied to a 2019 tape for arithmetic validation, not a reconstruction of 2019 economics"
"[0.6,0.8)",WIDER_THAN_ONE_TICK,50-100,6871,75.24529762771067,4.556772351805095,2.2783861759025474,2.245508644820409,0.06228727201954763,0.06228727201954763,-2.216098903883,-4.461607548703409,0.03287753108213837,1.0713517544586322,-5.532959303162042,2.793710264596068,-7.255317813299478,2.106586236397087,-6.568193785100496,0.003056323679231553,0.0016009314510260515,0.0007276961141027507,0.0007276961141027507,250,0,0.005125963216308784,0.3869982184187335,-6.326723631632114,-4.867630225710551,183,M2-COST-LEDGER-v1,100,AGGRESSIVE_CROSS_TO_CROSS_STATE_CONDITIONED,"assumes sufficient displayed size, immediate aggressive fill, no additional slippage, no impact and no queue effect; costs are M2-COST-LEDGER-v1 round trips at the declared 100-share representative size, and are 2026 rate cards applied to a 2019 tape for arithmetic validation, not a reconstruction of 2019 economics"
"[0.6,0.8)",WIDER_THAN_ONE_TICK,100-200,12963,134.20383398904576,4.152410581330133,2.0762052906650665,2.070017923883416,0.03555771167362539,0.03555771167362539,-2.040647578991441,-4.110665502874856,0.006187366781650634,0.6970470413219169,-4.807712544196773,1.5853011826373422,-5.695966685512198,1.2844946622588276,-5.395160165133683,0.0032399907428835918,0.0014657100979711486,0.0005399984571472653,0.0005399984571472653,250,0,0.009670770073207796,0.35723161044229,-5.545490736178268,-4.136228992677027,186,M2-COST-LEDGER-v1,100,AGGRESSIVE_CROSS_TO_CROSS_STATE_CONDITIONED,"assumes sufficient displayed size, immediate aggressive fill, no additional slippage, no impact and no queue effect; costs are M2-COST-LEDGER-v1 round trips at the declared 100-share representative size, and are 2026 rate cards applied to a 2019 tape for arithmetic validation, not a reconstruction of 2019 economics"
"[0.6,0.8)",WIDER_THAN_ONE_TICK,200+,10700,640.8537186915887,4.584637501045525,2.2923187505227625,2.2859378008066535,0.02500617409160412,0.02500617409160412,-2.2673125764311584,-4.553250377237813,0.006380949716108631,0.39151523798318694,-4.944765615221,0.5989192509545987,-5.152169628192411,0.6134501566976721,-5.166700533935485,0.002149532710280374,0.0009345794392523365,0.0009345794392523365,0.0009345794392523365,250,0,0.007982507118978896,0.426011801404921,-5.814912225809432,-4.113738545946313,113,M2-COST-LEDGER-v1,100,AGGRESSIVE_CROSS_TO_CROSS_STATE_CONDITIONED,"assumes sufficient displayed size, immediate aggressive fill, no additional slippage, no impact and no queue effect; costs are M2-COST-LEDGER-v1 round trips at the declared 100-share representative size, and are 2026 rate cards applied to a 2019 tape for arithmetic validation, not a reconstruction of 2019 economics"
"[0.8,1.0]",ONE_TICK,5-25,3436,16.0709545983702,6.6577555183198145,3.3288777591599072,3.381125379072202,0.2624533941130196,0.2624533941130196,-3.0664243650468874,-6.4475497441190885,-0.0522476199122946,4.329015012430458,-10.776564756549547,13.31078292955757,-19.75833267367666,9.261445424024382,-15.708995168143472,0.0005820721769499418,0.0002910360884749709,0.0,0.0,250,0,0.0025633546225057465,0.37967415020227163,-11.532736438545014,-10.070448499297528,64,M2-COST-LEDGER-v1,100,AGGRESSIVE_CROSS_TO_CROSS_STATE_CONDITIONED,"assumes sufficient displayed size, immediate aggressive fill, no additional slippage, no impact and no queue effect; costs are M2-COST-LEDGER-v1 round trips at the declared 100-share representative size, and are 2026 rate cards applied to a 2019 tape for arithmetic validation, not a reconstruction of 2019 economics"
"[0.8,1.0]",ONE_TICK,25-50,8205,37.29261243144424,2.7938746781133426,1.3969373390566713,1.4152612159114402,0.12105597054415337,0.12105597054415337,-1.2758813685125177,-2.6911425844239583,-0.01832387685476913,1.9365539977908846,-4.627696582214843,5.586937845975415,-8.278080430399374,4.006844099057688,-6.6979866834816475,0.0008531383302864108,0.0007312614259597807,0.00036563071297989033,0.00036563071297989033,250,0,0.006121165505721667,0.08299852254361473,-4.793509648772391,-4.460827406927234,176,M2-COST-LEDGER-v1,100,AGGRESSIVE_CROSS_TO_CROSS_STATE_CONDITIONED,"assumes sufficient displayed size, immediate aggressive fill, no additional slippage, no impact and no queue effect; costs are M2-COST-LEDGER-v1 round trips at the declared 100-share representative size, and are 2026 rate cards applied to a 2019 tape for arithmetic validation, not a reconstruction of 2019 economics"
"[0.8,1.0]",ONE_TICK,50-100,12186,70.3335590021336,1.485879722293608,0.742939861146804,0.7587939711999793,0.05614105442480484,0.05614105442480484,-0.6867988067219992,-1.4455927779219784,-0.0158541100531751,1.126431080170133,-2.5720238580921113,2.971528910960881,-4.41712168888286,2.2275578618868863,-3.6731506398088647,0.0013950434925324143,0.0009847365829640572,0.00016412276382734285,0.00016412276382734285,250,0,0.009091105771203442,0.0671061787413616,-2.7101698768122153,-2.446338783463312,246,M2-COST-LEDGER-v1,100,AGGRESSIVE_CROSS_TO_CROSS_STATE_CONDITIONED,"assumes sufficient displayed size, immediate aggressive fill, no additional slippage, no impact and no queue effect; costs are M2-COST-LEDGER-v1 round trips at the declared 100-share representative size, and are 2026 rate cards applied to a 2019 tape for arithmetic validation, not a reconstruction of 2019 economics"
"[0.8,1.0]",ONE_TICK,100-200,5429,139.41648830355498,0.7561533960905563,0.37807669804527816,0.4270252863040481,0.05273196385089709,0.05273196385089709,-0.3253447341943811,-0.7523700204984292,-0.04894858825876993,0.67441850349028,-1.426788523988709,1.5122469846336724,-2.2646170051321013,1.234795233869149,-1.9871652543675782,0.008288819303739179,0.002947135752440597,0.0001841959845275373,0.0001841959845275373,250,0,0.004050189827003404,0.03349700253774645,-1.494766071433546,-1.3637067030107322,147,M2-COST-LEDGER-v1,100,AGGRESSIVE_CROSS_TO_CROSS_STATE_CONDITIONED,"assumes sufficient displayed size, immediate aggressive fill, no additional slippage, no impact and no queue effect; costs are M2-COST-LEDGER-v1 round trips at the declared 100-share representative size, and are 2026 rate cards applied to a 2019 tape for arithmetic validation, not a reconstruction of 2019 economics"
"[0.8,1.0]",ONE_TICK,200+,964,210.09496887966804,0.4772219076332689,0.23861095381663444,0.3734488382780248,0.11744612640131873,0.11744612640131873,-0.12116482741531573,-0.4946136656933404,-0.13483788446139028,0.5016319049382065,-0.9962455706315471,0.9544210006076078,-1.4490346663009483,0.8553011965023611,-1.3499148621957018,0.00933609958506224,0.004149377593360996,0.004149377593360996,0.004149377593360996,250,0,0.0007191716694108089,0.016696686827085742,-1.0351690697265932,-0.9689471755664978,25,M2-COST-LEDGER-v1,100,AGGRESSIVE_CROSS_TO_CROSS_STATE_CONDITIONED,"assumes sufficient displayed size, immediate aggressive fill, no additional slippage, no impact and no queue effect; costs are M2-COST-LEDGER-v1 round trips at the declared 100-share representative size, and are 2026 rate cards applied to a 2019 tape for arithmetic validation, not a reconstruction of 2019 economics"
"[0.8,1.0]",WIDER_THAN_ONE_TICK,5-25,286,14.997045454545457,26.298564021994647,13.149282010997323,13.270092544023452,0.737845243559674,0.737845243559674,-12.41143676743765,-25.681529311461098,-0.12081053302612914,4.767758611532486,-30.449287922993587,14.72722715587566,-40.408756467336765,10.225065179186615,-35.90659449064772,0.0034965034965034965,0.0,0.0,0.0,250,0,0.0002133642089745761,6.217664481472186,-41.113850755913894,-18.046445017057557,5,M2-COST-LEDGER-v1,100,AGGRESSIVE_CROSS_TO_CROSS_STATE_CONDITIONED,"assumes sufficient displayed size, immediate aggressive fill, no additional slippage, no impact and no queue effect; costs are M2-COST-LEDGER-v1 round trips at the declared 100-share representative size, and are 2026 rate cards applied to a 2019 tape for arithmetic validation, not a reconstruction of 2019 economics"
"[0.8,1.0]",WIDER_THAN_ONE_TICK,25-50,1390,43.74385971223021,8.55238896923867,4.276194484619335,4.073083134595816,-0.051328401969455525,-0.051328401969455525,-4.32752288658879,-8.400606021184606,0.2031113500235189,1.6647880770201287,-10.065394098204733,4.709566027506469,-13.110172048691075,3.409960154606898,-11.810566175791505,0.0028776978417266188,0.002158273381294964,0.0007194244604316547,0.0007194244604316547,250,0,0.0010369798967645482,0.807788713134305,-11.602293174473267,-8.483637433344814,48,M2-COST-LEDGER-v1,100,AGGRESSIVE_CROSS_TO_CROSS_STATE_CONDITIONED,"assumes sufficient displayed size, immediate aggressive fill, no additional slippage, no impact and no queue effect; costs are M2-COST-LEDGER-v1 round trips at the declared 100-share representative size, and are 2026 rate cards applied to a 2019 tape for arithmetic validation, not a reconstruction of 2019 economics"
"[0.8,1.0]",WIDER_THAN_ONE_TICK,50-100,3494,78.38786061820264,4.911419233852871,2.4557096169264354,2.4365093648995955,0.035719237117315214,0.035719237117315214,-2.41999037980912,-4.856499744708716,0.019200252026839785,1.0339288453579223,-5.890428590066637,2.672893770324204,-7.52939351503292,2.0243936879954894,-6.880893432704204,0.0011448196908986834,0.0011448196908986834,0.00028620492272467084,0.00028620492272467084,250,0,0.002606624287262828,0.46946633193349135,-6.894333314922389,-5.039090098500783,122,M2-COST-LEDGER-v1,100,AGGRESSIVE_CROSS_TO_CROSS_STATE_CONDITIONED,"assumes sufficient displayed size, immediate aggressive fill, no additional slippage, no impact and no queue effect; costs are M2-COST-LEDGER-v1 round trips at the declared 100-share representative size, and are 2026 rate cards applied to a 2019 tape for arithmetic validation, not a reconstruction of 2019 economics"
"[0.8,1.0]",WIDER_THAN_ONE_TICK,100-200,18124,139.6933047340543,4.822851540083285,2.4114257700416424,2.4142641710711574,0.047665938126649814,0.047665938126649814,-2.3637598319149924,-4.77802400298615,-0.0028384010295153046,0.6828180692532236,-5.460842072239374,1.5393642268062102,-6.31738822979236,1.2532433377743057,-6.031267340760456,0.0038071065989847717,0.0020414919443831384,0.0009379827852571177,0.0009379827852571177,250,0,0.013521024207885373,0.44390557866518604,-6.353227930612786,-4.601985114725294,178,M2-COST-LEDGER-v1,100,AGGRESSIVE_CROSS_TO_CROSS_STATE_CONDITIONED,"assumes sufficient displayed size, immediate aggressive fill, no additional slippage, no impact and no queue effect; costs are M2-COST-LEDGER-v1 round trips at the declared 100-share representative size, and are 2026 rate cards applied to a 2019 tape for arithmetic validation, not a reconstruction of 2019 economics"
"[0.8,1.0]",WIDER_THAN_ONE_TICK,200+,31363,871.2085645505852,3.9746289297598305,1.9873144648799153,1.984213930823346,0.01656088726532511,0.01656088726532511,-1.97075357761459,-3.9549675084379357,0.003100534056569056,0.34375781591604954,-4.2987253243539865,0.44473871159338024,-4.399706220031316,0.508559748145381,-4.463527256583317,0.0013710423110034117,0.0006376940981411217,0.000765232917769346,0.0005420399834199535,250,0,0.023397698203040662,0.2712983889959908,-4.8589439773562155,-3.788022117006654,113,M2-COST-LEDGER-v1,100,AGGRESSIVE_CROSS_TO_CROSS_STATE_CONDITIONED,"assumes sufficient displayed size, immediate aggressive fill, no additional slippage, no impact and no queue effect; costs are M2-COST-LEDGER-v1 round trips at the declared 100-share representative size, and are 2026 rate cards applied to a 2019 tape for arithmetic validation, not a reconstruction of 2019 economics"
"[-1.0,-0.8)",ONE_TICK,5-25,2938,15.910262083049696,6.855706416909448,3.427853208454724,3.4934163059149066,-0.4883976671579722,0.4883976671579722,-2.9394555412967516,-6.432871847211657,-0.06556309746018217,4.454687778218796,-10.887559625430454,13.716506144370609,-20.149377991582266,9.537462578570626,-15.970334425782283,0.0013614703880190605,0.0013614703880190605,0.0,0.0,500,0,0.0021918323285570088,0.48155173335060797,-11.872160298302052,-10.011978430525446,64,M2-COST-LEDGER-v1,100,AGGRESSIVE_CROSS_TO_CROSS_STATE_CONDITIONED,"assumes sufficient displayed size, immediate aggressive fill, no additional slippage, no impact and no queue effect; costs are M2-COST-LEDGER-v1 round trips at the declared 100-share representative size, and are 2026 rate cards applied to a 2019 tape for arithmetic validation, not a reconstruction of 2019 economics"
"[-1.0,-0.8)",ONE_TICK,25-50,6607,38.622716058725594,2.7020178439448532,1.3510089219724266,1.3865631079430936,-0.2397041457318963,0.2397041457318963,-1.11130477624053,-2.4978678841836235,-0.03555418597066722,1.8801358901883702,-4.378003774371994,5.404797062755029,-7.902664946938654,3.8829320849658115,-6.380799969149434,0.0036325109732102314,0.0033298017254427123,0.00015135462388375965,0.0007567731194187983,500,0,0.004929011638793791,0.08728319031731133,-4.546789247886391,-4.204442413982537,175,M2-COST-LEDGER-v1,100,AGGRESSIVE_CROSS_TO_CROSS_STATE_CONDITIONED,"assumes sufficient displayed size, immediate aggressive fill, no additional slippage, no impact and no queue effect; costs are M2-COST-LEDGER-v1 round trips at the declared 100-share representative size, and are 2026 rate cards applied to a 2019 tape for arithmetic validation, not a reconstruction of 2019 economics"
"[-1.0,-0.8)",ONE_TICK,50-100,8932,65.00825906851769,1.595802247694796,0.797901123847398,0.8301312074278957,-0.12131356072704474,0.12131356072704474,-0.6765875631203533,-1.5067187705482488,-0.03223008358049763,1.194680917045524,-2.701399687593773,3.191867367378608,-4.698586137926857,2.3774560968339737,-3.8841748673822227,0.0030228392297357814,0.001903269144648455,0.0,0.0003358710255261979,500,0,0.006663528372590607,0.03747913742590726,-2.773481324564871,-2.6281261371068942,252,M2-COST-LEDGER-v1,100,AGGRESSIVE_CROSS_TO_CROSS_STATE_CONDITIONED,"assumes sufficient displayed size, immediate aggressive fill, no additional slippage, no impact and no queue effect; costs are M2-COST-LEDGER-v1 round trips at the declared 100-share representative size, and are 2026 rate cards applied to a 2019 tape for arithmetic validation, not a reconstruction of 2019 economics"
"[-1.0,-0.8)",ONE_TICK,100-200,5687,129.802387023035,0.7944570183940292,0.3972285091970146,0.45878188898164785,-0.06584698533294792,0.06584698533294792,-0.33138152386406666,-0.7901634128457147,-0.06155337978463326,0.6981861778735049,-1.4883495907192195,1.588978782481049,-2.3791421953267635,1.2869965665309002,-2.077159979376615,0.014770529277299103,0.008440302444170916,0.0019342359767891683,0.002813434148056972,500,0,0.004242665232302148,0.02401247909902937,-1.538240474425673,-1.4434810333153627,156,M2-COST-LEDGER-v1,100,AGGRESSIVE_CROSS_TO_CROSS_STATE_CONDITIONED,"assumes sufficient displayed size, immediate aggressive fill, no additional slippage, no impact and no queue effect; costs are M2-COST-LEDGER-v1 round trips at the declared 100-share representative size, and are 2026 rate cards applied to a 2019 tape for arithmetic validation, not a reconstruction of 2019 economics"
"[-1.0,-0.8)",ONE_TICK,200+,1002,210.60198602794412,0.47633701086226843,0.23816850543113421,0.3611655458948417,-0.14353682895096595,0.14353682895096595,-0.09463167648016825,-0.4557972223750099,-0.12299704046370742,0.5010978217958342,-0.956895044170844,0.9526967612456307,-1.4084939836206407,0.8541281809462539,-1.309925403321264,0.038922155688622756,0.00998003992015968,0.00499001996007984,0.00998003992015968,500,0,0.0007475207601137246,0.06529252257633208,-1.0447789279568596,-0.8027155041280322,30,M2-COST-LEDGER-v1,100,AGGRESSIVE_CROSS_TO_CROSS_STATE_CONDITIONED,"assumes sufficient displayed size, immediate aggressive fill, no additional slippage, no impact and no queue effect; costs are M2-COST-LEDGER-v1 round trips at the declared 100-share representative size, and are 2026 rate cards applied to a 2019 tape for arithmetic validation, not a reconstruction of 2019 economics"
"[-1.0,-0.8)",WIDER_THAN_ONE_TICK,5-25,214,13.524836448598132,31.373944835882135,15.686972417941067,15.457468145908518,-0.08019838766168738,0.08019838766168738,-15.606774030279382,-31.064242176187893,0.2295042720325536,5.170072888790462,-36.234315064978354,16.026062594965172,-47.090304771153065,11.10867461791816,-42.172916794106065,0.0,0.0,0.0,0.0,500,0,0.0001596501423795779,8.531734753724363,-49.49366944984519,-19.68546304676557,5,M2-COST-LEDGER-v1,100,AGGRESSIVE_CROSS_TO_CROSS_STATE_CONDITIONED,"assumes sufficient displayed size, immediate aggressive fill, no additional slippage, no impact and no queue effect; costs are M2-COST-LEDGER-v1 round trips at the declared 100-share representative size, and are 2026 rate cards applied to a 2019 tape for arithmetic validation, not a reconstruction of 2019 economics"
"[-1.0,-0.8)",WIDER_THAN_ONE_TICK,25-50,926,43.08046436285097,9.30879033810932,4.65439516905466,4.520608851351006,-0.12707069180785008,0.12707069180785008,-4.527324477246809,-9.047933328597816,0.13378631770365376,1.705471339631742,-10.753404668229559,4.840908279682783,-13.888841608280599,3.4993134708427154,-12.547246799440531,0.0064794816414686825,0.0064794816414686825,0.0021598272138228943,0.004319654427645789,500,0,0.0006908225787078932,1.5105909412202485,-13.727125518900458,-7.942038353525151,49,M2-COST-LEDGER-v1,100,AGGRESSIVE_CROSS_TO_CROSS_STATE_CONDITIONED,"assumes sufficient displayed size, immediate aggressive fill, no additional slippage, no impact and no queue effect; costs are M2-COST-LEDGER-v1 round trips at the declared 100-share representative size, and are 2026 rate cards applied to a 2019 tape for arithmetic validation, not a reconstruction of 2019 economics"
"[-1.0,-0.8)",WIDER_THAN_ONE_TICK,50-100,3653,79.63197372022994,4.676511350709678,2.338255675354839,2.3034598912706747,-0.07027827103390294,0.07027827103390294,-2.267977404320936,-4.57143729559161,0.034795784084164,1.0239811105703396,-5.59541840616195,2.6407784037783366,-7.212215699369946,2.0025453150960364,-6.573982610687648,0.00684369011771147,0.004106214070626882,0.0010949904188338351,0.001368738023542294,500,0,0.002725242850993449,0.4134009850381626,-6.446043241872297,-4.847670722849814,136,M2-COST-LEDGER-v1,100,AGGRESSIVE_CROSS_TO_CROSS_STATE_CONDITIONED,"assumes sufficient displayed size, immediate aggressive fill, no additional slippage, no impact and no queue effect; costs are M2-COST-LEDGER-v1 round trips at the declared 100-share representative size, and are 2026 rate cards applied to a 2019 tape for arithmetic validation, not a reconstruction of 2019 economics"
"[-1.0,-0.8)",WIDER_THAN_ONE_TICK,100-200,18955,127.56537668161434,4.396399709607806,2.198199854803903,2.190271237668821,-0.04596921884738279,0.04596921884738279,-2.1522306359565198,-4.342501873625341,0.00792861713508177,0.7166009623982302,-5.0591028360235715,1.6484292571371433,-5.990931130762485,1.327441259493713,-5.669943133119054,0.006119757319968346,0.003534687417567924,0.0010023740437879187,0.0020047480875758374,500,0,0.014140974059835979,0.354359351757669,-5.791137023545073,-4.404031450092249,181,M2-COST-LEDGER-v1,100,AGGRESSIVE_CROSS_TO_CROSS_STATE_CONDITIONED,"assumes sufficient displayed size, immediate aggressive fill, no additional slippage, no impact and no queue effect; costs are M2-COST-LEDGER-v1 round trips at the declared 100-share representative size, and are 2026 rate cards applied to a 2019 tape for arithmetic validation, not a reconstruction of 2019 economics"
"[-1.0,-0.8)",WIDER_THAN_ONE_TICK,200+,30811,843.7854261465061,3.6142405382555367,1.8071202691277684,1.8047754181042268,-0.027613797551243224,0.027613797551243224,-1.7795064715765248,-3.5842818896807516,0.0023448510235412755,0.3571659411284746,-3.9414478308092264,0.48802563721864267,-4.072307526899395,0.5380082332305777,-4.12229012291133,0.0031157703417610595,0.0012982376424004415,0.001006134172860342,0.0011035019960403752,500,0,0.022985890359145677,0.263414789258509,-4.483911896627887,-3.4658245071372695,113,M2-COST-LEDGER-v1,100,AGGRESSIVE_CROSS_TO_CROSS_STATE_CONDITIONED,"assumes sufficient displayed size, immediate aggressive fill, no additional slippage, no impact and no queue effect; costs are M2-COST-LEDGER-v1 round trips at the declared 100-share representative size, and are 2026 rate cards applied to a 2019 tape for arithmetic validation, not a reconstruction of 2019 economics"
"[-0.8,-0.6)",ONE_TICK,5-25,6735,15.374979213066075,7.023257957584681,3.5116289787923405,3.5417109229118573,-0.28089340246737077,0.28089340246737077,-3.2307355763249697,-6.7724464992368265,-0.030081944119516747,4.5585459668086,-11.330992466045426,14.051802959834061,-20.824249459070888,9.765568019801751,-16.538014519038576,0.0017817371937639199,0.0017817371937639199,0.0,0.0002969561989606533,500,0,0.005024503312740455,0.3897176894063712,-12.146811574161305,-10.618157584958935,65,M2-COST-LEDGER-v1,100,AGGRESSIVE_CROSS_TO_CROSS_STATE_CONDITIONED,"assumes sufficient displayed size, immediate aggressive fill, no additional slippage, no impact and no queue effect; costs are M2-COST-LEDGER-v1 round trips at the declared 100-share representative size, and are 2026 rate cards applied to a 2019 tape for arithmetic validation, not a reconstruction of 2019 economics"
"[-0.8,-0.6)",ONE_TICK,25-50,20639,38.42272614952275,2.7187185283772997,1.3593592641886498,1.3825558977537964,-0.1258520120199195,0.1258520120199195,-1.2335072521687305,-2.6160631499225273,-0.023196633565146525,1.890485038918773,-4.5065481888412995,5.438208358091277,-8.054271508013803,3.905662089884719,-6.521725239807245,0.002422597994088861,0.0020834342749164203,9.690391976355444e-05,0.00033916371917244053,500,0,0.015397286395196769,0.07533511292356272,-4.658485796472743,-4.358974675892732,179,M2-COST-LEDGER-v1,100,AGGRESSIVE_CROSS_TO_CROSS_STATE_CONDITIONED,"assumes sufficient displayed size, immediate aggressive fill, no additional slippage, no impact and no queue effect; costs are M2-COST-LEDGER-v1 round trips at the declared 100-share representative size, and are 2026 rate cards applied to a 2019 tape for arithmetic validation, not a reconstruction of 2019 economics"
"[-0.8,-0.6)",ONE_TICK,50-100,23274,64.36989301366332,1.6089697198642456,0.8044848599321228,0.8280268055320934,-0.08859095652923737,0.08859095652923737,-0.7158939034028855,-1.5439207089349791,-0.02354194559997068,1.2028393755137436,-2.746760084448723,3.2182062163478413,-4.76212692528282,2.3953746528373836,-3.9392953617723627,0.003909942425023631,0.0029217152186989774,0.0,0.00047263040302483457,500,0,0.01736307202683316,0.03208508341658585,-2.80772813209679,-2.683070712340696,250,M2-COST-LEDGER-v1,100,AGGRESSIVE_CROSS_TO_CROSS_STATE_CONDITIONED,"assumes sufficient displayed size, immediate aggressive fill, no additional slippage, no impact and no queue effect; costs are M2-COST-LEDGER-v1 round trips at the declared 100-share representative size, and are 2026 rate cards applied to a 2019 tape for arithmetic validation, not a reconstruction of 2019 economics"
"[-0.8,-0.6)",ONE_TICK,100-200,6653,129.87135653088833,0.7971573856584822,0.3985786928292411,0.4522340725607421,-0.07998293624715626,0.07998293624715626,-0.3185957565820849,-0.7708298291428268,-0.053655379731501016,0.699859270402783,-1.47068909954561,1.5943802111469991,-2.365210040289826,1.2906712070652038,-2.0615010362080306,0.01488050503532241,0.01037126108522471,0.0012024650533593868,0.002555238238388697,500,0,0.004963328959118373,0.02735019799153181,-1.525221405594516,-1.4192177708036358,146,M2-COST-LEDGER-v1,100,AGGRESSIVE_CROSS_TO_CROSS_STATE_CONDITIONED,"assumes sufficient displayed size, immediate aggressive fill, no additional slippage, no impact and no queue effect; costs are M2-COST-LEDGER-v1 round trips at the declared 100-share representative size, and are 2026 rate cards applied to a 2019 tape for arithmetic validation, not a reconstruction of 2019 economics"
"[-0.8,-0.6)",ONE_TICK,200+,1304,210.07106595092029,0.4771452685732939,0.23857263428664696,0.34307516426181833,-0.04619075460419484,0.04619075460419484,-0.1923818796824521,-0.5354570439442705,-0.1045025299751714,0.5015985574270041,-1.0370556013712746,0.9543133411686977,-1.4897703851129682,0.8552279548171358,-1.3906849987614063,0.032975460122699383,0.010736196319018405,0.003834355828220859,0.010736196319018405,500,0,0.0009728214283316336,0.03211982413278184,-1.1198671431003886,-0.9933930103972495,27,M2-COST-LEDGER-v1,100,AGGRESSIVE_CROSS_TO_CROSS_STATE_CONDITIONED,"assumes sufficient displayed size, immediate aggressive fill, no additional slippage, no impact and no queue effect; costs are M2-COST-LEDGER-v1 round trips at the declared 100-share representative size, and are 2026 rate cards applied to a 2019 tape for arithmetic validation, not a reconstruction of 2019 economics"
"[-0.8,-0.6)",WIDER_THAN_ONE_TICK,5-25,275,15.371763636363639,18.132937642166645,9.066468821083323,8.823717070218159,-0.05632289103107319,0.05632289103107319,-9.01014593005225,-17.833863000270412,0.24275175086516365,4.549932235801131,-22.383795236071542,14.023994304442716,-31.85785730471312,9.746649541261121,-27.580512541531526,0.0,0.0,0.0,0.0,500,0,0.0002051578932447847,3.1860733654137943,-28.88811508555589,-16.02332696321379,11,M2-COST-LEDGER-v1,100,AGGRESSIVE_CROSS_TO_CROSS_STATE_CONDITIONED,"assumes sufficient displayed size, immediate aggressive fill, no additional slippage, no impact and no queue effect; costs are M2-COST-LEDGER-v1 round trips at the declared 100-share representative size, and are 2026 rate cards applied to a 2019 tape for arithmetic validation, not a reconstruction of 2019 economics"
"[-0.8,-0.6)",WIDER_THAN_ONE_TICK,25-50,2420,43.59758677685951,7.644116111786122,3.822058055893061,3.7179622006690454,-0.1706697996623733,0.1706697996623733,-3.6513882562306876,-7.369350456899731,0.1040958552240157,1.677339568912367,-9.046690025812099,4.750087389547592,-12.119437846447326,3.4375272018957332,-10.806877658795466,0.00371900826446281,0.0024793388429752068,0.0,0.0008264462809917355,500,0,0.0018053894605541054,0.7336423958097571,-10.490055324806447,-7.620179816634601,77,M2-COST-LEDGER-v1,100,AGGRESSIVE_CROSS_TO_CROSS_STATE_CONDITIONED,"assumes sufficient displayed size, immediate aggressive fill, no additional slippage, no impact and no queue effect; costs are M2-COST-LEDGER-v1 round trips at the declared 100-share representative size, and are 2026 rate cards applied to a 2019 tape for arithmetic validation, not a reconstruction of 2019 economics"
"[-0.8,-0.6)",WIDER_THAN_ONE_TICK,50-100,7444,70.9571628156905,4.916531236645601,2.4582656183228004,2.415024919093029,-0.10372599130888595,0.10372599130888595,-2.3545396270139145,-4.7695645461069445,0.04324069922977165,1.1275603469978888,-5.897124893104833,2.975174647289391,-7.7447391933963345,2.2300380891227984,-6.999602635229742,0.005910800644814616,0.003492745835572273,0.0008060182697474476,0.0013433637829124126,500,0,0.005553437662960644,0.3976786262629741,-6.694554653970223,-5.159190868652093,176,M2-COST-LEDGER-v1,100,AGGRESSIVE_CROSS_TO_CROSS_STATE_CONDITIONED,"assumes sufficient displayed size, immediate aggressive fill, no additional slippage, no impact and no queue effect; costs are M2-COST-LEDGER-v1 round trips at the declared 100-share representative size, and are 2026 rate cards applied to a 2019 tape for arithmetic validation, not a reconstruction of 2019 economics"
"[-0.8,-0.6)",WIDER_THAN_ONE_TICK,100-200,13307,127.46325730818366,4.1164794017678386,2.0582397008839193,2.032573717541785,-0.04334011911379615,0.04334011911379615,-2.0148995817701225,-4.047473299311909,0.025665983342133995,0.7165927379477676,-4.764066037259676,1.6484027052389592,-5.6958760045508665,1.327423195998411,-5.374896495310319,0.007214248140076651,0.004584053505673705,0.0012023746900127752,0.002329600961899752,500,0,0.009927403946939455,0.331238471224757,-5.420147998246465,-4.158827927977621,187,M2-COST-LEDGER-v1,100,AGGRESSIVE_CROSS_TO_CROSS_STATE_CONDITIONED,"assumes sufficient displayed size, immediate aggressive fill, no additional slippage, no impact and no queue effect; costs are M2-COST-LEDGER-v1 round trips at the declared 100-share representative size, and are 2026 rate cards applied to a 2019 tape for arithmetic validation, not a reconstruction of 2019 economics"
"[-0.8,-0.6)",WIDER_THAN_ONE_TICK,200+,10491,672.302157563626,4.267039768384837,2.1335198841924186,2.114040708207447,-0.029932367944774566,0.029932367944774566,-2.103587516247644,-4.2176282244550904,0.019479175984970995,0.3893926410765973,-4.6070208655316875,0.5920666378582641,-4.809694862313355,0.608788262334718,-4.8264164867898085,0.005623868077399676,0.002764274139738824,0.0018110761605185397,0.002668954341816795,500,0,0.00782658712011286,0.3947025286776923,-5.402303810717772,-3.849359000634222,113,M2-COST-LEDGER-v1,100,AGGRESSIVE_CROSS_TO_CROSS_STATE_CONDITIONED,"assumes sufficient displayed size, immediate aggressive fill, no additional slippage, no impact and no queue effect; costs are M2-COST-LEDGER-v1 round trips at the declared 100-share representative size, and are 2026 rate cards applied to a 2019 tape for arithmetic validation, not a reconstruction of 2019 economics"
"[-0.6,-0.4)",ONE_TICK,5-25,10700,14.445185981308411,7.489087788909329,3.7445438944546643,3.7664783909379804,-0.15817411833380757,0.15817411833380757,-3.586369776120857,-7.352848167058836,-0.02193449648331596,4.847346964926184,-12.200195131985021,14.984170992497768,-22.337019159556604,10.399866383735166,-17.752714550794003,0.0014953271028037382,0.0012149532710280374,0.0,9.345794392523364e-05,500,0,0.007982507118978896,0.4387038930953035,-13.039227032085751,-11.345478626517865,65,M2-COST-LEDGER-v1,100,AGGRESSIVE_CROSS_TO_CROSS_STATE_CONDITIONED,"assumes sufficient displayed size, immediate aggressive fill, no additional slippage, no impact and no queue effect; costs are M2-COST-LEDGER-v1 round trips at the declared 100-share representative size, and are 2026 rate cards applied to a 2019 tape for arithmetic validation, not a reconstruction of 2019 economics"
"[-0.6,-0.4)",ONE_TICK,25-50,29665,38.11645120512388,2.738723048260328,1.369361524130164,1.3849066039413858,-0.0796215977641906,0.0796215977641906,-1.2897399263659735,-2.67464653030736,-0.015545079811221968,1.9028811075310657,-4.577527637838425,5.478227950059938,-8.152874480367299,3.932887778477326,-6.607534308784685,0.0023259733692904097,0.0021237148154390696,0.00010112927692566998,0.0005730659025787965,500,0,0.022130941465841956,0.07682897290081006,-4.72846389125943,-4.429215175414426,178,M2-COST-LEDGER-v1,100,AGGRESSIVE_CROSS_TO_CROSS_STATE_CONDITIONED,"assumes sufficient displayed size, immediate aggressive fill, no additional slippage, no impact and no queue effect; costs are M2-COST-LEDGER-v1 round trips at the declared 100-share representative size, and are 2026 rate cards applied to a 2019 tape for arithmetic validation, not a reconstruction of 2019 economics"
"[-0.6,-0.4)",ONE_TICK,50-100,33929,64.1672455716349,1.6145272247427827,0.8072636123713913,0.8251277750626137,-0.06541100457088059,0.06541100457088059,-0.7418526078005108,-1.5669803828631246,-0.017864162691222492,1.2062828329249984,-2.7732632157881225,3.229323108716702,-4.796303491579827,2.402937574767951,-3.9699179576310755,0.0033304842465147807,0.0025641781366972207,0.00020631318341242006,0.0005305196144890802,500,0,0.02531200785419018,0.03155771247591161,-2.8359989282190194,-2.711074992393458,252,M2-COST-LEDGER-v1,100,AGGRESSIVE_CROSS_TO_CROSS_STATE_CONDITIONED,"assumes sufficient displayed size, immediate aggressive fill, no additional slippage, no impact and no queue effect; costs are M2-COST-LEDGER-v1 round trips at the declared 100-share representative size, and are 2026 rate cards applied to a 2019 tape for arithmetic validation, not a reconstruction of 2019 economics"
"[-0.6,-0.4)",ONE_TICK,100-200,8826,125.5622309086789,0.8177992370614194,0.4088996185307097,0.451594255340924,-0.04517624177052604,0.04517624177052604,-0.3637233767601836,-0.8153176321011077,-0.04269463681021432,0.712647817400262,-1.5279654495013697,1.6356668842623472,-2.4509845163634547,1.318758902365633,-2.134076534466741,0.013029685021527305,0.006911398141853614,0.0003399048266485384,0.0018128257421255382,500,0,0.006584449330103526,0.02463224750842505,-1.5745648205334455,-1.4804515512799874,144,M2-COST-LEDGER-v1,100,AGGRESSIVE_CROSS_TO_CROSS_STATE_CONDITIONED,"assumes sufficient displayed size, immediate aggressive fill, no additional slippage, no impact and no queue effect; costs are M2-COST-LEDGER-v1 round trips at the declared 100-share representative size, and are 2026 rate cards applied to a 2019 tape for arithmetic validation, not a reconstruction of 2019 economics"
"[-0.6,-0.4)",ONE_TICK,200+,1326,209.36549019607844,0.47821753546401313,0.23910876773200657,0.31485268734928934,-0.03858172464212557,0.03858172464212557,-0.20052704308988098,-0.5153797304391703,-0.07574391961728277,0.5022628532147431,-1.0176425836539136,0.9564579603381539,-1.4718376907773243,0.8566869585396891,-1.3720666889788595,0.03770739064856712,0.00980392156862745,0.003770739064856712,0.00980392156862745,500,0,0.0009892340597912163,0.024962039932896377,-1.080539277156791,-0.9831016224020209,25,M2-COST-LEDGER-v1,100,AGGRESSIVE_CROSS_TO_CROSS_STATE_CONDITIONED,"assumes sufficient displayed size, immediate aggressive fill, no additional slippage, no impact and no queue effect; costs are M2-COST-LEDGER-v1 round trips at the declared 100-share representative size, and are 2026 rate cards applied to a 2019 tape for arithmetic validation, not a reconstruction of 2019 economics"
"[-0.6,-0.4)",WIDER_THAN_ONE_TICK,5-25,308,15.428652597402596,17.92721064887734,8.96360532443867,8.347541310289932,-0.09647352088544651,0.09647352088544651,-8.867131803553223,-17.21467311384316,0.6160640141487381,4.622234926739375,-21.836908040582532,14.257417035478207,-31.47209014932136,9.905449125989145,-27.120122239832305,0.006493506493506494,0.0,0.0,0.0,500,0,0.00022977684043415887,2.8577006607907594,-28.302499792003204,-17.222517598909505,23,M2-COST-LEDGER-v1,100,AGGRESSIVE_CROSS_TO_CROSS_STATE_CONDITIONED,"assumes sufficient displayed size, immediate aggressive fill, no additional slippage, no impact and no queue effect; costs are M2-COST-LEDGER-v1 round trips at the declared 100-share representative size, and are 2026 rate cards applied to a 2019 tape for arithmetic validation, not a reconstruction of 2019 economics"
"[-0.6,-0.4)",WIDER_THAN_ONE_TICK,25-50,3336,43.43330485611511,7.824304508013183,3.9121522540065916,3.711384114934487,-0.1509023231518983,0.1509023231518983,-3.761249930854693,-7.47263404578918,0.20076813907210506,1.682865197752597,-9.155499243541778,4.767926384996278,-12.240560430785457,3.4496632310504327,-10.922297276839613,0.0038968824940047962,0.0032973621103117505,0.00029976019184652276,0.001199040767386091,500,0,0.0024887517522349154,0.8156302878712791,-10.780756806504392,-7.635059057387251,101,M2-COST-LEDGER-v1,100,AGGRESSIVE_CROSS_TO_CROSS_STATE_CONDITIONED,"assumes sufficient displayed size, immediate aggressive fill, no additional slippage, no impact and no queue effect; costs are M2-COST-LEDGER-v1 round trips at the declared 100-share representative size, and are 2026 rate cards applied to a 2019 tape for arithmetic validation, not a reconstruction of 2019 economics"
"[-0.6,-0.4)",WIDER_THAN_ONE_TICK,50-100,11174,73.33967558618221,4.3942502586904135,2.1971251293452068,2.1313493980927407,-0.06050884730271715,0.06050884730271715,-2.1366162820424894,-4.26796568013523,0.06577573125246562,1.0974107279186396,-5.365376408053869,2.8778393153144135,-7.145804995449644,2.1638199867622334,-6.431785666897463,0.005101127617683909,0.002237336674422767,0.0006264542688383748,0.0009844281367460176,500,0,0.008336124724062633,0.267782176891522,-5.886767506924357,-4.855167634107552,212,M2-COST-LEDGER-v1,100,AGGRESSIVE_CROSS_TO_CROSS_STATE_CONDITIONED,"assumes sufficient displayed size, immediate aggressive fill, no additional slippage, no impact and no queue effect; costs are M2-COST-LEDGER-v1 round trips at the declared 100-share representative size, and are 2026 rate cards applied to a 2019 tape for arithmetic validation, not a reconstruction of 2019 economics"
"[-0.6,-0.4)",WIDER_THAN_ONE_TICK,100-200,17872,126.37433023724263,4.059108482413061,2.0295542412065304,1.9980651033647285,-0.053651180946101586,0.053651180946101586,-1.9759030602604286,-3.9739681636251576,0.03148913784180169,0.7172249175185484,-4.691193081143706,1.6504436400921663,-5.624411803717324,1.3288116623474615,-5.302779825972619,0.005819158460161146,0.0036369740376007162,0.000783348254252462,0.0016226499552372427,500,0,0.013333024974802881,0.322613659658605,-5.354881932095502,-4.093647799973998,190,M2-COST-LEDGER-v1,100,AGGRESSIVE_CROSS_TO_CROSS_STATE_CONDITIONED,"assumes sufficient displayed size, immediate aggressive fill, no additional slippage, no impact and no queue effect; costs are M2-COST-LEDGER-v1 round trips at the declared 100-share representative size, and are 2026 rate cards applied to a 2019 tape for arithmetic validation, not a reconstruction of 2019 economics"
"[-0.6,-0.4)",WIDER_THAN_ONE_TICK,200+,12078,579.5914037920185,3.805196544808629,1.9025982724043145,1.8905020252462694,-0.021972949881802446,0.021972949881802446,-1.8806253225225118,-3.7711273477687812,0.012096247158045026,0.4042991703269912,-4.175426518095772,0.6401910260758391,-4.41131837384462,0.6415277167586281,-4.412655064527409,0.004636529226693161,0.0023182646133465806,0.0016559032952475575,0.0022354694485842027,500,0,0.009010534671310943,0.2912658447271174,-4.759359737936533,-3.6419025382896355,113,M2-COST-LEDGER-v1,100,AGGRESSIVE_CROSS_TO_CROSS_STATE_CONDITIONED,"assumes sufficient displayed size, immediate aggressive fill, no additional slippage, no impact and no queue effect; costs are M2-COST-LEDGER-v1 round trips at the declared 100-share representative size, and are 2026 rate cards applied to a 2019 tape for arithmetic validation, not a reconstruction of 2019 economics"
"[-0.4,-0.2)",ONE_TICK,5-25,15485,13.730438165967064,7.828906969023132,3.914453484511566,3.925853899213135,-0.05473221545950708,0.05473221545950708,-3.859721269052059,-7.7855751682651935,-0.011400414701568969,5.058021583192106,-12.8435967514573,15.664315038554017,-23.44989020681921,10.862574499563644,-18.648149667828836,0.0004520503713270907,0.00038747174685179207,0.0,0.0,500,0,0.01155225446143815,0.4079119133797268,-13.640887687353548,-12.046155199817816,65,M2-COST-LEDGER-v1,100,AGGRESSIVE_CROSS_TO_CROSS_STATE_CONDITIONED,"assumes sufficient displayed size, immediate aggressive fill, no additional slippage, no impact and no queue effect; costs are M2-COST-LEDGER-v1 round trips at the declared 100-share representative size, and are 2026 rate cards applied to a 2019 tape for arithmetic validation, not a reconstruction of 2019 economics"
"[-0.4,-0.2)",ONE_TICK,25-50,38618,37.79056139624009,2.764366209244814,1.382183104622407,1.3969025245973283,-0.03887939572807078,0.03887939572807078,-1.3433037088943358,-2.7402062334916644,-0.014719419974921731,1.918771662931082,-4.658977896422746,5.529529178147157,-8.269735411638822,3.9677884656561146,-6.707994699147779,0.0019162048785540421,0.0015795742917810347,7.76839815630017e-05,0.00023305194468900512,500,0,0.02881013644118944,0.07539605125741988,-4.805725222590963,-4.509466355856445,179,M2-COST-LEDGER-v1,100,AGGRESSIVE_CROSS_TO_CROSS_STATE_CONDITIONED,"assumes sufficient displayed size, immediate aggressive fill, no additional slippage, no impact and no queue effect; costs are M2-COST-LEDGER-v1 round trips at the declared 100-share representative size, and are 2026 rate cards applied to a 2019 tape for arithmetic validation, not a reconstruction of 2019 economics"
"[-0.4,-0.2)",ONE_TICK,50-100,46672,64.93242629413781,1.5980753978408584,0.7990376989204292,0.8180214911625054,-0.03058552680626345,0.03058552680626345,-0.7684521721141657,-1.5864736632766712,-0.01898379224207618,1.1960893651466804,-2.7825630284233513,3.19641441532423,-4.782888078600902,2.380549494474812,-3.967023157751483,0.0025068563592732258,0.0020354816592389443,6.427836818649297e-05,0.0002142612272883099,500,0,0.03481865161280215,0.03258980463184061,-2.844837829816878,-2.717760885996283,254,M2-COST-LEDGER-v1,100,AGGRESSIVE_CROSS_TO_CROSS_STATE_CONDITIONED,"assumes sufficient displayed size, immediate aggressive fill, no additional slippage, no impact and no queue effect; costs are M2-COST-LEDGER-v1 round trips at the declared 100-share representative size, and are 2026 rate cards applied to a 2019 tape for arithmetic validation, not a reconstruction of 2019 economics"
"[-0.4,-0.2)",ONE_TICK,100-200,12817,125.1155828196926,0.8209263642674047,0.41046318213370236,0.4560399512420382,-0.03125163681350701,0.03125163681350701,-0.3792115453201953,-0.8352514965622334,-0.04557676910833591,0.714585225301087,-1.5498367218633204,1.6419216313190863,-2.47717312788132,1.3230140630810563,-2.15826555964329,0.01263946321292034,0.00842630880861356,0.0010142779121479284,0.002262619957868456,500,0,0.009561849882612383,0.02224313689591105,-1.5953587978850137,-1.508783337812932,158,M2-COST-LEDGER-v1,100,AGGRESSIVE_CROSS_TO_CROSS_STATE_CONDITIONED,"assumes sufficient displayed size, immediate aggressive fill, no additional slippage, no impact and no queue effect; costs are M2-COST-LEDGER-v1 round trips at the declared 100-share representative size, and are 2026 rate cards applied to a 2019 tape for arithmetic validation, not a reconstruction of 2019 economics"
"[-0.4,-0.2)",ONE_TICK,200+,1467,209.99729038854807,0.47725969165249044,0.23862984582624522,0.3421523316247333,-0.05105800798122773,0.05105800798122773,-0.18757183784501746,-0.5297241694697508,-0.10352248579848805,0.5016694454169278,-1.0313936148866787,0.9545421966648197,-1.4842663661345705,0.8553836472708468,-1.3851078167405975,0.032719836400818,0.011588275391956374,0.0054533060668029995,0.011588275391956374,500,0,0.0010944241068730877,0.048026155228402326,-1.144520124612448,-0.9537383420802187,27,M2-COST-LEDGER-v1,100,AGGRESSIVE_CROSS_TO_CROSS_STATE_CONDITIONED,"assumes sufficient displayed size, immediate aggressive fill, no additional slippage, no impact and no queue effect; costs are M2-COST-LEDGER-v1 round trips at the declared 100-share representative size, and are 2026 rate cards applied to a 2019 tape for arithmetic validation, not a reconstruction of 2019 economics"
"[-0.4,-0.2)",WIDER_THAN_ONE_TICK,5-25,507,15.663244575936886,17.138691666306194,8.569345833153097,8.049649446246523,-0.30655538123430537,0.30655538123430537,-8.262790451918793,-16.312439898165316,0.5196963869065752,4.5624419277525154,-20.87488182591783,14.064380719136452,-30.376820617301764,9.774124782655,-26.086564680820317,0.0039447731755424065,0.0039447731755424065,0.0,0.0,500,0,0.00037823655227311217,2.3791286318745644,-25.684082974800074,-16.32817340177654,32,M2-COST-LEDGER-v1,100,AGGRESSIVE_CROSS_TO_CROSS_STATE_CONDITIONED,"assumes sufficient displayed size, immediate aggressive fill, no additional slippage, no impact and no queue effect; costs are M2-COST-LEDGER-v1 round trips at the declared 100-share representative size, and are 2026 rate cards applied to a 2019 tape for arithmetic validation, not a reconstruction of 2019 economics"
"[-0.4,-0.2)",WIDER_THAN_ONE_TICK,25-50,5312,42.62419239457831,7.739669801748899,3.8698349008744497,3.737943275615543,-0.031868810725226265,0.031868810725226265,-3.837966090149223,-7.575909365764765,0.13189162525890633,1.7131190393323381,-9.289028405097104,4.86559818993491,-12.441507555699676,3.5161102389964287,-11.092019604761196,0.0030120481927710845,0.0020707831325301206,0.0005647590361445783,0.0009412650602409639,500,0,0.003962904468786532,0.7320410184669989,-10.733609373252868,-7.819716581520556,117,M2-COST-LEDGER-v1,100,AGGRESSIVE_CROSS_TO_CROSS_STATE_CONDITIONED,"assumes sufficient displayed size, immediate aggressive fill, no additional slippage, no impact and no queue effect; costs are M2-COST-LEDGER-v1 round trips at the declared 100-share representative size, and are 2026 rate cards applied to a 2019 tape for arithmetic validation, not a reconstruction of 2019 economics"
"[-0.4,-0.2)",WIDER_THAN_ONE_TICK,50-100,19199,73.88705323193916,4.428505672816432,2.214252836408216,2.15771862826611,-0.025090502125890354,0.025090502125890354,-2.1891623342823254,-4.346880962548435,0.056534208142106544,1.0918633633947643,-5.438744325943199,2.859930148167116,-7.206811110715552,2.151636219169423,-6.498517181717858,0.0028647325381530287,0.0016667534767435804,0.00020834418459294755,0.0004166883691858951,500,0,0.014323005063296805,0.30638829028837,-6.049506169543307,-4.84427258216584,226,M2-COST-LEDGER-v1,100,AGGRESSIVE_CROSS_TO_CROSS_STATE_CONDITIONED,"assumes sufficient displayed size, immediate aggressive fill, no additional slippage, no impact and no queue effect; costs are M2-COST-LEDGER-v1 round trips at the declared 100-share representative size, and are 2026 rate cards applied to a 2019 tape for arithmetic validation, not a reconstruction of 2019 economics"
"[-0.4,-0.2)",WIDER_THAN_ONE_TICK,100-200,33248,125.71239352743021,3.823910516896659,1.9119552584483295,1.887156669030946,-0.018236677694866147,0.018236677694866147,-1.8937185807534629,-3.7808752497844096,0.024798589417383117,0.7178712989886691,-4.498746548773078,1.6525304244993348,-5.433405674283745,1.3302313205607184,-5.111106570345127,0.004842396535129932,0.002676852743022137,0.0005113089509143407,0.0011429258902791145,500,0,0.024803962307645824,0.2703956477145925,-5.065878160043819,-4.013846363313521,190,M2-COST-LEDGER-v1,100,AGGRESSIVE_CROSS_TO_CROSS_STATE_CONDITIONED,"assumes sufficient displayed size, immediate aggressive fill, no additional slippage, no impact and no queue effect; costs are M2-COST-LEDGER-v1 round trips at the declared 100-share representative size, and are 2026 rate cards applied to a 2019 tape for arithmetic validation, not a reconstruction of 2019 economics"
"[-0.4,-0.2)",WIDER_THAN_ONE_TICK,200+,16434,493.9570822684678,4.068736554147132,2.034368277073566,2.021223369873608,-0.02006686777884301,0.02006686777884301,-2.0143014092947227,-4.035524779168331,0.013144907199957442,0.41650147529370835,-4.45202625446204,0.6795850695519235,-4.715109848720254,0.6683278390817997,-4.703852618250131,0.004076913715467932,0.0017646342947547767,0.0011561397103565779,0.0017037848363149568,500,0,0.012260235700308333,0.3113596066127668,-5.089208758282863,-3.8780139072831363,113,M2-COST-LEDGER-v1,100,AGGRESSIVE_CROSS_TO_CROSS_STATE_CONDITIONED,"assumes sufficient displayed size, immediate aggressive fill, no additional slippage, no impact and no queue effect; costs are M2-COST-LEDGER-v1 round trips at the declared 100-share representative size, and are 2026 rate cards applied to a 2019 tape for arithmetic validation, not a reconstruction of 2019 economics"
"[-0.2,0.0)",ONE_TICK,5-25,16191,13.43565653758261,8.018581552835492,4.009290776417746,4.019068173094595,-0.018697383201799218,0.018697383201799218,-3.990593393215947,-8.009661566310543,-0.009777396676848911,5.175624429784555,-13.185285996095097,16.04398524547072,-24.053646811781256,11.120867558360938,-19.130529124671483,0.0005558643690939411,0.00043233895373973193,0.0,6.176270767710456e-05,500,0,0.012078950725550215,0.4377850200981555,-14.008014363863651,-12.298878012098614,65,M2-COST-LEDGER-v1,100,AGGRESSIVE_CROSS_TO_CROSS_STATE_CONDITIONED,"assumes sufficient displayed size, immediate aggressive fill, no additional slippage, no impact and no queue effect; costs are M2-COST-LEDGER-v1 round trips at the declared 100-share representative size, and are 2026 rate cards applied to a 2019 tape for arithmetic validation, not a reconstruction of 2019 economics"
"[-0.2,0.0)",ONE_TICK,25-50,37047,37.00706224525602,2.8210132374334087,1.4105066187167044,1.4184634254291533,-0.00873091281230332,0.00873091281230332,-1.4017757059044011,-2.8202391313335538,-0.007956806712448892,1.953874271081467,-4.774113402415021,5.642854789609256,-8.46309392094281,4.044884899064284,-6.865124030397839,0.0011067022970820848,0.000971738602315977,2.6992738953221582e-05,0.00016195643371932951,500,0,0.027638125349234686,0.07433820379755772,-4.9142862653213415,-4.621259338552675,179,M2-COST-LEDGER-v1,100,AGGRESSIVE_CROSS_TO_CROSS_STATE_CONDITIONED,"assumes sufficient displayed size, immediate aggressive fill, no additional slippage, no impact and no queue effect; costs are M2-COST-LEDGER-v1 round trips at the declared 100-share representative size, and are 2026 rate cards applied to a 2019 tape for arithmetic validation, not a reconstruction of 2019 economics"
"[-0.2,0.0)",ONE_TICK,50-100,41707,64.69982772676049,1.605224943110983,0.8026124715554915,0.8119522513777775,-0.01069582938530445,0.01069582938530445,-0.791916642170187,-1.6038688935479648,-0.009339779822286101,1.200519277904959,-2.8043881714529233,3.210715990007938,-4.814584883555903,2.39027898444631,-3.9941478779942754,0.002205864722948186,0.0017742824945452802,9.590716186731244e-05,0.00031169827606876546,500,0,0.031114619103855403,0.03371181883964853,-2.8711138177031432,-2.7372272358226852,252,M2-COST-LEDGER-v1,100,AGGRESSIVE_CROSS_TO_CROSS_STATE_CONDITIONED,"assumes sufficient displayed size, immediate aggressive fill, no additional slippage, no impact and no queue effect; costs are M2-COST-LEDGER-v1 round trips at the declared 100-share representative size, and are 2026 rate cards applied to a 2019 tape for arithmetic validation, not a reconstruction of 2019 economics"
"[-0.2,0.0)",ONE_TICK,100-200,9093,126.64411250412405,0.8157534579590147,0.40787672897950733,0.4461095145597004,-0.01642523024155645,0.01642523024155645,-0.39145149873795093,-0.8375610132976513,-0.03823278558019306,0.7113804338072693,-1.5489414471049208,1.6315752503866645,-2.4691362636843155,1.3159753270153016,-2.153536340312953,0.013306939403937094,0.008468052347959968,0.0008797976465412955,0.0023094688221709007,500,0,0.006783638993726645,0.02475676853216822,-1.5963852811408905,-1.4993553485094693,150,M2-COST-LEDGER-v1,100,AGGRESSIVE_CROSS_TO_CROSS_STATE_CONDITIONED,"assumes sufficient displayed size, immediate aggressive fill, no additional slippage, no impact and no queue effect; costs are M2-COST-LEDGER-v1 round trips at the declared 100-share representative size, and are 2026 rate cards applied to a 2019 tape for arithmetic validation, not a reconstruction of 2019 economics"
"[-0.2,0.0)",ONE_TICK,200+,1341,209.77311334824756,0.47757165787527295,0.23878582893763647,0.3352411565149125,-0.011289677422998969,0.011289677422998969,-0.22749615151463753,-0.56273730802955,-0.09645532757727605,0.5018627157437938,-1.0646000237733437,0.9551661525223364,-1.5179034605518866,0.8558081300563184,-1.4185454380858684,0.0343027591349739,0.009694258016405667,0.0037285607755406414,0.009694258016405667,500,0,0.001000424490331841,0.04276255547172273,-1.1655588027817148,-1.0034627267873322,24,M2-COST-LEDGER-v1,100,AGGRESSIVE_CROSS_TO_CROSS_STATE_CONDITIONED,"assumes sufficient displayed size, immediate aggressive fill, no additional slippage, no impact and no queue effect; costs are M2-COST-LEDGER-v1 round trips at the declared 100-share representative size, and are 2026 rate cards applied to a 2019 tape for arithmetic validation, not a reconstruction of 2019 economics"
"[-0.2,0.0)",WIDER_THAN_ONE_TICK,5-25,611,16.752013093289687,15.79565108352074,7.89782554176037,7.301516536788003,-0.11740777865437392,0.11740777865437392,-7.780417763105995,-15.081934299894,0.5963090049723667,4.31752469946524,-19.399458999359236,13.273687488184795,-28.355621788078796,9.23620906139951,-24.31814336129351,0.0016366612111292963,0.0,0.0,0.0,500,0,0.0004558235373547762,1.8125533507496119,-23.380126620591806,-16.20992701420787,36,M2-COST-LEDGER-v1,100,AGGRESSIVE_CROSS_TO_CROSS_STATE_CONDITIONED,"assumes sufficient displayed size, immediate aggressive fill, no additional slippage, no impact and no queue effect; costs are M2-COST-LEDGER-v1 round trips at the declared 100-share representative size, and are 2026 rate cards applied to a 2019 tape for arithmetic validation, not a reconstruction of 2019 economics"
"[-0.2,0.0)",WIDER_THAN_ONE_TICK,25-50,3966,41.77243192133132,6.772375267105696,3.386187633552848,3.2088710740060136,-0.008519004660578713,0.008519004660578713,-3.377668628892269,-6.586539702898283,0.17731655954683434,1.749847516502077,-8.336387219400358,4.9841727732109025,-11.570712476109186,3.596777595170336,-10.18331729806862,0.0037821482602118004,0.002773575390821987,0.0005042864346949068,0.0015128593040847202,500,0,0.0029587498349411497,0.44734905386644425,-9.269568893486664,-7.52396287591039,140,M2-COST-LEDGER-v1,100,AGGRESSIVE_CROSS_TO_CROSS_STATE_CONDITIONED,"assumes sufficient displayed size, immediate aggressive fill, no additional slippage, no impact and no queue effect; costs are M2-COST-LEDGER-v1 round trips at the declared 100-share representative size, and are 2026 rate cards applied to a 2019 tape for arithmetic validation, not a reconstruction of 2019 economics"
"[-0.2,0.0)",WIDER_THAN_ONE_TICK,50-100,13207,73.47639282198834,3.938429785308434,1.969214892654217,1.8942283532421562,-0.01724562826476378,0.01724562826476378,-1.9519692643894533,-3.846197617631609,0.07498653941206077,1.0947649547817628,-4.9409625724133726,2.8692976748402357,-6.715495292471846,2.158009031872886,-6.0042066495044955,0.0028772620579995455,0.0015900658741576437,0.0001514348451578708,0.0004543045354736125,500,0,0.009852801076668624,0.16857786408356237,-5.288722561514703,-4.619283846110081,237,M2-COST-LEDGER-v1,100,AGGRESSIVE_CROSS_TO_CROSS_STATE_CONDITIONED,"assumes sufficient displayed size, immediate aggressive fill, no additional slippage, no impact and no queue effect; costs are M2-COST-LEDGER-v1 round trips at the declared 100-share representative size, and are 2026 rate cards applied to a 2019 tape for arithmetic validation, not a reconstruction of 2019 economics"
"[-0.2,0.0)",WIDER_THAN_ONE_TICK,100-200,20781,127.1136947211395,3.6375026698268207,1.8187513349134103,1.7876899965874833,-0.00037618192937309666,0.00037618192937309666,-1.8183751529840373,-3.606065149571521,0.031061338325927546,0.7153002768922546,-4.3213654264637755,1.6442301110322985,-5.25029526060382,1.3245845426062721,-4.930649692177793,0.0038977912516240795,0.0016842307877387999,0.00033684615754775996,0.0006736923150955199,500,0,0.015503222470981348,0.21943335044158988,-4.779235178973102,-3.9224544280721054,189,M2-COST-LEDGER-v1,100,AGGRESSIVE_CROSS_TO_CROSS_STATE_CONDITIONED,"assumes sufficient displayed size, immediate aggressive fill, no additional slippage, no impact and no queue effect; costs are M2-COST-LEDGER-v1 round trips at the declared 100-share representative size, and are 2026 rate cards applied to a 2019 tape for arithmetic validation, not a reconstruction of 2019 economics"
"[-0.2,0.0)",WIDER_THAN_ONE_TICK,200+,14454,682.4125221392002,3.7160213771880874,1.8580106885940437,1.8415943346635628,-0.0033954532518684216,0.0033954532518684216,-1.8546152353421752,-3.6962095700057382,0.016416353930480614,0.3899069897628851,-4.086116559768623,0.5937271663047138,-4.289936736310452,0.6099179347815935,-4.306127504787332,0.004151100041511001,0.0017296250172962502,0.0015220700152207,0.0016604400166044002,500,0,0.010783098868945884,0.2789640082932506,-4.674413915106469,-3.579871668386768,113,M2-COST-LEDGER-v1,100,AGGRESSIVE_CROSS_TO_CROSS_STATE_CONDITIONED,"assumes sufficient displayed size, immediate aggressive fill, no additional slippage, no impact and no queue effect; costs are M2-COST-LEDGER-v1 round trips at the declared 100-share representative size, and are 2026 rate cards applied to a 2019 tape for arithmetic validation, not a reconstruction of 2019 economics"
"[0.0,0.2)",ONE_TICK,5-25,17975,13.642759109874826,7.880121482789091,3.9400607413945457,3.9446739492160288,0.04123388365026601,0.04123388365026601,-3.898826857744279,-7.843500806960308,-0.004613207821483865,5.085695679487048,-12.929196486447356,15.753658367996927,-23.597159174957234,10.92335557067362,-18.76685637763393,0.0008344923504867872,0.0008344923504867872,0.0,0.0,500,0,0.013409865931181836,0.40013287909155437,-13.672590288351627,-12.107801043685233,65,M2-COST-LEDGER-v1,100,AGGRESSIVE_CROSS_TO_CROSS_STATE_CONDITIONED,"assumes sufficient displayed size, immediate aggressive fill, no additional slippage, no impact and no queue effect; costs are M2-COST-LEDGER-v1 round trips at the declared 100-share representative size, and are 2026 rate cards applied to a 2019 tape for arithmetic validation, not a reconstruction of 2019 economics"
"[0.0,0.2)",ONE_TICK,25-50,39441,36.824467052052434,2.832947733644841,1.4164738668224206,1.423127336736489,0.010329346212766481,0.010329346212766481,-1.406144520609654,-2.829271857346143,-0.00665346991406837,1.960752665367407,-4.7900245227135505,5.665061066561444,-8.494332923907587,4.05999202913135,-6.889263886477493,0.0011409447022134327,0.0010395273953500166,7.606298014756218e-05,7.606298014756218e-05,500,0,0.029424118063518377,0.07355830313666521,-4.92828951947853,-4.638176280595796,179,M2-COST-LEDGER-v1,100,AGGRESSIVE_CROSS_TO_CROSS_STATE_CONDITIONED,"assumes sufficient displayed size, immediate aggressive fill, no additional slippage, no impact and no queue effect; costs are M2-COST-LEDGER-v1 round trips at the declared 100-share representative size, and are 2026 rate cards applied to a 2019 tape for arithmetic validation, not a reconstruction of 2019 economics"
"[0.0,0.2)",ONE_TICK,50-100,41717,64.31841827072896,1.6149545479786085,0.8074772739893042,0.8171560063833688,0.007981319622855377,0.007981319622855377,-0.7994959543664488,-1.6166519607498178,-0.009678732394064596,1.2063809603555828,-2.823032921105401,3.2296399042956674,-4.846291865045485,2.4031530936514813,-4.019805054401298,0.0021813649111872857,0.0016540019656255244,0.0003355946017211209,0.0003355946017211209,500,0,0.031122079390882487,0.03419490357052621,-2.8883129410977406,-2.7558779839680807,253,M2-COST-LEDGER-v1,100,AGGRESSIVE_CROSS_TO_CROSS_STATE_CONDITIONED,"assumes sufficient displayed size, immediate aggressive fill, no additional slippage, no impact and no queue effect; costs are M2-COST-LEDGER-v1 round trips at the declared 100-share representative size, and are 2026 rate cards applied to a 2019 tape for arithmetic validation, not a reconstruction of 2019 economics"
"[0.0,0.2)",ONE_TICK,100-200,10234,126.25928473715068,0.8166380408513911,0.40831902042569557,0.441906687762797,0.012224157525214358,0.012224157525214358,-0.3960948629004811,-0.8380015506632782,-0.033587667337101605,0.7118860871674842,-1.5498876378307624,1.6332077067553972,-2.4712092574186753,1.3170859017750576,-2.1550874524383357,0.00908735587258159,0.005374242720343952,0.001172562048075044,0.001172562048075044,500,0,0.007634857743516824,0.022806901865692036,-1.594977232600755,-1.5040488786975932,155,M2-COST-LEDGER-v1,100,AGGRESSIVE_CROSS_TO_CROSS_STATE_CONDITIONED,"assumes sufficient displayed size, immediate aggressive fill, no additional slippage, no impact and no queue effect; costs are M2-COST-LEDGER-v1 round trips at the declared 100-share representative size, and are 2026 rate cards applied to a 2019 tape for arithmetic validation, not a reconstruction of 2019 economics"
"[0.0,0.2)",ONE_TICK,200+,1436,210.5684610027855,0.4762927483436733,0.23814637417183665,0.30003594414870016,-0.056659165108731285,-0.056659165108731285,-0.2948055392805679,-0.594841483429268,-0.061889569976863505,0.5010563165441575,-1.0958977999734256,0.9525627652757301,-1.5474042487049982,0.8540370222819668,-1.4488785057112348,0.02576601671309192,0.004178272980501393,0.004178272980501393,0.004178272980501393,500,0,0.0010712972170891302,0.06708614131087898,-1.263567499920071,-1.012400285805768,23,M2-COST-LEDGER-v1,100,AGGRESSIVE_CROSS_TO_CROSS_STATE_CONDITIONED,"assumes sufficient displayed size, immediate aggressive fill, no additional slippage, no impact and no queue effect; costs are M2-COST-LEDGER-v1 round trips at the declared 100-share representative size, and are 2026 rate cards applied to a 2019 tape for arithmetic validation, not a reconstruction of 2019 economics"
"[0.0,0.2)",WIDER_THAN_ONE_TICK,5-25,685,16.743802919708028,15.004544548177119,7.5022722740885595,6.894124655481279,-0.08690680423038366,-0.08690680423038366,-7.589179078318943,-14.483303733800224,0.6081476186072808,4.250555341395505,-18.733859075195728,13.05748294235837,-27.54078667615859,9.089123163032882,-23.572426896833104,0.00145985401459854,0.00145985401459854,0.0,0.0,500,0,0.000511029661355191,1.6884637652218257,-22.213353615615482,-15.510574455123878,47,M2-COST-LEDGER-v1,100,AGGRESSIVE_CROSS_TO_CROSS_STATE_CONDITIONED,"assumes sufficient displayed size, immediate aggressive fill, no additional slippage, no impact and no queue effect; costs are M2-COST-LEDGER-v1 round trips at the declared 100-share representative size, and are 2026 rate cards applied to a 2019 tape for arithmetic validation, not a reconstruction of 2019 economics"
"[0.0,0.2)",WIDER_THAN_ONE_TICK,25-50,3227,41.14574992252867,7.24270978002285,3.621354890011425,3.451233555442779,0.0654369540500832,0.0654369540500832,-3.555917935961342,-7.007151491404121,0.17012133456864564,1.7734139825509478,-8.78056547395507,5.060254988057943,-12.067406479462065,3.648537010670711,-10.655688502074833,0.0037186241090796405,0.0018593120545398203,0.0009296560272699101,0.0009296560272699101,500,0,0.0024074346236397097,0.6448002042766255,-10.082032167188377,-7.630782627836619,141,M2-COST-LEDGER-v1,100,AGGRESSIVE_CROSS_TO_CROSS_STATE_CONDITIONED,"assumes sufficient displayed size, immediate aggressive fill, no additional slippage, no impact and no queue effect; costs are M2-COST-LEDGER-v1 round trips at the declared 100-share representative size, and are 2026 rate cards applied to a 2019 tape for arithmetic validation, not a reconstruction of 2019 economics"
"[0.0,0.2)",WIDER_THAN_ONE_TICK,50-100,12977,74.8253375202281,3.871182414164244,1.935591207082122,1.860923726891236,0.007850358514235168,0.007850358514235168,-1.9277408485678869,-3.788664575459123,0.07466748019088584,1.0790275878002855,-4.867692163259409,2.8184910017765477,-6.60715557723567,2.123444794927601,-5.912109370386723,0.002388841797025507,0.0013100100177236649,0.0005394158896509209,0.0005394158896509209,500,0,0.009681214475045713,0.15523129478906145,-5.183949355657002,-4.5764668238413275,235,M2-COST-LEDGER-v1,100,AGGRESSIVE_CROSS_TO_CROSS_STATE_CONDITIONED,"assumes sufficient displayed size, immediate aggressive fill, no additional slippage, no impact and no queue effect; costs are M2-COST-LEDGER-v1 round trips at the declared 100-share representative size, and are 2026 rate cards applied to a 2019 tape for arithmetic validation, not a reconstruction of 2019 economics"
"[0.0,0.2)",WIDER_THAN_ONE_TICK,100-200,23406,127.49573528155173,3.6163684729396257,1.8081842364698129,1.7804229759311,0.009159948893313435,0.009159948893313435,-1.7990242875764997,-3.5794472635076002,0.027761260538713115,0.7122581470798073,-4.291705410587407,1.634408868699943,-5.2138561322075425,1.3179030630563897,-4.8973503265639895,0.0037169956421430404,0.0018798598649918824,0.000854481756814492,0.000854481756814492,500,0,0.01746154781559066,0.21595103496790224,-4.7382798158154,-3.880911253063058,190,M2-COST-LEDGER-v1,100,AGGRESSIVE_CROSS_TO_CROSS_STATE_CONDITIONED,"assumes sufficient displayed size, immediate aggressive fill, no additional slippage, no impact and no queue effect; costs are M2-COST-LEDGER-v1 round trips at the declared 100-share representative size, and are 2026 rate cards applied to a 2019 tape for arithmetic validation, not a reconstruction of 2019 economics"
"[0.0,0.2)",WIDER_THAN_ONE_TICK,200+,15922,641.2404785830925,3.5463609267050855,1.7731804633525428,1.7592058471349792,0.01102885027255193,0.01102885027255193,-1.7621516130799906,-3.5213574602149698,0.013974616217563395,0.38792221252046266,-3.909279672735432,0.5873194915914854,-4.108676951806455,0.6055587360051118,-4.1269161962200815,0.003203115186534355,0.001444542142946866,0.001444542142946866,0.001444542142946866,500,0,0.01187826900452168,0.20057958289392838,-4.32676042471767,-3.5303798124619514,113,M2-COST-LEDGER-v1,100,AGGRESSIVE_CROSS_TO_CROSS_STATE_CONDITIONED,"assumes sufficient displayed size, immediate aggressive fill, no additional slippage, no impact and no queue effect; costs are M2-COST-LEDGER-v1 round trips at the declared 100-share representative size, and are 2026 rate cards applied to a 2019 tape for arithmetic validation, not a reconstruction of 2019 economics"
"[0.2,0.4)",ONE_TICK,5-25,17068,14.196163580970236,7.609843592326331,3.8049217961631654,3.816634940153655,0.07868718927006078,0.07868718927006078,-3.7262346068931045,-7.5428695470467595,-0.01171314399048939,4.918383518284292,-12.461253065331052,15.21350611229796,-22.756375659344716,10.555885129751314,-18.098754676798073,0.0008788375908132177,0.0007616592453714554,0.00011717834544176236,0.00011717834544176236,500,0,0.0127332178978254,0.41152334076301644,-13.264340796362305,-11.674811290381406,65,M2-COST-LEDGER-v1,100,AGGRESSIVE_CROSS_TO_CROSS_STATE_CONDITIONED,"assumes sufficient displayed size, immediate aggressive fill, no additional slippage, no impact and no queue effect; costs are M2-COST-LEDGER-v1 round trips at the declared 100-share representative size, and are 2026 rate cards applied to a 2019 tape for arithmetic validation, not a reconstruction of 2019 economics"
"[0.2,0.4)",ONE_TICK,25-50,41760,37.332660440613026,2.793766196909256,1.396883098454628,1.4112045666154696,0.036624104077628276,0.036624104077628276,-1.3602589943769998,-2.7714635609924696,-0.014321468160841361,1.9364866629822959,-4.707950223974765,5.586720461605475,-8.358184022597944,4.0066962105143595,-6.778159771506829,0.0017959770114942528,0.0013409961685823754,0.00011973180076628352,0.00011973180076628352,500,0,0.031154158625098943,0.0755833277873158,-4.85657100244703,-4.5613932708457705,179,M2-COST-LEDGER-v1,100,AGGRESSIVE_CROSS_TO_CROSS_STATE_CONDITIONED,"assumes sufficient displayed size, immediate aggressive fill, no additional slippage, no impact and no queue effect; costs are M2-COST-LEDGER-v1 round trips at the declared 100-share representative size, and are 2026 rate cards applied to a 2019 tape for arithmetic validation, not a reconstruction of 2019 economics"
"[0.2,0.4)",ONE_TICK,50-100,50106,64.8216518979763,1.601031286764229,0.8005156433821145,0.8185268996822871,0.030875721388410274,0.030875721388410274,-0.7696399219937041,-1.5881668216759914,-0.018011256300172803,1.1977569473990182,-2.78592376907501,3.20179805455696,-4.789964876232951,2.3842120326975906,-3.972378854373582,0.002654372729812797,0.002035684349179739,0.0002993653454676087,0.0002993653454676087,500,0,0.03738051417790248,0.03153610999267829,-2.847086718275357,-2.722602357853801,255,M2-COST-LEDGER-v1,100,AGGRESSIVE_CROSS_TO_CROSS_STATE_CONDITIONED,"assumes sufficient displayed size, immediate aggressive fill, no additional slippage, no impact and no queue effect; costs are M2-COST-LEDGER-v1 round trips at the declared 100-share representative size, and are 2026 rate cards applied to a 2019 tape for arithmetic validation, not a reconstruction of 2019 economics"
"[0.2,0.4)",ONE_TICK,100-200,14105,125.61039666784828,0.8200437747005752,0.4100218873502876,0.44884292449331736,0.02583163042458278,0.02583163042458278,-0.3841902569257048,-0.8330331814190223,-0.03882103714302975,0.7139957804255744,-1.5470289618445965,1.6400186615837753,-2.4730518430027977,1.3217194556433967,-2.154752637062419,0.011272598369372564,0.005955334987593052,0.0012761432116270826,0.0012761432116270826,500,0,0.010522734851700685,0.021660999668667094,-1.5870169005474484,-1.502361969925322,162,M2-COST-LEDGER-v1,100,AGGRESSIVE_CROSS_TO_CROSS_STATE_CONDITIONED,"assumes sufficient displayed size, immediate aggressive fill, no additional slippage, no impact and no queue effect; costs are M2-COST-LEDGER-v1 round trips at the declared 100-share representative size, and are 2026 rate cards applied to a 2019 tape for arithmetic validation, not a reconstruction of 2019 economics"
"[0.2,0.4)",ONE_TICK,200+,1338,209.5713153961136,0.4779176503920574,0.2389588251960287,0.33530593093123096,0.05163134249512751,0.05163134249512751,-0.1873274827009012,-0.5226334136321322,-0.09634710573520235,0.5020629019229328,-1.0246963155550652,0.9558124355865467,-1.478445849218679,0.8562478022414479,-1.3788812158735804,0.02765321375186846,0.0037369207772795215,0.0037369207772795215,0.0037369207772795215,500,0,0.000998186404223716,0.013639604372169404,-1.0564088395627553,-1.004597158971897,25,M2-COST-LEDGER-v1,100,AGGRESSIVE_CROSS_TO_CROSS_STATE_CONDITIONED,"assumes sufficient displayed size, immediate aggressive fill, no additional slippage, no impact and no queue effect; costs are M2-COST-LEDGER-v1 round trips at the declared 100-share representative size, and are 2026 rate cards applied to a 2019 tape for arithmetic validation, not a reconstruction of 2019 economics"
"[0.2,0.4)",WIDER_THAN_ONE_TICK,5-25,729,14.792215363511662,18.0785979396331,9.03929896981655,8.505699075328158,0.18049765236496654,0.18049765236496654,-8.858801317451583,-17.364500392779743,0.5335998944883911,4.783920137311599,-22.14842053009134,14.779403187446649,-32.14390358022639,10.260561003048643,-27.625061395828382,0.0013717421124828531,0.0013717421124828531,0.0013717421124828531,0.0013717421124828531,500,0,0.0005438549242743566,2.0287933438669272,-25.899618617690926,-18.00025840007516,37,M2-COST-LEDGER-v1,100,AGGRESSIVE_CROSS_TO_CROSS_STATE_CONDITIONED,"assumes sufficient displayed size, immediate aggressive fill, no additional slippage, no impact and no queue effect; costs are M2-COST-LEDGER-v1 round trips at the declared 100-share representative size, and are 2026 rate cards applied to a 2019 tape for arithmetic validation, not a reconstruction of 2019 economics"
"[0.2,0.4)",WIDER_THAN_ONE_TICK,25-50,5310,42.06045197740113,7.992594189005503,3.9962970945027516,3.822194367070868,0.05706862817587571,0.05706862817587571,-3.9392284663268757,-7.761422833397744,0.17410272743188338,1.7339044581423162,-9.49532729154006,4.932702044042989,-12.694124877440732,3.561761594880842,-11.323184428278587,0.003766478342749529,0.001694915254237288,0.0009416195856873823,0.0009416195856873823,500,0,0.003961412411381116,0.8302523432086869,-11.140802776507973,-7.963122970169884,130,M2-COST-LEDGER-v1,100,AGGRESSIVE_CROSS_TO_CROSS_STATE_CONDITIONED,"assumes sufficient displayed size, immediate aggressive fill, no additional slippage, no impact and no queue effect; costs are M2-COST-LEDGER-v1 round trips at the declared 100-share representative size, and are 2026 rate cards applied to a 2019 tape for arithmetic validation, not a reconstruction of 2019 economics"
"[0.2,0.4)",WIDER_THAN_ONE_TICK,50-100,19546,76.04359587639415,4.285703531559928,2.142851765779964,2.090637509080504,0.03500879092487032,0.03500879092487032,-2.107842974855094,-4.198480483935598,0.052214256699460275,1.0663781789370201,-5.264858662872618,2.7776535236061997,-6.976134007541798,2.0956626909910097,-6.294143174926609,0.0027115522357515605,0.0013813567993451346,0.0007674204440806303,0.0007674204440806303,500,0,0.014581877023136588,0.2770646240383358,-5.842903249587772,-4.75701968039717,230,M2-COST-LEDGER-v1,100,AGGRESSIVE_CROSS_TO_CROSS_STATE_CONDITIONED,"assumes sufficient displayed size, immediate aggressive fill, no additional slippage, no impact and no queue effect; costs are M2-COST-LEDGER-v1 round trips at the declared 100-share representative size, and are 2026 rate cards applied to a 2019 tape for arithmetic validation, not a reconstruction of 2019 economics"
"[0.2,0.4)",WIDER_THAN_ONE_TICK,100-200,35255,126.89593929939015,3.8762350291161196,1.9381175145580598,1.9127718229336315,0.024623456795282914,0.024623456795282914,-1.9134940577627766,-3.826265880696408,0.025345691624428256,0.7149859416642605,-4.541251822360668,1.6432153080363534,-5.469481188732761,1.3238941629949035,-5.150160043691312,0.004566728123670401,0.002836477095447454,0.0011345908381789817,0.0011345908381789817,500,0,0.026301241913981397,0.23609415097273986,-5.012010835665219,-4.091930497078844,190,M2-COST-LEDGER-v1,100,AGGRESSIVE_CROSS_TO_CROSS_STATE_CONDITIONED,"assumes sufficient displayed size, immediate aggressive fill, no additional slippage, no impact and no queue effect; costs are M2-COST-LEDGER-v1 round trips at the declared 100-share representative size, and are 2026 rate cards applied to a 2019 tape for arithmetic validation, not a reconstruction of 2019 economics"
"[0.2,0.4)",WIDER_THAN_ONE_TICK,200+,17849,620.7080844865259,4.024706446284737,2.0123532231423686,1.9919940752580125,0.019894293488238148,0.019894293488238148,-1.9924589296541309,-3.984453004912143,0.02035914788435619,0.38753523306874843,-4.371988237980892,0.5860701632566534,-4.570523168168796,0.6047088066949706,-4.589161811607114,0.0032494817636842402,0.0014006386912432068,0.0015687153341923917,0.0012885875959437504,500,0,0.013315866314640589,0.30381970936544517,-4.991080901530043,-3.821746449797349,113,M2-COST-LEDGER-v1,100,AGGRESSIVE_CROSS_TO_CROSS_STATE_CONDITIONED,"assumes sufficient displayed size, immediate aggressive fill, no additional slippage, no impact and no queue effect; costs are M2-COST-LEDGER-v1 round trips at the declared 100-share representative size, and are 2026 rate cards applied to a 2019 tape for arithmetic validation, not a reconstruction of 2019 economics"
"[0.4,0.6)",ONE_TICK,5-25,12418,14.945040264132711,7.222343142528411,3.6111715712642054,3.623666752593727,0.14597980313720477,0.14597980313720477,-3.465191768127,-7.088858520720728,-0.012495181329522452,4.678512650797272,-11.767371171517999,14.439104603058183,-21.52796312377891,10.02905281340191,-17.117911334122635,0.0017716218392655823,0.0015300370430020938,8.052826542116283e-05,8.052826542116283e-05,500,0,0.009264184430231769,0.39338681831102695,-12.545466434949633,-11.00120095736906,65,M2-COST-LEDGER-v1,100,AGGRESSIVE_CROSS_TO_CROSS_STATE_CONDITIONED,"assumes sufficient displayed size, immediate aggressive fill, no additional slippage, no impact and no queue effect; costs are M2-COST-LEDGER-v1 round trips at the declared 100-share representative size, and are 2026 rate cards applied to a 2019 tape for arithmetic validation, not a reconstruction of 2019 economics"
"[0.4,0.6)",ONE_TICK,25-50,32172,37.52784004724605,2.7753164002813095,1.3876582001406548,1.4002604503641323,0.06797712042249968,0.06797712042249968,-1.319681079718155,-2.7199415300822873,-0.012602250223477477,1.9250605356268062,-4.645002065709093,5.549832237697519,-8.269773767779807,3.9816008197957613,-6.701542349878048,0.0018028098968046748,0.0015541464627626509,0.00031082929255253015,0.00031082929255253015,500,0,0.024001235423531685,0.06992604055693262,-4.7836639162988375,-4.510938963447436,179,M2-COST-LEDGER-v1,100,AGGRESSIVE_CROSS_TO_CROSS_STATE_CONDITIONED,"assumes sufficient displayed size, immediate aggressive fill, no additional slippage, no impact and no queue effect; costs are M2-COST-LEDGER-v1 round trips at the declared 100-share representative size, and are 2026 rate cards applied to a 2019 tape for arithmetic validation, not a reconstruction of 2019 economics"
"[0.4,0.6)",ONE_TICK,50-100,36384,64.71780920184698,1.603519896024616,0.801759948012308,0.8183386052534545,0.054101572376842086,0.054101572376842086,-0.7476583756354659,-1.5659969808889203,-0.01657865724114638,1.19929835676644,-2.76529533765536,3.206774355985277,-4.7727713368741975,2.3875974553459884,-3.953594436234908,0.0028858839050131925,0.0021987686895338612,0.00032981530343007914,0.00032981530343007914,500,0,0.02714350831933908,0.03395141162120772,-2.8302789596202675,-2.6962977504311296,254,M2-COST-LEDGER-v1,100,AGGRESSIVE_CROSS_TO_CROSS_STATE_CONDITIONED,"assumes sufficient displayed size, immediate aggressive fill, no additional slippage, no impact and no queue effect; costs are M2-COST-LEDGER-v1 round trips at the declared 100-share representative size, and are 2026 rate cards applied to a 2019 tape for arithmetic validation, not a reconstruction of 2019 economics"
"[0.4,0.6)",ONE_TICK,100-200,9764,127.67568312167145,0.8081946251881792,0.4040973125940896,0.4454132017981245,0.033969228844207076,0.033969228844207076,-0.37012808374988243,-0.815541285548007,-0.04131588920403491,0.7066558066921412,-1.5221970922401482,1.6163222169237812,-2.431863502471788,1.3055985510732004,-2.1211398366212078,0.011982793936911103,0.007578861122490782,0.0012290045063498567,0.0012290045063498567,500,0,0.0072842242532439195,0.026685515746834282,-1.5762905884796092,-1.4698764358086118,147,M2-COST-LEDGER-v1,100,AGGRESSIVE_CROSS_TO_CROSS_STATE_CONDITIONED,"assumes sufficient displayed size, immediate aggressive fill, no additional slippage, no impact and no queue effect; costs are M2-COST-LEDGER-v1 round trips at the declared 100-share representative size, and are 2026 rate cards applied to a 2019 tape for arithmetic validation, not a reconstruction of 2019 economics"
"[0.4,0.6)",ONE_TICK,200+,1333,209.36018379594898,0.4782661112885015,0.23913305564425075,0.3286279280468138,0.053926970901602485,0.053926970901602485,-0.1852060847426483,-0.5138340127894621,-0.08949487240256301,0.5022787645821837,-1.0161127773716456,0.9565093287560409,-1.470343341545503,0.8567219049366936,-1.3705559177261557,0.02700675168792198,0.003000750187546887,0.003000750187546887,0.003000750187546887,500,0,0.0009944562607101745,0.01405644708910554,-1.0494022759614519,-0.9941544567572264,23,M2-COST-LEDGER-v1,100,AGGRESSIVE_CROSS_TO_CROSS_STATE_CONDITIONED,"assumes sufficient displayed size, immediate aggressive fill, no additional slippage, no impact and no queue effect; costs are M2-COST-LEDGER-v1 round trips at the declared 100-share representative size, and are 2026 rate cards applied to a 2019 tape for arithmetic validation, not a reconstruction of 2019 economics"
"[0.4,0.6)",WIDER_THAN_ONE_TICK,5-25,490,15.380846938775509,18.045163046001626,9.022581523000813,8.511895573911483,0.24733053149719844,0.24733053149719844,-8.775250991503617,-17.2871465654151,0.510685949089331,4.493202312545496,-21.780348877960595,13.840846852447122,-31.127993417862218,9.622052681341449,-26.909199246756547,0.004081632653061225,0.0020408163265306124,0.0020408163265306124,0.0020408163265306124,500,0,0.00036555406432707094,2.6754374881451923,-26.443320111994417,-16.36282527049072,31,M2-COST-LEDGER-v1,100,AGGRESSIVE_CROSS_TO_CROSS_STATE_CONDITIONED,"assumes sufficient displayed size, immediate aggressive fill, no additional slippage, no impact and no queue effect; costs are M2-COST-LEDGER-v1 round trips at the declared 100-share representative size, and are 2026 rate cards applied to a 2019 tape for arithmetic validation, not a reconstruction of 2019 economics"
"[0.4,0.6)",WIDER_THAN_ONE_TICK,25-50,3302,42.795632949727434,7.3221931833952825,3.6610965916976412,3.557091159164457,0.05025434060466377,0.05025434060466377,-3.610842251092977,-7.167933410257434,0.10400543253318385,1.7049347911401924,-8.872868201397626,4.839176081162848,-12.007109491420282,3.498135040599817,-10.66606845085725,0.004239854633555421,0.0024227740763173833,0.0003028467595396729,0.0003028467595396729,500,0,0.002463386776342833,0.821475448116036,-10.599660522267245,-7.424633591513631,92,M2-COST-LEDGER-v1,100,AGGRESSIVE_CROSS_TO_CROSS_STATE_CONDITIONED,"assumes sufficient displayed size, immediate aggressive fill, no additional slippage, no impact and no queue effect; costs are M2-COST-LEDGER-v1 round trips at the declared 100-share representative size, and are 2026 rate cards applied to a 2019 tape for arithmetic validation, not a reconstruction of 2019 economics"
"[0.4,0.6)",WIDER_THAN_ONE_TICK,50-100,11239,76.75437983806388,4.24948442940877,2.124742214704385,2.065113291993011,0.06275729851734854,0.06275729851734854,-2.0619849161870363,-4.127098208180047,0.05962892271137374,1.0559668309157793,-5.183065039095826,2.7440414234569146,-6.871139631636962,2.07279607675055,-6.199894284930598,0.003559035501379126,0.0019574695257585195,0.0007118071002758253,0.0007118071002758253,500,0,0.008384616589738674,0.27769380226792806,-5.765454231497713,-4.678026864508672,214,M2-COST-LEDGER-v1,100,AGGRESSIVE_CROSS_TO_CROSS_STATE_CONDITIONED,"assumes sufficient displayed size, immediate aggressive fill, no additional slippage, no impact and no queue effect; costs are M2-COST-LEDGER-v1 round trips at the declared 100-share representative size, and are 2026 rate cards applied to a 2019 tape for arithmetic validation, not a reconstruction of 2019 economics"
"[0.4,0.6)",WIDER_THAN_ONE_TICK,100-200,19249,128.53206582160115,3.8924031990440313,1.9462015995220157,1.9234748508449955,0.047705720429231824,0.047705720429231824,-1.8984958790927835,-3.821970729937779,0.022726748677020216,0.7118424673716852,-4.533813197309464,1.6330668841700895,-5.455037614107868,1.3169900989028693,-5.1389608288406485,0.005091173567458049,0.0028572912878591095,0.0013507195178970336,0.0013507195178970336,500,0,0.01436030649843222,0.27559552261807246,-5.070447122838949,-3.996919320821971,190,M2-COST-LEDGER-v1,100,AGGRESSIVE_CROSS_TO_CROSS_STATE_CONDITIONED,"assumes sufficient displayed size, immediate aggressive fill, no additional slippage, no impact and no queue effect; costs are M2-COST-LEDGER-v1 round trips at the declared 100-share representative size, and are 2026 rate cards applied to a 2019 tape for arithmetic validation, not a reconstruction of 2019 economics"
"[0.4,0.6)",WIDER_THAN_ONE_TICK,200+,11476,653.8387974904147,4.058078762846338,2.029039381423169,2.014159579115518,0.02734671053350523,0.02734671053350523,-2.0016926708896636,-4.015852250005182,0.014879802307650873,0.3869252144821506,-4.4027774644873325,0.5841007731465718,-4.599953023151754,0.6033690128785711,-4.619221262883752,0.004182642035552457,0.0012199372603694668,0.0013942140118508191,0.0011327988846287905,500,0,0.008561425392280542,0.3092402830915084,-5.034446981255249,-3.8412934757114505,113,M2-COST-LEDGER-v1,100,AGGRESSIVE_CROSS_TO_CROSS_STATE_CONDITIONED,"assumes sufficient displayed size, immediate aggressive fill, no additional slippage, no impact and no queue effect; costs are M2-COST-LEDGER-v1 round trips at the declared 100-share representative size, and are 2026 rate cards applied to a 2019 tape for arithmetic validation, not a reconstruction of 2019 economics"
"[0.6,0.8)",ONE_TICK,5-25,7758,15.76425625161124,6.815931103740405,3.4079655518702023,3.4419951922312197,0.2756227602265394,0.2756227602265394,-3.1323427916436635,-6.574337983874883,-0.034029640361017,4.426929856907938,-11.001267840782821,13.626892193407388,-20.201230177282273,9.476497401204787,-16.050835385079672,0.002964681618973962,0.0027068832173240526,0.0001288992008249549,0.0001288992008249549,500,0,0.005787690675611053,0.39156080951697525,-11.811958173119802,-10.295996496222509,65,M2-COST-LEDGER-v1,100,AGGRESSIVE_CROSS_TO_CROSS_STATE_CONDITIONED,"assumes sufficient displayed size, immediate aggressive fill, no additional slippage, no impact and no queue effect; costs are M2-COST-LEDGER-v1 round trips at the declared 100-share representative size, and are 2026 rate cards applied to a 2019 tape for arithmetic validation, not a reconstruction of 2019 economics"
"[0.6,0.8)",ONE_TICK,25-50,21373,37.46709142375895,2.779681952579682,1.389840976289841,1.4134790788806626,0.13349481868404095,0.13349481868404095,-1.2563461576058,-2.6698252364864627,-0.02363810259082165,1.9277642672821036,-4.597589503768567,5.558560992032618,-8.22838622851908,3.9875390699287188,-6.657364306415181,0.0030412202311327374,0.0026201281991297433,0.0003275160248912179,0.0003275160248912179,500,0,0.015944871462984667,0.07421097240960077,-4.743837803388341,-4.456744694543483,177,M2-COST-LEDGER-v1,100,AGGRESSIVE_CROSS_TO_CROSS_STATE_CONDITIONED,"assumes sufficient displayed size, immediate aggressive fill, no additional slippage, no impact and no queue effect; costs are M2-COST-LEDGER-v1 round trips at the declared 100-share representative size, and are 2026 rate cards applied to a 2019 tape for arithmetic validation, not a reconstruction of 2019 economics"
"[0.6,0.8)",ONE_TICK,50-100,26764,65.3637916604394,1.5868906398292912,0.7934453199146456,0.816050672304467,0.08938576449949669,0.08938576449949669,-0.7040595554151491,-1.520110227719616,-0.022605352389821268,1.188998180211232,-2.709108407930848,3.173521162909546,-4.693631390629163,2.3649750088178307,-3.885085236537446,0.004184725751008818,0.002764908085487969,0.0002615453594380511,0.0002615453594380511,500,0,0.019966712199285155,0.03476200186419179,-2.7752188273413325,-2.640314264060157,252,M2-COST-LEDGER-v1,100,AGGRESSIVE_CROSS_TO_CROSS_STATE_CONDITIONED,"assumes sufficient displayed size, immediate aggressive fill, no additional slippage, no impact and no queue effect; costs are M2-COST-LEDGER-v1 round trips at the declared 100-share representative size, and are 2026 rate cards applied to a 2019 tape for arithmetic validation, not a reconstruction of 2019 economics"
"[0.6,0.8)",ONE_TICK,100-200,7267,131.74002820971515,0.7886758255217229,0.39433791276086144,0.449639402668555,0.057384647855737346,0.057384647855737346,-0.3369532649051242,-0.7865926675736791,-0.055301489907693464,0.6945647779772193,-1.4811574455508985,1.5772874188126529,-2.3638800863863323,1.2790428266050173,-2.065635494178696,0.01169671116003853,0.006054768129902298,0.0011008669327095088,0.0011008669327095088,500,0,0.005421390582581274,0.028627713554989224,-1.5397034201433804,-1.4279742057536025,135,M2-COST-LEDGER-v1,100,AGGRESSIVE_CROSS_TO_CROSS_STATE_CONDITIONED,"assumes sufficient displayed size, immediate aggressive fill, no additional slippage, no impact and no queue effect; costs are M2-COST-LEDGER-v1 round trips at the declared 100-share representative size, and are 2026 rate cards applied to a 2019 tape for arithmetic validation, not a reconstruction of 2019 economics"
"[0.6,0.8)",ONE_TICK,200+,1148,209.50281358885016,0.47798293990969154,0.23899146995484577,0.3700799268149511,0.07969752841381839,0.07969752841381839,-0.15929394154102733,-0.5293738683559784,-0.13108845686010534,0.5021033477051252,-1.0314772160611037,0.9559430111545612,-1.4853168795105394,0.8563366339755483,-1.3857105023315268,0.032229965156794424,0.006097560975609756,0.006097560975609756,0.006097560975609756,500,0,0.0008564409507091376,0.029288019485221507,-1.1091034088457077,-0.9915110873806277,27,M2-COST-LEDGER-v1,100,AGGRESSIVE_CROSS_TO_CROSS_STATE_CONDITIONED,"assumes sufficient displayed size, immediate aggressive fill, no additional slippage, no impact and no queue effect; costs are M2-COST-LEDGER-v1 round trips at the declared 100-share representative size, and are 2026 rate cards applied to a 2019 tape for arithmetic validation, not a reconstruction of 2019 economics"
"[0.6,0.8)",WIDER_THAN_ONE_TICK,5-25,381,14.85982939632546,25.801983212854047,12.900991606427024,12.619794884330958,0.4340741537540095,0.4340741537540095,-12.466917452673012,-25.086712337003974,0.28119672209606544,4.67381681415848,-29.76052915116245,14.423944517057237,-39.51065685406121,10.018739270454693,-35.10545160745866,0.005249343832020997,0.005249343832020997,0.0026246719160104987,0.0026246719160104987,500,0,0.00028423693573186536,4.057861144558978,-35.798703838780284,-19.954513247991567,15,M2-COST-LEDGER-v1,100,AGGRESSIVE_CROSS_TO_CROSS_STATE_CONDITIONED,"assumes sufficient displayed size, immediate aggressive fill, no additional slippage, no impact and no queue effect; costs are M2-COST-LEDGER-v1 round trips at the declared 100-share representative size, and are 2026 rate cards applied to a 2019 tape for arithmetic validation, not a reconstruction of 2019 economics"
"[0.6,0.8)",WIDER_THAN_ONE_TICK,25-50,2778,43.88307955363571,7.957838021352274,3.978919010676137,3.8575565807090735,0.1171280406026315,0.1171280406026315,-3.861790970073506,-7.7193475507825795,0.12136242996706328,1.6590739997907193,-9.378421550573298,4.691118643392152,-12.410466194174733,3.3974102331674714,-11.116757783950051,0.005399568034557235,0.0032397408207343412,0.0010799136069114472,0.0010799136069114472,500,0,0.0020724677361236795,0.8347876758356435,-11.111171224694722,-7.986596871010856,71,M2-COST-LEDGER-v1,100,AGGRESSIVE_CROSS_TO_CROSS_STATE_CONDITIONED,"assumes sufficient displayed size, immediate aggressive fill, no additional slippage, no impact and no queue effect; costs are M2-COST-LEDGER-v1 round trips at the declared 100-share representative size, and are 2026 rate cards applied to a 2019 tape for arithmetic validation, not a reconstruction of 2019 economics"
"[0.6,0.8)",WIDER_THAN_ONE_TICK,50-100,6871,75.24529762771067,4.556772351805095,2.2783861759025474,2.2303931959172694,0.09809682258630999,0.09809682258630999,-2.1802893533162377,-4.410682549233507,0.04799297998527842,1.0713517544586322,-5.48203430369214,2.793710264596068,-7.204392813829576,2.106586236397087,-6.517268785630594,0.0053849512443603555,0.003056323679231553,0.0014553922282055014,0.0014553922282055014,500,0,0.005125963216308784,0.3799317553078693,-6.299047144867391,-4.828372474193397,183,M2-COST-LEDGER-v1,100,AGGRESSIVE_CROSS_TO_CROSS_STATE_CONDITIONED,"assumes sufficient displayed size, immediate aggressive fill, no additional slippage, no impact and no queue effect; costs are M2-COST-LEDGER-v1 round trips at the declared 100-share representative size, and are 2026 rate cards applied to a 2019 tape for arithmetic validation, not a reconstruction of 2019 economics"
"[0.6,0.8)",WIDER_THAN_ONE_TICK,100-200,12963,134.20383398904576,4.152410581330133,2.0762052906650665,2.065287633013722,0.06178348059637726,0.06178348059637726,-2.0144218100686886,-4.079709443082411,0.01091765765134436,0.6970470413219169,-4.776756484404327,1.5853011826373422,-5.665010625719753,1.2844946622588276,-5.364204105341238,0.00663426675923783,0.0032399907428835918,0.0017742806449124432,0.0017742806449124432,500,0,0.009670770073207796,0.34991267231279244,-5.477742976504026,-4.111035268960755,186,M2-COST-LEDGER-v1,100,AGGRESSIVE_CROSS_TO_CROSS_STATE_CONDITIONED,"assumes sufficient displayed size, immediate aggressive fill, no additional slippage, no impact and no queue effect; costs are M2-COST-LEDGER-v1 round trips at the declared 100-share representative size, and are 2026 rate cards applied to a 2019 tape for arithmetic validation, not a reconstruction of 2019 economics"
"[0.6,0.8)",WIDER_THAN_ONE_TICK,200+,10700,640.8537186915887,4.584637501045525,2.2923187505227625,2.2963430416302297,0.04094492208456801,0.04094492208456801,-2.2513738284381946,-4.547716870068425,-0.00402429110746748,0.39151523798318694,-4.939232108051613,0.5989192509545987,-5.146636121023024,0.6134501566976721,-5.161167026766097,0.004299065420560748,0.001588785046728972,0.0016822429906542056,0.0014018691588785046,500,0,0.007982507118978896,0.42938805786112266,-5.828829347203258,-4.142004904692375,113,M2-COST-LEDGER-v1,100,AGGRESSIVE_CROSS_TO_CROSS_STATE_CONDITIONED,"assumes sufficient displayed size, immediate aggressive fill, no additional slippage, no impact and no queue effect; costs are M2-COST-LEDGER-v1 round trips at the declared 100-share representative size, and are 2026 rate cards applied to a 2019 tape for arithmetic validation, not a reconstruction of 2019 economics"
"[0.8,1.0]",ONE_TICK,5-25,3436,16.0709545983702,6.6577555183198145,3.3288777591599072,3.405162400909578,0.44373670373571317,0.44373670373571317,-2.885141055424194,-6.290303456333772,-0.07628464174967076,4.329015012430458,-10.61931846876423,13.31078292955757,-19.601086385891346,9.261445424024382,-15.551748880358154,0.0032013969732246797,0.002328288707799767,0.0,0.0,500,0,0.0025633546225057465,0.372885690431684,-11.394927407338322,-9.927306191120646,64,M2-COST-LEDGER-v1,100,AGGRESSIVE_CROSS_TO_CROSS_STATE_CONDITIONED,"assumes sufficient displayed size, immediate aggressive fill, no additional slippage, no impact and no queue effect; costs are M2-COST-LEDGER-v1 round trips at the declared 100-share representative size, and are 2026 rate cards applied to a 2019 tape for arithmetic validation, not a reconstruction of 2019 economics"
"[0.8,1.0]",ONE_TICK,25-50,8205,37.29261243144424,2.7938746781133426,1.3969373390566713,1.4246013594814058,0.19798264932673051,0.19798264932673051,-1.1989546897299406,-2.6235560492113463,-0.027664020424734613,1.9365539977908846,-4.56011004700223,5.586937845975415,-8.210493895186762,4.006844099057688,-6.630400148269035,0.0032906764168190127,0.002437538086532602,0.0007312614259597807,0.0007312614259597807,500,0,0.006121165505721667,0.08592696784120044,-4.723239651471019,-4.393113784249025,176,M2-COST-LEDGER-v1,100,AGGRESSIVE_CROSS_TO_CROSS_STATE_CONDITIONED,"assumes sufficient displayed size, immediate aggressive fill, no additional slippage, no impact and no queue effect; costs are M2-COST-LEDGER-v1 round trips at the declared 100-share representative size, and are 2026 rate cards applied to a 2019 tape for arithmetic validation, not a reconstruction of 2019 economics"
"[0.8,1.0]",ONE_TICK,50-100,12186,70.3335590021336,1.485879722293608,0.742939861146804,0.7671402694097809,0.10015136398756577,0.10015136398756577,-0.6427884971592382,-1.4099287665690194,-0.024200408262976744,1.126431080170133,-2.536359846739152,2.971528910960881,-4.381457677529901,2.2275578618868863,-3.6374866284559055,0.0035286394222878714,0.0026259642212374855,0.0003282455276546857,0.0003282455276546857,500,0,0.009091105771203442,0.06508405971583923,-2.6672193229404546,-2.414429854097098,246,M2-COST-LEDGER-v1,100,AGGRESSIVE_CROSS_TO_CROSS_STATE_CONDITIONED,"assumes sufficient displayed size, immediate aggressive fill, no additional slippage, no impact and no queue effect; costs are M2-COST-LEDGER-v1 round trips at the declared 100-share representative size, and are 2026 rate cards applied to a 2019 tape for arithmetic validation, not a reconstruction of 2019 economics"
"[0.8,1.0]",ONE_TICK,100-200,5429,139.41648830355498,0.7561533960905563,0.37807669804527816,0.44639277444866776,0.07684031295068978,0.07684031295068978,-0.30123638509458833,-0.7476291595432563,-0.0683160764033897,0.67441850349028,-1.4220476630335361,1.5122469846336724,-2.259876144176929,1.234795233869149,-1.982424393412405,0.014183090808620373,0.00681525142751888,0.0011051759071652237,0.0011051759071652237,500,0,0.004050189827003404,0.03294702234859097,-1.4872855729903116,-1.358683470353623,147,M2-COST-LEDGER-v1,100,AGGRESSIVE_CROSS_TO_CROSS_STATE_CONDITIONED,"assumes sufficient displayed size, immediate aggressive fill, no additional slippage, no impact and no queue effect; costs are M2-COST-LEDGER-v1 round trips at the declared 100-share representative size, and are 2026 rate cards applied to a 2019 tape for arithmetic validation, not a reconstruction of 2019 economics"
"[0.8,1.0]",ONE_TICK,200+,964,210.09496887966804,0.4772219076332689,0.23861095381663444,0.43795871078436605,0.1322133932478008,0.1322133932478008,-0.10639756056883365,-0.5443562713531999,-0.1993477569677316,0.5016319049382065,-1.0459881762914063,0.9544210006076078,-1.4987772719608075,0.8553011965023611,-1.399657467855561,0.024896265560165973,0.005186721991701245,0.005186721991701245,0.005186721991701245,500,0,0.0007191716694108089,0.04257770600051811,-1.1539323894631115,-0.9869308500853484,25,M2-COST-LEDGER-v1,100,AGGRESSIVE_CROSS_TO_CROSS_STATE_CONDITIONED,"assumes sufficient displayed size, immediate aggressive fill, no additional slippage, no impact and no queue effect; costs are M2-COST-LEDGER-v1 round trips at the declared 100-share representative size, and are 2026 rate cards applied to a 2019 tape for arithmetic validation, not a reconstruction of 2019 economics"
"[0.8,1.0]",WIDER_THAN_ONE_TICK,5-25,286,14.997045454545457,26.298564021994647,13.149282010997323,13.067106076029173,0.9547663327117416,0.9547663327117416,-12.194515678285581,-25.261621754314756,0.08217593496814937,4.767758611532486,-30.02938036584724,14.72722715587566,-39.98884891019041,10.225065179186615,-35.48668693350137,0.01048951048951049,0.006993006993006993,0.0,0.0,500,0,0.0002133642089745761,6.193909431753192,-40.713319971449636,-17.397503246800273,5,M2-COST-LEDGER-v1,100,AGGRESSIVE_CROSS_TO_CROSS_STATE_CONDITIONED,"assumes sufficient displayed size, immediate aggressive fill, no additional slippage, no impact and no queue effect; costs are M2-COST-LEDGER-v1 round trips at the declared 100-share representative size, and are 2026 rate cards applied to a 2019 tape for arithmetic validation, not a reconstruction of 2019 economics"
"[0.8,1.0]",WIDER_THAN_ONE_TICK,25-50,1390,43.74385971223021,8.55238896923867,4.276194484619335,4.061286338128119,0.020823953076205624,0.020823953076205624,-4.255370531543129,-8.316656869671249,0.21490814649121479,1.6647880770201287,-9.981444946691377,4.709566027506469,-13.026222897177718,3.409960154606898,-11.726617024278147,0.007194244604316547,0.006474820143884892,0.0007194244604316547,0.0007194244604316547,500,0,0.0010369798967645482,0.8288036226662551,-11.57718815990826,-8.344804448946311,48,M2-COST-LEDGER-v1,100,AGGRESSIVE_CROSS_TO_CROSS_STATE_CONDITIONED,"assumes sufficient displayed size, immediate aggressive fill, no additional slippage, no impact and no queue effect; costs are M2-COST-LEDGER-v1 round trips at the declared 100-share representative size, and are 2026 rate cards applied to a 2019 tape for arithmetic validation, not a reconstruction of 2019 economics"
"[0.8,1.0]",WIDER_THAN_ONE_TICK,50-100,3494,78.38786061820264,4.911419233852871,2.4557096169264354,2.4199691705320077,0.05390523696949304,0.05390523696949304,-2.401804379956942,-4.82177355048895,0.03574044639442781,1.0339288453579223,-5.855702395846872,2.672893770324204,-7.494667320813154,2.0243936879954894,-6.84616723848444,0.003720663995420721,0.0025758443045220377,0.0008586147681740126,0.0008586147681740126,500,0,0.002606624287262828,0.4901909797044585,-6.869407027718665,-4.971559943969182,122,M2-COST-LEDGER-v1,100,AGGRESSIVE_CROSS_TO_CROSS_STATE_CONDITIONED,"assumes sufficient displayed size, immediate aggressive fill, no additional slippage, no impact and no queue effect; costs are M2-COST-LEDGER-v1 round trips at the declared 100-share representative size, and are 2026 rate cards applied to a 2019 tape for arithmetic validation, not a reconstruction of 2019 economics"
"[0.8,1.0]",WIDER_THAN_ONE_TICK,100-200,18124,139.6933047340543,4.822851540083285,2.4114257700416424,2.4046453102624965,0.06430649394599912,0.06430649394599912,-2.3471192760956434,-4.7517645863581395,0.00678045977914604,0.6828180692532236,-5.434582655611363,1.5393642268062102,-6.29112881316435,1.2532433377743057,-6.005007924132445,0.006621054954756124,0.0033657029353343633,0.0018207901125579342,0.0018207901125579342,500,0,0.013521024207885373,0.44137211914632823,-6.269639757766083,-4.5669787409651645,178,M2-COST-LEDGER-v1,100,AGGRESSIVE_CROSS_TO_CROSS_STATE_CONDITIONED,"assumes sufficient displayed size, immediate aggressive fill, no additional slippage, no impact and no queue effect; costs are M2-COST-LEDGER-v1 round trips at the declared 100-share representative size, and are 2026 rate cards applied to a 2019 tape for arithmetic validation, not a reconstruction of 2019 economics"
"[0.8,1.0]",WIDER_THAN_ONE_TICK,200+,31363,871.2085645505852,3.9746289297598305,1.9873144648799153,1.9884553487489294,0.030429182753005726,0.030429182753005726,-1.9568852821269092,-3.945340630875838,-0.001140883869014268,0.34375781591604954,-4.289098446791888,0.44473871159338024,-4.390079342469218,0.508559748145381,-4.45390037902122,0.0027739693269138795,0.0012753881962822434,0.001498581130631636,0.001115964671746963,500,0,0.023397698203040662,0.2677208260627806,-4.8401089598823015,-3.7831727885091615,113,M2-COST-LEDGER-v1,100,AGGRESSIVE_CROSS_TO_CROSS_STATE_CONDITIONED,"assumes sufficient displayed size, immediate aggressive fill, no additional slippage, no impact and no queue effect; costs are M2-COST-LEDGER-v1 round trips at the declared 100-share representative size, and are 2026 rate cards applied to a 2019 tape for arithmetic validation, not a reconstruction of 2019 economics"
"[-1.0,-0.8)",ONE_TICK,5-25,2938,15.910262083049696,6.855706416909448,3.427853208454724,3.510706803065224,-0.7176593688183932,0.7176593688183932,-2.7101938396363305,-6.220900642701555,-0.08285359461050053,4.454687778218796,-10.67558842092035,13.716506144370609,-19.937406787072163,9.537462578570626,-15.758363221272178,0.004424778761061947,0.0040844111640571815,0.0,0.0,1000,0,0.0021918323285570088,0.4528819867928884,-11.561607699656141,-9.824511699425756,64,M2-COST-LEDGER-v1,100,AGGRESSIVE_CROSS_TO_CROSS_STATE_CONDITIONED,"assumes sufficient displayed size, immediate aggressive fill, no additional slippage, no impact and no queue effect; costs are M2-COST-LEDGER-v1 round trips at the declared 100-share representative size, and are 2026 rate cards applied to a 2019 tape for arithmetic validation, not a reconstruction of 2019 economics"
"[-1.0,-0.8)",ONE_TICK,25-50,6607,38.622716058725594,2.7020178439448532,1.3510089219724266,1.398716130919398,-0.3715591179595704,0.3715591179595704,-0.979449804012856,-2.378165934932254,-0.04770720894697168,1.8801358901883702,-4.258301825120625,5.404797062755029,-7.782962997687284,3.8829320849658115,-6.261098019898065,0.008021795065839261,0.007567731194187983,0.0007567731194187983,0.0018162554866051157,1000,0,0.004929011638793791,0.08742185496490053,-4.430546877957711,-4.089116966723854,175,M2-COST-LEDGER-v1,100,AGGRESSIVE_CROSS_TO_CROSS_STATE_CONDITIONED,"assumes sufficient displayed size, immediate aggressive fill, no additional slippage, no impact and no queue effect; costs are M2-COST-LEDGER-v1 round trips at the declared 100-share representative size, and are 2026 rate cards applied to a 2019 tape for arithmetic validation, not a reconstruction of 2019 economics"
"[-1.0,-0.8)",ONE_TICK,50-100,8932,65.00825906851769,1.595802247694796,0.797901123847398,0.8459842278484647,-0.19498332335894195,0.19498332335894195,-0.602917800488456,-1.4489020283369207,-0.04808310400106663,1.194680917045524,-2.6435829453824446,3.191867367378608,-4.640769395715529,2.3774560968339737,-3.826358125170894,0.00806090461262875,0.006381549484997761,0.0004478280340349306,0.0008956560680698612,1000,0,0.006663528372590607,0.03742714533684259,-2.720722765199053,-2.5733235102275036,252,M2-COST-LEDGER-v1,100,AGGRESSIVE_CROSS_TO_CROSS_STATE_CONDITIONED,"assumes sufficient displayed size, immediate aggressive fill, no additional slippage, no impact and no queue effect; costs are M2-COST-LEDGER-v1 round trips at the declared 100-share representative size, and are 2026 rate cards applied to a 2019 tape for arithmetic validation, not a reconstruction of 2019 economics"
"[-1.0,-0.8)",ONE_TICK,100-200,5687,129.802387023035,0.7944570183940292,0.3972285091970146,0.4946076025636654,-0.1148965881450653,0.1148965881450653,-0.2823319210519493,-0.7769395236156148,-0.0973790933666508,0.6981861778735049,-1.4751257014891197,1.588978782481049,-2.3659183060966638,1.2869965665309002,-2.063936090146515,0.03006857745735889,0.019694039036398804,0.002813434148056972,0.006154387198874627,1000,0,0.004242665232302148,0.02646082171371483,-1.5269867733543525,-1.4259845360359962,156,M2-COST-LEDGER-v1,100,AGGRESSIVE_CROSS_TO_CROSS_STATE_CONDITIONED,"assumes sufficient displayed size, immediate aggressive fill, no additional slippage, no impact and no queue effect; costs are M2-COST-LEDGER-v1 round trips at the declared 100-share representative size, and are 2026 rate cards applied to a 2019 tape for arithmetic validation, not a reconstruction of 2019 economics"
"[-1.0,-0.8)",ONE_TICK,200+,1002,210.60198602794412,0.47633701086226843,0.23816850543113421,0.40603483407221425,-0.18477778139326959,0.18477778139326959,-0.053390724037864594,-0.4594255581100789,-0.16786632864108003,0.5010978217958342,-0.9605233799059131,0.9526967612456307,-1.4121223193557095,0.8541281809462539,-1.3135537390563328,0.07085828343313373,0.023952095808383235,0.014970059880239521,0.023952095808383235,1000,0,0.0007475207601137246,0.06620294891352978,-1.0710371467804232,-0.8183025775528461,30,M2-COST-LEDGER-v1,100,AGGRESSIVE_CROSS_TO_CROSS_STATE_CONDITIONED,"assumes sufficient displayed size, immediate aggressive fill, no additional slippage, no impact and no queue effect; costs are M2-COST-LEDGER-v1 round trips at the declared 100-share representative size, and are 2026 rate cards applied to a 2019 tape for arithmetic validation, not a reconstruction of 2019 economics"
"[-1.0,-0.8)",WIDER_THAN_ONE_TICK,5-25,214,13.524836448598132,31.373944835882135,15.686972417941067,13.260479686567903,2.5263037733090155,-2.5263037733090155,-18.213276191250085,-31.473755877817986,2.426492731373165,5.170072888790462,-36.64382876660845,16.026062594965172,-47.49981847278316,11.10867461791816,-42.58243049573615,0.0,0.0,0.0,0.0,1000,0,0.0001596501423795779,8.878811675939692,-50.16746644027076,-19.7719544782946,5,M2-COST-LEDGER-v1,100,AGGRESSIVE_CROSS_TO_CROSS_STATE_CONDITIONED,"assumes sufficient displayed size, immediate aggressive fill, no additional slippage, no impact and no queue effect; costs are M2-COST-LEDGER-v1 round trips at the declared 100-share representative size, and are 2026 rate cards applied to a 2019 tape for arithmetic validation, not a reconstruction of 2019 economics"
"[-1.0,-0.8)",WIDER_THAN_ONE_TICK,25-50,926,43.08046436285097,9.30879033810932,4.65439516905466,4.487829567618286,-0.331893639517011,0.331893639517011,-4.322501529537649,-8.810331097155935,0.1665656014363735,1.705471339631742,-10.515802436787677,4.840908279682783,-13.651239376838719,3.4993134708427154,-12.30964456799865,0.020518358531317494,0.016198704103671708,0.0032397408207343412,0.01079913606911447,1000,0,0.0006908225787078932,1.4286990062194502,-13.294921731284113,-7.832590218126843,49,M2-COST-LEDGER-v1,100,AGGRESSIVE_CROSS_TO_CROSS_STATE_CONDITIONED,"assumes sufficient displayed size, immediate aggressive fill, no additional slippage, no impact and no queue effect; costs are M2-COST-LEDGER-v1 round trips at the declared 100-share representative size, and are 2026 rate cards applied to a 2019 tape for arithmetic validation, not a reconstruction of 2019 economics"
"[-1.0,-0.8)",WIDER_THAN_ONE_TICK,50-100,3653,79.63197372022994,4.676511350709678,2.338255675354839,2.2717432185415083,-0.1487587870608861,0.1487587870608861,-2.1894968882939527,-4.461240106835462,0.06651245681333026,1.0239811105703396,-5.4852212174058,2.6407784037783366,-7.102018510613798,2.0025453150960364,-6.463785421931497,0.011223651793046812,0.007938680536545305,0.002737476047084588,0.0043799616753353405,1000,0,0.002725242850993449,0.4019169303542716,-6.275792063041949,-4.711822129228353,136,M2-COST-LEDGER-v1,100,AGGRESSIVE_CROSS_TO_CROSS_STATE_CONDITIONED,"assumes sufficient displayed size, immediate aggressive fill, no additional slippage, no impact and no queue effect; costs are M2-COST-LEDGER-v1 round trips at the declared 100-share representative size, and are 2026 rate cards applied to a 2019 tape for arithmetic validation, not a reconstruction of 2019 economics"
"[-1.0,-0.8)",WIDER_THAN_ONE_TICK,100-200,18955,127.56537668161434,4.396399709607806,2.198199854803903,2.1676182205364025,-0.09790106677696214,0.09790106677696214,-2.1002987880269406,-4.267917008563343,0.030581634267500317,0.7166009623982302,-4.984517970961573,1.6484292571371433,-5.916346265700487,1.327441259493713,-5.595358268057056,0.012819836454761277,0.008071748878923767,0.0031126351886045897,0.005011870218939594,1000,0,0.014140974059835979,0.35146491579936534,-5.752806827789486,-4.360266416359159,181,M2-COST-LEDGER-v1,100,AGGRESSIVE_CROSS_TO_CROSS_STATE_CONDITIONED,"assumes sufficient displayed size, immediate aggressive fill, no additional slippage, no impact and no queue effect; costs are M2-COST-LEDGER-v1 round trips at the declared 100-share representative size, and are 2026 rate cards applied to a 2019 tape for arithmetic validation, not a reconstruction of 2019 economics"
"[-1.0,-0.8)",WIDER_THAN_ONE_TICK,200+,30811,843.7854261465061,3.6142405382555367,1.8071202691277684,1.803711881187801,-0.045361472122176054,0.045361472122176054,-1.761758797005592,-3.565470678193393,0.0034083879399672136,0.3571659411284746,-3.9226366193218674,0.48802563721864267,-4.053496315412036,0.5380082332305777,-4.10347891142397,0.006880659504722339,0.0032780500470611144,0.002758754990100938,0.002921034695400993,1000,0,0.022985890359145677,0.263676695004588,-4.466163739212697,-3.4591530985681747,113,M2-COST-LEDGER-v1,100,AGGRESSIVE_CROSS_TO_CROSS_STATE_CONDITIONED,"assumes sufficient displayed size, immediate aggressive fill, no additional slippage, no impact and no queue effect; costs are M2-COST-LEDGER-v1 round trips at the declared 100-share representative size, and are 2026 rate cards applied to a 2019 tape for arithmetic validation, not a reconstruction of 2019 economics"
"[-0.8,-0.6)",ONE_TICK,5-25,6735,15.374979213066075,7.023257957584681,3.5116289787923405,3.5556621411796465,-0.4887201020001615,0.4887201020001615,-3.022908876792179,-6.578571017971825,-0.04403316238730617,4.5585459668086,-11.137116984780425,14.051802959834061,-20.630373977805885,9.765568019801751,-16.344139037773576,0.003414996288047513,0.0032665181885671865,0.00014847809948032666,0.00044543429844097997,1000,0,0.005024503312740455,0.388128554254222,-11.932598509504752,-10.416396724766749,65,M2-COST-LEDGER-v1,100,AGGRESSIVE_CROSS_TO_CROSS_STATE_CONDITIONED,"assumes sufficient displayed size, immediate aggressive fill, no additional slippage, no impact and no queue effect; costs are M2-COST-LEDGER-v1 round trips at the declared 100-share representative size, and are 2026 rate cards applied to a 2019 tape for arithmetic validation, not a reconstruction of 2019 economics"
"[-0.8,-0.6)",ONE_TICK,25-50,20639,38.42272614952275,2.7187185283772997,1.3593592641886498,1.3949403236706048,-0.21049922677515337,0.21049922677515337,-1.1488600374134963,-2.5438003610841013,-0.03558105948195491,1.890485038918773,-4.434285400002874,5.438208358091277,-7.9820087191753775,3.905662089884719,-6.449462450968821,0.00503900382770483,0.004748292068414167,0.00048451959881777216,0.0010174911575173216,1000,0,0.015397286395196769,0.07668539478489056,-4.588264235903812,-4.287790734045739,179,M2-COST-LEDGER-v1,100,AGGRESSIVE_CROSS_TO_CROSS_STATE_CONDITIONED,"assumes sufficient displayed size, immediate aggressive fill, no additional slippage, no impact and no queue effect; costs are M2-COST-LEDGER-v1 round trips at the declared 100-share representative size, and are 2026 rate cards applied to a 2019 tape for arithmetic validation, not a reconstruction of 2019 economics"
"[-0.8,-0.6)",ONE_TICK,50-100,23274,64.36989301366332,1.6089697198642456,0.8044848599321228,0.8428883883116732,-0.15053847158680306,0.15053847158680306,-0.6539463883453198,-1.496834776656993,-0.038403528379550377,1.2028393755137436,-2.699674152170737,3.2182062163478413,-4.715040993004835,2.3953746528373836,-3.8922094294943763,0.007605052848672338,0.005929363237947924,0.0001288992008249549,0.0009022944057746842,1000,0,0.01736307202683316,0.032480331325660035,-2.7615918122749723,-2.634806650523683,250,M2-COST-LEDGER-v1,100,AGGRESSIVE_CROSS_TO_CROSS_STATE_CONDITIONED,"assumes sufficient displayed size, immediate aggressive fill, no additional slippage, no impact and no queue effect; costs are M2-COST-LEDGER-v1 round trips at the declared 100-share representative size, and are 2026 rate cards applied to a 2019 tape for arithmetic validation, not a reconstruction of 2019 economics"
"[-0.8,-0.6)",ONE_TICK,100-200,6653,129.87135653088833,0.7971573856584822,0.3985786928292411,0.47784692093345066,-0.10572795907539596,0.10572795907539596,-0.2928507337538452,-0.7706976546872959,-0.07926822810420961,0.699859270402783,-1.4705569250900787,1.5943802111469991,-2.365077865834295,1.2906712070652038,-2.0613688617525,0.029159777543965128,0.020141289643769728,0.0021043138433789266,0.00496016834510747,1000,0,0.004963328959118373,0.02896397861801022,-1.5307428072266103,-1.4169408840134865,146,M2-COST-LEDGER-v1,100,AGGRESSIVE_CROSS_TO_CROSS_STATE_CONDITIONED,"assumes sufficient displayed size, immediate aggressive fill, no additional slippage, no impact and no queue effect; costs are M2-COST-LEDGER-v1 round trips at the declared 100-share representative size, and are 2026 rate cards applied to a 2019 tape for arithmetic validation, not a reconstruction of 2019 economics"
"[-0.8,-0.6)",ONE_TICK,200+,1304,210.07106595092029,0.4771452685732939,0.23857263428664696,0.3842342471622992,-0.04658742971323029,0.04658742971323029,-0.19198520457341667,-0.576219451735716,-0.14566161287565227,0.5015985574270041,-1.0778180091627199,0.9543133411686977,-1.5305327929044135,0.8552279548171358,-1.4314474065528515,0.06595092024539877,0.023006134969325152,0.009202453987730062,0.023006134969325152,1000,0,0.0009728214283316336,0.047931050920553386,-1.1993767622607736,-1.0080245464627269,27,M2-COST-LEDGER-v1,100,AGGRESSIVE_CROSS_TO_CROSS_STATE_CONDITIONED,"assumes sufficient displayed size, immediate aggressive fill, no additional slippage, no impact and no queue effect; costs are M2-COST-LEDGER-v1 round trips at the declared 100-share representative size, and are 2026 rate cards applied to a 2019 tape for arithmetic validation, not a reconstruction of 2019 economics"
"[-0.8,-0.6)",WIDER_THAN_ONE_TICK,5-25,275,15.371763636363639,18.132937642166645,9.066468821083323,8.561378870533751,-0.4715893539525375,0.4715893539525375,-8.594879467130783,-17.156258337664536,0.5050899505495722,4.549932235801131,-21.706190573465665,14.023994304442716,-31.180252642107252,9.746649541261121,-26.902907878925657,0.014545454545454545,0.0036363636363636364,0.0,0.0,1000,0,0.0002051578932447847,3.1374979053374252,-27.6696506500511,-15.10824002079235,11,M2-COST-LEDGER-v1,100,AGGRESSIVE_CROSS_TO_CROSS_STATE_CONDITIONED,"assumes sufficient displayed size, immediate aggressive fill, no additional slippage, no impact and no queue effect; costs are M2-COST-LEDGER-v1 round trips at the declared 100-share representative size, and are 2026 rate cards applied to a 2019 tape for arithmetic validation, not a reconstruction of 2019 economics"
"[-0.8,-0.6)",WIDER_THAN_ONE_TICK,25-50,2420,43.59758677685951,7.644116111786122,3.822058055893061,3.602087979785877,-0.335663919622286,0.335663919622286,-3.4863941362707753,-7.088482116056653,0.2199700761071841,1.677339568912367,-8.76582168496902,4.750087389547592,-11.838569505604246,3.4375272018957332,-10.526009317952386,0.011983471074380166,0.007851239669421488,0.002892561983471074,0.004132231404958678,1000,0,0.0018053894605541054,0.6980801170372362,-10.120063934043849,-7.3947168611417835,77,M2-COST-LEDGER-v1,100,AGGRESSIVE_CROSS_TO_CROSS_STATE_CONDITIONED,"assumes sufficient displayed size, immediate aggressive fill, no additional slippage, no impact and no queue effect; costs are M2-COST-LEDGER-v1 round trips at the declared 100-share representative size, and are 2026 rate cards applied to a 2019 tape for arithmetic validation, not a reconstruction of 2019 economics"
"[-0.8,-0.6)",WIDER_THAN_ONE_TICK,50-100,7444,70.9571628156905,4.916531236645601,2.4582656183228004,2.373744003493586,-0.15121303326116883,0.15121303326116883,-2.3070525850616317,-4.680796588555218,0.08452161482921476,1.1275603469978888,-5.808356935553106,2.975174647289391,-7.655971235844608,2.2300380891227984,-6.910834677678017,0.011015583019881784,0.006985491671144546,0.0012090274046211713,0.0021493820526598604,1000,0,0.005553437662960644,0.3918270463741831,-6.632818497864936,-5.134588859065366,176,M2-COST-LEDGER-v1,100,AGGRESSIVE_CROSS_TO_CROSS_STATE_CONDITIONED,"assumes sufficient displayed size, immediate aggressive fill, no additional slippage, no impact and no queue effect; costs are M2-COST-LEDGER-v1 round trips at the declared 100-share representative size, and are 2026 rate cards applied to a 2019 tape for arithmetic validation, not a reconstruction of 2019 economics"
"[-0.8,-0.6)",WIDER_THAN_ONE_TICK,100-200,13307,127.46325730818366,4.1164794017678386,2.0582397008839193,2.03303403846737,-0.07365051311315696,0.07365051311315696,-1.9845891877707622,-4.017623226238133,0.0252056624165489,0.7165927379477676,-4.7342159641859,1.6484027052389592,-5.666025931477091,1.327423195998411,-5.3450464222365435,0.013902457353272713,0.009844442774479597,0.003005936725031938,0.005786428195686481,1000,0,0.009927403946939455,0.3230390913422835,-5.419724869633777,-4.140028218595964,187,M2-COST-LEDGER-v1,100,AGGRESSIVE_CROSS_TO_CROSS_STATE_CONDITIONED,"assumes sufficient displayed size, immediate aggressive fill, no additional slippage, no impact and no queue effect; costs are M2-COST-LEDGER-v1 round trips at the declared 100-share representative size, and are 2026 rate cards applied to a 2019 tape for arithmetic validation, not a reconstruction of 2019 economics"
"[-0.8,-0.6)",WIDER_THAN_ONE_TICK,200+,10491,672.302157563626,4.267039768384837,2.1335198841924186,2.119372309776733,-0.04854266748578926,0.04854266748578926,-2.084977216706629,-4.2043495264833615,0.01414757441568516,0.3893926410765973,-4.593742167559959,0.5920666378582641,-4.796416164341626,0.608788262334718,-4.81313778881808,0.009817939185968926,0.0047659898961014205,0.0034315127251930227,0.004575350300257364,1000,0,0.00782658712011286,0.3789361208114178,-5.3682691666233255,-3.874745445338318,113,M2-COST-LEDGER-v1,100,AGGRESSIVE_CROSS_TO_CROSS_STATE_CONDITIONED,"assumes sufficient displayed size, immediate aggressive fill, no additional slippage, no impact and no queue effect; costs are M2-COST-LEDGER-v1 round trips at the declared 100-share representative size, and are 2026 rate cards applied to a 2019 tape for arithmetic validation, not a reconstruction of 2019 economics"
"[-0.6,-0.4)",ONE_TICK,5-25,10700,14.445185981308411,7.489087788909329,3.7445438944546643,3.7747976657359263,-0.2817792032403121,0.2817792032403121,-3.462764691214352,-7.237562356950279,-0.030253771281262665,4.847346964926184,-12.084909321876461,14.984170992497768,-22.22173334944805,10.399866383735166,-17.637428740685444,0.002429906542056075,0.00205607476635514,0.0,0.00037383177570093456,1000,0,0.007982507118978896,0.42582677082701476,-12.893009334526786,-11.212782647691409,65,M2-COST-LEDGER-v1,100,AGGRESSIVE_CROSS_TO_CROSS_STATE_CONDITIONED,"assumes sufficient displayed size, immediate aggressive fill, no additional slippage, no impact and no queue effect; costs are M2-COST-LEDGER-v1 round trips at the declared 100-share representative size, and are 2026 rate cards applied to a 2019 tape for arithmetic validation, not a reconstruction of 2019 economics"
"[-0.6,-0.4)",ONE_TICK,25-50,29665,38.11645120512388,2.738723048260328,1.369361524130164,1.3960065083502662,-0.13230369131740047,0.13230369131740047,-1.2370578328127635,-2.633064341163029,-0.02664498422010191,1.9028811075310657,-4.535945448694094,5.478227950059938,-8.111292291222968,3.932887778477326,-6.5659521196403565,0.004685656497556042,0.004247429630878139,0.00016854879487611664,0.0008764537333558065,1000,0,0.022130941465841956,0.07620817217911542,-4.686058830570498,-4.394465672584762,178,M2-COST-LEDGER-v1,100,AGGRESSIVE_CROSS_TO_CROSS_STATE_CONDITIONED,"assumes sufficient displayed size, immediate aggressive fill, no additional slippage, no impact and no queue effect; costs are M2-COST-LEDGER-v1 round trips at the declared 100-share representative size, and are 2026 rate cards applied to a 2019 tape for arithmetic validation, not a reconstruction of 2019 economics"
"[-0.6,-0.4)",ONE_TICK,50-100,33929,64.1672455716349,1.6145272247427827,0.8072636123713913,0.8358995582939558,-0.10365447632819948,0.10365447632819948,-0.7036091360431918,-1.5395086943371477,-0.028635945922564555,1.2062828329249984,-2.7457915272621465,3.229323108716702,-4.76883180305385,2.402937574767951,-3.9424462691050985,0.006749388428777742,0.005688349199799581,0.00047157299065696013,0.0015326122196351205,1000,0,0.02531200785419018,0.03182997335232012,-2.8088878479004054,-2.68518095602771,252,M2-COST-LEDGER-v1,100,AGGRESSIVE_CROSS_TO_CROSS_STATE_CONDITIONED,"assumes sufficient displayed size, immediate aggressive fill, no additional slippage, no impact and no queue effect; costs are M2-COST-LEDGER-v1 round trips at the declared 100-share representative size, and are 2026 rate cards applied to a 2019 tape for arithmetic validation, not a reconstruction of 2019 economics"
"[-0.6,-0.4)",ONE_TICK,100-200,8826,125.5622309086789,0.8177992370614194,0.4088996185307097,0.47388078080397267,-0.07023794577106107,0.07023794577106107,-0.33866167275964865,-0.8125424535636214,-0.064981162273263,0.712647817400262,-1.5251902709638834,1.6356668842623472,-2.448209337825969,1.318758902365633,-2.131301355929254,0.025379560389757534,0.017108542941309767,0.0012463176977113076,0.005551778835259461,1000,0,0.006584449330103526,0.026334385157676325,-1.576722313376974,-1.475301003805071,144,M2-COST-LEDGER-v1,100,AGGRESSIVE_CROSS_TO_CROSS_STATE_CONDITIONED,"assumes sufficient displayed size, immediate aggressive fill, no additional slippage, no impact and no queue effect; costs are M2-COST-LEDGER-v1 round trips at the declared 100-share representative size, and are 2026 rate cards applied to a 2019 tape for arithmetic validation, not a reconstruction of 2019 economics"
"[-0.6,-0.4)",ONE_TICK,200+,1326,209.36549019607844,0.47821753546401313,0.23910876773200657,0.3685632343106409,-0.055929941495334694,0.055929941495334694,-0.18317882623667187,-0.5517420605473129,-0.12945446657863433,0.5022628532147431,-1.054004913762056,0.9564579603381539,-1.5082000208854667,0.8566869585396891,-1.4084290190870017,0.07013574660633484,0.023378582202111614,0.010558069381598794,0.023378582202111614,1000,0,0.0009892340597912163,0.046692739649674,-1.1672931857617657,-0.9862594244022577,25,M2-COST-LEDGER-v1,100,AGGRESSIVE_CROSS_TO_CROSS_STATE_CONDITIONED,"assumes sufficient displayed size, immediate aggressive fill, no additional slippage, no impact and no queue effect; costs are M2-COST-LEDGER-v1 round trips at the declared 100-share representative size, and are 2026 rate cards applied to a 2019 tape for arithmetic validation, not a reconstruction of 2019 economics"
"[-0.6,-0.4)",WIDER_THAN_ONE_TICK,5-25,308,15.428652597402596,17.92721064887734,8.96360532443867,8.019636201479504,-0.45459261672050155,0.45459261672050155,-8.509012707718169,-16.528648909197674,0.9439691229591671,4.622234926739375,-21.150883835937048,14.257417035478207,-30.78606594467588,9.905449125989145,-26.434098035186818,0.00974025974025974,0.0,0.0,0.0,1000,0,0.00022977684043415887,2.8955899970710255,-27.760159417893956,-16.480748253967555,23,M2-COST-LEDGER-v1,100,AGGRESSIVE_CROSS_TO_CROSS_STATE_CONDITIONED,"assumes sufficient displayed size, immediate aggressive fill, no additional slippage, no impact and no queue effect; costs are M2-COST-LEDGER-v1 round trips at the declared 100-share representative size, and are 2026 rate cards applied to a 2019 tape for arithmetic validation, not a reconstruction of 2019 economics"
"[-0.6,-0.4)",WIDER_THAN_ONE_TICK,25-50,3336,43.43330485611511,7.824304508013183,3.9121522540065916,3.6013358385067678,-0.1854464822154458,0.1854464822154458,-3.726705771791146,-7.328041610297914,0.3108164154998238,1.682865197752597,-9.01090680805051,4.767926384996278,-12.095967995294192,3.4496632310504327,-10.777704841348347,0.011390887290167866,0.008093525179856115,0.001199040767386091,0.0032973621103117505,1000,0,0.0024887517522349154,0.8024070936485332,-10.638629895537289,-7.562556295458409,101,M2-COST-LEDGER-v1,100,AGGRESSIVE_CROSS_TO_CROSS_STATE_CONDITIONED,"assumes sufficient displayed size, immediate aggressive fill, no additional slippage, no impact and no queue effect; costs are M2-COST-LEDGER-v1 round trips at the declared 100-share representative size, and are 2026 rate cards applied to a 2019 tape for arithmetic validation, not a reconstruction of 2019 economics"
"[-0.6,-0.4)",WIDER_THAN_ONE_TICK,50-100,11174,73.33967558618221,4.3942502586904135,2.1971251293452068,2.0939040728521263,-0.10036530336450222,0.10036530336450222,-2.096759825980704,-4.190663898832829,0.10322105649308025,1.0974107279186396,-5.28807462675147,2.8778393153144135,-7.068503214147243,2.1638199867622334,-6.354483885595064,0.008859853230714159,0.004832647216753177,0.0008949346697691068,0.0021478432074458565,1000,0,0.008336124724062633,0.26043394677317316,-5.801213071969655,-4.80609601872648,212,M2-COST-LEDGER-v1,100,AGGRESSIVE_CROSS_TO_CROSS_STATE_CONDITIONED,"assumes sufficient displayed size, immediate aggressive fill, no additional slippage, no impact and no queue effect; costs are M2-COST-LEDGER-v1 round trips at the declared 100-share representative size, and are 2026 rate cards applied to a 2019 tape for arithmetic validation, not a reconstruction of 2019 economics"
"[-0.6,-0.4)",WIDER_THAN_ONE_TICK,100-200,17872,126.37433023724263,4.059108482413061,2.0295542412065304,1.9865392776348754,-0.057566832652262784,0.057566832652262784,-1.9719874085542672,-3.9585266861891437,0.04301496357165496,0.7172249175185484,-4.675751603707692,1.6504436400921663,-5.60897032628131,1.3288116623474615,-5.287338348536605,0.011750223813786929,0.007106087735004476,0.0020143240823634737,0.00346911369740376,1000,0,0.013333024974802881,0.32977079292545575,-5.373505646152035,-4.073031552998801,190,M2-COST-LEDGER-v1,100,AGGRESSIVE_CROSS_TO_CROSS_STATE_CONDITIONED,"assumes sufficient displayed size, immediate aggressive fill, no additional slippage, no impact and no queue effect; costs are M2-COST-LEDGER-v1 round trips at the declared 100-share representative size, and are 2026 rate cards applied to a 2019 tape for arithmetic validation, not a reconstruction of 2019 economics"
"[-0.6,-0.4)",WIDER_THAN_ONE_TICK,200+,12078,579.5914037920185,3.805196544808629,1.9025982724043145,1.891265590247887,-0.04151504929606728,0.04151504929606728,-1.861083223108247,-3.752348813356134,0.011332682156427406,0.4042991703269912,-4.156647983683126,0.6401910260758391,-4.392539839431973,0.6415277167586281,-4.3938765301147615,0.010018214936247723,0.004553734061930784,0.003311806590495115,0.00430534856764365,1000,0,0.009010534671310943,0.2766900491491809,-4.722082441800664,-3.6331060509924686,113,M2-COST-LEDGER-v1,100,AGGRESSIVE_CROSS_TO_CROSS_STATE_CONDITIONED,"assumes sufficient displayed size, immediate aggressive fill, no additional slippage, no impact and no queue effect; costs are M2-COST-LEDGER-v1 round trips at the declared 100-share representative size, and are 2026 rate cards applied to a 2019 tape for arithmetic validation, not a reconstruction of 2019 economics"
"[-0.4,-0.2)",ONE_TICK,5-25,15485,13.730438165967064,7.828906969023132,3.914453484511566,3.9350679950597165,-0.113850746145615,0.113850746145615,-3.8006027383659515,-7.735670733425668,-0.020614510548150833,5.058021583192106,-12.793692316617774,15.664315038554017,-23.399985771979683,10.862574499563644,-18.59824523298931,0.0011624152405553762,0.0010332579916047789,0.0,0.0,1000,0,0.01155225446143815,0.396444127298142,-13.55548470046468,-12.001628933485922,65,M2-COST-LEDGER-v1,100,AGGRESSIVE_CROSS_TO_CROSS_STATE_CONDITIONED,"assumes sufficient displayed size, immediate aggressive fill, no additional slippage, no impact and no queue effect; costs are M2-COST-LEDGER-v1 round trips at the declared 100-share representative size, and are 2026 rate cards applied to a 2019 tape for arithmetic validation, not a reconstruction of 2019 economics"
"[-0.4,-0.2)",ONE_TICK,25-50,38618,37.79056139624009,2.764366209244814,1.382183104622407,1.4068444197142673,-0.0688600825094483,0.0688600825094483,-1.3133230221129584,-2.720167441827226,-0.024661315091860384,1.918771662931082,-4.638939104758307,5.529529178147157,-8.249696619974381,3.9677884656561146,-6.687955907483341,0.00409135636231809,0.003599357812419079,0.0003107359262520068,0.0007250504945880159,1000,0,0.02881013644118944,0.07621387863922371,-4.788260934994905,-4.492450640564312,179,M2-COST-LEDGER-v1,100,AGGRESSIVE_CROSS_TO_CROSS_STATE_CONDITIONED,"assumes sufficient displayed size, immediate aggressive fill, no additional slippage, no impact and no queue effect; costs are M2-COST-LEDGER-v1 round trips at the declared 100-share representative size, and are 2026 rate cards applied to a 2019 tape for arithmetic validation, not a reconstruction of 2019 economics"
"[-0.4,-0.2)",ONE_TICK,50-100,46672,64.93242629413781,1.5980753978408584,0.7990376989204292,0.8302929097426082,-0.053026289980417876,0.053026289980417876,-0.7460114089400114,-1.5763043186826193,-0.03125521082217899,1.1960893651466804,-2.7723936838293,3.19641441532423,-4.77271873400685,2.380549494474812,-3.9568538131574313,0.006192149468632157,0.004949434350359959,0.00017140898183064793,0.0008141926636955776,1000,0,0.03481865161280215,0.03173451688932787,-2.833217106320028,-2.7104738787900384,254,M2-COST-LEDGER-v1,100,AGGRESSIVE_CROSS_TO_CROSS_STATE_CONDITIONED,"assumes sufficient displayed size, immediate aggressive fill, no additional slippage, no impact and no queue effect; costs are M2-COST-LEDGER-v1 round trips at the declared 100-share representative size, and are 2026 rate cards applied to a 2019 tape for arithmetic validation, not a reconstruction of 2019 economics"
"[-0.4,-0.2)",ONE_TICK,100-200,12817,125.1155828196926,0.8209263642674047,0.41046318213370236,0.4819524998605751,-0.04821247669892516,0.04821247669892516,-0.3622507054347771,-0.8442032052953522,-0.07148931772687282,0.714585225301087,-1.5587884305964392,1.6419216313190863,-2.4861248366144384,1.3230140630810563,-2.1672172683764086,0.026683311227276275,0.017710852773659982,0.0017164703128657252,0.005929624717172505,1000,0,0.009561849882612383,0.022292056882550596,-1.6034161950288914,-1.5142510477743192,158,M2-COST-LEDGER-v1,100,AGGRESSIVE_CROSS_TO_CROSS_STATE_CONDITIONED,"assumes sufficient displayed size, immediate aggressive fill, no additional slippage, no impact and no queue effect; costs are M2-COST-LEDGER-v1 round trips at the declared 100-share representative size, and are 2026 rate cards applied to a 2019 tape for arithmetic validation, not a reconstruction of 2019 economics"
"[-0.4,-0.2)",ONE_TICK,200+,1467,209.99729038854807,0.47725969165249044,0.23862984582624522,0.37478680587813973,-0.0977006031973133,0.0977006031973133,-0.14092924262893192,-0.5157160485070716,-0.13615696005189454,0.5016694454169278,-1.0173854939239995,0.9545421966648197,-1.470258245171891,0.8553836472708468,-1.3710996957779185,0.06134969325153374,0.024539877300613498,0.011588275391956374,0.024539877300613498,1000,0,0.0010944241068730877,0.05502048674241533,-1.1298212256799873,-0.9084113194190624,27,M2-COST-LEDGER-v1,100,AGGRESSIVE_CROSS_TO_CROSS_STATE_CONDITIONED,"assumes sufficient displayed size, immediate aggressive fill, no additional slippage, no impact and no queue effect; costs are M2-COST-LEDGER-v1 round trips at the declared 100-share representative size, and are 2026 rate cards applied to a 2019 tape for arithmetic validation, not a reconstruction of 2019 economics"
"[-0.4,-0.2)",WIDER_THAN_ONE_TICK,5-25,507,15.663244575936886,17.138691666306194,8.569345833153097,7.741611188859951,-0.6536798332742699,0.6536798332742699,-7.9156659998788275,-15.65727718873878,0.8277346442931479,4.5624419277525154,-20.219719116491294,14.064380719136452,-29.721657907875226,9.774124782655,-25.43140197139378,0.007889546351084813,0.005917159763313609,0.0019723865877712033,0.0019723865877712033,1000,0,0.00037823655227311217,2.237431865104315,-24.56646264476416,-15.881373289822594,32,M2-COST-LEDGER-v1,100,AGGRESSIVE_CROSS_TO_CROSS_STATE_CONDITIONED,"assumes sufficient displayed size, immediate aggressive fill, no additional slippage, no impact and no queue effect; costs are M2-COST-LEDGER-v1 round trips at the declared 100-share representative size, and are 2026 rate cards applied to a 2019 tape for arithmetic validation, not a reconstruction of 2019 economics"
"[-0.4,-0.2)",WIDER_THAN_ONE_TICK,25-50,5312,42.62419239457831,7.739669801748899,3.8698349008744497,3.672556419801274,-0.0450620863394884,0.0450620863394884,-3.8247728145349607,-7.4973292343362345,0.19727848107317525,1.7131190393323381,-9.210448273668574,4.86559818993491,-12.362927424271145,3.5161102389964287,-11.013439473332664,0.007341867469879518,0.004894578313253012,0.0011295180722891566,0.0020707831325301206,1000,0,0.003962904468786532,0.7409817352592434,-10.709166995128411,-7.803243346915333,117,M2-COST-LEDGER-v1,100,AGGRESSIVE_CROSS_TO_CROSS_STATE_CONDITIONED,"assumes sufficient displayed size, immediate aggressive fill, no additional slippage, no impact and no queue effect; costs are M2-COST-LEDGER-v1 round trips at the declared 100-share representative size, and are 2026 rate cards applied to a 2019 tape for arithmetic validation, not a reconstruction of 2019 economics"
"[-0.4,-0.2)",WIDER_THAN_ONE_TICK,50-100,19199,73.88705323193916,4.428505672816432,2.214252836408216,2.125579972471166,-0.05208736193944617,0.05208736193944617,-2.1621654744687695,-4.287745446939937,0.08867286393705012,1.0918633633947643,-5.3796088103347,2.859930148167116,-7.147675595107053,2.151636219169423,-6.439381666109359,0.006771185999270795,0.004218969738007188,0.0006771185999270796,0.0014063232460023959,1000,0,0.014323005063296805,0.29419837226726914,-5.9769859957382385,-4.784211304462566,226,M2-COST-LEDGER-v1,100,AGGRESSIVE_CROSS_TO_CROSS_STATE_CONDITIONED,"assumes sufficient displayed size, immediate aggressive fill, no additional slippage, no impact and no queue effect; costs are M2-COST-LEDGER-v1 round trips at the declared 100-share representative size, and are 2026 rate cards applied to a 2019 tape for arithmetic validation, not a reconstruction of 2019 economics"
"[-0.4,-0.2)",WIDER_THAN_ONE_TICK,100-200,33248,125.71239352743021,3.823910516896659,1.9119552584483295,1.8743547375550615,-0.028700913243015304,0.028700913243015304,-1.883254345205314,-3.757609082760376,0.03760052089326766,0.7178712989886691,-4.475480381749045,1.6525304244993348,-5.410139507259711,1.3302313205607184,-5.087840403321095,0.010075794032723772,0.0063161693936477385,0.0016843118383060634,0.0031881616939364774,1000,0,0.024803962307645824,0.2603489017014516,-5.018455841793344,-4.008517871829854,190,M2-COST-LEDGER-v1,100,AGGRESSIVE_CROSS_TO_CROSS_STATE_CONDITIONED,"assumes sufficient displayed size, immediate aggressive fill, no additional slippage, no impact and no queue effect; costs are M2-COST-LEDGER-v1 round trips at the declared 100-share representative size, and are 2026 rate cards applied to a 2019 tape for arithmetic validation, not a reconstruction of 2019 economics"
"[-0.4,-0.2)",WIDER_THAN_ONE_TICK,200+,16434,493.9570822684678,4.068736554147132,2.034368277073566,2.021442712721378,-0.03213701640169917,0.03213701640169917,-2.0022312606718664,-4.023673973393244,0.012925564352187939,0.41650147529370835,-4.4401754486869525,0.6795850695519235,-4.7032590429451675,0.6683278390817997,-4.692001812475045,0.009309967141292442,0.004198612632347572,0.003103322380430814,0.0038943653401484726,1000,0,0.012260235700308333,0.2938433654444021,-5.0353976105236695,-3.8817982385972556,113,M2-COST-LEDGER-v1,100,AGGRESSIVE_CROSS_TO_CROSS_STATE_CONDITIONED,"assumes sufficient displayed size, immediate aggressive fill, no additional slippage, no impact and no queue effect; costs are M2-COST-LEDGER-v1 round trips at the declared 100-share representative size, and are 2026 rate cards applied to a 2019 tape for arithmetic validation, not a reconstruction of 2019 economics"
"[-0.2,0.0)",ONE_TICK,5-25,16191,13.43565653758261,8.018581552835492,4.009290776417746,4.02429190883228,-0.027448622415423438,0.027448622415423438,-3.9818421540023228,-8.006134062834604,-0.015001132414534404,5.175624429784555,-13.181758492619156,16.04398524547072,-24.050119308305323,11.120867558360938,-19.127001621195543,0.001544067691927614,0.0012352541535420912,0.0,6.176270767710456e-05,1000,0,0.012078950725550215,0.42212693175161065,-13.95517246128879,-12.301103597352208,65,M2-COST-LEDGER-v1,100,AGGRESSIVE_CROSS_TO_CROSS_STATE_CONDITIONED,"assumes sufficient displayed size, immediate aggressive fill, no additional slippage, no impact and no queue effect; costs are M2-COST-LEDGER-v1 round trips at the declared 100-share representative size, and are 2026 rate cards applied to a 2019 tape for arithmetic validation, not a reconstruction of 2019 economics"
"[-0.2,0.0)",ONE_TICK,25-50,37047,37.00706224525602,2.8210132374334087,1.4105066187167044,1.4229837665017382,-0.018983520747899257,0.018983520747899257,-1.391523097968805,-2.814506864470543,-0.012477147785033695,1.953874271081467,-4.76838113555201,5.642854789609256,-8.457361654079799,4.044884899064284,-6.859391763534828,0.002861230329041488,0.0024293465057899427,0.00010797095581288633,0.0002969201284854374,1000,0,0.027638125349234686,0.07499814388786369,-4.917691051650901,-4.619495780895945,179,M2-COST-LEDGER-v1,100,AGGRESSIVE_CROSS_TO_CROSS_STATE_CONDITIONED,"assumes sufficient displayed size, immediate aggressive fill, no additional slippage, no impact and no queue effect; costs are M2-COST-LEDGER-v1 round trips at the declared 100-share representative size, and are 2026 rate cards applied to a 2019 tape for arithmetic validation, not a reconstruction of 2019 economics"
"[-0.2,0.0)",ONE_TICK,50-100,41707,64.69982772676049,1.605224943110983,0.8026124715554915,0.8188847146088036,-0.01588806660256451,0.01588806660256451,-0.7867244049529271,-1.6056091195617304,-0.016272243053312166,1.200519277904959,-2.806128397466689,3.210715990007938,-4.81632510956967,2.39027898444631,-3.9958881040080416,0.0041959383316949195,0.0036444721509578727,0.00014386074280096865,0.0005514661807370466,1000,0,0.031114619103855403,0.03386472199592269,-2.876776818312812,-2.739975574253733,252,M2-COST-LEDGER-v1,100,AGGRESSIVE_CROSS_TO_CROSS_STATE_CONDITIONED,"assumes sufficient displayed size, immediate aggressive fill, no additional slippage, no impact and no queue effect; costs are M2-COST-LEDGER-v1 round trips at the declared 100-share representative size, and are 2026 rate cards applied to a 2019 tape for arithmetic validation, not a reconstruction of 2019 economics"
"[-0.2,0.0)",ONE_TICK,100-200,9093,126.64411250412405,0.8157534579590147,0.40787672897950733,0.4671276782119986,-0.026133622768055732,0.026133622768055732,-0.38174310621145163,-0.8488707844234503,-0.059250949232491294,0.7113804338072693,-1.5602512182307195,1.6315752503866645,-2.4804460348101145,1.3159753270153016,-2.164846111438752,0.02496425822060926,0.017925877048278895,0.001979544704717915,0.006048608819971406,1000,0,0.006783638993726645,0.02492392326323486,-1.6106749557231452,-1.5116877593185811,150,M2-COST-LEDGER-v1,100,AGGRESSIVE_CROSS_TO_CROSS_STATE_CONDITIONED,"assumes sufficient displayed size, immediate aggressive fill, no additional slippage, no impact and no queue effect; costs are M2-COST-LEDGER-v1 round trips at the declared 100-share representative size, and are 2026 rate cards applied to a 2019 tape for arithmetic validation, not a reconstruction of 2019 economics"
"[-0.2,0.0)",ONE_TICK,200+,1341,209.77311334824756,0.47757165787527295,0.23878582893763647,0.3635408619684234,-0.02522768370616083,0.02522768370616083,-0.21355814523147562,-0.5770990071998991,-0.12475503303078694,0.5018627157437938,-1.078961722943693,0.9551661525223364,-1.5322651597222356,0.8558081300563184,-1.4329071372562174,0.0686055182699478,0.028337061894108874,0.011931394481730051,0.028337061894108874,1000,0,0.001000424490331841,0.06528135850247346,-1.2441385261576394,-0.9916758626814135,24,M2-COST-LEDGER-v1,100,AGGRESSIVE_CROSS_TO_CROSS_STATE_CONDITIONED,"assumes sufficient displayed size, immediate aggressive fill, no additional slippage, no impact and no queue effect; costs are M2-COST-LEDGER-v1 round trips at the declared 100-share representative size, and are 2026 rate cards applied to a 2019 tape for arithmetic validation, not a reconstruction of 2019 economics"
"[-0.2,0.0)",WIDER_THAN_ONE_TICK,5-25,611,16.752013093289687,15.79565108352074,7.89782554176037,7.015604982862661,-0.1550381818148876,0.1550381818148876,-7.742787359945482,-14.758392342808142,0.8822205588977083,4.31752469946524,-19.07591704227338,13.273687488184795,-28.03207983099294,9.23620906139951,-23.994601404207653,0.004909983633387889,0.0016366612111292963,0.0016366612111292963,0.0016366612111292963,1000,0,0.0004558235373547762,1.7549666672773556,-22.79734505355917,-15.931259719192452,36,M2-COST-LEDGER-v1,100,AGGRESSIVE_CROSS_TO_CROSS_STATE_CONDITIONED,"assumes sufficient displayed size, immediate aggressive fill, no additional slippage, no impact and no queue effect; costs are M2-COST-LEDGER-v1 round trips at the declared 100-share representative size, and are 2026 rate cards applied to a 2019 tape for arithmetic validation, not a reconstruction of 2019 economics"
"[-0.2,0.0)",WIDER_THAN_ONE_TICK,25-50,3966,41.77243192133132,6.772375267105696,3.386187633552848,3.112675447752598,-0.04807558753823595,0.04807558753823595,-3.3381120460146123,-6.45078749376721,0.27351218580024994,1.749847516502077,-8.200635010269288,4.9841727732109025,-11.434960266978113,3.596777595170336,-10.047565088937546,0.00832072617246596,0.006051437216338881,0.0017650025214321734,0.0025214321734745334,1000,0,0.0029587498349411497,0.44716687992166465,-9.157309232199841,-7.415055934531508,140,M2-COST-LEDGER-v1,100,AGGRESSIVE_CROSS_TO_CROSS_STATE_CONDITIONED,"assumes sufficient displayed size, immediate aggressive fill, no additional slippage, no impact and no queue effect; costs are M2-COST-LEDGER-v1 round trips at the declared 100-share representative size, and are 2026 rate cards applied to a 2019 tape for arithmetic validation, not a reconstruction of 2019 economics"
"[-0.2,0.0)",WIDER_THAN_ONE_TICK,50-100,13207,73.47639282198834,3.938429785308434,1.969214892654217,1.8478128212408187,-0.035040253779376106,0.035040253779376106,-1.9341746388748409,-3.7819874601156602,0.12140207141339819,1.0947649547817628,-4.876752414897423,2.8692976748402357,-6.651285134955895,2.158009031872886,-5.939996491988546,0.006284546074051639,0.004013023396683577,0.00037858711289467706,0.0011357613386840312,1000,0,0.009852801076668624,0.17042027271275156,-5.215245332803061,-4.5551607290748315,237,M2-COST-LEDGER-v1,100,AGGRESSIVE_CROSS_TO_CROSS_STATE_CONDITIONED,"assumes sufficient displayed size, immediate aggressive fill, no additional slippage, no impact and no queue effect; costs are M2-COST-LEDGER-v1 round trips at the declared 100-share representative size, and are 2026 rate cards applied to a 2019 tape for arithmetic validation, not a reconstruction of 2019 economics"
"[-0.2,0.0)",WIDER_THAN_ONE_TICK,100-200,20781,127.1136947211395,3.6375026698268207,1.8187513349134103,1.7737087522097585,-0.005272445789354253,0.005272445789354253,-1.8134788891240563,-3.587187641333815,0.04504258270365214,0.7153002768922546,-4.30248791822607,1.6442301110322985,-5.231417752366114,1.3245845426062721,-4.911772183940087,0.00996102208748376,0.005533901159713199,0.00129926375054136,0.0024060439824839996,1000,0,0.015503222470981348,0.2175600538987954,-4.757260433201969,-3.91009431901543,189,M2-COST-LEDGER-v1,100,AGGRESSIVE_CROSS_TO_CROSS_STATE_CONDITIONED,"assumes sufficient displayed size, immediate aggressive fill, no additional slippage, no impact and no queue effect; costs are M2-COST-LEDGER-v1 round trips at the declared 100-share representative size, and are 2026 rate cards applied to a 2019 tape for arithmetic validation, not a reconstruction of 2019 economics"
"[-0.2,0.0)",WIDER_THAN_ONE_TICK,200+,14454,682.4125221392002,3.7160213771880874,1.8580106885940437,1.8376202611987293,-0.011198747624684757,0.011198747624684757,-1.8468119409693586,-3.6844322021680878,0.02039042739531414,0.3899069897628851,-4.074339191930973,0.5937271663047138,-4.278159368472802,0.6099179347815935,-4.294350136949682,0.008025460080254601,0.0034592500345925004,0.0033900650339006503,0.0034592500345925004,1000,0,0.010783098868945884,0.276938566947483,-4.623667299486573,-3.564762902104503,113,M2-COST-LEDGER-v1,100,AGGRESSIVE_CROSS_TO_CROSS_STATE_CONDITIONED,"assumes sufficient displayed size, immediate aggressive fill, no additional slippage, no impact and no queue effect; costs are M2-COST-LEDGER-v1 round trips at the declared 100-share representative size, and are 2026 rate cards applied to a 2019 tape for arithmetic validation, not a reconstruction of 2019 economics"
"[0.0,0.2)",ONE_TICK,5-25,17975,13.642759109874826,7.880121482789091,3.9400607413945457,3.9513866627449414,0.054102315995041124,0.054102315995041124,-3.885958425399504,-7.837345088144445,-0.011325921350395991,5.085695679487048,-12.923040767631495,15.753658367996927,-23.59100345614137,10.92335557067362,-18.760700658818067,0.0016133518776077886,0.0016133518776077886,0.00022253129346314326,0.00022253129346314326,1000,0,0.013409865931181836,0.4009164493844948,-13.642903016919986,-12.100236343849147,65,M2-COST-LEDGER-v1,100,AGGRESSIVE_CROSS_TO_CROSS_STATE_CONDITIONED,"assumes sufficient displayed size, immediate aggressive fill, no additional slippage, no impact and no queue effect; costs are M2-COST-LEDGER-v1 round trips at the declared 100-share representative size, and are 2026 rate cards applied to a 2019 tape for arithmetic validation, not a reconstruction of 2019 economics"
"[0.0,0.2)",ONE_TICK,25-50,39441,36.824467052052434,2.832947733644841,1.4164738668224206,1.4294569281404597,0.019693130805000618,0.019693130805000618,-1.3967807360174198,-2.8262376641578797,-0.01298306131803923,1.960752665367407,-4.786990329525287,5.665061066561444,-8.491298730719322,4.05999202913135,-6.88622969328923,0.0028396845921756547,0.00243401536472199,0.0002535432671585406,0.0002535432671585406,1000,0,0.029424118063518377,0.07464950004183805,-4.9278476295594515,-4.641635539986819,179,M2-COST-LEDGER-v1,100,AGGRESSIVE_CROSS_TO_CROSS_STATE_CONDITIONED,"assumes sufficient displayed size, immediate aggressive fill, no additional slippage, no impact and no queue effect; costs are M2-COST-LEDGER-v1 round trips at the declared 100-share representative size, and are 2026 rate cards applied to a 2019 tape for arithmetic validation, not a reconstruction of 2019 economics"
"[0.0,0.2)",ONE_TICK,50-100,41717,64.31841827072896,1.6149545479786085,0.8074772739893042,0.8236407498755347,0.01596491504317974,0.01596491504317974,-0.7915123589461246,-1.6151531088216593,-0.016163475886230332,1.2063809603555828,-2.821534069177242,3.2296399042956674,-4.844793013117327,2.4031530936514813,-4.01830620247314,0.004554498166215212,0.00388330896277297,0.0005513339885418415,0.0005513339885418415,1000,0,0.031122079390882487,0.03348780836248622,-2.885814355965492,-2.754460029853262,253,M2-COST-LEDGER-v1,100,AGGRESSIVE_CROSS_TO_CROSS_STATE_CONDITIONED,"assumes sufficient displayed size, immediate aggressive fill, no additional slippage, no impact and no queue effect; costs are M2-COST-LEDGER-v1 round trips at the declared 100-share representative size, and are 2026 rate cards applied to a 2019 tape for arithmetic validation, not a reconstruction of 2019 economics"
"[0.0,0.2)",ONE_TICK,100-200,10234,126.25928473715068,0.8166380408513911,0.40831902042569557,0.46308241108717346,0.01517243626244573,0.01517243626244573,-0.39314658416324977,-0.8562289952504233,-0.054763390661477986,0.7118860871674842,-1.5681150824179075,1.6332077067553972,-2.48943670200582,1.3170859017750576,-2.173314897025481,0.019347273793238227,0.012605042016806723,0.0030291186241938636,0.0030291186241938636,1000,0,0.007634857743516824,0.02244415834750364,-1.6103887584801757,-1.5247303740899998,155,M2-COST-LEDGER-v1,100,AGGRESSIVE_CROSS_TO_CROSS_STATE_CONDITIONED,"assumes sufficient displayed size, immediate aggressive fill, no additional slippage, no impact and no queue effect; costs are M2-COST-LEDGER-v1 round trips at the declared 100-share representative size, and are 2026 rate cards applied to a 2019 tape for arithmetic validation, not a reconstruction of 2019 economics"
"[0.0,0.2)",ONE_TICK,200+,1436,210.5684610027855,0.4762927483436733,0.23814637417183665,0.36108726888407205,-0.06260761431350917,-0.06260761431350917,-0.3007539884853458,-0.6618412573694179,-0.12294089471223549,0.5010563165441575,-1.1628975739135754,0.9525627652757301,-1.614404022645148,0.8540370222819668,-1.5158782796513846,0.04317548746518106,0.010445682451253482,0.010445682451253482,0.010445682451253482,1000,0,0.0010712972170891302,0.08728975436079632,-1.3854262764973293,-1.053108541202398,23,M2-COST-LEDGER-v1,100,AGGRESSIVE_CROSS_TO_CROSS_STATE_CONDITIONED,"assumes sufficient displayed size, immediate aggressive fill, no additional slippage, no impact and no queue effect; costs are M2-COST-LEDGER-v1 round trips at the declared 100-share representative size, and are 2026 rate cards applied to a 2019 tape for arithmetic validation, not a reconstruction of 2019 economics"
"[0.0,0.2)",WIDER_THAN_ONE_TICK,5-25,685,16.743802919708028,15.004544548177119,7.5022722740885595,6.5829113736147065,-0.20053507602677728,-0.20053507602677728,-7.702807350115337,-14.285718723730044,0.9193609004738551,4.250555341395505,-18.53627406512555,13.05748294235837,-27.34320166608841,9.089123163032882,-23.374841886762926,0.00291970802919708,0.00145985401459854,0.0,0.0,1000,0,0.000511029661355191,1.655682007978969,-21.966525063092387,-15.476892829084614,47,M2-COST-LEDGER-v1,100,AGGRESSIVE_CROSS_TO_CROSS_STATE_CONDITIONED,"assumes sufficient displayed size, immediate aggressive fill, no additional slippage, no impact and no queue effect; costs are M2-COST-LEDGER-v1 round trips at the declared 100-share representative size, and are 2026 rate cards applied to a 2019 tape for arithmetic validation, not a reconstruction of 2019 economics"
"[0.0,0.2)",WIDER_THAN_ONE_TICK,25-50,3227,41.14574992252867,7.24270978002285,3.621354890011425,3.311376916457719,0.11884276455450693,0.11884276455450693,-3.502512125456918,-6.813889041914637,0.30997797355370654,1.7734139825509478,-8.587303024465584,5.060254988057943,-11.87414402997258,3.648537010670711,-10.462426052585347,0.007437248218159281,0.005268050821196158,0.0012395413696932136,0.0012395413696932136,1000,0,0.0024074346236397097,0.6214523146027441,-9.939104997759083,-7.491632034579281,141,M2-COST-LEDGER-v1,100,AGGRESSIVE_CROSS_TO_CROSS_STATE_CONDITIONED,"assumes sufficient displayed size, immediate aggressive fill, no additional slippage, no impact and no queue effect; costs are M2-COST-LEDGER-v1 round trips at the declared 100-share representative size, and are 2026 rate cards applied to a 2019 tape for arithmetic validation, not a reconstruction of 2019 economics"
"[0.0,0.2)",WIDER_THAN_ONE_TICK,50-100,12977,74.8253375202281,3.871182414164244,1.935591207082122,1.8168280598113027,0.012055116766931976,0.012055116766931976,-1.92353609031519,-3.7403641501264926,0.11876314727081928,1.0790275878002855,-4.819391737926778,2.8184910017765477,-6.55885515190304,2.123444794927601,-5.863808945054094,0.0053941588965092085,0.003236495337905525,0.0009247129536872929,0.0009247129536872929,1000,0,0.009681214475045713,0.15680654245427234,-5.139684969642961,-4.527486996653508,235,M2-COST-LEDGER-v1,100,AGGRESSIVE_CROSS_TO_CROSS_STATE_CONDITIONED,"assumes sufficient displayed size, immediate aggressive fill, no additional slippage, no impact and no queue effect; costs are M2-COST-LEDGER-v1 round trips at the declared 100-share representative size, and are 2026 rate cards applied to a 2019 tape for arithmetic validation, not a reconstruction of 2019 economics"
"[0.0,0.2)",WIDER_THAN_ONE_TICK,100-200,23406,127.49573528155173,3.6163684729396257,1.8081842364698129,1.765019263160167,0.0068784510870571105,0.0068784510870571105,-1.801305785382756,-3.566325048542923,0.04316497330964597,0.7122581470798073,-4.278583195622731,1.634408868699943,-5.200733917242866,1.3179030630563897,-4.884228111599313,0.00807485260189695,0.004186960608391011,0.002264376655558404,0.002264376655558404,1000,0,0.01746154781559066,0.22060412412447286,-4.71443761196596,-3.8520345141509003,190,M2-COST-LEDGER-v1,100,AGGRESSIVE_CROSS_TO_CROSS_STATE_CONDITIONED,"assumes sufficient displayed size, immediate aggressive fill, no additional slippage, no impact and no queue effect; costs are M2-COST-LEDGER-v1 round trips at the declared 100-share representative size, and are 2026 rate cards applied to a 2019 tape for arithmetic validation, not a reconstruction of 2019 economics"
"[0.0,0.2)",WIDER_THAN_ONE_TICK,200+,15922,641.2404785830925,3.5463609267050855,1.7731804633525428,1.7518354231236561,0.00437214810351227,0.00437214810351227,-1.7688083152490301,-3.5206437383726863,0.021345040228886118,0.38792221252046266,-3.9085659508931494,0.5873194915914854,-4.107963229964172,0.6055587360051118,-4.1262024743777985,0.006531842733324959,0.0024494410249968597,0.0027006657455093583,0.0022610224846124857,1000,0,0.01187826900452168,0.1981223899906096,-4.311912560823908,-3.554320398210473,113,M2-COST-LEDGER-v1,100,AGGRESSIVE_CROSS_TO_CROSS_STATE_CONDITIONED,"assumes sufficient displayed size, immediate aggressive fill, no additional slippage, no impact and no queue effect; costs are M2-COST-LEDGER-v1 round trips at the declared 100-share representative size, and are 2026 rate cards applied to a 2019 tape for arithmetic validation, not a reconstruction of 2019 economics"
"[0.2,0.4)",ONE_TICK,5-25,17068,14.196163580970236,7.609843592326331,3.8049217961631654,3.8252992244873147,0.15137308070705974,0.15137308070705974,-3.6535487154561057,-7.478847939943421,-0.02037742832414946,4.918383518284292,-12.397231458227713,15.21350611229796,-22.69235405224138,10.555885129751314,-18.03473306969473,0.002226388563393485,0.00199203187250996,0.0002929458636044059,0.0002929458636044059,1000,0,0.0127332178978254,0.4182628413039084,-13.234889118299968,-11.543996601648896,65,M2-COST-LEDGER-v1,100,AGGRESSIVE_CROSS_TO_CROSS_STATE_CONDITIONED,"assumes sufficient displayed size, immediate aggressive fill, no additional slippage, no impact and no queue effect; costs are M2-COST-LEDGER-v1 round trips at the declared 100-share representative size, and are 2026 rate cards applied to a 2019 tape for arithmetic validation, not a reconstruction of 2019 economics"
"[0.2,0.4)",ONE_TICK,25-50,41760,37.332660440613026,2.793766196909256,1.396883098454628,1.4188386601171017,0.06925217145075226,0.06925217145075226,-1.3276309270038757,-2.746469587120978,-0.021955561662473585,1.9364866629822959,-4.682956250103273,5.586720461605475,-8.333190048726452,4.0066962105143595,-6.753165797635338,0.0041187739463601535,0.0034482758620689655,0.0005747126436781609,0.0005747126436781609,1000,0,0.031154158625098943,0.07118742827130008,-4.821383018356606,-4.542357062990375,179,M2-COST-LEDGER-v1,100,AGGRESSIVE_CROSS_TO_CROSS_STATE_CONDITIONED,"assumes sufficient displayed size, immediate aggressive fill, no additional slippage, no impact and no queue effect; costs are M2-COST-LEDGER-v1 round trips at the declared 100-share representative size, and are 2026 rate cards applied to a 2019 tape for arithmetic validation, not a reconstruction of 2019 economics"
"[0.2,0.4)",ONE_TICK,50-100,50106,64.8216518979763,1.601031286764229,0.8005156433821145,0.8298869087237128,0.05271632654542019,0.05271632654542019,-0.7477993168366942,-1.5776862255604072,-0.02937126534159851,1.1977569473990182,-2.7754431729594256,3.20179805455696,-4.779484280117368,2.3842120326975906,-3.961898258257998,0.006087095357841376,0.00482976090687742,0.0007783498982157826,0.0007783498982157826,1000,0,0.03738051417790248,0.029883178902084785,-2.8316419540781395,-2.7143225664356074,255,M2-COST-LEDGER-v1,100,AGGRESSIVE_CROSS_TO_CROSS_STATE_CONDITIONED,"assumes sufficient displayed size, immediate aggressive fill, no additional slippage, no impact and no queue effect; costs are M2-COST-LEDGER-v1 round trips at the declared 100-share representative size, and are 2026 rate cards applied to a 2019 tape for arithmetic validation, not a reconstruction of 2019 economics"
"[0.2,0.4)",ONE_TICK,100-200,14105,125.61039666784828,0.8200437747005752,0.4100218873502876,0.4753929581631292,0.03939136756038462,0.03939136756038462,-0.37063051978990297,-0.8460234779530322,-0.06537107081284156,0.7139957804255744,-1.5600192583786063,1.6400186615837753,-2.4860421395368077,1.3217194556433967,-2.167742933596429,0.02197802197802198,0.0130450194966324,0.002977667493796526,0.002977667493796526,1000,0,0.010522734851700685,0.021570164338344792,-1.6022341947710488,-1.517813472445702,162,M2-COST-LEDGER-v1,100,AGGRESSIVE_CROSS_TO_CROSS_STATE_CONDITIONED,"assumes sufficient displayed size, immediate aggressive fill, no additional slippage, no impact and no queue effect; costs are M2-COST-LEDGER-v1 round trips at the declared 100-share representative size, and are 2026 rate cards applied to a 2019 tape for arithmetic validation, not a reconstruction of 2019 economics"
"[0.2,0.4)",ONE_TICK,200+,1338,209.5713153961136,0.4779176503920574,0.2389588251960287,0.3788364953365431,0.07590882359473562,0.07590882359473562,-0.16305000160129307,-0.5418864969378361,-0.13987767014051444,0.5020629019229328,-1.043949398860769,0.9558124355865467,-1.497698932524383,0.8562478022414479,-1.3981342991792842,0.04932735426008968,0.01569506726457399,0.01569506726457399,0.01569506726457399,1000,0,0.000998186404223716,0.02034940844090561,-1.0938034431764796,-1.0144631967813618,25,M2-COST-LEDGER-v1,100,AGGRESSIVE_CROSS_TO_CROSS_STATE_CONDITIONED,"assumes sufficient displayed size, immediate aggressive fill, no additional slippage, no impact and no queue effect; costs are M2-COST-LEDGER-v1 round trips at the declared 100-share representative size, and are 2026 rate cards applied to a 2019 tape for arithmetic validation, not a reconstruction of 2019 economics"
"[0.2,0.4)",WIDER_THAN_ONE_TICK,5-25,729,14.792215363511662,18.0785979396331,9.03929896981655,8.237364656517425,0.29318889447270025,0.29318889447270025,-8.746110075343848,-16.983474731861275,0.8019343132991242,4.783920137311599,-21.767394869172872,14.779403187446649,-31.762877919307925,10.260561003048643,-27.244035734909918,0.0054869684499314125,0.0013717421124828531,0.0013717421124828531,0.0013717421124828531,1000,0,0.0005438549242743566,2.018175244594488,-25.430617943476197,-17.65159864308604,37,M2-COST-LEDGER-v1,100,AGGRESSIVE_CROSS_TO_CROSS_STATE_CONDITIONED,"assumes sufficient displayed size, immediate aggressive fill, no additional slippage, no impact and no queue effect; costs are M2-COST-LEDGER-v1 round trips at the declared 100-share representative size, and are 2026 rate cards applied to a 2019 tape for arithmetic validation, not a reconstruction of 2019 economics"
"[0.2,0.4)",WIDER_THAN_ONE_TICK,25-50,5310,42.06045197740113,7.992594189005503,3.9962970945027516,3.767507288073249,0.10935049215892717,0.10935049215892717,-3.886946602343824,-7.654453890417072,0.22878980642950267,1.7339044581423162,-9.388358348559388,4.932702044042989,-12.587155934460062,3.561761594880842,-11.216215485297916,0.008851224105461394,0.006026365348399247,0.0030131826741996233,0.0030131826741996233,1000,0,0.003961412411381116,0.850379612623893,-11.045932791297005,-7.8236661915037065,130,M2-COST-LEDGER-v1,100,AGGRESSIVE_CROSS_TO_CROSS_STATE_CONDITIONED,"assumes sufficient displayed size, immediate aggressive fill, no additional slippage, no impact and no queue effect; costs are M2-COST-LEDGER-v1 round trips at the declared 100-share representative size, and are 2026 rate cards applied to a 2019 tape for arithmetic validation, not a reconstruction of 2019 economics"
"[0.2,0.4)",WIDER_THAN_ONE_TICK,50-100,19546,76.04359587639415,4.285703531559928,2.142851765779964,2.0523707353281853,0.05567143355524323,0.05567143355524323,-2.087180332224721,-4.139551067552906,0.09048103045177903,1.0663781789370201,-5.2059292464899265,2.7776535236061997,-6.917204591159107,2.0956626909910097,-6.2352137585439165,0.006804461270848256,0.003785940857464443,0.0017394863399160954,0.0017394863399160954,1000,0,0.014581877023136588,0.25972095505768544,-5.742648835031015,-4.737361717711261,230,M2-COST-LEDGER-v1,100,AGGRESSIVE_CROSS_TO_CROSS_STATE_CONDITIONED,"assumes sufficient displayed size, immediate aggressive fill, no additional slippage, no impact and no queue effect; costs are M2-COST-LEDGER-v1 round trips at the declared 100-share representative size, and are 2026 rate cards applied to a 2019 tape for arithmetic validation, not a reconstruction of 2019 economics"
"[0.2,0.4)",WIDER_THAN_ONE_TICK,100-200,35255,126.89593929939015,3.8762350291161196,1.9381175145580598,1.8984981293054075,0.04073407548899749,0.04073407548899749,-1.8973834390690623,-3.7958815683744693,0.039619385252652226,0.7149859416642605,-4.51086751003873,1.6432153080363534,-5.439096876410823,1.3238941629949035,-5.119775731369373,0.009558927811657921,0.00618352006807545,0.002723018011629556,0.002723018011629556,1000,0,0.026301241913981397,0.24108430655213592,-4.986974762530657,-4.0597124378024505,190,M2-COST-LEDGER-v1,100,AGGRESSIVE_CROSS_TO_CROSS_STATE_CONDITIONED,"assumes sufficient displayed size, immediate aggressive fill, no additional slippage, no impact and no queue effect; costs are M2-COST-LEDGER-v1 round trips at the declared 100-share representative size, and are 2026 rate cards applied to a 2019 tape for arithmetic validation, not a reconstruction of 2019 economics"
"[0.2,0.4)",WIDER_THAN_ONE_TICK,200+,17849,620.7080844865259,4.024706446284737,2.0123532231423686,1.9867605150787822,0.021779444088621876,0.021779444088621876,-1.990573779053747,-3.977334294132529,0.02559270806358656,0.38753523306874843,-4.364869527201277,0.5860701632566534,-4.563404457389183,0.6047088066949706,-4.5820431008275,0.007115244551515491,0.0030814051207350554,0.0033615328589836966,0.0029693540254355985,1000,0,0.013315866314640589,0.29890498935536625,-5.014776082052284,-3.827438547515194,113,M2-COST-LEDGER-v1,100,AGGRESSIVE_CROSS_TO_CROSS_STATE_CONDITIONED,"assumes sufficient displayed size, immediate aggressive fill, no additional slippage, no impact and no queue effect; costs are M2-COST-LEDGER-v1 round trips at the declared 100-share representative size, and are 2026 rate cards applied to a 2019 tape for arithmetic validation, not a reconstruction of 2019 economics"
"[0.4,0.6)",ONE_TICK,5-25,12418,14.945040264132711,7.222343142528411,3.6111715712642054,3.637289595075686,0.24551093750494218,0.24551093750494218,-3.3656606337592625,-7.002950228834949,-0.02611802381148087,4.678512650797272,-11.68146287963222,14.439104603058183,-21.44205483189313,10.02905281340191,-17.03200304223686,0.0031406023514253503,0.002818489289740699,8.052826542116283e-05,8.052826542116283e-05,1000,0,0.009264184430231769,0.396781354278379,-12.47578108527408,-10.909149567347656,65,M2-COST-LEDGER-v1,100,AGGRESSIVE_CROSS_TO_CROSS_STATE_CONDITIONED,"assumes sufficient displayed size, immediate aggressive fill, no additional slippage, no impact and no queue effect; costs are M2-COST-LEDGER-v1 round trips at the declared 100-share representative size, and are 2026 rate cards applied to a 2019 tape for arithmetic validation, not a reconstruction of 2019 economics"
"[0.4,0.6)",ONE_TICK,25-50,32172,37.52784004724605,2.7753164002813095,1.3876582001406548,1.4074988480346327,0.1224545866207296,0.1224545866207296,-1.2652036135199252,-2.672702461554558,-0.01984064789397794,1.9250605356268062,-4.5977629971813645,5.549832237697519,-8.222534699252078,3.9816008197957613,-6.65430328135032,0.004134029590948651,0.003729951510630362,0.0006527415143603133,0.0006527415143603133,1000,0,0.024001235423531685,0.07109145385274922,-4.739309265743678,-4.457847421785814,179,M2-COST-LEDGER-v1,100,AGGRESSIVE_CROSS_TO_CROSS_STATE_CONDITIONED,"assumes sufficient displayed size, immediate aggressive fill, no additional slippage, no impact and no queue effect; costs are M2-COST-LEDGER-v1 round trips at the declared 100-share representative size, and are 2026 rate cards applied to a 2019 tape for arithmetic validation, not a reconstruction of 2019 economics"
"[0.4,0.6)",ONE_TICK,50-100,36384,64.71780920184698,1.603519896024616,0.801759948012308,0.8295014383014465,0.09444558021801723,0.09444558021801723,-0.7073143677942908,-1.536815806095737,-0.027741490289138422,1.19929835676644,-2.736114162862177,3.206774355985277,-4.743590162081015,2.3875974553459884,-3.9244132614417255,0.00665127528583993,0.005277044854881266,0.0008245382585751979,0.0008245382585751979,1000,0,0.02714350831933908,0.033674844816314546,-2.799537920944918,-2.667576797048469,254,M2-COST-LEDGER-v1,100,AGGRESSIVE_CROSS_TO_CROSS_STATE_CONDITIONED,"assumes sufficient displayed size, immediate aggressive fill, no additional slippage, no impact and no queue effect; costs are M2-COST-LEDGER-v1 round trips at the declared 100-share representative size, and are 2026 rate cards applied to a 2019 tape for arithmetic validation, not a reconstruction of 2019 economics"
"[0.4,0.6)",ONE_TICK,100-200,9764,127.67568312167145,0.8081946251881792,0.4040973125940896,0.4631932775638073,0.05458425537601847,0.05458425537601847,-0.3495130572180711,-0.8127063347818783,-0.059095964969717724,0.7066558066921412,-1.5193621414740197,1.6163222169237812,-2.4290285517056596,1.3055985510732004,-2.118304885855079,0.022634166325276525,0.014645637034002458,0.0028676771814829987,0.0028676771814829987,1000,0,0.0072842242532439195,0.027504345394664252,-1.5762935898153727,-1.467643890226328,147,M2-COST-LEDGER-v1,100,AGGRESSIVE_CROSS_TO_CROSS_STATE_CONDITIONED,"assumes sufficient displayed size, immediate aggressive fill, no additional slippage, no impact and no queue effect; costs are M2-COST-LEDGER-v1 round trips at the declared 100-share representative size, and are 2026 rate cards applied to a 2019 tape for arithmetic validation, not a reconstruction of 2019 economics"
"[0.4,0.6)",ONE_TICK,200+,1333,209.36018379594898,0.4782661112885015,0.23913305564425075,0.36496162308728225,0.07842005743549091,0.07842005743549091,-0.16071299820875987,-0.5256746212960421,-0.12582856744303145,0.5022787645821837,-1.027953385878226,0.9565093287560409,-1.482183950052083,0.8567219049366936,-1.3823965262327358,0.06151537884471118,0.01800450112528132,0.01800450112528132,0.01800450112528132,1000,0,0.0009944562607101745,0.029415071849721783,-1.106741106925364,-0.988531315008634,23,M2-COST-LEDGER-v1,100,AGGRESSIVE_CROSS_TO_CROSS_STATE_CONDITIONED,"assumes sufficient displayed size, immediate aggressive fill, no additional slippage, no impact and no queue effect; costs are M2-COST-LEDGER-v1 round trips at the declared 100-share representative size, and are 2026 rate cards applied to a 2019 tape for arithmetic validation, not a reconstruction of 2019 economics"
"[0.4,0.6)",WIDER_THAN_ONE_TICK,5-25,490,15.380846938775509,18.045163046001626,9.022581523000813,8.274761707187578,0.231887355030879,0.231887355030879,-8.790694167969937,-17.065455875157514,0.7478198158132363,4.493202312545496,-21.558658187703006,13.840846852447122,-30.906302727604633,9.622052681341449,-26.687508556498962,0.012244897959183673,0.006122448979591836,0.0020408163265306124,0.0020408163265306124,1000,0,0.00036555406432707094,2.568719715669341,-26.404989415919417,-16.302499307305048,31,M2-COST-LEDGER-v1,100,AGGRESSIVE_CROSS_TO_CROSS_STATE_CONDITIONED,"assumes sufficient displayed size, immediate aggressive fill, no additional slippage, no impact and no queue effect; costs are M2-COST-LEDGER-v1 round trips at the declared 100-share representative size, and are 2026 rate cards applied to a 2019 tape for arithmetic validation, not a reconstruction of 2019 economics"
"[0.4,0.6)",WIDER_THAN_ONE_TICK,25-50,3302,42.795632949727434,7.3221931833952825,3.6610965916976412,3.4612455873348185,0.13229265330837753,0.13229265330837753,-3.5288039383892635,-6.990049525724082,0.19985100436282235,1.7049347911401924,-8.694984316864275,4.839176081162848,-11.829225606886931,3.498135040599817,-10.488184566323897,0.010599636583888553,0.006965475469412477,0.003331314354936402,0.003331314354936402,1000,0,0.002463386776342833,0.7835025451471644,-10.347321414117745,-7.308223959062427,92,M2-COST-LEDGER-v1,100,AGGRESSIVE_CROSS_TO_CROSS_STATE_CONDITIONED,"assumes sufficient displayed size, immediate aggressive fill, no additional slippage, no impact and no queue effect; costs are M2-COST-LEDGER-v1 round trips at the declared 100-share representative size, and are 2026 rate cards applied to a 2019 tape for arithmetic validation, not a reconstruction of 2019 economics"
"[0.4,0.6)",WIDER_THAN_ONE_TICK,50-100,11239,76.75437983806388,4.24948442940877,2.124742214704385,2.043445834737701,0.09620988224880458,0.09620988224880458,-2.02853233245558,-4.071978167193281,0.08129637996668376,1.0559668309157793,-5.127944998109061,2.7440414234569146,-6.816019590650196,2.07279607675055,-6.144774243943831,0.007384998665361687,0.004092890826585995,0.0013346383130171723,0.0013346383130171723,1000,0,0.008384616589738674,0.27459527993472477,-5.714805494541538,-4.6257346298886945,214,M2-COST-LEDGER-v1,100,AGGRESSIVE_CROSS_TO_CROSS_STATE_CONDITIONED,"assumes sufficient displayed size, immediate aggressive fill, no additional slippage, no impact and no queue effect; costs are M2-COST-LEDGER-v1 round trips at the declared 100-share representative size, and are 2026 rate cards applied to a 2019 tape for arithmetic validation, not a reconstruction of 2019 economics"
"[0.4,0.6)",WIDER_THAN_ONE_TICK,100-200,19249,128.53206582160115,3.8924031990440313,1.9462015995220157,1.906168288267712,0.07972796107382635,0.07972796107382635,-1.8664736384481893,-3.7726419267159006,0.040033311254303657,0.7118424673716852,-4.484484394087587,1.6330668841700895,-5.40570881088599,1.3169900989028693,-5.08963202561877,0.010338199386981143,0.006026287079848304,0.003117045041300847,0.003117045041300847,1000,0,0.01436030649843222,0.26556360851765415,-5.039799858030291,-3.989166060145918,190,M2-COST-LEDGER-v1,100,AGGRESSIVE_CROSS_TO_CROSS_STATE_CONDITIONED,"assumes sufficient displayed size, immediate aggressive fill, no additional slippage, no impact and no queue effect; costs are M2-COST-LEDGER-v1 round trips at the declared 100-share representative size, and are 2026 rate cards applied to a 2019 tape for arithmetic validation, not a reconstruction of 2019 economics"
"[0.4,0.6)",WIDER_THAN_ONE_TICK,200+,11476,653.8387974904147,4.058078762846338,2.029039381423169,2.020917341149877,0.042698227176485595,0.042698227176485595,-1.9863411542466831,-4.0072584953965595,0.008122040273291834,0.3869252144821506,-4.39418370987871,0.5841007731465718,-4.5913592685431315,0.6033690128785711,-4.6106275082751305,0.008888114325548972,0.0033983966538863714,0.003572673405367724,0.0033112582781456954,1000,0,0.008561425392280542,0.30771641390256466,-5.032900803475096,-3.8093236975797966,113,M2-COST-LEDGER-v1,100,AGGRESSIVE_CROSS_TO_CROSS_STATE_CONDITIONED,"assumes sufficient displayed size, immediate aggressive fill, no additional slippage, no impact and no queue effect; costs are M2-COST-LEDGER-v1 round trips at the declared 100-share representative size, and are 2026 rate cards applied to a 2019 tape for arithmetic validation, not a reconstruction of 2019 economics"
"[0.6,0.8)",ONE_TICK,5-25,7758,15.76425625161124,6.815931103740405,3.4079655518702023,3.4628599233539763,0.4624095178775945,0.4624095178775945,-2.9455560339926086,-6.408415957346585,-0.054894371483773484,4.426929856907938,-10.835345814254524,13.626892193407388,-20.03530815075397,9.476497401204787,-15.88491335855137,0.005155968032998196,0.005027068832173241,0.0005155968032998196,0.0005155968032998196,1000,0,0.005787690675611053,0.38862056532051176,-11.626027866375965,-10.10930926672583,65,M2-COST-LEDGER-v1,100,AGGRESSIVE_CROSS_TO_CROSS_STATE_CONDITIONED,"assumes sufficient displayed size, immediate aggressive fill, no additional slippage, no impact and no queue effect; costs are M2-COST-LEDGER-v1 round trips at the declared 100-share representative size, and are 2026 rate cards applied to a 2019 tape for arithmetic validation, not a reconstruction of 2019 economics"
"[0.6,0.8)",ONE_TICK,25-50,21373,37.46709142375895,2.779681952579682,1.389840976289841,1.4246670277648883,0.2295990267142698,0.2295990267142698,-1.160241949575571,-2.584908977340459,-0.03482605147504716,1.9277642672821036,-4.512673244622563,5.558560992032618,-8.143469969373077,3.9875390699287188,-6.5724480472691775,0.007158564544050905,0.006316380480044916,0.0008421840640059888,0.0008421840640059888,1000,0,0.015944871462984667,0.07343140852147562,-4.650908800470445,-4.366501165565072,177,M2-COST-LEDGER-v1,100,AGGRESSIVE_CROSS_TO_CROSS_STATE_CONDITIONED,"assumes sufficient displayed size, immediate aggressive fill, no additional slippage, no impact and no queue effect; costs are M2-COST-LEDGER-v1 round trips at the declared 100-share representative size, and are 2026 rate cards applied to a 2019 tape for arithmetic validation, not a reconstruction of 2019 economics"
"[0.6,0.8)",ONE_TICK,50-100,26764,65.3637916604394,1.5868906398292912,0.7934453199146456,0.8282785889634857,0.14203459086082143,0.14203459086082143,-0.6514107290538244,-1.47968931801731,-0.034833269048840064,1.188998180211232,-2.6686874982285422,3.173521162909546,-4.653210480926856,2.3649750088178307,-3.8446643268351406,0.009041996712001196,0.006986997459273651,0.0007846360783141534,0.0007846360783141534,1000,0,0.019966712199285155,0.03474819287511995,-2.7348478547982076,-2.6019966334667406,252,M2-COST-LEDGER-v1,100,AGGRESSIVE_CROSS_TO_CROSS_STATE_CONDITIONED,"assumes sufficient displayed size, immediate aggressive fill, no additional slippage, no impact and no queue effect; costs are M2-COST-LEDGER-v1 round trips at the declared 100-share representative size, and are 2026 rate cards applied to a 2019 tape for arithmetic validation, not a reconstruction of 2019 economics"
"[0.6,0.8)",ONE_TICK,100-200,7267,131.74002820971515,0.7886758255217229,0.39433791276086144,0.4717127956470541,0.08975955963238727,0.08975955963238727,-0.30457835312847426,-0.7762911487755284,-0.0773748828861926,0.6945647779772193,-1.4708559267527475,1.5772874188126529,-2.3535785675881815,1.2790428266050173,-2.0553339753805457,0.0253199394523187,0.01554974542452181,0.004541076097426724,0.004541076097426724,1000,0,0.005421390582581274,0.029906604025681346,-1.5299924382945742,-1.4107896207116657,135,M2-COST-LEDGER-v1,100,AGGRESSIVE_CROSS_TO_CROSS_STATE_CONDITIONED,"assumes sufficient displayed size, immediate aggressive fill, no additional slippage, no impact and no queue effect; costs are M2-COST-LEDGER-v1 round trips at the declared 100-share representative size, and are 2026 rate cards applied to a 2019 tape for arithmetic validation, not a reconstruction of 2019 economics"
"[0.6,0.8)",ONE_TICK,200+,1148,209.50281358885016,0.47798293990969154,0.23899146995484577,0.4373614274850662,0.07622666732731566,0.07622666732731566,-0.16276480262753007,-0.6001262301125962,-0.19836995753022044,0.5021033477051252,-1.1022295778177218,0.9559430111545612,-1.5560692412671575,0.8563366339755483,-1.4564628640881447,0.047038327526132406,0.009581881533101045,0.009581881533101045,0.009581881533101045,1000,0,0.0008564409507091376,0.06287794862697187,-1.2585194284516266,-1.015999681997484,27,M2-COST-LEDGER-v1,100,AGGRESSIVE_CROSS_TO_CROSS_STATE_CONDITIONED,"assumes sufficient displayed size, immediate aggressive fill, no additional slippage, no impact and no queue effect; costs are M2-COST-LEDGER-v1 round trips at the declared 100-share representative size, and are 2026 rate cards applied to a 2019 tape for arithmetic validation, not a reconstruction of 2019 economics"
"[0.6,0.8)",WIDER_THAN_ONE_TICK,5-25,381,14.85982939632546,25.801983212854047,12.900991606427024,12.023986247115465,0.8348062360966142,0.8348062360966142,-12.066185370330409,-24.090171617445876,0.8770053593115593,4.67381681415848,-28.76398843160435,14.423944517057237,-38.514116134503105,10.018739270454693,-34.108910887900564,0.010498687664041995,0.005249343832020997,0.0026246719160104987,0.0026246719160104987,1000,0,0.00028423693573186536,4.775943813943866,-35.977635085683474,-17.784651191262252,15,M2-COST-LEDGER-v1,100,AGGRESSIVE_CROSS_TO_CROSS_STATE_CONDITIONED,"assumes sufficient displayed size, immediate aggressive fill, no additional slippage, no impact and no queue effect; costs are M2-COST-LEDGER-v1 round trips at the declared 100-share representative size, and are 2026 rate cards applied to a 2019 tape for arithmetic validation, not a reconstruction of 2019 economics"
"[0.6,0.8)",WIDER_THAN_ONE_TICK,25-50,2778,43.88307955363571,7.957838021352274,3.978919010676137,3.8050978160570565,0.16002072023642674,0.16002072023642674,-3.818898290439711,-7.623996106496767,0.17382119461908077,1.6590739997907193,-9.283070106287486,4.691118643392152,-12.315114749888918,3.3974102331674714,-11.021406339664239,0.010439164866810655,0.00755939524838013,0.0028797696184305254,0.0028797696184305254,1000,0,0.0020724677361236795,0.8474243165733163,-11.071522198855451,-7.811806232702079,71,M2-COST-LEDGER-v1,100,AGGRESSIVE_CROSS_TO_CROSS_STATE_CONDITIONED,"assumes sufficient displayed size, immediate aggressive fill, no additional slippage, no impact and no queue effect; costs are M2-COST-LEDGER-v1 round trips at the declared 100-share representative size, and are 2026 rate cards applied to a 2019 tape for arithmetic validation, not a reconstruction of 2019 economics"
"[0.6,0.8)",WIDER_THAN_ONE_TICK,50-100,6871,75.24529762771067,4.556772351805095,2.2783861759025474,2.198599462680625,0.1588450292932033,0.1588450292932033,-2.1195411466093446,-4.318140609289969,0.07978671322192261,1.0713517544586322,-5.389492363748602,2.793710264596068,-7.111850873886039,2.106586236397087,-6.424726845687057,0.008732353369233009,0.005530490467180905,0.0024741667879493523,0.0024741667879493523,1000,0,0.005125963216308784,0.3722099102530994,-6.180986048948047,-4.699937728331434,183,M2-COST-LEDGER-v1,100,AGGRESSIVE_CROSS_TO_CROSS_STATE_CONDITIONED,"assumes sufficient displayed size, immediate aggressive fill, no additional slippage, no impact and no queue effect; costs are M2-COST-LEDGER-v1 round trips at the declared 100-share representative size, and are 2026 rate cards applied to a 2019 tape for arithmetic validation, not a reconstruction of 2019 economics"
"[0.6,0.8)",WIDER_THAN_ONE_TICK,100-200,12963,134.20383398904576,4.152410581330133,2.0762052906650665,2.052735259155941,0.0936453218198181,0.0936453218198181,-1.9825599688452484,-4.035295228001189,0.02347003150912516,0.6970470413219169,-4.732342269323106,1.5853011826373422,-5.620596410638532,1.2844946622588276,-5.319789890260018,0.01280567769806372,0.007405693126591067,0.004397130293913446,0.004397130293913446,1000,0,0.009670770073207796,0.34838555592054427,-5.4246438957574385,-4.066361185899352,186,M2-COST-LEDGER-v1,100,AGGRESSIVE_CROSS_TO_CROSS_STATE_CONDITIONED,"assumes sufficient displayed size, immediate aggressive fill, no additional slippage, no impact and no queue effect; costs are M2-COST-LEDGER-v1 round trips at the declared 100-share representative size, and are 2026 rate cards applied to a 2019 tape for arithmetic validation, not a reconstruction of 2019 economics"
"[0.6,0.8)",WIDER_THAN_ONE_TICK,200+,10700,640.8537186915887,4.584637501045525,2.2923187505227625,2.286373408450891,0.057784264242392934,0.057784264242392934,-2.2345344862803698,-4.520907894731261,0.005945342071871024,0.39151523798318694,-4.912423132714448,0.5989192509545987,-5.11982714568586,0.6134501566976721,-5.134358051428933,0.007850467289719627,0.002616822429906542,0.002803738317757009,0.002429906542056075,1000,0,0.007982507118978896,0.4244542859392677,-5.77961465480656,-4.116780045428933,113,M2-COST-LEDGER-v1,100,AGGRESSIVE_CROSS_TO_CROSS_STATE_CONDITIONED,"assumes sufficient displayed size, immediate aggressive fill, no additional slippage, no impact and no queue effect; costs are M2-COST-LEDGER-v1 round trips at the declared 100-share representative size, and are 2026 rate cards applied to a 2019 tape for arithmetic validation, not a reconstruction of 2019 economics"
"[0.8,1.0]",ONE_TICK,5-25,3436,16.0709545983702,6.6577555183198145,3.3288777591599072,3.4333468283090682,0.720984106535134,0.720984106535134,-2.6078936526247736,-6.041240480933842,-0.10446906914916149,4.329015012430458,-10.3702554933643,13.31078292955757,-19.352023410491416,9.261445424024382,-15.302685904958226,0.0037834691501746217,0.0034924330616996507,0.0008731082654249127,0.0008731082654249127,1000,0,0.0025633546225057465,0.36624165055085045,-11.13239741005235,-9.687123488163381,64,M2-COST-LEDGER-v1,100,AGGRESSIVE_CROSS_TO_CROSS_STATE_CONDITIONED,"assumes sufficient displayed size, immediate aggressive fill, no additional slippage, no impact and no queue effect; costs are M2-COST-LEDGER-v1 round trips at the declared 100-share representative size, and are 2026 rate cards applied to a 2019 tape for arithmetic validation, not a reconstruction of 2019 economics"
"[0.8,1.0]",ONE_TICK,25-50,8205,37.29261243144424,2.7938746781133426,1.3969373390566713,1.4429886713787592,0.328747694362873,0.328747694362873,-1.068189644693798,-2.511178316072557,-0.04605133232208792,1.9365539977908846,-4.447732313863441,5.586937845975415,-8.09811616204797,4.006844099057688,-6.518022415130246,0.007800121876904326,0.006703229737964655,0.0008531383302864108,0.0008531383302864108,1000,0,0.006121165505721667,0.08452923305381867,-4.619430637432601,-4.284662341524124,176,M2-COST-LEDGER-v1,100,AGGRESSIVE_CROSS_TO_CROSS_STATE_CONDITIONED,"assumes sufficient displayed size, immediate aggressive fill, no additional slippage, no impact and no queue effect; costs are M2-COST-LEDGER-v1 round trips at the declared 100-share representative size, and are 2026 rate cards applied to a 2019 tape for arithmetic validation, not a reconstruction of 2019 economics"
"[0.8,1.0]",ONE_TICK,50-100,12186,70.3335590021336,1.485879722293608,0.742939861146804,0.7793535164610507,0.16609491883285854,0.16609491883285854,-0.5768449423139456,-1.3561984587749962,-0.03641365531424648,1.126431080170133,-2.482629538945129,2.971528910960881,-4.327727369735878,2.2275578618868863,-3.583756320661883,0.008780567864762842,0.006400787789266372,0.0004923682914820286,0.0004923682914820286,1000,0,0.009091105771203442,0.05892851428729281,-2.608299447763182,-2.37473594367961,246,M2-COST-LEDGER-v1,100,AGGRESSIVE_CROSS_TO_CROSS_STATE_CONDITIONED,"assumes sufficient displayed size, immediate aggressive fill, no additional slippage, no impact and no queue effect; costs are M2-COST-LEDGER-v1 round trips at the declared 100-share representative size, and are 2026 rate cards applied to a 2019 tape for arithmetic validation, not a reconstruction of 2019 economics"
"[0.8,1.0]",ONE_TICK,100-200,5429,139.41648830355498,0.7561533960905563,0.37807669804527816,0.4876461576861058,0.09813242068418165,0.09813242068418165,-0.27994427736109645,-0.7675904350472023,-0.10956945964082768,0.67441850349028,-1.4420089385374826,1.5122469846336724,-2.2798374196808746,1.234795233869149,-2.0023856689163515,0.028366181617240745,0.015840854669368208,0.005157487566771045,0.005157487566771045,1000,0,0.004050189827003404,0.03397735480618514,-1.5146700049246948,-1.3767925311855829,147,M2-COST-LEDGER-v1,100,AGGRESSIVE_CROSS_TO_CROSS_STATE_CONDITIONED,"assumes sufficient displayed size, immediate aggressive fill, no additional slippage, no impact and no queue effect; costs are M2-COST-LEDGER-v1 round trips at the declared 100-share representative size, and are 2026 rate cards applied to a 2019 tape for arithmetic validation, not a reconstruction of 2019 economics"
"[0.8,1.0]",ONE_TICK,200+,964,210.09496887966804,0.4772219076332689,0.23861095381663444,0.5081995271781193,0.1406871517992303,0.1406871517992303,-0.09792380201740414,-0.6061233291955235,-0.2695885733614849,0.5016319049382065,-1.10775523413373,0.9544210006076078,-1.5605443298031312,0.8553011965023611,-1.4614245256978846,0.0508298755186722,0.011410788381742738,0.011410788381742738,0.011410788381742738,1000,0,0.0007191716694108089,0.06714545833272696,-1.2721926671677477,-1.0146108997259669,25,M2-COST-LEDGER-v1,100,AGGRESSIVE_CROSS_TO_CROSS_STATE_CONDITIONED,"assumes sufficient displayed size, immediate aggressive fill, no additional slippage, no impact and no queue effect; costs are M2-COST-LEDGER-v1 round trips at the declared 100-share representative size, and are 2026 rate cards applied to a 2019 tape for arithmetic validation, not a reconstruction of 2019 economics"
"[0.8,1.0]",WIDER_THAN_ONE_TICK,5-25,286,14.997045454545457,26.298564021994647,13.149282010997323,12.943292638139784,1.133984476309913,1.133984476309913,-12.015297534687411,-24.95859017282719,0.2059893728575409,4.767758611532486,-29.726348784359683,14.72722715587566,-39.68581732870285,10.225065179186615,-35.18365535201381,0.006993006993006993,0.0034965034965034965,0.0,0.0,1000,0,0.0002133642089745761,6.044172224311413,-39.83505791127416,-17.89769833711769,5,M2-COST-LEDGER-v1,100,AGGRESSIVE_CROSS_TO_CROSS_STATE_CONDITIONED,"assumes sufficient displayed size, immediate aggressive fill, no additional slippage, no impact and no queue effect; costs are M2-COST-LEDGER-v1 round trips at the declared 100-share representative size, and are 2026 rate cards applied to a 2019 tape for arithmetic validation, not a reconstruction of 2019 economics"
"[0.8,1.0]",WIDER_THAN_ONE_TICK,25-50,1390,43.74385971223021,8.55238896923867,4.276194484619335,3.981140022250569,0.028425509007900408,0.028425509007900408,-4.247768975611434,-8.228908997862002,0.2950544623687662,1.6647880770201287,-9.893697074882132,4.709566027506469,-12.938475025368472,3.409960154606898,-11.638869152468901,0.01223021582733813,0.01079136690647482,0.004316546762589928,0.004316546762589928,1000,0,0.0010369798967645482,0.8183573561932624,-11.493573465277008,-8.271695395616518,48,M2-COST-LEDGER-v1,100,AGGRESSIVE_CROSS_TO_CROSS_STATE_CONDITIONED,"assumes sufficient displayed size, immediate aggressive fill, no additional slippage, no impact and no queue effect; costs are M2-COST-LEDGER-v1 round trips at the declared 100-share representative size, and are 2026 rate cards applied to a 2019 tape for arithmetic validation, not a reconstruction of 2019 economics"
"[0.8,1.0]",WIDER_THAN_ONE_TICK,50-100,3494,78.38786061820264,4.911419233852871,2.4557096169264354,2.384082465781039,0.06971569367348267,0.06971569367348267,-2.3859939232529523,-4.770076389033992,0.07162715114539622,1.0339288453579223,-5.804005234391914,2.672893770324204,-7.442970159358196,2.0243936879954894,-6.79447007702948,0.008586147681740127,0.006868918145392101,0.0034344590726960505,0.0034344590726960505,1000,0,0.002606624287262828,0.4869310608825778,-6.839376874488431,-4.895555490963022,122,M2-COST-LEDGER-v1,100,AGGRESSIVE_CROSS_TO_CROSS_STATE_CONDITIONED,"assumes sufficient displayed size, immediate aggressive fill, no additional slippage, no impact and no queue effect; costs are M2-COST-LEDGER-v1 round trips at the declared 100-share representative size, and are 2026 rate cards applied to a 2019 tape for arithmetic validation, not a reconstruction of 2019 economics"
"[0.8,1.0]",WIDER_THAN_ONE_TICK,100-200,18124,139.6933047340543,4.822851540083285,2.4114257700416424,2.3971196283905583,0.09545933486624585,0.09545933486624585,-2.3159664351753966,-4.713086063565955,0.01430614165108397,0.6828180692532236,-5.395904132819178,1.5393642268062102,-6.252450290372165,1.2532433377743057,-5.966329401340261,0.013131758993599647,0.007724564113882146,0.005352019421761201,0.005352019421761201,1000,0,0.013521024207885373,0.42691380579303395,-6.218167724762165,-4.520553382104021,178,M2-COST-LEDGER-v1,100,AGGRESSIVE_CROSS_TO_CROSS_STATE_CONDITIONED,"assumes sufficient displayed size, immediate aggressive fill, no additional slippage, no impact and no queue effect; costs are M2-COST-LEDGER-v1 round trips at the declared 100-share representative size, and are 2026 rate cards applied to a 2019 tape for arithmetic validation, not a reconstruction of 2019 economics"
"[0.8,1.0]",WIDER_THAN_ONE_TICK,200+,31363,871.2085645505852,3.9746289297598305,1.9873144648799153,1.991970608406086,0.052113111416014865,0.052113111416014865,-1.9352013534638999,-3.927171961869986,-0.004656143526171158,0.34375781591604954,-4.270929777786035,0.44473871159338024,-4.371910673463366,0.508559748145381,-4.435731710015367,0.005452284539106591,0.0029015081465421037,0.00309281637598444,0.002710199917099767,1000,0,0.023397698203040662,0.2812384730682104,-4.833053966142135,-3.7612156504206125,113,M2-COST-LEDGER-v1,100,AGGRESSIVE_CROSS_TO_CROSS_STATE_CONDITIONED,"assumes sufficient displayed size, immediate aggressive fill, no additional slippage, no impact and no queue effect; costs are M2-COST-LEDGER-v1 round trips at the declared 100-share representative size, and are 2026 rate cards applied to a 2019 tape for arithmetic validation, not a reconstruction of 2019 economics"
