imbalance_bin,spread_class,price_band,observations,realized_move_bps,required_move_bps_spread_only,mean_ratio_spread_only,required_move_bps_spread_plus_structural_floor,mean_ratio_spread_plus_structural_floor,required_move_bps_spread_plus_accessible_fixed,mean_ratio_spread_plus_accessible_fixed,required_move_bps_spread_plus_accessible_tiered,mean_ratio_spread_plus_accessible_tiered,prob_realized_exceeds_spread_only,prob_realized_exceeds_spread_plus_structural_floor,prob_realized_exceeds_spread_plus_accessible_fixed,prob_realized_exceeds_spread_plus_accessible_tiered,prob_ratio_spread_only_above_one,realized_move_bps_p05,realized_move_bps_p25,realized_move_bps_p50,realized_move_bps_p75,realized_move_bps_p95,required_move_bps_spread_only_p05,required_move_bps_spread_only_p25,required_move_bps_spread_only_p50,required_move_bps_spread_only_p75,required_move_bps_spread_only_p95,required_move_bps_spread_plus_structural_floor_p05,required_move_bps_spread_plus_structural_floor_p25,required_move_bps_spread_plus_structural_floor_p50,required_move_bps_spread_plus_structural_floor_p75,required_move_bps_spread_plus_structural_floor_p95,required_move_bps_spread_plus_accessible_fixed_p05,required_move_bps_spread_plus_accessible_fixed_p25,required_move_bps_spread_plus_accessible_fixed_p50,required_move_bps_spread_plus_accessible_fixed_p75,required_move_bps_spread_plus_accessible_fixed_p95,required_move_bps_spread_plus_accessible_tiered_p05,required_move_bps_spread_plus_accessible_tiered_p25,required_move_bps_spread_plus_accessible_tiered_p50,required_move_bps_spread_plus_accessible_tiered_p75,required_move_bps_spread_plus_accessible_tiered_p95,horizon_ms,delay_ms,quantile_levels_pct,cost_ledger_id,label,note
"[-1.0,-0.8)",ONE_TICK,5-25,2938,0.11119284150603025,6.855706416909448,0.01582709326072158,11.310394195128241,0.00957609317630185,20.572212561280054,0.005274462115289219,16.39316899548007,0.006610670831865757,0.0,0.0,0.0,0.0,0.0,-0.0,0.0,-0.0,-0.0,0.0,4.501462975467027,4.558924093913836,6.932409012131716,8.768084173608067,10.15022864581681,7.496747081725469,7.589821494734629,11.434525516986085,14.408294699923857,16.647488179720586,13.506415699465226,13.678851134497512,20.802034532242672,26.311943822730875,30.460993888444015,10.83361335817752,10.969292538966275,16.57404008009288,20.909329787643152,24.173825037263285,100,0,5|25|50|75|95,M2-COST-LEDGER-v1,BREAKEVEN_HURDLE,"required_move_bps_spread_only is the full quoted spread at the decision instant (cross in, cross out); the fee terms are the ledger round trip in bps of entry notional; realized_move_bps is the side-signed mid move, so realized minus spread_only differs from cross_to_cross_bps by the measured spread-change term"
"[-1.0,-0.8)",ONE_TICK,25-50,6607,0.06706050927545139,2.7020178439448532,0.02557893143635538,4.582153734133223,0.015035379848259596,8.106814906699883,0.008525565328092325,6.584949928910664,0.01047239487076965,0.0018162554866051157,0.0010594823671863176,0.0,0.0003027092477675193,0.0018162554866051157,0.0,-0.0,0.0,-0.0,-0.0,2.0574015019030965,2.132423499306962,2.96868042155262,3.178639622566351,3.704389701796629,3.538092859927788,3.65960072259551,5.01405096787091,5.354119882153562,6.205684255334976,6.172627839351656,6.397725269407196,8.906922701837656,9.536929403316025,11.114541609910745,5.063027016306389,5.2401466812220825,7.214520089011051,7.7102413850183815,8.951582736253837,100,0,5|25|50|75|95,M2-COST-LEDGER-v1,BREAKEVEN_HURDLE,"required_move_bps_spread_only is the full quoted spread at the decision instant (cross in, cross out); the fee terms are the ledger round trip in bps of entry notional; realized_move_bps is the side-signed mid move, so realized minus spread_only differs from cross_to_cross_bps by the measured spread-change term"
"[-1.0,-0.8)",ONE_TICK,50-100,8932,0.039358643479498454,1.595802247694796,0.024462606359158083,2.7904831647403205,0.013966684530567043,4.787669615073404,0.008153764789392897,3.9732583445287704,0.009813369749133848,0.0017913121361397223,0.0005597850425436632,0.0,0.0004478280340349306,0.0017913121361397223,-0.0,-0.0,-0.0,0.0,0.0,1.0331112144222325,1.4139271827500883,1.649212501030758,1.816695431010991,1.9602077820248947,1.8791566736638896,2.4959170017546133,2.8769839013276406,3.148240489150526,3.380675533446184,3.0994403806584137,4.241981481392623,4.947909515709959,5.4504163612435494,5.8810076251929,2.644853543175203,3.5438779746052917,4.099345768390151,4.494748483336572,4.833563202530678,100,0,5|25|50|75|95,M2-COST-LEDGER-v1,BREAKEVEN_HURDLE,"required_move_bps_spread_only is the full quoted spread at the decision instant (cross in, cross out); the fee terms are the ledger round trip in bps of entry notional; realized_move_bps is the side-signed mid move, so realized minus spread_only differs from cross_to_cross_bps by the measured spread-change term"
"[-1.0,-0.8)",ONE_TICK,100-200,5687,0.02530958471006259,0.7944570183940292,0.03411288904519079,1.4926431962675342,0.01787821637815457,2.3834358008750787,0.011370681793833012,2.081453584924929,0.012873677887981907,0.007736943907156673,0.002989273782310533,0.0008791981712678037,0.001406717074028486,0.007736943907156673,0.0,-0.0,0.0,-0.0,-0.0,0.5068809083305877,0.7126821793821045,0.7804878048780488,0.8958566629339306,0.9741366713749939,1.0269015895957945,1.3602045227646147,1.4700188695049612,1.656864726005065,1.7836437342098699,1.5206684184684627,2.138097331545172,2.34152433313281,2.6876502483128952,2.9225049129726557,1.4025696755649755,1.888404936135009,2.048475004378517,2.3208299652095086,2.5056291214480577,100,0,5|25|50|75|95,M2-COST-LEDGER-v1,BREAKEVEN_HURDLE,"required_move_bps_spread_only is the full quoted spread at the decision instant (cross in, cross out); the fee terms are the ledger round trip in bps of entry notional; realized_move_bps is the side-signed mid move, so realized minus spread_only differs from cross_to_cross_bps by the measured spread-change term"
"[-1.0,-0.8)",ONE_TICK,200+,1002,0.06409096986976107,0.47633701086226843,0.13273453093812376,0.9774348326581026,0.06478306799393706,1.4290337721078992,0.04424413151838883,1.330465191808522,0.047569688247974494,0.013972055888223553,0.005988023952095809,0.005988023952095809,0.005988023952095809,0.013972055888223553,0.0,0.0,-0.0,-0.0,0.24082806363709094,0.4762018143289126,0.47875523638539796,0.48031893177069573,0.4807807879997115,0.4817071702112286,0.9772158626169263,0.9813512051698093,0.9838836563011727,0.9846316462140488,0.9861319498248902,1.4286281203434847,1.4362886303625129,1.4409798664937852,1.4423654795714218,1.4451447153723636,1.33014600214738,1.336173822108575,1.339865211611226,1.34095550793817,1.3431424031222552,100,0,5|25|50|75|95,M2-COST-LEDGER-v1,BREAKEVEN_HURDLE,"required_move_bps_spread_only is the full quoted spread at the decision instant (cross in, cross out); the fee terms are the ledger round trip in bps of entry notional; realized_move_bps is the side-signed mid move, so realized minus spread_only differs from cross_to_cross_bps by the measured spread-change term"
"[-1.0,-0.8)",WIDER_THAN_ONE_TICK,5-25,214,0.05924872991290282,31.373944835882135,0.004361370716510904,36.54401772467259,0.003155188310585101,47.40000743084731,0.0019350924527374324,42.482619453800304,0.0023594849387448724,0.0,0.0,0.0,0.0,0.0,-0.0,0.0,-0.0,-0.0,0.0,9.153318077803204,13.927576601671309,29.39735423811857,35.24850193866761,48.899755501222494,12.195856539341666,18.450649772403015,35.682843933898745,39.829501938667605,55.1792849129872,18.31082723531236,27.864858831636464,49.02443961593997,49.37279572397834,68.50759863847739,15.589253975239103,23.615235138256676,42.955837064418866,45.06338611945857,62.44514765808524,100,0,5|25|50|75|95,M2-COST-LEDGER-v1,BREAKEVEN_HURDLE,"required_move_bps_spread_only is the full quoted spread at the decision instant (cross in, cross out); the fee terms are the ledger round trip in bps of entry notional; realized_move_bps is the side-signed mid move, so realized minus spread_only differs from cross_to_cross_bps by the measured spread-change term"
"[-1.0,-0.8)",WIDER_THAN_ONE_TICK,25-50,926,0.09467734678611016,9.30879033810932,0.015364089054693806,11.014261677741063,0.011768247389044514,14.149698617792104,0.008368282219063309,12.808103808952035,0.009520233721571375,0.0021598272138228943,0.0010799136069114472,0.0010799136069114472,0.0010799136069114472,0.0021598272138228943,0.0,0.0,-0.0,-0.0,1.0469013101603986,4.108463434675431,4.212302159870363,6.568144499178982,10.492078480747036,20.652622883106154,5.587321458098485,5.723337614219949,8.368310805972964,11.998729331051466,22.139375415667658,8.21777101634792,8.42549168158008,12.07703673291499,15.838323263158212,25.37744238128336,7.110062366255461,7.2845729101951795,10.673274582796093,14.018398041358466,24.052194506919992,100,0,5|25|50|75|95,M2-COST-LEDGER-v1,BREAKEVEN_HURDLE,"required_move_bps_spread_only is the full quoted spread at the decision instant (cross in, cross out); the fee terms are the ledger round trip in bps of entry notional; realized_move_bps is the side-signed mid move, so realized minus spread_only differs from cross_to_cross_bps by the measured spread-change term"
"[-1.0,-0.8)",WIDER_THAN_ONE_TICK,50-100,3653,0.01996720624525552,4.676511350709678,0.007884242092427145,5.700492461280017,0.005750554024379896,7.317289754488013,0.004045673316337427,6.679056665805714,0.004576498090453157,0.0008212428141253764,0.0005474952094169176,0.0002737476047084588,0.0002737476047084588,0.0008212428141253764,-0.0,0.0,0.0,0.0,0.0,2.063344681729083,2.3113371085172774,3.392322044439419,4.584001833600733,11.421570627288048,2.90853164004522,3.2333565259930057,4.298955385312524,5.54169315974584,12.271180270189728,4.126902254985376,4.6229413618691035,5.774088806694426,7.896555204762096,14.489473294947176,3.673201470833499,4.089942286510805,5.2020164892203695,6.85463939874675,13.536962695200845,100,0,5|25|50|75|95,M2-COST-LEDGER-v1,BREAKEVEN_HURDLE,"required_move_bps_spread_only is the full quoted spread at the decision instant (cross in, cross out); the fee terms are the ledger round trip in bps of entry notional; realized_move_bps is the side-signed mid move, so realized minus spread_only differs from cross_to_cross_bps by the measured spread-change term"
"[-1.0,-0.8)",WIDER_THAN_ONE_TICK,100-200,18955,0.011105758691959917,4.396399709607806,0.005352355347717565,5.113000672006036,0.003942837351015888,6.04482896674495,0.0029681681787787897,5.723840969101519,0.0032379687775287587,0.0013716697441308362,0.0008968609865470852,0.0002637826431020839,0.00031653917172250065,0.0013716697441308362,-0.0,-0.0,0.0,-0.0,0.0,1.1412268188302426,1.880936706479827,2.8367453075504705,4.871632484045404,12.248551373251049,1.7007419980130773,2.668222233885299,3.625382927229746,5.631112785684033,12.775500061323807,2.2825187613091287,3.4951286710952445,4.718806353447262,6.6282947779106305,13.38797868199055,2.1236579989261113,3.2701746564301626,4.325607794954614,6.231614833636426,13.154104403597115,100,0,5|25|50|75|95,M2-COST-LEDGER-v1,BREAKEVEN_HURDLE,"required_move_bps_spread_only is the full quoted spread at the decision instant (cross in, cross out); the fee terms are the ledger round trip in bps of entry notional; realized_move_bps is the side-signed mid move, so realized minus spread_only differs from cross_to_cross_bps by the measured spread-change term"
"[-1.0,-0.8)",WIDER_THAN_ONE_TICK,200+,30811,0.007968708083150951,3.6142405382555367,0.0036330343632118307,3.9714064793840103,0.0028957853467480124,4.102266175474179,0.0026403019528077987,4.152248771486114,0.0026170206227684443,0.0010710460549803642,0.0006166628801402097,0.00048683911590016553,0.00032455941060011037,0.0010710460549803642,-0.0,-0.0,0.0,-0.0,-0.0,1.0496098075540419,1.892326615573848,2.7556222348096324,3.89417577335897,9.426794821312143,1.4639378365138183,2.2419411222144054,3.0459662797001235,4.248844059586203,9.837358939966041,1.5282295476751182,2.307277580461812,3.1801804332849617,4.289459764674657,10.266642483432154,1.6435520572493478,2.3835583619399046,3.239543377815429,4.383516530810288,10.168250101809818,100,0,5|25|50|75|95,M2-COST-LEDGER-v1,BREAKEVEN_HURDLE,"required_move_bps_spread_only is the full quoted spread at the decision instant (cross in, cross out); the fee terms are the ledger round trip in bps of entry notional; realized_move_bps is the side-signed mid move, so realized minus spread_only differs from cross_to_cross_bps by the measured spread-change term"
"[-0.8,-0.6)",ONE_TICK,5-25,6735,0.0637105869161942,7.023257957584681,0.008463251670378619,11.58180392439328,0.005132530998115439,21.075060917418742,0.002820375900598151,16.78882597738643,0.0035405872388261056,0.00014847809948032666,0.00014847809948032666,0.0,0.0,0.00014847809948032666,-0.0,-0.0,0.0,-0.0,0.0,4.503490204908804,4.577706569008926,6.93721817551162,8.752735229759299,10.178117048346056,7.500030745449345,7.620245030547387,11.44231602422779,14.383428749899403,16.69267101983282,13.512499213917813,13.735215726518083,20.816468695983513,26.265870080897653,30.544715826350128,10.838400114818715,11.013642466444825,16.585397217843333,20.87307848720238,24.23969749641123,100,0,5|25|50|75|95,M2-COST-LEDGER-v1,BREAKEVEN_HURDLE,"required_move_bps_spread_only is the full quoted spread at the decision instant (cross in, cross out); the fee terms are the ledger round trip in bps of entry notional; realized_move_bps is the side-signed mid move, so realized minus spread_only differs from cross_to_cross_bps by the measured spread-change term"
"[-0.8,-0.6)",ONE_TICK,25-50,20639,0.03538360661847215,2.7187185283772997,0.013736130626483841,4.609203567296072,0.008067127537954527,8.156926886468577,0.004578317040026889,6.624380618262018,0.0056203745121044,0.00087213527787199,0.000436067638935995,0.00014535587964533165,0.0002907117592906633,0.00087213527787199,-0.0,-0.0,0.0,-0.0,0.0,2.0557097337855894,2.131060202450719,2.970444081390168,3.224246332419797,3.7154003343860302,3.535352825890852,3.6573926832691335,5.016907539500686,5.427988996076682,6.22351850606942,6.1675518390487465,6.393634797506133,8.91221472904317,9.673778741320152,11.147581679610854,5.059032924575064,5.236928062638272,7.218684128924334,7.817921275986389,8.977580193174585,100,0,5|25|50|75|95,M2-COST-LEDGER-v1,BREAKEVEN_HURDLE,"required_move_bps_spread_only is the full quoted spread at the decision instant (cross in, cross out); the fee terms are the ledger round trip in bps of entry notional; realized_move_bps is the side-signed mid move, so realized minus spread_only differs from cross_to_cross_bps by the measured spread-change term"
"[-0.8,-0.6)",ONE_TICK,50-100,23274,0.02408499664692703,1.6089697198642456,0.015360488098307123,2.8118090953779893,0.008750700310389046,4.827175936212087,0.0051198950811412415,4.004344372701629,0.0061524541854489235,0.0014178912090745037,0.0006015296038497895,4.296640027498496e-05,0.00017186560109993984,0.0014178912090745037,-0.0,0.0,-0.0,-0.0,0.0,1.0323646311877355,1.422778686775272,1.6481252575195715,1.8176860856130146,1.966761726816796,1.8779475343469343,2.5102527903609295,2.8752229994018856,3.149844965816614,3.3912904443620357,3.0972004767380144,4.268538504646644,4.944647426631159,5.453388685140373,5.900672033661801,2.6430910404382,3.564774702711527,4.096778957865706,4.497087285394873,4.849036313756214,100,0,5|25|50|75|95,M2-COST-LEDGER-v1,BREAKEVEN_HURDLE,"required_move_bps_spread_only is the full quoted spread at the decision instant (cross in, cross out); the fee terms are the ledger round trip in bps of entry notional; realized_move_bps is the side-signed mid move, so realized minus spread_only differs from cross_to_cross_bps by the measured spread-change term"
"[-0.8,-0.6)",ONE_TICK,100-200,6653,0.021984344411994337,0.7971573856584822,0.02923493160980009,1.4970166560612652,0.015369305328728943,2.3915375968054815,0.009744732929607602,2.087828592723686,0.011057997082857466,0.005260784608447317,0.0021043138433789266,0.0006012325266796934,0.0007515406583496167,0.005260784608447317,-0.0,0.0,0.0,0.0,0.0,0.5068295278882947,0.7112122612993848,0.7774538386783285,0.941575255402288,0.9657636776280845,1.0268183773561104,1.3578239255952593,1.4651052148251176,1.7309085887356213,1.7700831676802382,1.520514271932897,2.1336873679850177,2.3324219618318036,2.8248144267770527,2.89738430733641,1.402448382424534,1.8849348786535811,2.041312647572746,2.4287598128410828,2.485862576604325,100,0,5|25|50|75|95,M2-COST-LEDGER-v1,BREAKEVEN_HURDLE,"required_move_bps_spread_only is the full quoted spread at the decision instant (cross in, cross out); the fee terms are the ledger round trip in bps of entry notional; realized_move_bps is the side-signed mid move, so realized minus spread_only differs from cross_to_cross_bps by the measured spread-change term"
"[-0.8,-0.6)",ONE_TICK,200+,1304,0.04100088242907976,0.4771452685732939,0.08550613496932516,0.978743826000298,0.04175972154765598,1.4314586097419917,0.028501589420785862,1.3323732233904297,0.030663228577610276,0.009202453987730062,0.004601226993865031,0.0023006134969325155,0.0023006134969325155,0.009202453987730062,0.0,-0.0,-0.0,0.0,0.24037190454209237,0.47634131774552824,0.4782972617481765,0.4802727949475302,0.48075767409437276,0.4815911772496328,0.977441792516336,0.9806095016678207,0.9838089363432365,0.9845942125559113,0.9859440957624435,1.429046643882115,1.4349146626186984,1.4408414515922638,1.4422961356328343,1.4447967253135896,1.3304753254641837,1.3350926891170003,1.3397562971808523,1.340900943325142,1.3428685804474754,100,0,5|25|50|75|95,M2-COST-LEDGER-v1,BREAKEVEN_HURDLE,"required_move_bps_spread_only is the full quoted spread at the decision instant (cross in, cross out); the fee terms are the ledger round trip in bps of entry notional; realized_move_bps is the side-signed mid move, so realized minus spread_only differs from cross_to_cross_bps by the measured spread-change term"
"[-0.8,-0.6)",WIDER_THAN_ONE_TICK,5-25,275,-0.08050369285226651,18.132937642166645,-0.002424242424242425,22.68286987796778,-0.002028844273832671,32.15693194660936,-0.0014535577458126882,27.879587183427763,-0.0016773839832427725,0.0,0.0,0.0,0.0,0.0,-0.0,-0.0,0.0,-0.0,0.0,9.132420091324201,13.88888888888889,13.97624039133473,20.913210177762288,42.73504273504273,12.168479479172534,18.399961856227318,18.514408223502564,25.45111249215116,49.573805047676565,18.269012142489117,27.7874295421203,27.92321457114231,35.96940548137577,64.1483189663061,15.554125893060153,23.550191182148097,23.697051580145917,31.04650665689907,57.50868727465729,100,0,5|25|50|75|95,M2-COST-LEDGER-v1,BREAKEVEN_HURDLE,"required_move_bps_spread_only is the full quoted spread at the decision instant (cross in, cross out); the fee terms are the ledger round trip in bps of entry notional; realized_move_bps is the side-signed mid move, so realized minus spread_only differs from cross_to_cross_bps by the measured spread-change term"
"[-0.8,-0.6)",WIDER_THAN_ONE_TICK,25-50,2420,0.054804633087482096,7.644116111786122,0.007781914157228565,9.32145568069849,0.006046224245708839,12.394203501333715,0.0043869970157558065,11.081643313681854,0.004951598376510647,0.0012396694214876034,0.0008264462809917355,0.00041322314049586776,0.00041322314049586776,0.0012396694214876034,-0.0,-0.0,-0.0,0.0,0.0,4.110152075626798,4.189359028068705,6.159534212494446,8.366450533361222,18.732257359057996,5.589533370590827,5.693284860878259,7.784132033918993,9.912297200923604,20.86792446882821,8.22114899237911,8.379595776444988,10.469231637157922,13.473495700733405,24.354771269762132,7.1129002770656475,7.246014800119827,9.33621168314263,11.526567292843662,23.183194696881944,100,0,5|25|50|75|95,M2-COST-LEDGER-v1,BREAKEVEN_HURDLE,"required_move_bps_spread_only is the full quoted spread at the decision instant (cross in, cross out); the fee terms are the ledger round trip in bps of entry notional; realized_move_bps is the side-signed mid move, so realized minus spread_only differs from cross_to_cross_bps by the measured spread-change term"
"[-0.8,-0.6)",WIDER_THAN_ONE_TICK,50-100,7444,0.02759888883564755,4.916531236645601,0.0064870512413040485,6.044091583643491,0.005011147079594497,7.891705883934993,0.003693918598050392,7.1465693257684,0.004126423880733504,0.0006716818914562063,0.0004030091348737238,0.00013433637829124128,0.00026867275658248256,0.0006716818914562063,0.0,-0.0,-0.0,0.0,-0.0,2.0740433475059628,2.8734600161490866,3.516792685071215,5.4015125548325145,12.651494147955209,2.9225449031998023,3.952015445815217,4.796167460883815,6.585832973155266,13.739230316420505,4.148301800109158,5.65251186316584,6.934211718907961,8.194794649360373,15.986580236448939,3.691180041137989,4.958949299257461,6.076490312756524,7.743411523892412,15.056305134263049,100,0,5|25|50|75|95,M2-COST-LEDGER-v1,BREAKEVEN_HURDLE,"required_move_bps_spread_only is the full quoted spread at the decision instant (cross in, cross out); the fee terms are the ledger round trip in bps of entry notional; realized_move_bps is the side-signed mid move, so realized minus spread_only differs from cross_to_cross_bps by the measured spread-change term"
"[-0.8,-0.6)",WIDER_THAN_ONE_TICK,100-200,13307,0.015262211361692507,4.1164794017678386,0.0053597481134405375,4.833072139715606,0.004125456494851201,5.764882107006797,0.003230383441417188,5.4439025977662485,0.003481292408897492,0.0014278199443901705,0.0009769294356353798,0.0006011873450063876,0.0006011873450063876,0.0014278199443901705,0.0,-0.0,0.0,-0.0,-0.0,1.0185166345955252,1.756543123133673,2.6142651736307787,4.7225501770956315,12.260102796246523,1.540018229342649,2.506680145531565,3.3601815062087814,5.51381234053446,12.860133598241644,2.037085140639508,3.427918501661967,4.187639778339609,6.600171199186402,13.54470499430072,1.917457956373801,3.136023220929198,3.8663733404540936,6.2047853240354325,13.287009212837688,100,0,5|25|50|75|95,M2-COST-LEDGER-v1,BREAKEVEN_HURDLE,"required_move_bps_spread_only is the full quoted spread at the decision instant (cross in, cross out); the fee terms are the ledger round trip in bps of entry notional; realized_move_bps is the side-signed mid move, so realized minus spread_only differs from cross_to_cross_bps by the measured spread-change term"
"[-0.8,-0.6)",WIDER_THAN_ONE_TICK,200+,10491,0.004439059106677058,4.267039768384837,0.00268379534299282,4.656432409461433,0.001946129771134812,4.859106406243101,0.0017046859403179973,4.875828030719554,0.0016847439361004897,0.0010485177771423124,0.0007625583833762272,0.0003812791916881136,0.0003812791916881136,0.0010485177771423124,-0.0,-0.0,0.0,-0.0,-0.0,0.9600614439324117,1.8453305452702184,2.9292584094126837,4.60222161789009,12.958532695374801,1.4569095002756414,2.1362823733968628,3.349848936560949,4.99963965581189,13.473494841901159,1.6299639541364443,2.3019663052074844,3.4979101023497146,5.205874819410205,13.955989181335601,1.70151863155776,2.3262832277429917,3.610524512259507,5.208727712902844,13.843111319882308,100,0,5|25|50|75|95,M2-COST-LEDGER-v1,BREAKEVEN_HURDLE,"required_move_bps_spread_only is the full quoted spread at the decision instant (cross in, cross out); the fee terms are the ledger round trip in bps of entry notional; realized_move_bps is the side-signed mid move, so realized minus spread_only differs from cross_to_cross_bps by the measured spread-change term"
"[-0.6,-0.4)",ONE_TICK,5-25,10700,0.043376188328788375,7.489087788909329,0.005514018691588785,12.336434753835512,0.0033462161790246245,22.473258781407097,0.0018375242059988563,17.888954172644496,0.0023078355169253947,0.00046728971962616824,0.00018691588785046728,0.0,9.345794392523364e-05,0.00046728971962616824,-0.0,-0.0,-0.0,0.0,0.0,4.505519261094841,6.828269033799931,6.9613644274277755,9.153318077803204,10.38961038961039,7.503317368350363,11.265826410849112,11.481431279795462,15.032395000880127,17.03531932931933,13.51858821107231,20.489471219592282,20.888941029099083,27.46833639282152,31.179631179631183,10.843191185385063,16.32810783161414,16.642420137734184,21.819189872674997,24.739248643248644,100,0,5|25|50|75|95,M2-COST-LEDGER-v1,BREAKEVEN_HURDLE,"required_move_bps_spread_only is the full quoted spread at the decision instant (cross in, cross out); the fee terms are the ledger round trip in bps of entry notional; realized_move_bps is the side-signed mid move, so realized minus spread_only differs from cross_to_cross_bps by the measured spread-change term"
"[-0.6,-0.4)",ONE_TICK,25-50,29665,0.020834086274261348,2.738723048260328,0.007989212877127928,4.641604155791394,0.004694020009150322,8.216950998320266,0.002662839458646787,6.671610826737655,0.003269897259593997,0.0004719366256531266,0.00030338783077700997,6.741951795044665e-05,0.0001348390359008933,0.0004719366256531266,0.0,0.0,0.0,0.0,-0.0,2.056555269922879,2.134699541039599,2.9748624126134167,3.2325844512687896,3.7154003343860302,3.5367222793840063,3.66328707306351,5.024063840759801,5.441494247583048,6.22351850606942,6.17008879522111,6.404554365975551,8.925472350132011,9.698798482953238,11.147581679610854,5.061029148984994,5.245520207136952,7.229115908596755,7.837608052950006,8.977580193174585,100,0,5|25|50|75|95,M2-COST-LEDGER-v1,BREAKEVEN_HURDLE,"required_move_bps_spread_only is the full quoted spread at the decision instant (cross in, cross out); the fee terms are the ledger round trip in bps of entry notional; realized_move_bps is the side-signed mid move, so realized minus spread_only differs from cross_to_cross_bps by the measured spread-change term"
"[-0.6,-0.4)",ONE_TICK,50-100,33929,0.018067936521906844,1.6145272247427827,0.011126175248312654,2.820810057667781,0.006355033291252638,4.843850333459485,0.0037085243223131327,4.017464799510734,0.004464638449263203,0.0008547260455657402,0.0005305196144890802,8.841993574818003e-05,0.00023578649532848006,0.0008547260455657402,0.0,0.0,0.0,0.0,-0.0,1.0324712198647463,1.4147273113107448,1.6568635572860575,1.8186778212239703,1.965988400668436,1.8781201615271108,2.4972128800713556,2.8893755705420645,3.1514511933592924,3.3900379484466505,3.097520264779563,4.244382093427326,4.970865214286886,5.4563642526535805,5.898351751042011,2.6433426705617005,3.545766926477694,4.117408710558634,4.499428639703417,4.847210579197732,100,0,5|25|50|75|95,M2-COST-LEDGER-v1,BREAKEVEN_HURDLE,"required_move_bps_spread_only is the full quoted spread at the decision instant (cross in, cross out); the fee terms are the ledger round trip in bps of entry notional; realized_move_bps is the side-signed mid move, so realized minus spread_only differs from cross_to_cross_bps by the measured spread-change term"
"[-0.6,-0.4)",ONE_TICK,100-200,8826,0.012820747799214053,0.8177992370614194,0.01659868570133696,1.5304470544616813,0.008768346503738828,2.4534661213237663,0.005532752779143101,2.1365581394270525,0.006300400990671832,0.004532064355313846,0.0020394289598912306,0.00045320643553138455,0.0006798096532970768,0.004532064355313846,0.0,0.0,-0.0,-0.0,-0.0,0.5109731483610537,0.7121746252181035,0.7814636814754035,0.945760627985057,0.9657636776280845,1.033529101350323,1.3593825163939457,1.4715993488714645,1.7376870443285735,1.7700831676802382,1.5329455551060716,2.136574596730104,2.3444521153609927,2.837371334501656,2.89738430733641,1.41223017442135,1.887206745437461,2.050778779943675,2.4386404161246578,2.485862576604325,100,0,5|25|50|75|95,M2-COST-LEDGER-v1,BREAKEVEN_HURDLE,"required_move_bps_spread_only is the full quoted spread at the decision instant (cross in, cross out); the fee terms are the ledger round trip in bps of entry notional; realized_move_bps is the side-signed mid move, so realized minus spread_only differs from cross_to_cross_bps by the measured spread-change term"
"[-0.6,-0.4)",ONE_TICK,200+,1326,0.0143436347309738,0.47821753546401313,0.029034690799396683,0.9804803886787562,0.014287536619801523,1.434675495802167,0.009678070891446773,1.3349044940037023,0.010470911457405006,0.015082956259426848,0.007541478129713424,0.0015082956259426848,0.003770739064856712,0.015082956259426848,0.0,0.0,-0.0,-0.0,0.24006145946747767,0.4763662782338693,0.47756632202297095,0.48020360632908354,0.4807345624113646,0.48180000481800006,0.9774822167638184,0.9794257231405028,0.9836968833171742,0.9845567824969373,0.9862822982412716,1.429121527725231,1.4327217735727107,1.4406338790912812,1.4422267983615593,1.445423228137682,1.3305342492600882,1.3333671721113227,1.3395929647616613,1.3408463839584057,1.3433615562513896,100,0,5|25|50|75|95,M2-COST-LEDGER-v1,BREAKEVEN_HURDLE,"required_move_bps_spread_only is the full quoted spread at the decision instant (cross in, cross out); the fee terms are the ledger round trip in bps of entry notional; realized_move_bps is the side-signed mid move, so realized minus spread_only differs from cross_to_cross_bps by the measured spread-change term"
"[-0.6,-0.4)",WIDER_THAN_ONE_TICK,5-25,308,0.03999647527825429,17.92721064887734,0.009875541125541126,22.549445575616712,0.007013002409814025,32.18462768435555,0.0042741706362741695,27.832659774866485,0.005205539871875274,0.0,0.0,0.0,0.0,0.0,0.0,-0.0,-0.0,0.0,1.4853747714807524,9.132420091324201,9.178522257916475,13.94700139470014,19.347040881097854,39.29273084479372,12.168479479172534,12.228874874996364,18.476099789675715,25.527089478081386,45.59617178967561,18.269012142489117,18.361258713380202,27.894009571790185,38.67538444625917,58.97777021487246,15.554125893060153,15.631620513196548,23.64789323001068,32.69630959994012,52.89064029361261,100,0,5|25|50|75|95,M2-COST-LEDGER-v1,BREAKEVEN_HURDLE,"required_move_bps_spread_only is the full quoted spread at the decision instant (cross in, cross out); the fee terms are the ledger round trip in bps of entry notional; realized_move_bps is the side-signed mid move, so realized minus spread_only differs from cross_to_cross_bps by the measured spread-change term"
"[-0.6,-0.4)",WIDER_THAN_ONE_TICK,25-50,3336,0.049871381911934555,7.824304508013183,0.0018364351683597237,9.507169705765781,0.0013322222231303962,12.59223089300946,0.0009389437877290711,11.273967739063616,0.0010627894002866625,0.0008992805755395684,0.00029976019184652276,0.0,0.0,0.0008992805755395684,-0.0,-0.0,-0.0,0.0,0.0,4.110152075626798,4.186728072011723,6.148170919151553,8.019246190858059,18.726591760299627,5.589533370590827,5.689838624775542,7.66851239552834,9.539312592349651,20.475886783142812,8.22114899237911,8.374332762128976,10.309491154035248,13.071896821212226,23.181412768724567,7.1129002770656475,7.241593231140701,9.19690587872075,11.346122307349614,22.03893228504964,100,0,5|25|50|75|95,M2-COST-LEDGER-v1,BREAKEVEN_HURDLE,"required_move_bps_spread_only is the full quoted spread at the decision instant (cross in, cross out); the fee terms are the ledger round trip in bps of entry notional; realized_move_bps is the side-signed mid move, so realized minus spread_only differs from cross_to_cross_bps by the measured spread-change term"
"[-0.6,-0.4)",WIDER_THAN_ONE_TICK,50-100,11174,0.012995001468913015,4.3942502586904135,0.0035479108155048564,5.491660986609053,0.002669009090146325,7.272089574004826,0.0019320160404142123,6.558070245452647,0.0021670567724181157,0.0008054412027921962,0.0007159477358152855,0.00026848040093073206,0.00035797386790764276,0.0008054412027921962,-0.0,0.0,-0.0,-0.0,0.0,2.0641965115078955,2.8308563340410475,3.4788658897199514,4.523223938698865,10.38036627863869,2.9096473785599186,3.911215892726835,4.618817201283167,5.491026631089688,11.50550574451406,4.128606090368342,5.179790559290523,6.134498924193004,7.88682420866675,13.986613525841143,3.6746329276928664,4.7126180421920445,5.528999288388862,6.849382097575224,12.919696758200073,100,0,5|25|50|75|95,M2-COST-LEDGER-v1,BREAKEVEN_HURDLE,"required_move_bps_spread_only is the full quoted spread at the decision instant (cross in, cross out); the fee terms are the ledger round trip in bps of entry notional; realized_move_bps is the side-signed mid move, so realized minus spread_only differs from cross_to_cross_bps by the measured spread-change term"
"[-0.6,-0.4)",WIDER_THAN_ONE_TICK,100-200,17872,0.013889681692288006,4.059108482413061,0.00581380911409524,4.77633339993161,0.004339565904475439,5.709552122505228,0.003376086364361178,5.387920144760523,0.0036281068107349855,0.0008952551477170994,0.0005595344673231871,0.00011190689346463742,0.00022381378692927484,0.0008952551477170994,-0.0,-0.0,-0.0,0.0,0.0,1.4215651432226881,1.7872701709028438,2.6113069591330462,4.436298961753602,12.392164339164006,2.0577719650428348,2.546926583019589,3.3566122607783844,5.135721497248301,13.056100887733388,2.5580943322985736,3.432625205456065,4.178889935445046,6.093030905243049,13.712646122291089,2.4369593755287737,3.2060575555933912,3.8599352567595373,5.746142252877918,13.494038838390507,100,0,5|25|50|75|95,M2-COST-LEDGER-v1,BREAKEVEN_HURDLE,"required_move_bps_spread_only is the full quoted spread at the decision instant (cross in, cross out); the fee terms are the ledger round trip in bps of entry notional; realized_move_bps is the side-signed mid move, so realized minus spread_only differs from cross_to_cross_bps by the measured spread-change term"
"[-0.6,-0.4)",WIDER_THAN_ONE_TICK,200+,12078,0.008040449880109438,3.805196544808629,0.003000214195843588,4.20949571513562,0.002446759895324928,4.445387570884468,0.00220933542714261,4.446724261567256,0.0022225219669163012,0.0010763371419109124,0.0005795661533366451,0.0004967709885742673,0.0004967709885742673,0.0010763371419109124,-0.0,0.0,-0.0,-0.0,0.0,0.9592717211908444,1.84945441094877,2.892602188817828,4.265821627715653,10.014544934309354,1.4569692387488593,2.2061592683042224,3.3241815241943757,4.743455023446177,10.51401702008834,1.6869179192117718,2.3069354963984874,3.349762917840521,5.013753033423594,10.964605684138647,1.8065537951502078,2.381313649358434,3.401443009743873,4.956881855715582,10.865658862943434,100,0,5|25|50|75|95,M2-COST-LEDGER-v1,BREAKEVEN_HURDLE,"required_move_bps_spread_only is the full quoted spread at the decision instant (cross in, cross out); the fee terms are the ledger round trip in bps of entry notional; realized_move_bps is the side-signed mid move, so realized minus spread_only differs from cross_to_cross_bps by the measured spread-change term"
"[-0.4,-0.2)",ONE_TICK,5-25,15485,0.022640454598893887,7.828906969023132,0.002970616725863739,12.88692855221524,0.001801773527032174,23.49322200757715,0.000989953980663584,18.691481468586773,0.0012428674982036235,0.00019373587342589604,0.00012915724895059736,0.0,0.0,0.00019373587342589604,0.0,0.0,0.0,0.0,-0.0,4.5075501464953796,6.884681583476764,7.074637424831978,9.272137227630969,10.422094841063053,7.506606954430456,11.3572105090966,11.664926172178049,15.224890474384214,17.087948855661594,13.524682698343891,20.658786266672358,21.228919095037213,27.825012923363808,31.27715219247077,10.84798657571089,16.461328966396874,16.909922633607632,22.099825539319284,24.815978052741887,100,0,5|25|50|75|95,M2-COST-LEDGER-v1,BREAKEVEN_HURDLE,"required_move_bps_spread_only is the full quoted spread at the decision instant (cross in, cross out); the fee terms are the ledger round trip in bps of entry notional; realized_move_bps is the side-signed mid move, so realized minus spread_only differs from cross_to_cross_bps by the measured spread-change term"
"[-0.4,-0.2)",ONE_TICK,25-50,38618,0.010271438242121511,2.764366209244814,0.003961883059713087,4.683137872175895,0.0023278439321147808,8.29389538739197,0.001320513554348116,6.732154674900928,0.0016215893738189778,0.0004919985498990109,0.00023305194468900512,5.178932104200114e-05,7.76839815630017e-05,0.0004919985498990109,-0.0,0.0,-0.0,-0.0,0.0,2.0561324149275215,2.139266231682533,2.9890898221491558,3.2451728054518902,3.7181632273656815,3.5360374118430054,3.670683433222969,5.0471077593688864,5.461883613631053,6.22799364759625,6.1688200563011595,6.418256390005169,8.96816306579639,9.736571701914077,11.155872412936525,5.06003083154278,5.2563017473008475,7.262707161461562,7.8673298973051855,8.984103725692197,100,0,5|25|50|75|95,M2-COST-LEDGER-v1,BREAKEVEN_HURDLE,"required_move_bps_spread_only is the full quoted spread at the decision instant (cross in, cross out); the fee terms are the ledger round trip in bps of entry notional; realized_move_bps is the side-signed mid move, so realized minus spread_only differs from cross_to_cross_bps by the measured spread-change term"
"[-0.4,-0.2)",ONE_TICK,50-100,46672,0.009591121582456586,1.5980753978408584,0.006299280082276312,2.794164762987539,0.0035794109471523994,4.794489813165089,0.00209965345660178,3.97862489231567,0.0025185267817570104,0.0009641755227973946,0.0005142269454919438,0.0,2.1426122728830992e-05,0.0009641755227973946,-0.0,-0.0,-0.0,0.0,0.0,1.0317255610007738,1.4141271300289897,1.6535758577924762,1.8170255292086854,1.965988400668436,1.8769125193169107,2.49624083388983,2.8840508040468174,3.148775120340795,3.3900379484466505,3.095283134257068,4.2425813797815,4.961001027298016,5.451406775801453,5.898351751042011,2.64158235010519,3.5443500122238705,4.109646967433621,4.495527800696964,4.847210579197732,100,0,5|25|50|75|95,M2-COST-LEDGER-v1,BREAKEVEN_HURDLE,"required_move_bps_spread_only is the full quoted spread at the decision instant (cross in, cross out); the fee terms are the ledger round trip in bps of entry notional; realized_move_bps is the side-signed mid move, so realized minus spread_only differs from cross_to_cross_bps by the measured spread-change term"
"[-0.4,-0.2)",ONE_TICK,100-200,12817,0.008550516310181569,0.8209263642674047,0.00986970429897792,1.5355115895684912,0.005332617952219322,2.462847995586491,0.003289806425904088,2.1439404273484612,0.0038085723310066033,0.005383475072169775,0.0026527268471561206,0.00015604275571506592,0.0004681282671451978,0.005383475072169775,-0.0,0.0,0.0,0.0,0.0,0.5080397287067848,0.7611798287345385,0.8245722531436818,0.941575255402288,0.9656704166867848,1.0287783356264617,1.4387486800704599,1.541415825337959,1.7309085887356213,1.7699321260059544,1.524144997212602,2.283597427881985,2.4737847541744395,2.8248144267770527,2.89710450649847,1.405305287818709,2.0028942231929387,2.1525463605074155,2.4287598128410828,2.4856424108924826,100,0,5|25|50|75|95,M2-COST-LEDGER-v1,BREAKEVEN_HURDLE,"required_move_bps_spread_only is the full quoted spread at the decision instant (cross in, cross out); the fee terms are the ledger round trip in bps of entry notional; realized_move_bps is the side-signed mid move, so realized minus spread_only differs from cross_to_cross_bps by the measured spread-change term"
"[-0.4,-0.2)",ONE_TICK,200+,1467,-0.004168847163185572,0.47725969165249044,-0.009202453987730062,0.9789291370694183,-0.00443805494605797,1.43180188831731,-0.003067438341703677,1.3326433389233372,-0.0032695196703804294,0.012951601908657124,0.0027266530334014998,0.0013633265167007499,0.0013633265167007499,0.012951601908657124,0.0,-0.0,0.0,-0.0,0.23829271343940836,0.47631522541618043,0.4776575672900098,0.4801805478860051,0.48075767409437276,0.4817535830422739,0.9773995352189813,0.9795734975503394,0.9836595394826437,0.9845942125559113,0.9862071167899253,1.4289683644082736,1.4329955180901053,1.4405647015474696,1.4422961356328343,1.4452839583373551,1.3304137297507523,1.333582573260872,1.3395385310792824,1.340900943325142,1.3432519691288953,100,0,5|25|50|75|95,M2-COST-LEDGER-v1,BREAKEVEN_HURDLE,"required_move_bps_spread_only is the full quoted spread at the decision instant (cross in, cross out); the fee terms are the ledger round trip in bps of entry notional; realized_move_bps is the side-signed mid move, so realized minus spread_only differs from cross_to_cross_bps by the measured spread-change term"
"[-0.4,-0.2)",WIDER_THAN_ONE_TICK,5-25,507,0.011578145397495227,17.138691666306194,0.003437001033154879,21.701133594058714,0.002540385246161506,31.203072385442645,0.0016268320693431106,26.9128164489612,0.0019461575717810225,0.0,0.0,0.0,0.0,0.0,0.0,-0.0,0.0,-0.0,-0.0,9.000900090009,9.182736455463727,13.986013986013987,19.120895793859926,32.27541689080151,11.996184196267443,12.234395619450865,18.527213426181937,25.236335366800965,39.15706344252565,18.0058528140072,18.369690980038833,27.942720838262105,37.15746273035728,53.77515638735633,15.333050472719492,15.638704301122893,23.713483545146246,31.744176319973178,47.097924621827985,100,0,5|25|50|75|95,M2-COST-LEDGER-v1,BREAKEVEN_HURDLE,"required_move_bps_spread_only is the full quoted spread at the decision instant (cross in, cross out); the fee terms are the ledger round trip in bps of entry notional; realized_move_bps is the side-signed mid move, so realized minus spread_only differs from cross_to_cross_bps by the measured spread-change term"
"[-0.4,-0.2)",WIDER_THAN_ONE_TICK,25-50,5312,-0.020499391114146684,7.739669801748899,-0.00019535318886008287,9.452788841081237,-0.000248985556759765,12.60526799168381,-0.0002564924746746789,11.255780040745327,-0.0002596343853490377,0.00018825301204819278,0.00018825301204819278,0.00018825301204819278,0.00018825301204819278,0.00018825301204819278,-0.0,-0.0,-0.0,0.0,0.0,4.110996916752312,4.198152812762385,6.238303181534622,8.400273078344355,16.604400166044,5.590640008857576,5.704803663066815,8.269067813969285,9.917500037467613,18.112138713575355,8.22283902201547,8.397187034891296,11.269129656205946,13.467006438849472,21.876467668093216,7.114320107541786,7.260793585384681,10.033781594889446,11.544712355879522,20.083149344140743,100,0,5|25|50|75|95,M2-COST-LEDGER-v1,BREAKEVEN_HURDLE,"required_move_bps_spread_only is the full quoted spread at the decision instant (cross in, cross out); the fee terms are the ledger round trip in bps of entry notional; realized_move_bps is the side-signed mid move, so realized minus spread_only differs from cross_to_cross_bps by the measured spread-change term"
"[-0.4,-0.2)",WIDER_THAN_ONE_TICK,50-100,19199,0.008894240490698146,4.428505672816432,0.0024311451997577676,5.5203690362111955,0.001835559498843682,7.2884358209835485,0.001331444943769653,6.580141891985855,0.0014924943358167468,0.0003646023230376582,0.00015625813844471066,5.2086046148236886e-05,0.00010417209229647377,0.0003646023230376582,-0.0,-0.0,0.0,-0.0,0.0,2.0644095788604457,2.8260562385191466,3.46961198172671,4.530011325028313,10.854227849612903,2.909926457150938,3.9065050497591445,4.502541945244789,5.518382084485603,12.166172685996976,4.129032269063812,5.160012055860351,6.140148934781477,7.902795691067593,13.992205056540406,3.674990976610007,4.700249764357151,5.562345548280634,6.85463939874675,13.067048778893014,100,0,5|25|50|75|95,M2-COST-LEDGER-v1,BREAKEVEN_HURDLE,"required_move_bps_spread_only is the full quoted spread at the decision instant (cross in, cross out); the fee terms are the ledger round trip in bps of entry notional; realized_move_bps is the side-signed mid move, so realized minus spread_only differs from cross_to_cross_bps by the measured spread-change term"
"[-0.4,-0.2)",WIDER_THAN_ONE_TICK,100-200,33248,0.011679517210630921,3.823910516896659,0.0038722784075454694,4.541781815885328,0.002908643293921788,5.476440941395993,0.0022608473339408076,5.154141837457376,0.0024342931276081984,0.0010226179018286814,0.0006616939364773821,0.00030076997112608275,0.0003910009624639076,0.0010226179018286814,0.0,-0.0,-0.0,0.0,-0.0,1.4216661927779357,1.7834849295523454,2.5173064820641913,4.157831275206852,10.525662858767179,2.064359784162842,2.5419686538009856,3.241158216480149,4.879093688913914,11.257347590240245,2.8377851122933846,3.416402537984069,4.171568275052028,5.829015592947068,12.264839113216745,2.590161841630029,3.137301078192709,3.8510776257273145,5.4941912534757495,11.881395685395685,100,0,5|25|50|75|95,M2-COST-LEDGER-v1,BREAKEVEN_HURDLE,"required_move_bps_spread_only is the full quoted spread at the decision instant (cross in, cross out); the fee terms are the ledger round trip in bps of entry notional; realized_move_bps is the side-signed mid move, so realized minus spread_only differs from cross_to_cross_bps by the measured spread-change term"
"[-0.4,-0.2)",WIDER_THAN_ONE_TICK,200+,16434,0.006451076812608841,4.068736554147132,0.0019385105226282767,4.48523802944084,0.0015774990653095375,4.748321623699055,0.0013606282575666698,4.737064393228931,0.001411478034890103,0.0008518924181574784,0.000547645125958379,0.0003650967506389193,0.0003650967506389193,0.0008518924181574784,-0.0,0.0,-0.0,-0.0,0.0,0.9597389510053266,2.060368806016277,3.179274391759973,4.621703987243851,10.887855092546769,1.4593634653428853,2.3904394115492593,3.4913684753422007,5.059347680114273,11.366243805432912,1.8382165230153145,2.505838259806054,3.758500140322844,5.413812305830663,11.814111361479334,1.8088439435320747,2.606284339786657,3.702567420282514,5.361005592289373,11.705991501826421,100,0,5|25|50|75|95,M2-COST-LEDGER-v1,BREAKEVEN_HURDLE,"required_move_bps_spread_only is the full quoted spread at the decision instant (cross in, cross out); the fee terms are the ledger round trip in bps of entry notional; realized_move_bps is the side-signed mid move, so realized minus spread_only differs from cross_to_cross_bps by the measured spread-change term"
"[-0.2,0.0)",ONE_TICK,5-25,16191,0.012604433456134238,8.018581552835492,0.0017293558149589277,13.194205982620048,0.0010487147792849906,24.06256679830621,0.0005763118714564225,19.13944911119643,0.0007234530236617813,0.00012352541535420912,6.176270767710456e-05,0.0,6.176270767710456e-05,0.00012352541535420912,-0.0,-0.0,0.0,-0.0,-0.0,4.5075501464953796,6.894174422612892,8.707009142359599,10.035122930255895,10.621348911311737,7.506606954430456,11.372588215716341,14.309350605774233,16.461002448328184,17.41077080291641,13.524682698343891,20.687277870888753,26.128611929816046,30.115444215396455,31.87533403352215,10.84798657571089,16.483746836405995,20.765082313091305,23.901946223428585,25.286626275817582,100,0,5|25|50|75|95,M2-COST-LEDGER-v1,BREAKEVEN_HURDLE,"required_move_bps_spread_only is the full quoted spread at the decision instant (cross in, cross out); the fee terms are the ledger round trip in bps of entry notional; realized_move_bps is the side-signed mid move, so realized minus spread_only differs from cross_to_cross_bps by the measured spread-change term"
"[-0.2,0.0)",ONE_TICK,25-50,37047,0.0016042985071412275,2.8210132374334087,0.0006343293654007072,4.774887508514876,0.00037220679514326637,8.463868027042665,0.0002114252954757596,6.865898136497693,0.0002593867589003482,0.00018894917267255109,0.00010797095581288633,0.0,2.6992738953221582e-05,0.00018894917267255109,0.0,-0.0,0.0,-0.0,-0.0,2.0574015019030965,2.218524681087077,3.017046311660884,3.2567985670086306,3.719546215361726,3.538092859927788,3.7990531922918693,5.092388496331976,5.480713876454884,6.2302337153617255,6.172627839351656,6.656066283039595,9.052049329162392,9.771456547464657,11.160022405837918,5.063027016306389,5.443424170769793,7.3287131794943186,7.894779023034689,8.987369132028393,100,0,5|25|50|75|95,M2-COST-LEDGER-v1,BREAKEVEN_HURDLE,"required_move_bps_spread_only is the full quoted spread at the decision instant (cross in, cross out); the fee terms are the ledger round trip in bps of entry notional; realized_move_bps is the side-signed mid move, so realized minus spread_only differs from cross_to_cross_bps by the measured spread-change term"
"[-0.2,0.0)",ONE_TICK,50-100,41707,0.003472430393503152,1.605224943110983,0.0023137602800489127,2.805744221015942,0.0013130195771599476,4.815940933118921,0.0007712148431184852,3.9955039275572943,0.0009242161364489484,0.0008152108758721558,0.0004795358093365622,2.397679046682811e-05,7.193037140048433e-05,0.0008152108758721558,0.0,-0.0,0.0,-0.0,-0.0,1.032151519843113,1.413727292005372,1.7380724776223169,1.8183471224656786,1.963942040337811,1.8776023868951361,2.4955932611839384,3.0209019578934795,3.1509155894596774,3.3867236187528404,3.0965610987035586,4.241381752630284,5.21451954871566,5.455372036086337,5.892211865729351,2.642587936028084,3.543406070458645,4.309130708110757,4.498647904426035,4.842379356980104,100,0,5|25|50|75|95,M2-COST-LEDGER-v1,BREAKEVEN_HURDLE,"required_move_bps_spread_only is the full quoted spread at the decision instant (cross in, cross out); the fee terms are the ledger round trip in bps of entry notional; realized_move_bps is the side-signed mid move, so realized minus spread_only differs from cross_to_cross_bps by the measured spread-change term"
"[-0.2,0.0)",ONE_TICK,100-200,9093,0.0061071113103388225,0.8157534579590147,0.00912790058286594,1.527133891766284,0.0047060214561982375,2.447328708345679,0.003042565670037048,2.131728784974316,0.0034041234565419503,0.0045089629385241395,0.0018695699989002528,0.0003299241174529858,0.0003299241174529858,0.0045089629385241395,-0.0,0.0,0.0,0.0,0.0,0.506932299191443,0.7120732011250757,0.82634384167252,0.9419300145999152,0.9751816275781364,1.0269848187088313,1.3592182556006152,1.5442850035599673,1.7314831419548513,1.7853361038800675,1.5208225962613002,2.136270310004945,2.4790998122534638,2.825878771193736,2.9256399852921993,1.4026909933007405,1.8869673120700305,2.1567286032624713,2.429597309249501,2.508096002456233,100,0,5|25|50|75|95,M2-COST-LEDGER-v1,BREAKEVEN_HURDLE,"required_move_bps_spread_only is the full quoted spread at the decision instant (cross in, cross out); the fee terms are the ledger round trip in bps of entry notional; realized_move_bps is the side-signed mid move, so realized minus spread_only differs from cross_to_cross_bps by the measured spread-change term"
"[-0.2,0.0)",ONE_TICK,200+,1341,0.008088704460007916,0.47757165787527295,0.016778523489932886,0.9794343736190667,0.008202836870819187,1.4327378103976096,0.005592751288096908,1.3333797879315912,0.0060214695896545645,0.008948545861297539,0.002982848620432513,0.0007457121551081282,0.0007457121551081282,0.008948545861297539,0.0,0.0,0.0,0.0,0.0,0.4763379141162741,0.477520712460903,0.48006528887928757,0.4807345624113646,0.4817303755088277,0.9774362802383147,0.9793518571053804,0.9834728740929217,0.9845567824969373,0.9861695314968806,1.4290364326700777,1.4325849405302407,1.4402189134592205,1.4422267983615593,1.445214333500927,1.3304672905750938,1.333259502394526,1.339266441063637,1.3408463839584057,1.3431971834864749,100,0,5|25|50|75|95,M2-COST-LEDGER-v1,BREAKEVEN_HURDLE,"required_move_bps_spread_only is the full quoted spread at the decision instant (cross in, cross out); the fee terms are the ledger round trip in bps of entry notional; realized_move_bps is the side-signed mid move, so realized minus spread_only differs from cross_to_cross_bps by the measured spread-change term"
"[-0.2,0.0)",WIDER_THAN_ONE_TICK,5-25,611,-0.016243401592488577,15.79565108352074,-0.001153456472605409,20.11317578298598,-0.0011120857843539623,29.069338571705533,-0.0009714700465027313,25.03186014492025,-0.0010339278548225906,0.0,0.0,0.0,0.0,0.0,-0.0,-0.0,0.0,-0.0,-0.0,9.057971014492754,9.153318077803204,13.917884481558803,20.898641588296762,29.055690072639226,12.070948812408476,12.195856539341666,18.43795133392649,25.569991197460546,35.270419461582,18.12004622971704,18.31082723531236,27.826090323005253,36.81547029094895,48.45433216769257,15.428982342086773,15.589253975239103,23.59894019186521,31.133974895000517,42.45876087768287,100,0,5|25|50|75|95,M2-COST-LEDGER-v1,BREAKEVEN_HURDLE,"required_move_bps_spread_only is the full quoted spread at the decision instant (cross in, cross out); the fee terms are the ledger round trip in bps of entry notional; realized_move_bps is the side-signed mid move, so realized minus spread_only differs from cross_to_cross_bps by the measured spread-change term"
"[-0.2,0.0)",WIDER_THAN_ONE_TICK,25-50,3966,0.014441854333507618,6.772375267105696,0.00037435080322358234,8.522222783607772,0.0003333916064967108,11.756548040316599,0.00026899021750258185,10.369152862276032,0.0002950804082978034,0.0012607160867372667,0.0005042864346949068,0.0002521432173474534,0.0002521432173474534,0.0012607160867372667,0.0,0.0,-0.0,-0.0,-0.0,4.110996916752312,4.197271773347325,6.172839506172839,6.587615283267457,12.554927809165097,5.590640008857576,5.703649607100473,8.243540597897178,8.761527056961317,14.598168915716938,8.22283902201547,8.395424586109709,11.223596794666129,12.98490538996868,18.695473155118435,7.114320107541786,7.259312915244889,9.994073669385482,11.161220441857193,16.908387120205717,100,0,5|25|50|75|95,M2-COST-LEDGER-v1,BREAKEVEN_HURDLE,"required_move_bps_spread_only is the full quoted spread at the decision instant (cross in, cross out); the fee terms are the ledger round trip in bps of entry notional; realized_move_bps is the side-signed mid move, so realized minus spread_only differs from cross_to_cross_bps by the measured spread-change term"
"[-0.2,0.0)",WIDER_THAN_ONE_TICK,50-100,13207,0.005218761906709516,3.938429785308434,0.001612228617345521,5.033194740090197,0.0011625519952190586,6.80772746014867,0.0007958808475238788,6.09643881718132,0.0009119631566053223,0.0006057393806314833,0.0001514348451578708,0.0,7.57174225789354e-05,0.0006057393806314833,0.0,-0.0,0.0,-0.0,-0.0,2.0644095788604457,2.4588148512417014,3.398470688190314,3.96589331746976,7.996801279488205,2.909926457150938,3.4265263967968473,4.479411218348733,5.3566524359192975,9.414186284280506,4.129032269063812,4.917932028175182,6.138264441876669,7.299936186341212,11.854584183789001,3.674990976610007,4.337774398764141,5.5264014462191575,6.713382848571438,10.864368223435838,100,0,5|25|50|75|95,M2-COST-LEDGER-v1,BREAKEVEN_HURDLE,"required_move_bps_spread_only is the full quoted spread at the decision instant (cross in, cross out); the fee terms are the ledger round trip in bps of entry notional; realized_move_bps is the side-signed mid move, so realized minus spread_only differs from cross_to_cross_bps by the measured spread-change term"
"[-0.2,0.0)",WIDER_THAN_ONE_TICK,100-200,20781,0.007571168172302917,3.6375026698268207,0.0025745402678208217,4.352802946719077,0.00192592970672092,5.281732780859121,0.0014949064275657984,4.962087212433094,0.001610323302611398,0.0008661758336942399,0.00043308791684711995,4.8120879649679994e-05,9.624175929935999e-05,0.0008661758336942399,0.0,0.0,0.0,0.0,0.0,1.1433798307797851,1.7898693395382137,2.607448611533614,4.040753889225618,9.46880030300161,1.703561981600207,2.550330988155416,3.351956956457119,4.7089932698647585,10.245509324265619,2.2868250311685565,3.4294859681200256,4.168438268569489,5.810950461675455,11.037477482004608,2.12727589161107,3.212028364901543,3.8485556588697265,5.43154177332581,10.907006946593095,100,0,5|25|50|75|95,M2-COST-LEDGER-v1,BREAKEVEN_HURDLE,"required_move_bps_spread_only is the full quoted spread at the decision instant (cross in, cross out); the fee terms are the ledger round trip in bps of entry notional; realized_move_bps is the side-signed mid move, so realized minus spread_only differs from cross_to_cross_bps by the measured spread-change term"
"[-0.2,0.0)",WIDER_THAN_ONE_TICK,200+,14454,-0.00113461642040809,3.7160213771880874,0.0009121131277112809,4.105928366950972,0.0006339282612130552,4.3097485434928,0.0006110118028814665,4.32593931196968,0.0005612027153020289,0.0009685900096859,0.0006918500069185001,0.00048429500484295,0.0006226650062266501,0.0009685900096859,-0.0,0.0,-0.0,-0.0,0.0,0.958543014617781,1.848436163699395,2.890113746619599,4.27097707159585,9.48875255623722,1.4557755523415583,2.1402474147353674,3.318609865632922,4.729798408863925,9.943357746714872,1.6357581851348952,2.215832096316307,3.3432939480242063,5.01165909832701,10.362646370316593,1.7010928640681549,2.3044544575081773,3.406145386827609,4.956285900974181,10.253003472750386,100,0,5|25|50|75|95,M2-COST-LEDGER-v1,BREAKEVEN_HURDLE,"required_move_bps_spread_only is the full quoted spread at the decision instant (cross in, cross out); the fee terms are the ledger round trip in bps of entry notional; realized_move_bps is the side-signed mid move, so realized minus spread_only differs from cross_to_cross_bps by the measured spread-change term"
"[0.0,0.2)",ONE_TICK,5-25,17975,0.0024005603508128917,7.880121482789091,0.00022253129346314326,12.965817162276139,0.00013605811614544725,23.633779850786016,7.420376613034785e-05,18.80347705346271,9.364809361699203e-05,0.00011126564673157163,0.00011126564673157163,5.5632823365785815e-05,5.5632823365785815e-05,0.00011126564673157163,0.0,0.0,0.0,0.0,0.0,4.511617414843221,6.889424733034792,7.064641469445426,9.945300845350571,10.621348911311737,7.5119340589568875,11.361953658654627,11.645641469445426,16.309352535211406,17.403782032330845,13.532817234419223,20.663529416230382,21.18893525475616,29.826016551115977,31.85277141661959,10.854820842899153,16.4660721159549,16.879525650236385,23.67633066642413,25.27127672447522,100,0,5|25|50|75|95,M2-COST-LEDGER-v1,BREAKEVEN_HURDLE,"required_move_bps_spread_only is the full quoted spread at the decision instant (cross in, cross out); the fee terms are the ledger round trip in bps of entry notional; realized_move_bps is the side-signed mid move, so realized minus spread_only differs from cross_to_cross_bps by the measured spread-change term"
"[0.0,0.2)",ONE_TICK,25-50,39441,0.0025891349185886954,2.832947733644841,0.0010014959052762353,4.793700399012248,0.0005880655548586904,8.498008800206286,0.0003338607352834433,6.892939762776189,0.0004097585686372355,0.00020283461372683247,0.0001267716335792703,2.535432671585406e-05,5.070865343170812e-05,0.00020283461372683247,0.0,0.0,0.0,0.0,0.0,2.0574015019030965,2.2611644997173546,3.0464584920030466,3.2599837000814995,3.7209302325581395,3.5378306317117776,3.867797554205259,5.13945209541456,5.485214469312268,6.231617732558139,6.171781259154691,6.7829822704611935,9.138447526422784,9.77888852407107,11.16140642303433,5.062451080179171,5.543397825514325,7.396893460020104,7.90085332198502,8.988753149224806,100,0,5|25|50|75|95,M2-COST-LEDGER-v1,BREAKEVEN_HURDLE,"required_move_bps_spread_only is the full quoted spread at the decision instant (cross in, cross out); the fee terms are the ledger round trip in bps of entry notional; realized_move_bps is the side-signed mid move, so realized minus spread_only differs from cross_to_cross_bps by the measured spread-change term"
"[0.0,0.2)",ONE_TICK,50-100,41717,0.0027974952852013704,1.6149545479786085,0.0017139295730757246,2.8213355083341916,0.0009806593504022637,4.844594452274276,0.0005713409401128378,4.01810764163009,0.0006886454738737077,0.0008629575472828822,0.00047942085960160126,7.191312894024019e-05,9.588417192032026e-05,0.0008629575472828822,0.0,0.0,0.0,0.0,0.0,1.0320449971618764,1.4143271338660632,1.7484045808200017,1.8186778212239703,1.9656019656019657,1.8773638826107928,2.4964408377269036,3.0374465388619596,3.151246288217969,3.389172720318947,3.0960284852939717,4.242781383618574,5.244908077323498,5.455702734844628,5.896419575664859,2.642191539989534,3.544550016060944,4.333107378022799,4.498978603184327,4.845772563086243,100,0,5|25|50|75|95,M2-COST-LEDGER-v1,BREAKEVEN_HURDLE,"required_move_bps_spread_only is the full quoted spread at the decision instant (cross in, cross out); the fee terms are the ledger round trip in bps of entry notional; realized_move_bps is the side-signed mid move, so realized minus spread_only differs from cross_to_cross_bps by the measured spread-change term"
"[0.0,0.2)",ONE_TICK,100-200,10234,0.0015482099136557256,0.8166380408513911,0.003126832128200117,1.5285241280188753,0.0015428397266413123,2.4498457476067883,0.0010422945782675157,2.1337239426264483,0.0011297902529261977,0.0036153996482313857,0.001465702560093805,0.0004885675200312683,0.0004885675200312683,0.0036153996482313857,0.0,0.0,0.0,0.0,0.0,0.5072061314045568,0.7125806106815834,0.8247762794342035,0.9421074944651184,0.9653907419027852,1.027412361443355,1.3600085713485353,1.54170411448575,1.731715596207935,1.7694214398466022,1.5215926690600798,2.137691056741153,2.4742608155166774,2.826233730922961,2.896079032278304,1.403302422450448,1.8880960731299234,2.152935454691936,2.429895530263517,2.4848553620398643,100,0,5|25|50|75|95,M2-COST-LEDGER-v1,BREAKEVEN_HURDLE,"required_move_bps_spread_only is the full quoted spread at the decision instant (cross in, cross out); the fee terms are the ledger round trip in bps of entry notional; realized_move_bps is the side-signed mid move, so realized minus spread_only differs from cross_to_cross_bps by the measured spread-change term"
"[0.0,0.2)",ONE_TICK,200+,1436,-0.02188598483241659,0.4762927483436733,-0.046309192200557105,0.9773490648878308,-0.022524829838505414,1.4288555136194037,-0.015436640575876653,1.33032977062564,-0.016556378261643512,0.010445682451253482,0.002785515320334262,0.0006963788300835655,0.0006963788300835655,0.010445682451253482,0.0,0.0,0.0,0.0,0.0,0.47631522541618043,0.47740672666077866,0.4798349367817471,0.48068834571105823,0.4817303755088277,0.9773854802387573,0.9791531342609123,0.9830855485566139,0.9844676189277474,0.9861551551224892,1.428922989169455,1.432197388808103,1.4394817867409622,1.4420419315599333,1.4451679206699626,1.3303828605674068,1.3329594072355628,1.338691325630651,1.340705842346321,1.3431656084198542,100,0,5|25|50|75|95,M2-COST-LEDGER-v1,BREAKEVEN_HURDLE,"required_move_bps_spread_only is the full quoted spread at the decision instant (cross in, cross out); the fee terms are the ledger round trip in bps of entry notional; realized_move_bps is the side-signed mid move, so realized minus spread_only differs from cross_to_cross_bps by the measured spread-change term"
"[0.0,0.2)",WIDER_THAN_ONE_TICK,5-25,685,0.007145823744134054,15.004544548177119,-0.00020681265206812634,19.255099889572623,-0.00016450437703949438,28.06202749053549,-0.00012850190883765357,24.093667711210003,-0.00014041524245261356,0.00145985401459854,0.0,0.0,0.0,0.00145985401459854,0.0,0.0,0.0,0.0,0.0,9.053870529651427,9.140767824497258,13.88888888888889,18.231540565177756,21.57046320414538,12.063037950465906,12.176827212345591,18.393986737605058,23.36208080031743,28.450715797824813,18.103644285307535,18.277359875662174,27.729639380124816,34.8407867794336,43.11768707397406,15.416513063588077,15.56247362623321,23.537067931220605,29.909059598904,36.435233527804655,100,0,5|25|50|75|95,M2-COST-LEDGER-v1,BREAKEVEN_HURDLE,"required_move_bps_spread_only is the full quoted spread at the decision instant (cross in, cross out); the fee terms are the ledger round trip in bps of entry notional; realized_move_bps is the side-signed mid move, so realized minus spread_only differs from cross_to_cross_bps by the measured spread-change term"
"[0.0,0.2)",WIDER_THAN_ONE_TICK,25-50,3227,0.033652969994061796,7.24270978002285,0.005482372002726577,9.016123762573798,0.004112528388843338,12.302964768080793,0.00286524024216293,10.891246790693561,0.0032829225484860857,0.0012395413696932136,0.0012395413696932136,0.0009296560272699101,0.0012395413696932136,0.0012395413696932136,0.0,0.0,0.0,0.0,0.0,4.110996916752312,4.217185075868871,6.172839506172839,6.70690811535882,16.817676781154415,5.590116522177713,5.729182771416655,8.238229640714229,8.776999183061106,18.396042436041572,8.22114899237911,8.43348110669303,11.250872250173185,13.044187530879714,22.25304508564915,7.113170365169904,7.291569212302825,10.01844255388522,11.183372244441404,20.347065911983726,100,0,5|25|50|75|95,M2-COST-LEDGER-v1,BREAKEVEN_HURDLE,"required_move_bps_spread_only is the full quoted spread at the decision instant (cross in, cross out); the fee terms are the ledger round trip in bps of entry notional; realized_move_bps is the side-signed mid move, so realized minus spread_only differs from cross_to_cross_bps by the measured spread-change term"
"[0.0,0.2)",WIDER_THAN_ONE_TICK,50-100,12977,0.005677037418193752,3.871182414164244,0.0017029100433165996,4.950210001964529,0.001254088304559457,6.68967341594079,0.0008947874888633749,5.9946272090918455,0.0010069690386489596,0.0003082376512290976,0.0003082376512290976,0.0,7.70594128072744e-05,0.0003082376512290976,0.0,0.0,0.0,0.0,0.0,2.0641965115078955,2.6691578806886427,3.3858134416793635,3.9424403705893947,7.947546195112259,2.9095153969568117,3.7018192097518936,4.339379657407012,5.318978915402412,9.217428765773338,4.128179999639991,5.1192268209623455,6.118546880914547,7.254919802115104,10.973602716048614,3.6743430543355533,4.670658843894369,5.34895958869959,6.330239245452145,10.376982265096194,100,0,5|25|50|75|95,M2-COST-LEDGER-v1,BREAKEVEN_HURDLE,"required_move_bps_spread_only is the full quoted spread at the decision instant (cross in, cross out); the fee terms are the ledger round trip in bps of entry notional; realized_move_bps is the side-signed mid move, so realized minus spread_only differs from cross_to_cross_bps by the measured spread-change term"
"[0.0,0.2)",WIDER_THAN_ONE_TICK,100-200,23406,2.484534308216109e-05,3.6163684729396257,0.00041254199896866006,4.328626620019433,0.00025247206349839584,5.250777341639569,0.0001732197368550558,4.934271535996015,0.00019037734223873966,0.0004699649662479706,0.0002990686148850722,4.27240878407246e-05,4.27240878407246e-05,0.0004699649662479706,0.0,0.0,0.0,0.0,0.0,1.1431347619994112,1.7115960633290543,2.503755637810043,3.9837237981937585,9.708630755632939,1.7032005172850715,2.3923352787297967,3.226086338229151,4.705578078663261,10.47204862308526,2.2862041898788634,3.336530847860678,4.139723978529603,5.800721597002375,11.44951460809752,2.126775181410653,3.0092236495956017,3.8393191984526913,5.426953545117018,11.101110996246312,100,0,5|25|50|75|95,M2-COST-LEDGER-v1,BREAKEVEN_HURDLE,"required_move_bps_spread_only is the full quoted spread at the decision instant (cross in, cross out); the fee terms are the ledger round trip in bps of entry notional; realized_move_bps is the side-signed mid move, so realized minus spread_only differs from cross_to_cross_bps by the measured spread-change term"
"[0.0,0.2)",WIDER_THAN_ONE_TICK,200+,15922,0.0027740885955496483,3.5463609267050855,0.0011036150637289948,3.9342831392255473,0.0008395944245804762,4.133680418296571,0.000738208896077615,4.151919662710197,0.0007367646751755049,0.0011305112423062428,0.0005652556211531214,0.0005024494410249969,0.0004396432608968722,0.0011305112423062428,0.0,0.0,0.0,0.0,0.0,0.9603380389897244,1.89726319783712,2.9319542289367595,4.179378944288879,8.076554028406644,1.460355378126946,2.2506786304258526,3.3466826570510535,4.568827364512525,8.545785897521,1.685181834878041,2.4143818670944595,3.4014322657754255,4.71357938541232,8.877003733184056,1.80687709206159,2.4411267749059027,3.531089933867025,4.638828332637322,8.833875768093097,100,0,5|25|50|75|95,M2-COST-LEDGER-v1,BREAKEVEN_HURDLE,"required_move_bps_spread_only is the full quoted spread at the decision instant (cross in, cross out); the fee terms are the ledger round trip in bps of entry notional; realized_move_bps is the side-signed mid move, so realized minus spread_only differs from cross_to_cross_bps by the measured spread-change term"
"[0.2,0.4)",ONE_TICK,5-25,17068,0.01724405778247053,7.609843592326331,0.002197093977033044,12.528227110610624,0.0013329321444554441,22.82334970462429,0.0007325562325132188,18.165728722077642,0.0009196083927622171,0.00017576751816264356,5.858917272088118e-05,5.858917272088118e-05,5.858917272088118e-05,0.00017576751816264356,0.0,0.0,0.0,0.0,0.0,4.5075501464953796,6.851661527920521,6.980802792321117,9.229349330872173,10.598834128245892,7.505348253750901,11.300812212852026,11.509901187296693,15.150293980318667,17.367334128245894,13.520619096472847,20.550291664906823,20.93753691653605,27.67953383271719,31.785274806211994,10.845222070785601,16.376962897783535,16.681694627631657,21.987175899137856,25.218160399432335,100,0,5|25|50|75|95,M2-COST-LEDGER-v1,BREAKEVEN_HURDLE,"required_move_bps_spread_only is the full quoted spread at the decision instant (cross in, cross out); the fee terms are the ledger round trip in bps of entry notional; realized_move_bps is the side-signed mid move, so realized minus spread_only differs from cross_to_cross_bps by the measured spread-change term"
"[0.2,0.4)",ONE_TICK,25-50,41760,0.008483100988736444,2.793766196909256,0.0032088122605363986,4.730252859891552,0.0018867986745166794,8.380486658514732,0.0010696983391811723,6.800462407423615,0.0013141534934098013,0.0005028735632183908,0.00033524904214559385,4.789272030651341e-05,7.183908045977011e-05,0.0005028735632183908,0.0,0.0,0.0,0.0,0.0,2.056978298878947,2.22000222000222,2.997152704930316,3.254678600488202,3.7167812674224123,3.537145308340074,3.8011409547413986,5.059610601244371,5.47662393078433,6.224899439105801,6.1705118241771775,6.659513873720311,8.990559956953092,9.762976680540268,11.148962612647235,5.061452177941062,5.446241953631521,7.280521599146679,7.888332359030343,8.978961126210967,100,0,5|25|50|75|95,M2-COST-LEDGER-v1,BREAKEVEN_HURDLE,"required_move_bps_spread_only is the full quoted spread at the decision instant (cross in, cross out); the fee terms are the ledger round trip in bps of entry notional; realized_move_bps is the side-signed mid move, so realized minus spread_only differs from cross_to_cross_bps by the measured spread-change term"
"[0.2,0.4)",ONE_TICK,50-100,50106,0.008217690112642506,1.601031286764229,0.005308745459625594,2.798788234163247,0.0030196858105239633,4.802829341321188,0.001769673125094133,3.9852433194618193,0.0021241236156143628,0.0009180537261006666,0.00041911148365465214,1.995768969784058e-05,5.987306909352173e-05,0.0009180537261006666,0.0,0.0,0.0,0.0,0.0,1.0320449971618764,1.4141271300289897,1.735357917570499,1.8170255292086854,1.965988400668436,1.8773638826107928,2.4961169490335147,3.01631887540496,3.14857058734822,3.38979850485558,3.0960284852939717,4.242181428671524,5.205772632128888,5.450746459441243,5.897578728956228,2.642191539989534,3.5440779218841936,4.302312281617002,4.495078581534266,4.8466846853155765,100,0,5|25|50|75|95,M2-COST-LEDGER-v1,BREAKEVEN_HURDLE,"required_move_bps_spread_only is the full quoted spread at the decision instant (cross in, cross out); the fee terms are the ledger round trip in bps of entry notional; realized_move_bps is the side-signed mid move, so realized minus spread_only differs from cross_to_cross_bps by the measured spread-change term"
"[0.2,0.4)",ONE_TICK,100-200,14105,0.008121185896210182,0.8200437747005752,0.0097837646224743,1.5340395551261496,0.0052252431523843075,2.4600624362843506,0.0032613451082859914,2.141763230343972,0.003743180502076672,0.004466501240694789,0.0019142148174406239,0.0004962779156327543,0.0004962779156327543,0.004466501240694789,0.0,0.0,0.0,0.0,0.0,0.5073952862977903,0.7609481413841647,0.8260707942670686,0.9423738397022099,0.9738520718702829,1.0277186918485541,1.4383375798258022,1.543800515066672,1.7321469267734502,1.7831240555103647,1.5221601145488433,2.2827865221481276,2.4781441463239,2.8270327164455193,2.9214613814427826,1.4037489318404361,2.0022684883633155,2.1559911643314997,2.4305242354805743,2.5048282136562405,100,0,5|25|50|75|95,M2-COST-LEDGER-v1,BREAKEVEN_HURDLE,"required_move_bps_spread_only is the full quoted spread at the decision instant (cross in, cross out); the fee terms are the ledger round trip in bps of entry notional; realized_move_bps is the side-signed mid move, so realized minus spread_only differs from cross_to_cross_bps by the measured spread-change term"
"[0.2,0.4)",ONE_TICK,200+,1338,0.018532862319593498,0.4779176503920574,0.03849028400597907,0.97998055231499,0.018800102991027884,1.433730085978604,0.012830300587699529,1.3341654526335054,0.01380348814415403,0.014947683109118086,0.004484304932735426,0.0029895366218236174,0.0029895366218236174,0.014947683109118086,0.0,0.0,0.0,0.0,0.24016292681196083,0.4763832980015721,0.477520712460903,0.48011138584151525,0.48075767409437276,0.48193932383912863,0.9774957217820598,0.9793377308927624,0.9835332495891749,0.9845798941799455,0.9864935407065986,1.4291272004405964,1.4325393353240488,1.4403111073835961,1.4422499100445676,1.4457947455258755,1.3305435495259625,1.3332284767623068,1.3393438982040866,1.3408694956414138,1.343658841911418,100,0,5|25|50|75|95,M2-COST-LEDGER-v1,BREAKEVEN_HURDLE,"required_move_bps_spread_only is the full quoted spread at the decision instant (cross in, cross out); the fee terms are the ledger round trip in bps of entry notional; realized_move_bps is the side-signed mid move, so realized minus spread_only differs from cross_to_cross_bps by the measured spread-change term"
"[0.2,0.4)",WIDER_THAN_ONE_TICK,5-25,729,0.003922482216589709,18.0785979396331,-0.0006249047401310776,22.862518076944696,-0.00043910986557434817,32.858001127079746,-0.0002574351849986082,28.339158942681742,-0.0003196468136115708,0.0,0.0,0.0,0.0,0.0,0.0,0.0,0.0,0.0,0.0,9.115770282588878,13.745704467353951,14.114326040931546,21.149101163200562,38.155534679059826,12.144093745003456,17.9745210312076,18.689155378026044,27.429042596874375,42.46624070645758,18.22738759466177,27.127843065105903,28.21869839636173,41.558452773406046,53.52749270327014,15.520485544547878,22.999049844766922,23.9156574936819,35.12497198420563,47.36982454712621,100,0,5|25|50|75|95,M2-COST-LEDGER-v1,BREAKEVEN_HURDLE,"required_move_bps_spread_only is the full quoted spread at the decision instant (cross in, cross out); the fee terms are the ledger round trip in bps of entry notional; realized_move_bps is the side-signed mid move, so realized minus spread_only differs from cross_to_cross_bps by the measured spread-change term"
"[0.2,0.4)",WIDER_THAN_ONE_TICK,25-50,5310,0.01503124385619485,7.992594189005503,0.004129048339785692,9.72649864714782,0.00306019858577005,12.925296233048494,0.0020630448979479347,11.554355783886347,0.0023991996169874176,0.0003766478342749529,0.0003766478342749529,0.00018832391713747646,0.00018832391713747646,0.0003766478342749529,0.0,0.0,0.0,0.0,0.0,4.110996916752312,4.436557231588288,6.2441461130190445,8.984725965858042,18.714909544603866,5.590116522177713,6.016476060596937,8.314640934914287,10.581610563972097,20.40319726664123,8.22114899237911,8.872130529437035,12.109486317381364,13.484156721835966,23.093148598715906,7.113170365169904,7.660117666274471,10.526025331944275,12.25095901349728,21.95788155445327,100,0,5|25|50|75|95,M2-COST-LEDGER-v1,BREAKEVEN_HURDLE,"required_move_bps_spread_only is the full quoted spread at the decision instant (cross in, cross out); the fee terms are the ledger round trip in bps of entry notional; realized_move_bps is the side-signed mid move, so realized minus spread_only differs from cross_to_cross_bps by the measured spread-change term"
"[0.2,0.4)",WIDER_THAN_ONE_TICK,50-100,19546,0.004656585120745114,4.285703531559928,0.0019837673284124513,5.3520817104969485,0.0014775572150414725,7.0633570551661276,0.0010449098659085514,6.381366222550938,0.0011837483619021646,0.0003581295405709608,0.00020464545175483476,5.116136293870869e-05,0.00010232272587741738,0.0003581295405709608,0.0,0.0,0.0,0.0,0.0,2.0644095788604457,2.4573043371421552,3.430335601166314,4.154549231408392,9.951238929246692,2.9097944483000164,3.424360848198666,4.395839256714547,5.419630373088016,11.260734242178998,4.128606090368342,4.914306794144612,6.11948293950133,7.306603403720034,13.42229825512132,3.674701043407871,4.334825221663039,5.3521097515137495,6.751169073126524,12.643573318278673,100,0,5|25|50|75|95,M2-COST-LEDGER-v1,BREAKEVEN_HURDLE,"required_move_bps_spread_only is the full quoted spread at the decision instant (cross in, cross out); the fee terms are the ledger round trip in bps of entry notional; realized_move_bps is the side-signed mid move, so realized minus spread_only differs from cross_to_cross_bps by the measured spread-change term"
"[0.2,0.4)",WIDER_THAN_ONE_TICK,100-200,35255,0.005292405269582636,3.8762350291161196,0.0025928597803676515,4.59122097078038,0.0019918850979642666,5.519450337152474,0.001548537135572553,5.2001291921110235,0.0016750812534091436,0.0009076726705431853,0.0005672954190894909,0.0001985533966813218,0.0001985533966813218,0.0009076726705431853,0.0,0.0,0.0,0.0,0.0,1.1439029970258523,1.7876296031462282,2.7177605652941974,4.386157287600334,10.690423162583519,1.704206685902032,2.5471937621905534,3.4386325337663606,5.134186103307487,11.4480214174139,2.2877405720901933,3.4245272349072975,4.372884635127686,6.097978392530417,12.406538470108961,2.128065993880299,3.2049706781521845,4.021742223219462,5.7490054649176,12.09775272293435,100,0,5|25|50|75|95,M2-COST-LEDGER-v1,BREAKEVEN_HURDLE,"required_move_bps_spread_only is the full quoted spread at the decision instant (cross in, cross out); the fee terms are the ledger round trip in bps of entry notional; realized_move_bps is the side-signed mid move, so realized minus spread_only differs from cross_to_cross_bps by the measured spread-change term"
"[0.2,0.4)",WIDER_THAN_ONE_TICK,200+,17849,0.009333435621824253,4.024706446284737,0.002758427722331331,4.412241679353486,0.0024148370530954616,4.610776609541391,0.0020188333805189647,4.629415252979708,0.002177276889743372,0.001008459857695109,0.000616281024147011,0.000616281024147011,0.000616281024147011,0.001008459857695109,0.0,0.0,0.0,0.0,0.0,0.9605225242531937,1.981244221371021,3.0710644309317607,4.392672371717698,11.336988696988378,1.4602592818901607,2.379514687751884,3.414243593231489,4.751478226745256,11.77423036038865,1.7872508572555799,2.4713669015647572,3.6274517270521245,5.013613383307011,12.121854478865453,1.808247130467337,2.481408626818721,3.6677750203406525,5.04010819060313,12.115876546363518,100,0,5|25|50|75|95,M2-COST-LEDGER-v1,BREAKEVEN_HURDLE,"required_move_bps_spread_only is the full quoted spread at the decision instant (cross in, cross out); the fee terms are the ledger round trip in bps of entry notional; realized_move_bps is the side-signed mid move, so realized minus spread_only differs from cross_to_cross_bps by the measured spread-change term"
"[0.4,0.6)",ONE_TICK,5-25,12418,0.0293892260357342,7.222343142528411,0.0037445643420840717,11.90085579332568,0.0022735145209170702,21.661447745586592,0.0012485146161166415,17.25139595593032,0.0015681577923941895,0.00040264132710581414,0.0003221130616846513,0.0,0.0,0.00040264132710581414,0.0,0.0,0.0,0.0,0.0,4.509582863585118,6.814310051107325,6.942034015966678,8.869179600886918,10.432968179447053,7.508639671520195,11.240337299063729,11.447131864682849,14.567200877482662,17.098822194045592,13.52671541543363,20.438288252742204,20.821284536438572,26.59967605478763,31.288025530854767,10.850019292800628,16.28882503748335,16.590213058298392,21.137395912943653,24.826851391125885,100,0,5|25|50|75|95,M2-COST-LEDGER-v1,BREAKEVEN_HURDLE,"required_move_bps_spread_only is the full quoted spread at the decision instant (cross in, cross out); the fee terms are the ledger round trip in bps of entry notional; realized_move_bps is the side-signed mid move, so realized minus spread_only differs from cross_to_cross_bps by the measured spread-change term"
"[0.4,0.6)",ONE_TICK,25-50,32172,0.01909141365699684,2.7753164002813095,0.007102449334825314,4.700376935908116,0.004179383864929509,8.325148637978828,0.002367695228490091,6.756917220077072,0.0029102814484690165,0.0006216585851050603,0.0003729951510630362,0.0,3.108292925525301e-05,0.0006216585851050603,0.0,0.0,0.0,0.0,0.0,2.056978298878947,2.2318937618569357,2.982848620432513,3.246226261970459,3.7154003343860302,3.537145308340074,3.8203976672351994,5.036447785359444,5.462937070149621,6.222663335871914,6.1705118241771775,6.695183206177401,8.947656255386285,9.737625158432646,11.144820839586625,5.061452177941062,5.474309740433147,7.246760937760279,7.868383353823754,8.97570196885854,100,0,5|25|50|75|95,M2-COST-LEDGER-v1,BREAKEVEN_HURDLE,"required_move_bps_spread_only is the full quoted spread at the decision instant (cross in, cross out); the fee terms are the ledger round trip in bps of entry notional; realized_move_bps is the side-signed mid move, so realized minus spread_only differs from cross_to_cross_bps by the measured spread-change term"
"[0.4,0.6)",ONE_TICK,50-100,36384,0.016175210955316932,1.603519896024616,0.010224274406332454,2.8028182527910555,0.005828755639492113,4.810294252009893,0.003408271188449447,3.9911173513706046,0.004097425258007724,0.001236807387862797,0.0006596306068601583,5.496921723834653e-05,8.245382585751979e-05,0.001236807387862797,0.0,0.0,0.0,0.0,0.0,1.0340726953104804,1.4115322182228809,1.6574127786525235,1.81801654395055,1.965988400668436,1.8806476100038938,2.49191471645859,2.8900949132232894,3.150175424154149,3.38979850485558,3.102111160825939,4.23439742640919,4.971963657008506,5.453719143477908,5.897578728956228,2.6469778757468365,3.537952825138901,4.118331572156004,4.497417743732408,4.8466846853155765,100,0,5|25|50|75|95,M2-COST-LEDGER-v1,BREAKEVEN_HURDLE,"required_move_bps_spread_only is the full quoted spread at the decision instant (cross in, cross out); the fee terms are the ledger round trip in bps of entry notional; realized_move_bps is the side-signed mid move, so realized minus spread_only differs from cross_to_cross_bps by the measured spread-change term"
"[0.4,0.6)",ONE_TICK,100-200,9764,0.01054706629310444,0.8081946251881792,0.011931585415813191,1.5148504318803204,0.0064793177354988095,2.4245168421119603,0.00397731232655057,2.1137931762613795,0.004621591317165423,0.004608766898811963,0.0015362556329373209,0.00020483408439164277,0.00020483408439164277,0.004608766898811963,0.0,0.0,0.0,0.0,0.0,0.506932299191443,0.7119211191399993,0.7803051040449147,0.9398054602697241,0.9656704166867848,1.026968898775769,1.3589405538947512,1.4696852568006054,1.7279875860097862,1.7698743564318602,1.5207712001900742,2.135712676056067,2.3408544269042864,2.819328061529004,2.8969180026273023,1.4026560280909208,1.8865393294340125,2.047960853330051,2.4244616016098237,2.4855155306303924,100,0,5|25|50|75|95,M2-COST-LEDGER-v1,BREAKEVEN_HURDLE,"required_move_bps_spread_only is the full quoted spread at the decision instant (cross in, cross out); the fee terms are the ledger round trip in bps of entry notional; realized_move_bps is the side-signed mid move, so realized minus spread_only differs from cross_to_cross_bps by the measured spread-change term"
"[0.4,0.6)",ONE_TICK,200+,1333,0.009989904608724755,0.4782661112885015,0.020630157539384845,0.9805448758706852,0.010088269846829694,1.4347754400445425,0.006876830177839036,1.334988016225195,0.007404752883029784,0.009752438109527382,0.003000750187546887,0.0015003750937734434,0.0015003750937734434,0.009752438109527382,0.0,0.0,0.0,0.0,0.2394188931609914,0.47636060497796834,0.4772927952652555,0.47971984361133096,0.48071145295036655,0.48197184347362787,0.977458971100009,0.9789686257349004,0.9828991585878253,0.9845050404137131,0.9865462052837576,1.429059123531772,1.4318556054981688,1.4391365182731366,1.442111251056409,1.44589230129487,1.330489981436788,1.3326904661319987,1.3384196421338295,1.3407603882000902,1.343735606213539,100,0,5|25|50|75|95,M2-COST-LEDGER-v1,BREAKEVEN_HURDLE,"required_move_bps_spread_only is the full quoted spread at the decision instant (cross in, cross out); the fee terms are the ledger round trip in bps of entry notional; realized_move_bps is the side-signed mid move, so realized minus spread_only differs from cross_to_cross_bps by the measured spread-change term"
"[0.4,0.6)",WIDER_THAN_ONE_TICK,5-25,490,0.10099290562456212,18.045163046001626,0.008435374149659865,22.538365358547125,0.006401518535560569,31.886009898448744,0.004316085191136348,27.667215727343077,0.00504847534640885,0.0,0.0,0.0,0.0,0.0,0.0,0.0,0.0,0.0,0.0,9.136592051164916,13.654304156462757,13.986020825478423,19.880715705765407,42.53746023347781,12.171359174452586,17.998659169396973,18.521163400780218,25.503805539337538,49.31746727386038,18.269012142489117,27.16468904040851,27.942720838262105,37.04562630924879,63.76105035577828,15.555459631073592,23.030010153782577,23.700187593068375,31.332791755337805,57.18205960598992,100,0,5|25|50|75|95,M2-COST-LEDGER-v1,BREAKEVEN_HURDLE,"required_move_bps_spread_only is the full quoted spread at the decision instant (cross in, cross out); the fee terms are the ledger round trip in bps of entry notional; realized_move_bps is the side-signed mid move, so realized minus spread_only differs from cross_to_cross_bps by the measured spread-change term"
"[0.4,0.6)",WIDER_THAN_ONE_TICK,25-50,3302,0.02348880840730063,7.3221931833952825,0.006439644708984031,9.027127974535475,0.004830110585113939,12.16136926455813,0.0032959882065590343,10.820328223995098,0.0038172728738593564,0.0012113870381586917,0.0009085402786190188,0.0,0.0003028467595396729,0.0012113870381586917,0.0,0.0,0.0,0.0,0.0,4.006410256410256,4.19903422212891,6.173474637308365,8.003201280512204,15.63232765358762,5.453147288254839,5.705412055882059,7.803995138575062,9.461162998584715,17.740770079669012,8.012018107401644,8.397187034891296,10.495161980128053,13.071896820527897,21.778264427047894,6.937461327910357,7.261075364026475,9.359331969634873,11.319512857781886,19.99613631759516,100,0,5|25|50|75|95,M2-COST-LEDGER-v1,BREAKEVEN_HURDLE,"required_move_bps_spread_only is the full quoted spread at the decision instant (cross in, cross out); the fee terms are the ledger round trip in bps of entry notional; realized_move_bps is the side-signed mid move, so realized minus spread_only differs from cross_to_cross_bps by the measured spread-change term"
"[0.4,0.6)",WIDER_THAN_ONE_TICK,50-100,11239,0.01572903560131866,4.24948442940877,0.004575419069368709,5.305451260324548,0.0034381950611819326,6.993525852865684,0.0024803082998688195,6.322280506159319,0.002785826811098778,0.0008007829878103034,0.00026692766260343444,0.0,8.897588753447816e-05,0.0008007829878103034,0.0,0.0,0.0,0.0,0.0,2.071444109259082,2.4500796275878964,3.393857118615306,4.150669295423887,9.859800511443426,2.919007473969391,3.414898833859332,4.307064785459875,5.418842326851654,11.218634239999693,4.142673696701565,4.89985914743111,5.975946847419083,7.273388549984295,13.452897517102071,3.6865202386624905,4.322686682952914,5.248944544168894,6.692150199028408,12.64114174648163,100,0,5|25|50|75|95,M2-COST-LEDGER-v1,BREAKEVEN_HURDLE,"required_move_bps_spread_only is the full quoted spread at the decision instant (cross in, cross out); the fee terms are the ledger round trip in bps of entry notional; realized_move_bps is the side-signed mid move, so realized minus spread_only differs from cross_to_cross_bps by the measured spread-change term"
"[0.4,0.6)",WIDER_THAN_ONE_TICK,100-200,19249,0.017223883683441462,3.8924031990440313,0.005082455376460059,4.604245666415716,0.003967677010330818,5.525470083214121,0.0031503733654389596,5.2093932979469,0.00337879875490153,0.0013507195178970336,0.0008831627617019066,0.00041560600550677955,0.00041560600550677955,0.0013507195178970336,0.0,0.0,0.0,0.0,0.0,1.0172422562433243,1.784280488892854,2.8167691657668654,4.353315049410126,11.29305477131564,1.5383170197465286,2.5427036055053294,3.4302655131972717,5.096870126929403,12.035039631165498,2.03443277602768,3.415754227347485,4.348166395994941,6.076803411811412,12.763636165726988,1.9152461215672996,3.1337744109978116,4.000822161387486,5.732630313363282,12.503701235715832,100,0,5|25|50|75|95,M2-COST-LEDGER-v1,BREAKEVEN_HURDLE,"required_move_bps_spread_only is the full quoted spread at the decision instant (cross in, cross out); the fee terms are the ledger round trip in bps of entry notional; realized_move_bps is the side-signed mid move, so realized minus spread_only differs from cross_to_cross_bps by the measured spread-change term"
"[0.4,0.6)",WIDER_THAN_ONE_TICK,200+,11476,0.009726689866259585,4.058078762846338,0.004249205235585379,4.445003977328488,0.0033564629910169995,4.642179535992909,0.002855093956140827,4.661447775724908,0.0029643194426982314,0.0006971070059254096,0.000435691878703381,0.0003485535029627048,0.0003485535029627048,0.0006971070059254096,0.0,0.0,0.0,0.0,0.0,0.9599232061435086,1.9546882140225106,3.012011413081084,4.556188287161051,11.945433260864371,1.4601601972033995,2.2486438896666163,3.3845122080425623,4.957199923871183,12.447264405508848,1.7111546494039374,2.364443384173993,3.5868019074917705,5.0372167195516875,12.90049748893371,1.807330967565473,2.427172064050838,3.645837229462989,5.111087654932729,12.801172050797994,100,0,5|25|50|75|95,M2-COST-LEDGER-v1,BREAKEVEN_HURDLE,"required_move_bps_spread_only is the full quoted spread at the decision instant (cross in, cross out); the fee terms are the ledger round trip in bps of entry notional; realized_move_bps is the side-signed mid move, so realized minus spread_only differs from cross_to_cross_bps by the measured spread-change term"
"[0.6,0.8)",ONE_TICK,5-25,7758,0.059749790358910364,6.815931103740405,0.0075406032482598605,11.242860960648345,0.004576992371388739,20.442823297147793,0.0025141982087370446,16.292428504945192,0.0031572559602839087,0.0007733952049497294,0.0002577984016499098,0.0,0.0,0.0007733952049497294,0.0,0.0,0.0,0.0,0.0,4.511617414843221,4.577706569008926,6.922810661128418,7.059654076950229,10.198878123406425,7.5119340589568875,7.618946843608469,11.416007892962327,11.637566568128776,16.719862832886548,13.532817234419223,13.73102464681213,20.763641110955408,21.173980117881776,30.58623796030755,10.854820842899153,11.010791237201147,16.544852183619767,16.86775711153033,24.274582506688787,100,0,5|25|50|75|95,M2-COST-LEDGER-v1,BREAKEVEN_HURDLE,"required_move_bps_spread_only is the full quoted spread at the decision instant (cross in, cross out); the fee terms are the ledger round trip in bps of entry notional; realized_move_bps is the side-signed mid move, so realized minus spread_only differs from cross_to_cross_bps by the measured spread-change term"
"[0.6,0.8)",ONE_TICK,25-50,21373,0.037190464822072486,2.779681952579682,0.013966219061432649,4.707446219861787,0.00821519704955,8.3382429446123,0.004655819562033952,6.767221022508401,0.005721249843658145,0.0008421840640059888,0.0006550320497824358,9.357600711177654e-05,0.00018715201422355308,0.0008421840640059888,0.0,0.0,0.0,0.0,0.0,2.0578248791027884,2.2294058633374205,2.989983555090447,3.2504469364537623,3.7167812674224123,3.53851623712748,3.816368859324937,5.048001492310178,5.46977160333709,6.224899439105801,6.1730512165513485,6.687720620359267,8.96905679873768,9.750284440516161,11.148962612647235,5.063450393506081,5.4684375173721955,7.263600894402853,7.878344889004948,8.978961126210967,100,0,5|25|50|75|95,M2-COST-LEDGER-v1,BREAKEVEN_HURDLE,"required_move_bps_spread_only is the full quoted spread at the decision instant (cross in, cross out); the fee terms are the ledger round trip in bps of entry notional; realized_move_bps is the side-signed mid move, so realized minus spread_only differs from cross_to_cross_bps by the measured spread-change term"
"[0.6,0.8)",ONE_TICK,50-100,26764,0.026529983583339904,1.5868906398292912,0.016608130324316246,2.775888820040523,0.00947660317636498,4.760411802738838,0.005536338210949198,3.951865648647122,0.006659994016280796,0.0013824540427439845,0.0007099088327604244,7.472724555372888e-05,0.00014945449110745777,0.0013824540427439845,0.0,0.0,0.0,0.0,0.0,1.0348217519532261,1.3387776959635853,1.6381358014579408,1.816695431010991,1.9656019656019657,1.8818606592379945,2.3740949650398906,2.8588778161999553,3.1480360304660318,3.389172720318947,3.1043581757942853,4.01615386731566,4.914139077461217,5.449756284780292,5.896419575664859,2.6487460069201134,3.366220801719944,4.072830314152454,4.49429942737793,4.845772563086243,100,0,5|25|50|75|95,M2-COST-LEDGER-v1,BREAKEVEN_HURDLE,"required_move_bps_spread_only is the full quoted spread at the decision instant (cross in, cross out); the fee terms are the ledger round trip in bps of entry notional; realized_move_bps is the side-signed mid move, so realized minus spread_only differs from cross_to_cross_bps by the measured spread-change term"
"[0.6,0.8)",ONE_TICK,100-200,7267,0.018802596651035664,0.7886758255217229,0.027521673317737718,1.4832406034989423,0.014232859217670141,2.365963244334376,0.00917410002115532,2.06771865212674,0.010286789533281123,0.005779551396724921,0.0024769505985963946,0.0011008669327095088,0.0011008669327095088,0.005779551396724921,0.0,0.0,0.0,0.0,0.0,0.506229150776676,0.7111616826085411,0.7657847379101734,0.8973036026739647,0.9655771737556125,1.0258301719838774,1.3577106799062229,1.4461702191874535,1.6591582460117844,1.7697233550822515,1.5186618261832983,2.1334344745300315,2.2972955733493343,2.691830296258532,2.8966382918399995,1.40099621174988,1.8847466634078582,2.013685342856953,2.324136263059788,2.485295431938484,100,0,5|25|50|75|95,M2-COST-LEDGER-v1,BREAKEVEN_HURDLE,"required_move_bps_spread_only is the full quoted spread at the decision instant (cross in, cross out); the fee terms are the ledger round trip in bps of entry notional; realized_move_bps is the side-signed mid move, so realized minus spread_only differs from cross_to_cross_bps by the measured spread-change term"
"[0.6,0.8)",ONE_TICK,200+,1148,0.032066592750790476,0.47798293990969154,0.06881533101045297,0.9800862876148169,0.0333515471046649,1.4339259510642526,0.022938799962848592,1.3343195738852398,0.024536491555541665,0.017421602787456445,0.0078397212543554,0.005226480836236934,0.004355400696864111,0.017421602787456445,0.0,0.0,0.0,0.0,0.24067967941466703,0.47642869053574405,0.47744661570436786,0.47971984361133096,0.48068834571105823,0.4817303755088277,0.9775692336515134,0.9792177333872627,0.9828991585878253,0.9844676189277474,0.9861551551224892,1.4292633737182119,1.4323170521301785,1.4391365182731366,1.4420419315599333,1.4451679206699626,1.3306507010169255,1.3330535674387747,1.3384196421338295,1.340705842346321,1.3431656084198542,100,0,5|25|50|75|95,M2-COST-LEDGER-v1,BREAKEVEN_HURDLE,"required_move_bps_spread_only is the full quoted spread at the decision instant (cross in, cross out); the fee terms are the ledger round trip in bps of entry notional; realized_move_bps is the side-signed mid move, so realized minus spread_only differs from cross_to_cross_bps by the measured spread-change term"
"[0.6,0.8)",WIDER_THAN_ONE_TICK,5-25,381,0.1587976377567968,25.801983212854047,0.008923884514435694,30.47580002701253,0.006711696969412357,40.22592772991128,0.00437654172792919,35.820722483308735,0.005203712865970185,0.0026246719160104987,0.0026246719160104987,0.0026246719160104987,0.0026246719160104987,0.0026246719160104987,0.0,0.0,0.0,0.0,0.0,9.140767824497258,13.774104683195592,19.37984496124031,21.459227467811157,70.4225352112676,12.176827212345591,18.24369725029814,25.4157063064596,28.305098850447813,74.97590363232023,18.277359875662174,27.481968203617686,34.81652606985556,42.89545469181974,84.45762293056585,15.56247362623321,23.344302893794357,30.57310366206155,36.248485774349206,80.17673170249567,100,0,5|25|50|75|95,M2-COST-LEDGER-v1,BREAKEVEN_HURDLE,"required_move_bps_spread_only is the full quoted spread at the decision instant (cross in, cross out); the fee terms are the ledger round trip in bps of entry notional; realized_move_bps is the side-signed mid move, so realized minus spread_only differs from cross_to_cross_bps by the measured spread-change term"
"[0.6,0.8)",WIDER_THAN_ONE_TICK,25-50,2778,0.025492063869483498,7.957838021352274,0.004534839006397139,9.616912021142994,0.0034580447077215176,12.648956664744428,0.0024451013510269834,11.355248254519747,0.002787500355462494,0.0007199424046076314,0.0,0.0,0.0,0.0007199424046076314,0.0,0.0,0.0,0.0,0.0,4.008016032064128,4.420866489832007,6.240249609984399,8.98069151324652,18.908558783962288,5.455250253663006,5.99592726331267,8.250563250274027,10.576951836406304,20.755281410070236,8.015229015434194,8.840755992594438,11.187935233434938,13.510091022948924,24.711784738748,6.940159089567635,7.633757097566814,9.963550445962904,12.261119517869691,23.05403451180721,100,0,5|25|50|75|95,M2-COST-LEDGER-v1,BREAKEVEN_HURDLE,"required_move_bps_spread_only is the full quoted spread at the decision instant (cross in, cross out); the fee terms are the ledger round trip in bps of entry notional; realized_move_bps is the side-signed mid move, so realized minus spread_only differs from cross_to_cross_bps by the measured spread-change term"
"[0.6,0.8)",WIDER_THAN_ONE_TICK,50-100,6871,0.02145747419712175,4.556772351805095,0.006634440575815079,5.628124106263726,0.004972812652136608,7.350482616401164,0.003572551524268635,6.663358588202182,0.004021134765066139,0.0013098530053849513,0.0005821568912822005,0.00029107844564110026,0.00029107844564110026,0.0013098530053849513,0.0,0.0,0.0,0.0,0.0,2.074688796680498,2.4554941682013505,3.4213377430575354,4.5253988007693176,11.992804317409554,2.9232569950001746,3.421990117133342,4.3379640771059345,5.445745340231724,13.436319299431128,4.149162399003909,4.9106869008308625,6.1129365375639875,7.804116745810454,15.902999605630516,3.6919718586035355,4.331783880943801,5.344241569175285,6.798046082749467,14.891830715502259,100,0,5|25|50|75|95,M2-COST-LEDGER-v1,BREAKEVEN_HURDLE,"required_move_bps_spread_only is the full quoted spread at the decision instant (cross in, cross out); the fee terms are the ledger round trip in bps of entry notional; realized_move_bps is the side-signed mid move, so realized minus spread_only differs from cross_to_cross_bps by the measured spread-change term"
"[0.6,0.8)",WIDER_THAN_ONE_TICK,100-200,12963,0.022660320380459387,4.152410581330133,0.007990040120819133,4.849457622652049,0.0059234441978068845,5.737711763967474,0.004575926751462924,5.436905243588961,0.004930673265031546,0.0015428527347064722,0.0009257116408238834,0.0005399984571472653,0.0005399984571472653,0.0015428527347064722,0.0,0.0,0.0,0.0,0.0,1.013787510137875,1.6929366190580515,2.8170336635522792,4.707433036765052,12.795905310300704,1.5337922746976602,2.371191599786142,3.446446587459153,5.496546741584329,13.411490427698753,2.0275236346246714,3.304010248067404,4.393634520652539,6.589342821148229,14.28521606918506,1.9094413192513628,2.9821302007129233,4.037836787588661,6.193571527030581,13.916406473575043,100,0,5|25|50|75|95,M2-COST-LEDGER-v1,BREAKEVEN_HURDLE,"required_move_bps_spread_only is the full quoted spread at the decision instant (cross in, cross out); the fee terms are the ledger round trip in bps of entry notional; realized_move_bps is the side-signed mid move, so realized minus spread_only differs from cross_to_cross_bps by the measured spread-change term"
"[0.6,0.8)",WIDER_THAN_ONE_TICK,200+,10700,0.004581934027515879,4.584637501045525,0.003808209418671059,4.976152739028712,0.0028828579463594612,5.183556752000124,0.002559223670638677,5.198087657743198,0.0025517825350459236,0.001308411214953271,0.0011214953271028037,0.0011214953271028037,0.00102803738317757,0.001308411214953271,0.0,0.0,0.0,0.0,0.0,0.9616286143266382,2.100509390898268,3.1794817444756505,4.94486475794887,14.075173994116003,1.4640300880048147,2.5264749005253258,3.4866315490652844,5.306822891080317,14.57212487867913,1.667695106330928,2.614887814179121,3.716508422591094,5.531503450971118,15.010638234407185,1.8060566035517436,2.673677862614349,3.695792006382565,5.583909496877053,14.920027135105798,100,0,5|25|50|75|95,M2-COST-LEDGER-v1,BREAKEVEN_HURDLE,"required_move_bps_spread_only is the full quoted spread at the decision instant (cross in, cross out); the fee terms are the ledger round trip in bps of entry notional; realized_move_bps is the side-signed mid move, so realized minus spread_only differs from cross_to_cross_bps by the measured spread-change term"
"[0.8,1.0]",ONE_TICK,5-25,3436,0.11128837101289589,6.6577555183198145,0.014988358556461,10.986770530750272,0.009083820943562594,19.968538447877386,0.004997355888780583,15.919200942344196,0.006269003231717823,0.0005820721769499418,0.0,0.0,0.0,0.0005820721769499418,0.0,0.0,0.0,0.0,0.0,4.511617414843221,4.5735193231191404,6.91323885240235,6.990562740300594,10.106114199090449,7.5119340589568875,7.612166785396232,11.400510448808708,11.525703201516528,16.569689956666206,13.532817234419223,13.718466739671495,20.73493892151085,20.966803131635324,30.30813440111065,10.854820842899153,11.000909355126456,16.522265804717485,16.704724864689133,24.05573036070661,100,0,5|25|50|75|95,M2-COST-LEDGER-v1,BREAKEVEN_HURDLE,"required_move_bps_spread_only is the full quoted spread at the decision instant (cross in, cross out); the fee terms are the ledger round trip in bps of entry notional; realized_move_bps is the side-signed mid move, so realized minus spread_only differs from cross_to_cross_bps by the measured spread-change term"
"[0.8,1.0]",ONE_TICK,25-50,8205,0.05821347226689018,2.7938746781133426,0.021937842778793418,4.730428675904226,0.012903413619616163,8.380812524088757,0.007313261046081175,6.8007187771710305,0.008986421929331443,0.0006093845216331506,0.0004875076173065204,0.0001218769043266301,0.0001218769043266301,0.0006093845216331506,0.0,0.0,0.0,0.0,0.0,2.058672156459084,2.2338880822070815,2.9890898221491558,3.2599837000814995,3.719546215361726,3.5398882947876142,3.8236271932189196,5.046554257295599,5.485214469312268,6.2293766355922955,6.175592699892595,6.701165276757004,8.9663761341635,9.77888852407107,11.15725540093257,5.065450254441792,5.4790169631541445,7.261491495789323,7.90085332198502,8.985486713688243,100,0,5|25|50|75|95,M2-COST-LEDGER-v1,BREAKEVEN_HURDLE,"required_move_bps_spread_only is the full quoted spread at the decision instant (cross in, cross out); the fee terms are the ledger round trip in bps of entry notional; realized_move_bps is the side-signed mid move, so realized minus spread_only differs from cross_to_cross_bps by the measured spread-change term"
"[0.8,1.0]",ONE_TICK,50-100,12186,0.029621083156915383,1.485879722293608,0.01846381093057607,2.6123108024637407,0.01053487457759605,4.45740863325449,0.00615493275756203,3.713437584180494,0.007403801471785169,0.0018874117840144429,0.0008206138191367143,8.206138191367142e-05,8.206138191367142e-05,0.0018874117840144429,0.0,0.0,0.0,0.0,0.0,1.1305183426601098,1.1540015002019504,1.4149274849663955,1.785873738726672,1.96174595389897,2.036834869904062,2.0748641819466997,2.4974130537270067,3.098123738726672,3.3829283783791584,3.391427228032029,3.461871336343192,4.244582267082977,5.3573023101552435,5.884853054722822,2.874635005558595,2.9300661205573624,3.545967100133345,4.421548738726672,4.836671022553345,100,0,5|25|50|75|95,M2-COST-LEDGER-v1,BREAKEVEN_HURDLE,"required_move_bps_spread_only is the full quoted spread at the decision instant (cross in, cross out); the fee terms are the ledger round trip in bps of entry notional; realized_move_bps is the side-signed mid move, so realized minus spread_only differs from cross_to_cross_bps by the measured spread-change term"
"[0.8,1.0]",ONE_TICK,100-200,5429,0.030195951850408454,0.7561533960905563,0.04650948609320317,1.4305718995808363,0.02385867619490465,2.268400380724229,0.015503497537834922,1.9909486299597052,0.01728243617804613,0.008473015288266716,0.002947135752440597,0.0016577638607478357,0.0016577638607478357,0.008473015288266716,0.0,0.0,0.0,0.0,0.25334799514216194,0.505855274805878,0.7088930634813738,0.7631548822833594,0.8952952235999821,0.9746113737147313,1.0252246915694978,1.3540367510123867,1.4419112925397697,1.6559057876107253,1.7843536990241553,1.5175402361089283,2.126628939287711,2.2894064085348855,2.6858055190341807,2.923739139039748,1.4001136591449947,1.8793915394153076,2.0074775318560087,2.3193954921765267,2.5066205346152284,100,0,5|25|50|75|95,M2-COST-LEDGER-v1,BREAKEVEN_HURDLE,"required_move_bps_spread_only is the full quoted spread at the decision instant (cross in, cross out); the fee terms are the ledger round trip in bps of entry notional; realized_move_bps is the side-signed mid move, so realized minus spread_only differs from cross_to_cross_bps by the measured spread-change term"
"[0.8,1.0]",ONE_TICK,200+,964,0.03387500503516049,0.4772219076332689,0.06950207468879668,0.9788538125714754,0.03403775383037082,1.4316429082408768,0.023167734615487982,1.33252310413563,0.024973865840582036,0.00933609958506224,0.004149377593360996,0.004149377593360996,0.004149377593360996,0.00933609958506224,0.0,0.0,0.0,0.0,0.2404164029783423,0.476432095462422,0.47767467986377404,0.48024972985952696,0.48075767409437276,0.4822414582981699,0.9775747478297739,0.9795870765464114,0.9837572936111478,0.9845798941799455,0.9869828384399455,1.4292735881738086,1.4330012228262836,1.440726126152088,1.4422499100445676,1.4467011197728286,1.3306587385274127,1.333591924980056,1.339670466544923,1.3408694956414138,1.3443720461363335,100,0,5|25|50|75|95,M2-COST-LEDGER-v1,BREAKEVEN_HURDLE,"required_move_bps_spread_only is the full quoted spread at the decision instant (cross in, cross out); the fee terms are the ledger round trip in bps of entry notional; realized_move_bps is the side-signed mid move, so realized minus spread_only differs from cross_to_cross_bps by the measured spread-change term"
"[0.8,1.0]",WIDER_THAN_ONE_TICK,5-25,286,0.10520529674779791,26.298564021994647,0.0023892773892773894,31.06632263352713,0.0021394626163971967,41.0257911778703,0.001790676591406241,36.52362920118126,0.0019281407662206386,0.0,0.0,0.0,0.0,0.0,0.0,0.0,0.0,0.0,0.0,9.157509157509157,9.186954524575103,21.52852529601722,42.40282685512368,49.48745139625309,12.198749432108698,12.237307141654993,28.395815618597865,46.97765619221818,54.06228073334759,18.31082723531236,18.369690980038833,41.96784291057896,56.507199210553864,63.98868889108625,15.590593825701376,15.640052779855177,36.36482637128604,52.20415830787403,59.28878284900345,100,0,5|25|50|75|95,M2-COST-LEDGER-v1,BREAKEVEN_HURDLE,"required_move_bps_spread_only is the full quoted spread at the decision instant (cross in, cross out); the fee terms are the ledger round trip in bps of entry notional; realized_move_bps is the side-signed mid move, so realized minus spread_only differs from cross_to_cross_bps by the measured spread-change term"
"[0.8,1.0]",WIDER_THAN_ONE_TICK,25-50,1390,0.02667212277977524,8.55238896923867,0.007244233260606369,10.217177046258797,0.00554611127544402,13.261954996745137,0.003853087651847507,11.962349123845568,0.0044397319321323,0.002158273381294964,0.002158273381294964,0.0007194244604316547,0.0014388489208633094,0.002158273381294964,0.0,0.0,0.0,0.0,0.0,4.01530153160446,4.206983592763988,6.2460961898813245,8.94854586129754,22.471910112359552,5.464791531452135,5.715822709483231,8.303756260410497,10.539832086700043,24.068482502931943,8.02979709204893,8.413082436086807,11.185432395503318,13.487187777867593,26.96124793503071,6.952398991834877,7.2744304907660915,9.961367533056439,12.256374294721525,25.732047037163145,100,0,5|25|50|75|95,M2-COST-LEDGER-v1,BREAKEVEN_HURDLE,"required_move_bps_spread_only is the full quoted spread at the decision instant (cross in, cross out); the fee terms are the ledger round trip in bps of entry notional; realized_move_bps is the side-signed mid move, so realized minus spread_only differs from cross_to_cross_bps by the measured spread-change term"
"[0.8,1.0]",WIDER_THAN_ONE_TICK,50-100,3494,0.023820293842474412,4.911419233852871,0.008316715482571235,5.945348079210793,0.0062650868845705735,7.5843130041770745,0.004534059998491383,6.935812921848359,0.00508693677881581,0.0017172295363480253,0.0008586147681740126,0.0,0.00028620492272467084,0.0017172295363480253,0.0,0.0,0.0,0.0,0.0,2.0671834625322996,2.311871459946827,3.399626041135475,5.121114354483535,12.408047505096162,2.913427364971324,3.233890877422555,4.308459269613489,5.976386746161085,13.661394830244928,4.134153284772895,4.623475713298653,5.7624433058468565,7.984828904777787,15.9838213772654,3.6793616353309764,4.0904766379403545,5.199188496241581,6.9226621905354,14.969404007795228,100,0,5|25|50|75|95,M2-COST-LEDGER-v1,BREAKEVEN_HURDLE,"required_move_bps_spread_only is the full quoted spread at the decision instant (cross in, cross out); the fee terms are the ledger round trip in bps of entry notional; realized_move_bps is the side-signed mid move, so realized minus spread_only differs from cross_to_cross_bps by the measured spread-change term"
"[0.8,1.0]",WIDER_THAN_ONE_TICK,100-200,18124,0.025355929197878165,4.822851540083285,0.009989808145947337,5.5056696093365085,0.007465344074743243,6.362215766889494,0.00590558930792846,6.076094877857591,0.0062908897564658665,0.0020414919443831384,0.0009931582432134187,0.0006069300375193114,0.0006069300375193114,0.0020414919443831384,0.0,0.0,0.0,0.0,0.0,1.0139416983523448,1.7436791630340018,3.317299718029524,5.822900636359855,13.330598851517637,1.5339942178697332,2.4897366994301313,4.028554110362078,6.582288335243008,14.103792584980136,2.027831995422202,3.3451808546886026,4.880381866182686,7.575399019443637,15.101989230560953,1.9097003924616422,3.016491107239197,4.4707061908929235,7.188478772641377,14.733303301003716,100,0,5|25|50|75|95,M2-COST-LEDGER-v1,BREAKEVEN_HURDLE,"required_move_bps_spread_only is the full quoted spread at the decision instant (cross in, cross out); the fee terms are the ledger round trip in bps of entry notional; realized_move_bps is the side-signed mid move, so realized minus spread_only differs from cross_to_cross_bps by the measured spread-change term"
"[0.8,1.0]",WIDER_THAN_ONE_TICK,200+,31363,0.006265987567972809,3.9746289297598305,0.0031288547393399546,4.318386745675879,0.002502625427042884,4.419367641353211,0.002300354744567686,4.483188677905211,0.0022726773289549395,0.0009565411472116825,0.00047827057360584125,0.0004145011637917291,0.00035073175397761695,0.0009565411472116825,0.0,0.0,0.0,0.0,0.0,1.2375471814862942,2.153481718478411,3.079291762894534,4.392207897840498,10.346621560989421,1.5562103991578233,2.5065058197552776,3.380460198432428,4.7287571016661225,10.794762735473753,1.6290584949268694,2.535336808444122,3.4976851288505664,4.871775933469369,10.985768662643121,1.7437521247880283,2.635282581681905,3.6167805501599144,4.911838139854311,10.952769088306582,100,0,5|25|50|75|95,M2-COST-LEDGER-v1,BREAKEVEN_HURDLE,"required_move_bps_spread_only is the full quoted spread at the decision instant (cross in, cross out); the fee terms are the ledger round trip in bps of entry notional; realized_move_bps is the side-signed mid move, so realized minus spread_only differs from cross_to_cross_bps by the measured spread-change term"
"[-1.0,-0.8)",ONE_TICK,5-25,2938,0.2823583242587407,6.855706416909448,0.03965282505105514,11.310394195128241,0.024006052575051628,20.572212561280054,0.013214470626714582,16.39316899548007,0.016569044298795035,0.0003403675970047651,0.0003403675970047651,0.0,0.0,0.0003403675970047651,-0.0,0.0,-0.0,-0.0,0.0,4.501462975467027,4.558924093913836,6.932409012131716,8.768084173608067,10.15022864581681,7.496747081725469,7.589821494734629,11.434525516986085,14.408294699923857,16.647488179720586,13.506415699465226,13.678851134497512,20.802034532242672,26.311943822730875,30.460993888444015,10.83361335817752,10.969292538966275,16.57404008009288,20.909329787643152,24.173825037263285,250,0,5|25|50|75|95,M2-COST-LEDGER-v1,BREAKEVEN_HURDLE,"required_move_bps_spread_only is the full quoted spread at the decision instant (cross in, cross out); the fee terms are the ledger round trip in bps of entry notional; realized_move_bps is the side-signed mid move, so realized minus spread_only differs from cross_to_cross_bps by the measured spread-change term"
"[-1.0,-0.8)",ONE_TICK,25-50,6607,0.13086642281835353,2.7020178439448532,0.04820644770697745,4.582153734133223,0.028382828392334095,8.106814906699883,0.01606736176255382,6.584949928910664,0.019759168815493645,0.002270319358256395,0.0019676101104888753,0.0,0.0006054184955350386,0.002270319358256395,0.0,-0.0,0.0,-0.0,1.5530236228341834,2.0574015019030965,2.132423499306962,2.96868042155262,3.178639622566351,3.704389701796629,3.538092859927788,3.65960072259551,5.01405096787091,5.354119882153562,6.205684255334976,6.172627839351656,6.397725269407196,8.906922701837656,9.536929403316025,11.114541609910745,5.063027016306389,5.2401466812220825,7.214520089011051,7.7102413850183815,8.951582736253837,250,0,5|25|50|75|95,M2-COST-LEDGER-v1,BREAKEVEN_HURDLE,"required_move_bps_spread_only is the full quoted spread at the decision instant (cross in, cross out); the fee terms are the ledger round trip in bps of entry notional; realized_move_bps is the side-signed mid move, so realized minus spread_only differs from cross_to_cross_bps by the measured spread-change term"
"[-1.0,-0.8)",ONE_TICK,50-100,8932,0.07209161413082273,1.595802247694796,0.044278996865203764,2.7904831647403205,0.025306691016402913,4.787669615073404,0.014758864581490505,3.9732583445287704,0.017775763724285246,0.0033587102552619795,0.0012315270935960591,0.0,0.0003358710255261979,0.0033587102552619795,-0.0,-0.0,-0.0,0.0,0.8178902522482205,1.0331112144222325,1.4139271827500883,1.649212501030758,1.816695431010991,1.9602077820248947,1.8791566736638896,2.4959170017546133,2.8769839013276406,3.148240489150526,3.380675533446184,3.0994403806584137,4.241981481392623,4.947909515709959,5.4504163612435494,5.8810076251929,2.644853543175203,3.5438779746052917,4.099345768390151,4.494748483336572,4.833563202530678,250,0,5|25|50|75|95,M2-COST-LEDGER-v1,BREAKEVEN_HURDLE,"required_move_bps_spread_only is the full quoted spread at the decision instant (cross in, cross out); the fee terms are the ledger round trip in bps of entry notional; realized_move_bps is the side-signed mid move, so realized minus spread_only differs from cross_to_cross_bps by the measured spread-change term"
"[-1.0,-0.8)",ONE_TICK,100-200,5687,0.04873054763519117,0.7944570183940292,0.06620362229646562,1.4926431962675342,0.03466259726971633,2.3834358008750787,0.022067332641383927,2.081453584924929,0.024966698638514397,0.014770529277299103,0.007561104272903112,0.0019342359767891683,0.0026375945138034113,0.014770529277299103,0.0,-0.0,0.0,-0.0,0.6675277426650393,0.5068809083305877,0.7126821793821045,0.7804878048780488,0.8958566629339306,0.9741366713749939,1.0269015895957945,1.3602045227646147,1.4700188695049612,1.656864726005065,1.7836437342098699,1.5206684184684627,2.138097331545172,2.34152433313281,2.6876502483128952,2.9225049129726557,1.4025696755649755,1.888404936135009,2.048475004378517,2.3208299652095086,2.5056291214480577,250,0,5|25|50|75|95,M2-COST-LEDGER-v1,BREAKEVEN_HURDLE,"required_move_bps_spread_only is the full quoted spread at the decision instant (cross in, cross out); the fee terms are the ledger round trip in bps of entry notional; realized_move_bps is the side-signed mid move, so realized minus spread_only differs from cross_to_cross_bps by the measured spread-change term"
"[-1.0,-0.8)",ONE_TICK,200+,1002,0.10227152483056512,0.47633701086226843,0.21007984031936128,0.9774348326581026,0.10277206247389836,1.4290337721078992,0.0700254770802616,1.330465191808522,0.0754213904568473,0.03093812375249501,0.010978043912175649,0.007984031936127744,0.007984031936127744,0.03093812375249501,-0.24019349990983418,0.0,-0.0,-0.0,0.48047471032939987,0.4762018143289126,0.47875523638539796,0.48031893177069573,0.4807807879997115,0.4817071702112286,0.9772158626169263,0.9813512051698093,0.9838836563011727,0.9846316462140488,0.9861319498248902,1.4286281203434847,1.4362886303625129,1.4409798664937852,1.4423654795714218,1.4451447153723636,1.33014600214738,1.336173822108575,1.339865211611226,1.34095550793817,1.3431424031222552,250,0,5|25|50|75|95,M2-COST-LEDGER-v1,BREAKEVEN_HURDLE,"required_move_bps_spread_only is the full quoted spread at the decision instant (cross in, cross out); the fee terms are the ledger round trip in bps of entry notional; realized_move_bps is the side-signed mid move, so realized minus spread_only differs from cross_to_cross_bps by the measured spread-change term"
"[-1.0,-0.8)",WIDER_THAN_ONE_TICK,5-25,214,0.10973239441430029,31.373944835882135,0.007904984423676013,36.54401772467259,0.005750011414651601,47.40000743084731,0.00356437620457836,42.482619453800304,0.004325679035575475,0.0,0.0,0.0,0.0,0.0,-0.0,0.0,-0.0,-0.0,0.8005489478499412,9.153318077803204,13.927576601671309,29.39735423811857,35.24850193866761,48.899755501222494,12.195856539341666,18.450649772403015,35.682843933898745,39.829501938667605,55.1792849129872,18.31082723531236,27.864858831636464,49.02443961593997,49.37279572397834,68.50759863847739,15.589253975239103,23.615235138256676,42.955837064418866,45.06338611945857,62.44514765808524,250,0,5|25|50|75|95,M2-COST-LEDGER-v1,BREAKEVEN_HURDLE,"required_move_bps_spread_only is the full quoted spread at the decision instant (cross in, cross out); the fee terms are the ledger round trip in bps of entry notional; realized_move_bps is the side-signed mid move, so realized minus spread_only differs from cross_to_cross_bps by the measured spread-change term"
"[-1.0,-0.8)",WIDER_THAN_ONE_TICK,25-50,926,0.07188205143034347,9.30879033810932,0.022863027079972332,11.014261677741063,0.017368618771720093,14.149698617792104,0.012205096506302134,12.808103808952035,0.01395110566888136,0.004319654427645789,0.0021598272138228943,0.0010799136069114472,0.0010799136069114472,0.004319654427645789,0.0,0.0,-0.0,-0.0,1.5845977773833735,4.108463434675431,4.212302159870363,6.568144499178982,10.492078480747036,20.652622883106154,5.587321458098485,5.723337614219949,8.368310805972964,11.998729331051466,22.139375415667658,8.21777101634792,8.42549168158008,12.07703673291499,15.838323263158212,25.37744238128336,7.110062366255461,7.2845729101951795,10.673274582796093,14.018398041358466,24.052194506919992,250,0,5|25|50|75|95,M2-COST-LEDGER-v1,BREAKEVEN_HURDLE,"required_move_bps_spread_only is the full quoted spread at the decision instant (cross in, cross out); the fee terms are the ledger round trip in bps of entry notional; realized_move_bps is the side-signed mid move, so realized minus spread_only differs from cross_to_cross_bps by the measured spread-change term"
"[-1.0,-0.8)",WIDER_THAN_ONE_TICK,50-100,3653,0.04010728003889337,4.676511350709678,0.012206787614167273,5.700492461280017,0.009169189660043457,7.317289754488013,0.006644089276347504,6.679056665805714,0.007443523840621745,0.0032849712565015056,0.0016424856282507528,0.0010949904188338351,0.0010949904188338351,0.0032849712565015056,-0.0,0.0,0.0,0.0,0.5731382370581645,2.063344681729083,2.3113371085172774,3.392322044439419,4.584001833600733,11.421570627288048,2.90853164004522,3.2333565259930057,4.298955385312524,5.54169315974584,12.271180270189728,4.126902254985376,4.6229413618691035,5.774088806694426,7.896555204762096,14.489473294947176,3.673201470833499,4.089942286510805,5.2020164892203695,6.85463939874675,13.536962695200845,250,0,5|25|50|75|95,M2-COST-LEDGER-v1,BREAKEVEN_HURDLE,"required_move_bps_spread_only is the full quoted spread at the decision instant (cross in, cross out); the fee terms are the ledger round trip in bps of entry notional; realized_move_bps is the side-signed mid move, so realized minus spread_only differs from cross_to_cross_bps by the measured spread-change term"
"[-1.0,-0.8)",WIDER_THAN_ONE_TICK,100-200,18955,0.0272615145702357,4.396399709607806,0.010634655891398231,5.113000672006036,0.008122679640504539,6.04482896674495,0.00639971182408389,5.723840969101519,0.0068612990692589896,0.003798470060670008,0.0022157742020575046,0.000949617515167502,0.0012661566868900026,0.003798470060670008,-0.0,-0.0,0.0,-0.0,0.47128240677630284,1.1412268188302426,1.880936706479827,2.8367453075504705,4.871632484045404,12.248551373251049,1.7007419980130773,2.668222233885299,3.625382927229746,5.631112785684033,12.775500061323807,2.2825187613091287,3.4951286710952445,4.718806353447262,6.6282947779106305,13.38797868199055,2.1236579989261113,3.2701746564301626,4.325607794954614,6.231614833636426,13.154104403597115,250,0,5|25|50|75|95,M2-COST-LEDGER-v1,BREAKEVEN_HURDLE,"required_move_bps_spread_only is the full quoted spread at the decision instant (cross in, cross out); the fee terms are the ledger round trip in bps of entry notional; realized_move_bps is the side-signed mid move, so realized minus spread_only differs from cross_to_cross_bps by the measured spread-change term"
"[-1.0,-0.8)",WIDER_THAN_ONE_TICK,200+,30811,0.018133274936661854,3.6142405382555367,0.0067056351107296465,3.9714064793840103,0.00554015870609468,4.102266175474179,0.005221372976888622,4.152248771486114,0.005111200674008183,0.001979812404660673,0.0009736782318003311,0.0008763104086202979,0.0007789425854402649,0.001979812404660673,-0.04059611332877901,-0.0,0.0,-0.0,0.16440202882101232,1.0496098075540419,1.892326615573848,2.7556222348096324,3.89417577335897,9.426794821312143,1.4639378365138183,2.2419411222144054,3.0459662797001235,4.248844059586203,9.837358939966041,1.5282295476751182,2.307277580461812,3.1801804332849617,4.289459764674657,10.266642483432154,1.6435520572493478,2.3835583619399046,3.239543377815429,4.383516530810288,10.168250101809818,250,0,5|25|50|75|95,M2-COST-LEDGER-v1,BREAKEVEN_HURDLE,"required_move_bps_spread_only is the full quoted spread at the decision instant (cross in, cross out); the fee terms are the ledger round trip in bps of entry notional; realized_move_bps is the side-signed mid move, so realized minus spread_only differs from cross_to_cross_bps by the measured spread-change term"
"[-0.8,-0.6)",ONE_TICK,5-25,6735,0.12450177694238948,7.023257957584681,0.01677802524127691,11.58180392439328,0.010171862330985928,21.075060917418742,0.005591291545265836,16.78882597738643,0.007017566945720049,0.0005939123979213066,0.00044543429844097997,0.0,0.0,0.0005939123979213066,-0.0,-0.0,0.0,-0.0,0.0,4.503490204908804,4.577706569008926,6.93721817551162,8.752735229759299,10.178117048346056,7.500030745449345,7.620245030547387,11.44231602422779,14.383428749899403,16.69267101983282,13.512499213917813,13.735215726518083,20.816468695983513,26.265870080897653,30.544715826350128,10.838400114818715,11.013642466444825,16.585397217843333,20.87307848720238,24.23969749641123,250,0,5|25|50|75|95,M2-COST-LEDGER-v1,BREAKEVEN_HURDLE,"required_move_bps_spread_only is the full quoted spread at the decision instant (cross in, cross out); the fee terms are the ledger round trip in bps of entry notional; realized_move_bps is the side-signed mid move, so realized minus spread_only differs from cross_to_cross_bps by the measured spread-change term"
"[-0.8,-0.6)",ONE_TICK,25-50,20639,0.07849858794884902,2.7187185283772997,0.029919085226997433,4.609203567296072,0.01758588240984569,8.156926886468577,0.009972156162647319,6.624380618262018,0.012248993763884615,0.0019380783952710886,0.0011628470371626532,0.00014535587964533165,0.00038761567905421776,0.0019380783952710886,-0.0,-0.0,0.0,-0.0,0.0,2.0557097337855894,2.131060202450719,2.970444081390168,3.224246332419797,3.7154003343860302,3.535352825890852,3.6573926832691335,5.016907539500686,5.427988996076682,6.22351850606942,6.1675518390487465,6.393634797506133,8.91221472904317,9.673778741320152,11.147581679610854,5.059032924575064,5.236928062638272,7.218684128924334,7.817921275986389,8.977580193174585,250,0,5|25|50|75|95,M2-COST-LEDGER-v1,BREAKEVEN_HURDLE,"required_move_bps_spread_only is the full quoted spread at the decision instant (cross in, cross out); the fee terms are the ledger round trip in bps of entry notional; realized_move_bps is the side-signed mid move, so realized minus spread_only differs from cross_to_cross_bps by the measured spread-change term"
"[-0.8,-0.6)",ONE_TICK,50-100,23274,0.055619337355859055,1.6089697198642456,0.03488871702328779,2.8118090953779893,0.019899145758172213,4.827175936212087,0.011628954331500907,4.004344372701629,0.013985795988331518,0.003351379221448827,0.0017186560109993985,8.593280054996992e-05,0.00047263040302483457,0.003351379221448827,-0.0,0.0,-0.0,-0.0,0.0,1.0323646311877355,1.422778686775272,1.6481252575195715,1.8176860856130146,1.966761726816796,1.8779475343469343,2.5102527903609295,2.8752229994018856,3.149844965816614,3.3912904443620357,3.0972004767380144,4.268538504646644,4.944647426631159,5.453388685140373,5.900672033661801,2.6430910404382,3.564774702711527,4.096778957865706,4.497087285394873,4.849036313756214,250,0,5|25|50|75|95,M2-COST-LEDGER-v1,BREAKEVEN_HURDLE,"required_move_bps_spread_only is the full quoted spread at the decision instant (cross in, cross out); the fee terms are the ledger round trip in bps of entry notional; realized_move_bps is the side-signed mid move, so realized minus spread_only differs from cross_to_cross_bps by the measured spread-change term"
"[-0.8,-0.6)",ONE_TICK,100-200,6653,0.05098806815447118,0.7971573856584822,0.06839019990981512,1.4970166560612652,0.0359022739559895,2.3915375968054815,0.02279616676189008,2.087828592723686,0.025841437822211304,0.01127310987524425,0.005711709003457087,0.00135277318502931,0.0019540057117090033,0.01127310987524425,-0.0,0.0,0.0,0.0,0.49761003808873544,0.5068295278882947,0.7112122612993848,0.7774538386783285,0.941575255402288,0.9657636776280845,1.0268183773561104,1.3578239255952593,1.4651052148251176,1.7309085887356213,1.7700831676802382,1.520514271932897,2.1336873679850177,2.3324219618318036,2.8248144267770527,2.89738430733641,1.402448382424534,1.8849348786535811,2.041312647572746,2.4287598128410828,2.485862576604325,250,0,5|25|50|75|95,M2-COST-LEDGER-v1,BREAKEVEN_HURDLE,"required_move_bps_spread_only is the full quoted spread at the decision instant (cross in, cross out); the fee terms are the ledger round trip in bps of entry notional; realized_move_bps is the side-signed mid move, so realized minus spread_only differs from cross_to_cross_bps by the measured spread-change term"
"[-0.8,-0.6)",ONE_TICK,200+,1304,0.024147936116064625,0.4771452685732939,0.04984662576687116,0.978743826000298,0.024403368275113073,1.4314586097419917,0.016615273609732344,1.3323732233904297,0.017907675856712935,0.02530674846625767,0.006901840490797546,0.006134969325153374,0.006134969325153374,0.02530674846625767,-0.24026332860815452,-0.0,-0.0,0.0,0.4783659020784998,0.47634131774552824,0.4782972617481765,0.4802727949475302,0.48075767409437276,0.4815911772496328,0.977441792516336,0.9806095016678207,0.9838089363432365,0.9845942125559113,0.9859440957624435,1.429046643882115,1.4349146626186984,1.4408414515922638,1.4422961356328343,1.4447967253135896,1.3304753254641837,1.3350926891170003,1.3397562971808523,1.340900943325142,1.3428685804474754,250,0,5|25|50|75|95,M2-COST-LEDGER-v1,BREAKEVEN_HURDLE,"required_move_bps_spread_only is the full quoted spread at the decision instant (cross in, cross out); the fee terms are the ledger round trip in bps of entry notional; realized_move_bps is the side-signed mid move, so realized minus spread_only differs from cross_to_cross_bps by the measured spread-change term"
"[-0.8,-0.6)",WIDER_THAN_ONE_TICK,5-25,275,-0.13782007498319143,18.132937642166645,0.0006060606060606055,22.68286987796778,-5.719756982311772e-05,32.15693194660936,-0.00036199631719520143,27.879587183427763,-0.00030542500039748544,0.0,0.0,0.0,0.0,0.0,-0.0,-0.0,0.0,-0.0,2.290740926574946,9.132420091324201,13.88888888888889,13.97624039133473,20.913210177762288,42.73504273504273,12.168479479172534,18.399961856227318,18.514408223502564,25.45111249215116,49.573805047676565,18.269012142489117,27.7874295421203,27.92321457114231,35.96940548137577,64.1483189663061,15.554125893060153,23.550191182148097,23.697051580145917,31.04650665689907,57.50868727465729,250,0,5|25|50|75|95,M2-COST-LEDGER-v1,BREAKEVEN_HURDLE,"required_move_bps_spread_only is the full quoted spread at the decision instant (cross in, cross out); the fee terms are the ledger round trip in bps of entry notional; realized_move_bps is the side-signed mid move, so realized minus spread_only differs from cross_to_cross_bps by the measured spread-change term"
"[-0.8,-0.6)",WIDER_THAN_ONE_TICK,25-50,2420,0.10160310865887712,7.644116111786122,0.014902906636422623,9.32145568069849,0.011277107628988812,12.394203501333715,0.007963502352516603,11.081643313681854,0.009074350854914212,0.002892561983471074,0.002066115702479339,0.0008264462809917355,0.0012396694214876034,0.002892561983471074,-0.0,-0.0,-0.0,0.0,1.1218434157795072,4.110152075626798,4.189359028068705,6.159534212494446,8.366450533361222,18.732257359057996,5.589533370590827,5.693284860878259,7.784132033918993,9.912297200923604,20.86792446882821,8.22114899237911,8.379595776444988,10.469231637157922,13.473495700733405,24.354771269762132,7.1129002770656475,7.246014800119827,9.33621168314263,11.526567292843662,23.183194696881944,250,0,5|25|50|75|95,M2-COST-LEDGER-v1,BREAKEVEN_HURDLE,"required_move_bps_spread_only is the full quoted spread at the decision instant (cross in, cross out); the fee terms are the ledger round trip in bps of entry notional; realized_move_bps is the side-signed mid move, so realized minus spread_only differs from cross_to_cross_bps by the measured spread-change term"
"[-0.8,-0.6)",WIDER_THAN_ONE_TICK,50-100,7444,0.06788972812142101,4.916531236645601,0.016371905746643683,6.044091583643491,0.012511316828495397,7.891705883934993,0.009153441351273387,7.1465693257684,0.010243389748964977,0.0032240730789897904,0.002015045674368619,0.0006716818914562063,0.0013433637829124126,0.0032240730789897904,0.0,-0.0,-0.0,0.0,0.7154099298898269,2.0740433475059628,2.8734600161490866,3.516792685071215,5.4015125548325145,12.651494147955209,2.9225449031998023,3.952015445815217,4.796167460883815,6.585832973155266,13.739230316420505,4.148301800109158,5.65251186316584,6.934211718907961,8.194794649360373,15.986580236448939,3.691180041137989,4.958949299257461,6.076490312756524,7.743411523892412,15.056305134263049,250,0,5|25|50|75|95,M2-COST-LEDGER-v1,BREAKEVEN_HURDLE,"required_move_bps_spread_only is the full quoted spread at the decision instant (cross in, cross out); the fee terms are the ledger round trip in bps of entry notional; realized_move_bps is the side-signed mid move, so realized minus spread_only differs from cross_to_cross_bps by the measured spread-change term"
"[-0.8,-0.6)",WIDER_THAN_ONE_TICK,100-200,13307,0.024299541028088772,4.1164794017678386,0.010186409918214309,4.833072139715606,0.007772905559623158,5.764882107006797,0.00601244363004408,5.4439025977662485,0.006511060869409969,0.0034568272337867287,0.0019538588712707597,0.0007514841812579845,0.0012023746900127752,0.0034568272337867287,0.0,-0.0,0.0,-0.0,0.4734422586207435,1.0185166345955252,1.756543123133673,2.6142651736307787,4.7225501770956315,12.260102796246523,1.540018229342649,2.506680145531565,3.3601815062087814,5.51381234053446,12.860133598241644,2.037085140639508,3.427918501661967,4.187639778339609,6.600171199186402,13.54470499430072,1.917457956373801,3.136023220929198,3.8663733404540936,6.2047853240354325,13.287009212837688,250,0,5|25|50|75|95,M2-COST-LEDGER-v1,BREAKEVEN_HURDLE,"required_move_bps_spread_only is the full quoted spread at the decision instant (cross in, cross out); the fee terms are the ledger round trip in bps of entry notional; realized_move_bps is the side-signed mid move, so realized minus spread_only differs from cross_to_cross_bps by the measured spread-change term"
"[-0.8,-0.6)",WIDER_THAN_ONE_TICK,200+,10491,0.018264367987968613,4.267039768384837,0.007069600389498161,4.656432409461433,0.005528835827244001,4.859106406243101,0.0048914253391225595,4.875828030719554,0.004921195478961332,0.002764274139738824,0.0016204365646744828,0.0010485177771423124,0.0009531979792202841,0.002764274139738824,-0.15346367529266197,-0.0,0.0,-0.0,0.2392659362637612,0.9600614439324117,1.8453305452702184,2.9292584094126837,4.60222161789009,12.958532695374801,1.4569095002756414,2.1362823733968628,3.349848936560949,4.99963965581189,13.473494841901159,1.6299639541364443,2.3019663052074844,3.4979101023497146,5.205874819410205,13.955989181335601,1.70151863155776,2.3262832277429917,3.610524512259507,5.208727712902844,13.843111319882308,250,0,5|25|50|75|95,M2-COST-LEDGER-v1,BREAKEVEN_HURDLE,"required_move_bps_spread_only is the full quoted spread at the decision instant (cross in, cross out); the fee terms are the ledger round trip in bps of entry notional; realized_move_bps is the side-signed mid move, so realized minus spread_only differs from cross_to_cross_bps by the measured spread-change term"
"[-0.6,-0.4)",ONE_TICK,5-25,10700,0.08674281703761938,7.489087788909329,0.010981308411214953,12.336434753835512,0.0066645903802873335,22.473258781407097,0.0036594721937502654,17.888954172644496,0.004596356402333391,0.0008411214953271028,0.0005607476635514019,0.0,9.345794392523364e-05,0.0008411214953271028,-0.0,-0.0,-0.0,0.0,0.0,4.505519261094841,6.828269033799931,6.9613644274277755,9.153318077803204,10.38961038961039,7.503317368350363,11.265826410849112,11.481431279795462,15.032395000880127,17.03531932931933,13.51858821107231,20.489471219592282,20.888941029099083,27.46833639282152,31.179631179631183,10.843191185385063,16.32810783161414,16.642420137734184,21.819189872674997,24.739248643248644,250,0,5|25|50|75|95,M2-COST-LEDGER-v1,BREAKEVEN_HURDLE,"required_move_bps_spread_only is the full quoted spread at the decision instant (cross in, cross out); the fee terms are the ledger round trip in bps of entry notional; realized_move_bps is the side-signed mid move, so realized minus spread_only differs from cross_to_cross_bps by the measured spread-change term"
"[-0.6,-0.4)",ONE_TICK,25-50,29665,0.043459230784793565,2.738723048260328,0.01682116972863644,4.641604155791394,0.009880399721327478,8.216950998320266,0.005606573674150385,6.671610826737655,0.006883378572442394,0.0016180684308107196,0.0011124220461823698,0.0001348390359008933,0.0004045171077026799,0.0016180684308107196,0.0,0.0,0.0,0.0,-0.0,2.056555269922879,2.134699541039599,2.9748624126134167,3.2325844512687896,3.7154003343860302,3.5367222793840063,3.66328707306351,5.024063840759801,5.441494247583048,6.22351850606942,6.17008879522111,6.404554365975551,8.925472350132011,9.698798482953238,11.147581679610854,5.061029148984994,5.245520207136952,7.229115908596755,7.837608052950006,8.977580193174585,250,0,5|25|50|75|95,M2-COST-LEDGER-v1,BREAKEVEN_HURDLE,"required_move_bps_spread_only is the full quoted spread at the decision instant (cross in, cross out); the fee terms are the ledger round trip in bps of entry notional; realized_move_bps is the side-signed mid move, so realized minus spread_only differs from cross_to_cross_bps by the measured spread-change term"
"[-0.6,-0.4)",ONE_TICK,50-100,33929,0.03793643071833341,1.6145272247427827,0.023770226060302397,2.820810057667781,0.013558363861441868,4.843850333459485,0.007922987159287177,4.017464799510734,0.00952911477246486,0.0024168115771169207,0.0012968257243066404,0.00020631318341242006,0.0004420996787409001,0.0024168115771169207,0.0,0.0,0.0,0.0,-0.0,1.0324712198647463,1.4147273113107448,1.6568635572860575,1.8186778212239703,1.965988400668436,1.8781201615271108,2.4972128800713556,2.8893755705420645,3.1514511933592924,3.3900379484466505,3.097520264779563,4.244382093427326,4.970865214286886,5.4563642526535805,5.898351751042011,2.6433426705617005,3.545766926477694,4.117408710558634,4.499428639703417,4.847210579197732,250,0,5|25|50|75|95,M2-COST-LEDGER-v1,BREAKEVEN_HURDLE,"required_move_bps_spread_only is the full quoted spread at the decision instant (cross in, cross out); the fee terms are the ledger round trip in bps of entry notional; realized_move_bps is the side-signed mid move, so realized minus spread_only differs from cross_to_cross_bps by the measured spread-change term"
"[-0.6,-0.4)",ONE_TICK,100-200,8826,0.024060906564385094,0.8177992370614194,0.030194878767278496,1.5304470544616813,0.01604564863681226,2.4534661213237663,0.010064692242076649,2.1365581394270525,0.011510973116090454,0.009177430319510536,0.0039655563108996145,0.0006798096532970768,0.0011330160888284614,0.009177430319510536,0.0,0.0,-0.0,-0.0,0.38130826908559545,0.5109731483610537,0.7121746252181035,0.7814636814754035,0.945760627985057,0.9657636776280845,1.033529101350323,1.3593825163939457,1.4715993488714645,1.7376870443285735,1.7700831676802382,1.5329455551060716,2.136574596730104,2.3444521153609927,2.837371334501656,2.89738430733641,1.41223017442135,1.887206745437461,2.050778779943675,2.4386404161246578,2.485862576604325,250,0,5|25|50|75|95,M2-COST-LEDGER-v1,BREAKEVEN_HURDLE,"required_move_bps_spread_only is the full quoted spread at the decision instant (cross in, cross out); the fee terms are the ledger round trip in bps of entry notional; realized_move_bps is the side-signed mid move, so realized minus spread_only differs from cross_to_cross_bps by the measured spread-change term"
"[-0.6,-0.4)",ONE_TICK,200+,1326,0.01931542685607172,0.47821753546401313,0.03996983408748114,0.9804803886787562,0.019546063955269605,1.434675495802167,0.013323063411581593,1.3349044940037023,0.014346867993073295,0.02564102564102564,0.00980392156862745,0.0022624434389140274,0.004524886877828055,0.02564102564102564,-0.24031818137609454,0.0,-0.0,-0.0,0.47852614277734684,0.4763662782338693,0.47756632202297095,0.48020360632908354,0.4807345624113646,0.48180000481800006,0.9774822167638184,0.9794257231405028,0.9836968833171742,0.9845567824969373,0.9862822982412716,1.429121527725231,1.4327217735727107,1.4406338790912812,1.4422267983615593,1.445423228137682,1.3305342492600882,1.3333671721113227,1.3395929647616613,1.3408463839584057,1.3433615562513896,250,0,5|25|50|75|95,M2-COST-LEDGER-v1,BREAKEVEN_HURDLE,"required_move_bps_spread_only is the full quoted spread at the decision instant (cross in, cross out); the fee terms are the ledger round trip in bps of entry notional; realized_move_bps is the side-signed mid move, so realized minus spread_only differs from cross_to_cross_bps by the measured spread-change term"
"[-0.6,-0.4)",WIDER_THAN_ONE_TICK,5-25,308,0.04168115639681167,17.92721064887734,0.010822510822510824,22.549445575616712,0.007714227561139776,32.18462768435555,0.004734099706563278,27.832659774866485,0.005748529204721647,0.0,0.0,0.0,0.0,0.0,-3.0521772308866297,-0.0,-0.0,0.0,3.4753612270128262,9.132420091324201,9.178522257916475,13.94700139470014,19.347040881097854,39.29273084479372,12.168479479172534,12.228874874996364,18.476099789675715,25.527089478081386,45.59617178967561,18.269012142489117,18.361258713380202,27.894009571790185,38.67538444625917,58.97777021487246,15.554125893060153,15.631620513196548,23.64789323001068,32.69630959994012,52.89064029361261,250,0,5|25|50|75|95,M2-COST-LEDGER-v1,BREAKEVEN_HURDLE,"required_move_bps_spread_only is the full quoted spread at the decision instant (cross in, cross out); the fee terms are the ledger round trip in bps of entry notional; realized_move_bps is the side-signed mid move, so realized minus spread_only differs from cross_to_cross_bps by the measured spread-change term"
"[-0.6,-0.4)",WIDER_THAN_ONE_TICK,25-50,3336,0.065380266375236,7.824304508013183,0.004639725202457217,9.507169705765781,0.0034111440695080444,12.59223089300946,0.0023489436421384965,11.273967739063616,0.002697161618194436,0.001498800959232614,0.0005995203836930455,0.0,0.00029976019184652276,0.001498800959232614,-0.0,-0.0,-0.0,0.0,1.048272978921784,4.110152075626798,4.186728072011723,6.148170919151553,8.019246190858059,18.726591760299627,5.589533370590827,5.689838624775542,7.66851239552834,9.539312592349651,20.475886783142812,8.22114899237911,8.374332762128976,10.309491154035248,13.071896821212226,23.181412768724567,7.1129002770656475,7.241593231140701,9.19690587872075,11.346122307349614,22.03893228504964,250,0,5|25|50|75|95,M2-COST-LEDGER-v1,BREAKEVEN_HURDLE,"required_move_bps_spread_only is the full quoted spread at the decision instant (cross in, cross out); the fee terms are the ledger round trip in bps of entry notional; realized_move_bps is the side-signed mid move, so realized minus spread_only differs from cross_to_cross_bps by the measured spread-change term"
"[-0.6,-0.4)",WIDER_THAN_ONE_TICK,50-100,11174,0.031138596846557627,4.3942502586904135,0.008390105597317869,5.491660986609053,0.006332796343880489,7.272089574004826,0.004585882590081758,6.558070245452647,0.00514572893059587,0.0010739216037229282,0.0008949346697691068,0.00035797386790764276,0.0006264542688383748,0.0010739216037229282,-0.0,0.0,-0.0,-0.0,0.5653550429669832,2.0641965115078955,2.8308563340410475,3.4788658897199514,4.523223938698865,10.38036627863869,2.9096473785599186,3.911215892726835,4.618817201283167,5.491026631089688,11.50550574451406,4.128606090368342,5.179790559290523,6.134498924193004,7.88682420866675,13.986613525841143,3.6746329276928664,4.7126180421920445,5.528999288388862,6.849382097575224,12.919696758200073,250,0,5|25|50|75|95,M2-COST-LEDGER-v1,BREAKEVEN_HURDLE,"required_move_bps_spread_only is the full quoted spread at the decision instant (cross in, cross out); the fee terms are the ledger round trip in bps of entry notional; realized_move_bps is the side-signed mid move, so realized minus spread_only differs from cross_to_cross_bps by the measured spread-change term"
"[-0.6,-0.4)",WIDER_THAN_ONE_TICK,100-200,17872,0.028487998305953045,4.059108482413061,0.00989792459782279,4.77633339993161,0.007495501698566635,5.709552122505228,0.005848480766178194,5.387920144760523,0.006297736924151972,0.0026298119964189796,0.0013988361683079677,0.00027976723366159354,0.0005595344673231871,0.0026298119964189796,-0.0,-0.0,-0.0,0.0,0.4347212264556125,1.4215651432226881,1.7872701709028438,2.6113069591330462,4.436298961753602,12.392164339164006,2.0577719650428348,2.546926583019589,3.3566122607783844,5.135721497248301,13.056100887733388,2.5580943322985736,3.432625205456065,4.178889935445046,6.093030905243049,13.712646122291089,2.4369593755287737,3.2060575555933912,3.8599352567595373,5.746142252877918,13.494038838390507,250,0,5|25|50|75|95,M2-COST-LEDGER-v1,BREAKEVEN_HURDLE,"required_move_bps_spread_only is the full quoted spread at the decision instant (cross in, cross out); the fee terms are the ledger round trip in bps of entry notional; realized_move_bps is the side-signed mid move, so realized minus spread_only differs from cross_to_cross_bps by the measured spread-change term"
"[-0.6,-0.4)",WIDER_THAN_ONE_TICK,200+,12078,0.014840467779153895,3.805196544808629,0.00529692078070386,4.20949571513562,0.004276141462775847,4.445387570884468,0.00383983992289676,4.446724261567256,0.0038590319757877264,0.0024010597781089584,0.0010763371419109124,0.0009935419771485345,0.0009107468123861566,0.0024010597781089584,-0.16447097909573855,0.0,-0.0,-0.0,0.23947507064514584,0.9592717211908444,1.84945441094877,2.892602188817828,4.265821627715653,10.014544934309354,1.4569692387488593,2.2061592683042224,3.3241815241943757,4.743455023446177,10.51401702008834,1.6869179192117718,2.3069354963984874,3.349762917840521,5.013753033423594,10.964605684138647,1.8065537951502078,2.381313649358434,3.401443009743873,4.956881855715582,10.865658862943434,250,0,5|25|50|75|95,M2-COST-LEDGER-v1,BREAKEVEN_HURDLE,"required_move_bps_spread_only is the full quoted spread at the decision instant (cross in, cross out); the fee terms are the ledger round trip in bps of entry notional; realized_move_bps is the side-signed mid move, so realized minus spread_only differs from cross_to_cross_bps by the measured spread-change term"
"[-0.4,-0.2)",ONE_TICK,5-25,15485,0.03713668637969265,7.828906969023132,0.004681950274459154,12.88692855221524,0.0028414884610290614,23.49322200757715,0.0015602374035433944,18.691481468586773,0.0019596837339282747,0.0004520503713270907,0.00032289312237649337,0.0,6.457862447529868e-05,0.0004520503713270907,0.0,0.0,0.0,0.0,-0.0,4.5075501464953796,6.884681583476764,7.074637424831978,9.272137227630969,10.422094841063053,7.506606954430456,11.3572105090966,11.664926172178049,15.224890474384214,17.087948855661594,13.524682698343891,20.658786266672358,21.228919095037213,27.825012923363808,31.27715219247077,10.84798657571089,16.461328966396874,16.909922633607632,22.099825539319284,24.815978052741887,250,0,5|25|50|75|95,M2-COST-LEDGER-v1,BREAKEVEN_HURDLE,"required_move_bps_spread_only is the full quoted spread at the decision instant (cross in, cross out); the fee terms are the ledger round trip in bps of entry notional; realized_move_bps is the side-signed mid move, so realized minus spread_only differs from cross_to_cross_bps by the measured spread-change term"
"[-0.4,-0.2)",ONE_TICK,25-50,38618,0.021582750051768268,2.764366209244814,0.008027344761510177,4.683137872175895,0.004724350604382311,8.29389538739197,0.002675541767657467,6.732154674900928,0.003289351965979182,0.0010875757418820238,0.0006732611735460148,0.00010357864208400228,0.00023305194468900512,0.0010875757418820238,-0.0,0.0,-0.0,-0.0,0.0,2.0561324149275215,2.139266231682533,2.9890898221491558,3.2451728054518902,3.7181632273656815,3.5360374118430054,3.670683433222969,5.0471077593688864,5.461883613631053,6.22799364759625,6.1688200563011595,6.418256390005169,8.96816306579639,9.736571701914077,11.155872412936525,5.06003083154278,5.2563017473008475,7.262707161461562,7.8673298973051855,8.984103725692197,250,0,5|25|50|75|95,M2-COST-LEDGER-v1,BREAKEVEN_HURDLE,"required_move_bps_spread_only is the full quoted spread at the decision instant (cross in, cross out); the fee terms are the ledger round trip in bps of entry notional; realized_move_bps is the side-signed mid move, so realized minus spread_only differs from cross_to_cross_bps by the measured spread-change term"
"[-0.4,-0.2)",ONE_TICK,50-100,46672,0.017506416706310153,1.5980753978408584,0.01132370586218718,2.794164762987539,0.006442044140155908,4.794489813165089,0.003774374099790348,3.97862489231567,0.0045311237157544745,0.0020354816592389443,0.0013498457319163525,6.427836818649297e-05,0.00017140898183064793,0.0020354816592389443,-0.0,-0.0,-0.0,0.0,0.0,1.0317255610007738,1.4141271300289897,1.6535758577924762,1.8170255292086854,1.965988400668436,1.8769125193169107,2.49624083388983,2.8840508040468174,3.148775120340795,3.3900379484466505,3.095283134257068,4.2425813797815,4.961001027298016,5.451406775801453,5.898351751042011,2.64158235010519,3.5443500122238705,4.109646967433621,4.495527800696964,4.847210579197732,250,0,5|25|50|75|95,M2-COST-LEDGER-v1,BREAKEVEN_HURDLE,"required_move_bps_spread_only is the full quoted spread at the decision instant (cross in, cross out); the fee terms are the ledger round trip in bps of entry notional; realized_move_bps is the side-signed mid move, so realized minus spread_only differs from cross_to_cross_bps by the measured spread-change term"
"[-0.4,-0.2)",ONE_TICK,100-200,12817,0.018672804708785427,0.8209263642674047,0.02430365920262152,1.5355115895684912,0.012813667941516997,2.462847995586491,0.008101012255852177,2.1439404273484612,0.009211659321985992,0.011235078411484746,0.0052274323164547085,0.0007802137785753296,0.0013263634235780603,0.011235078411484746,-0.0,0.0,0.0,0.0,0.35573769354263163,0.5080397287067848,0.7611798287345385,0.8245722531436818,0.941575255402288,0.9656704166867848,1.0287783356264617,1.4387486800704599,1.541415825337959,1.7309085887356213,1.7699321260059544,1.524144997212602,2.283597427881985,2.4737847541744395,2.8248144267770527,2.89710450649847,1.405305287818709,2.0028942231929387,2.1525463605074155,2.4287598128410828,2.4856424108924826,250,0,5|25|50|75|95,M2-COST-LEDGER-v1,BREAKEVEN_HURDLE,"required_move_bps_spread_only is the full quoted spread at the decision instant (cross in, cross out); the fee terms are the ledger round trip in bps of entry notional; realized_move_bps is the side-signed mid move, so realized minus spread_only differs from cross_to_cross_bps by the measured spread-change term"
"[-0.4,-0.2)",ONE_TICK,200+,1467,0.016253967635682615,0.47725969165249044,0.032719836400818,0.9789291370694183,0.016108890283389042,1.43180188831731,0.01090643153248025,1.3326433389233372,0.011803660625920205,0.032038173142467624,0.008861622358554875,0.0054533060668029995,0.0054533060668029995,0.032038173142467624,-0.23995547366482317,-0.0,0.0,-0.0,0.477698683892651,0.47631522541618043,0.4776575672900098,0.4801805478860051,0.48075767409437276,0.4817535830422739,0.9773995352189813,0.9795734975503394,0.9836595394826437,0.9845942125559113,0.9862071167899253,1.4289683644082736,1.4329955180901053,1.4405647015474696,1.4422961356328343,1.4452839583373551,1.3304137297507523,1.333582573260872,1.3395385310792824,1.340900943325142,1.3432519691288953,250,0,5|25|50|75|95,M2-COST-LEDGER-v1,BREAKEVEN_HURDLE,"required_move_bps_spread_only is the full quoted spread at the decision instant (cross in, cross out); the fee terms are the ledger round trip in bps of entry notional; realized_move_bps is the side-signed mid move, so realized minus spread_only differs from cross_to_cross_bps by the measured spread-change term"
"[-0.4,-0.2)",WIDER_THAN_ONE_TICK,5-25,507,0.20693647105437057,17.138691666306194,0.01224699445853292,21.701133594058714,0.009660088132749938,31.203072385442645,0.006795216845276938,26.9128164489612,0.007830155528225987,0.0019723865877712033,0.0,0.0,0.0,0.0019723865877712033,-3.471280420593378,-0.0,0.0,-0.0,4.617687632920215,9.000900090009,9.182736455463727,13.986013986013987,19.120895793859926,32.27541689080151,11.996184196267443,12.234395619450865,18.527213426181937,25.236335366800965,39.15706344252565,18.0058528140072,18.369690980038833,27.942720838262105,37.15746273035728,53.77515638735633,15.333050472719492,15.638704301122893,23.713483545146246,31.744176319973178,47.097924621827985,250,0,5|25|50|75|95,M2-COST-LEDGER-v1,BREAKEVEN_HURDLE,"required_move_bps_spread_only is the full quoted spread at the decision instant (cross in, cross out); the fee terms are the ledger round trip in bps of entry notional; realized_move_bps is the side-signed mid move, so realized minus spread_only differs from cross_to_cross_bps by the measured spread-change term"
"[-0.4,-0.2)",WIDER_THAN_ONE_TICK,25-50,5312,-0.007160769543133334,7.739669801748899,0.001311279534981831,9.452788841081237,0.000915032963405323,12.60526799168381,0.000561759346699151,11.255780040745327,0.0006789775699592216,0.0018825301204819277,0.0015060240963855422,0.00018825301204819278,0.0007530120481927711,0.0018825301204819277,-1.008125653766986,-0.0,-0.0,0.0,1.0466820180029308,4.110996916752312,4.198152812762385,6.238303181534622,8.400273078344355,16.604400166044,5.590640008857576,5.704803663066815,8.269067813969285,9.917500037467613,18.112138713575355,8.22283902201547,8.397187034891296,11.269129656205946,13.467006438849472,21.876467668093216,7.114320107541786,7.260793585384681,10.033781594889446,11.544712355879522,20.083149344140743,250,0,5|25|50|75|95,M2-COST-LEDGER-v1,BREAKEVEN_HURDLE,"required_move_bps_spread_only is the full quoted spread at the decision instant (cross in, cross out); the fee terms are the ledger round trip in bps of entry notional; realized_move_bps is the side-signed mid move, so realized minus spread_only differs from cross_to_cross_bps by the measured spread-change term"
"[-0.4,-0.2)",WIDER_THAN_ONE_TICK,50-100,19199,0.015462608569223572,4.428505672816432,0.0043153570259543755,5.5203690362111955,0.0032486652752747496,7.2884358209835485,0.00235754574503565,6.580141891985855,0.002640176536788035,0.0011458930152612116,0.0005729465076306058,0.00015625813844471066,0.0003125162768894213,0.0011458930152612116,-0.0,-0.0,0.0,-0.0,0.513874614594039,2.0644095788604457,2.8260562385191466,3.46961198172671,4.530011325028313,10.854227849612903,2.909926457150938,3.9065050497591445,4.502541945244789,5.518382084485603,12.166172685996976,4.129032269063812,5.160012055860351,6.140148934781477,7.902795691067593,13.992205056540406,3.674990976610007,4.700249764357151,5.562345548280634,6.85463939874675,13.067048778893014,250,0,5|25|50|75|95,M2-COST-LEDGER-v1,BREAKEVEN_HURDLE,"required_move_bps_spread_only is the full quoted spread at the decision instant (cross in, cross out); the fee terms are the ledger round trip in bps of entry notional; realized_move_bps is the side-signed mid move, so realized minus spread_only differs from cross_to_cross_bps by the measured spread-change term"
"[-0.4,-0.2)",WIDER_THAN_ONE_TICK,100-200,33248,0.016999677177429798,3.823910516896659,0.006124529683537258,4.541781815885328,0.004555891600126923,5.476440941395993,0.003520035092426394,5.154141837457376,0.0037962762696753236,0.0023460057747834457,0.0012331568816169394,0.00045115495668912413,0.0007218479307025986,0.0023460057747834457,0.0,-0.0,-0.0,0.0,0.41302942644177004,1.4216661927779357,1.7834849295523454,2.5173064820641913,4.157831275206852,10.525662858767179,2.064359784162842,2.5419686538009856,3.241158216480149,4.879093688913914,11.257347590240245,2.8377851122933846,3.416402537984069,4.171568275052028,5.829015592947068,12.264839113216745,2.590161841630029,3.137301078192709,3.8510776257273145,5.4941912534757495,11.881395685395685,250,0,5|25|50|75|95,M2-COST-LEDGER-v1,BREAKEVEN_HURDLE,"required_move_bps_spread_only is the full quoted spread at the decision instant (cross in, cross out); the fee terms are the ledger round trip in bps of entry notional; realized_move_bps is the side-signed mid move, so realized minus spread_only differs from cross_to_cross_bps by the measured spread-change term"
"[-0.4,-0.2)",WIDER_THAN_ONE_TICK,200+,16434,0.012964557706796755,4.068736554147132,0.003669732066755623,4.48523802944084,0.00293169547088508,4.748321623699055,0.0026208117075555634,4.737064393228931,0.002646770773922027,0.002677376171352075,0.001582085919435317,0.0009735913350371182,0.001034440793476938,0.002677376171352075,-0.16486744120025257,0.0,-0.0,-0.0,0.2381238699322224,0.9597389510053266,2.060368806016277,3.179274391759973,4.621703987243851,10.887855092546769,1.4593634653428853,2.3904394115492593,3.4913684753422007,5.059347680114273,11.366243805432912,1.8382165230153145,2.505838259806054,3.758500140322844,5.413812305830663,11.814111361479334,1.8088439435320747,2.606284339786657,3.702567420282514,5.361005592289373,11.705991501826421,250,0,5|25|50|75|95,M2-COST-LEDGER-v1,BREAKEVEN_HURDLE,"required_move_bps_spread_only is the full quoted spread at the decision instant (cross in, cross out); the fee terms are the ledger round trip in bps of entry notional; realized_move_bps is the side-signed mid move, so realized minus spread_only differs from cross_to_cross_bps by the measured spread-change term"
"[-0.2,0.0)",ONE_TICK,5-25,16191,0.017418457808936867,8.018581552835492,0.0025322710147612872,13.194205982620048,0.0015344698885650407,24.06256679830621,0.0008438967771914322,19.13944911119643,0.0010588033480967622,0.00037057624606262737,0.0003088135383855228,0.0,0.00012352541535420912,0.00037057624606262737,-0.0,-0.0,0.0,-0.0,-0.0,4.5075501464953796,6.894174422612892,8.707009142359599,10.035122930255895,10.621348911311737,7.506606954430456,11.372588215716341,14.309350605774233,16.461002448328184,17.41077080291641,13.524682698343891,20.687277870888753,26.128611929816046,30.115444215396455,31.87533403352215,10.84798657571089,16.483746836405995,20.765082313091305,23.901946223428585,25.286626275817582,250,0,5|25|50|75|95,M2-COST-LEDGER-v1,BREAKEVEN_HURDLE,"required_move_bps_spread_only is the full quoted spread at the decision instant (cross in, cross out); the fee terms are the ledger round trip in bps of entry notional; realized_move_bps is the side-signed mid move, so realized minus spread_only differs from cross_to_cross_bps by the measured spread-change term"
"[-0.2,0.0)",ONE_TICK,25-50,37047,0.004840041037593067,2.8210132374334087,0.0020649445299214513,4.774887508514876,0.0012074989347378258,8.463868027042665,0.000688261062885608,6.865898136497693,0.0008423739687896692,0.0007557966906902043,0.0005668475180176533,2.6992738953221582e-05,0.00013496369476610791,0.0007557966906902043,0.0,-0.0,0.0,-0.0,-0.0,2.0574015019030965,2.218524681087077,3.017046311660884,3.2567985670086306,3.719546215361726,3.538092859927788,3.7990531922918693,5.092388496331976,5.480713876454884,6.2302337153617255,6.172627839351656,6.656066283039595,9.052049329162392,9.771456547464657,11.160022405837918,5.063027016306389,5.443424170769793,7.3287131794943186,7.894779023034689,8.987369132028393,250,0,5|25|50|75|95,M2-COST-LEDGER-v1,BREAKEVEN_HURDLE,"required_move_bps_spread_only is the full quoted spread at the decision instant (cross in, cross out); the fee terms are the ledger round trip in bps of entry notional; realized_move_bps is the side-signed mid move, so realized minus spread_only differs from cross_to_cross_bps by the measured spread-change term"
"[-0.2,0.0)",ONE_TICK,50-100,41707,0.004824301903171861,1.605224943110983,0.003057040784520584,2.805744221015942,0.0017431606354631817,4.815940933118921,0.0010189599900352281,3.9955039275572943,0.0012252647057348813,0.001294746685208718,0.0009350948282062963,2.397679046682811e-05,0.00014386074280096865,0.001294746685208718,0.0,-0.0,0.0,-0.0,-0.0,1.032151519843113,1.413727292005372,1.7380724776223169,1.8183471224656786,1.963942040337811,1.8776023868951361,2.4955932611839384,3.0209019578934795,3.1509155894596774,3.3867236187528404,3.0965610987035586,4.241381752630284,5.21451954871566,5.455372036086337,5.892211865729351,2.642587936028084,3.543406070458645,4.309130708110757,4.498647904426035,4.842379356980104,250,0,5|25|50|75|95,M2-COST-LEDGER-v1,BREAKEVEN_HURDLE,"required_move_bps_spread_only is the full quoted spread at the decision instant (cross in, cross out); the fee terms are the ledger round trip in bps of entry notional; realized_move_bps is the side-signed mid move, so realized minus spread_only differs from cross_to_cross_bps by the measured spread-change term"
"[-0.2,0.0)",ONE_TICK,100-200,9093,0.011029942817808183,0.8157534579590147,0.01583635763774332,1.527133891766284,0.008219199210066636,2.447328708345679,0.005278663322842831,2.131728784974316,0.00593448346252491,0.009897723523589575,0.004398988232706478,0.0008797976465412955,0.0012097217639942812,0.009897723523589575,-0.0,0.0,0.0,0.0,0.0,0.506932299191443,0.7120732011250757,0.82634384167252,0.9419300145999152,0.9751816275781364,1.0269848187088313,1.3592182556006152,1.5442850035599673,1.7314831419548513,1.7853361038800675,1.5208225962613002,2.136270310004945,2.4790998122534638,2.825878771193736,2.9256399852921993,1.4026909933007405,1.8869673120700305,2.1567286032624713,2.429597309249501,2.508096002456233,250,0,5|25|50|75|95,M2-COST-LEDGER-v1,BREAKEVEN_HURDLE,"required_move_bps_spread_only is the full quoted spread at the decision instant (cross in, cross out); the fee terms are the ledger round trip in bps of entry notional; realized_move_bps is the side-signed mid move, so realized minus spread_only differs from cross_to_cross_bps by the measured spread-change term"
"[-0.2,0.0)",ONE_TICK,200+,1341,0.010156258591134384,0.47757165787527295,0.021252796420581657,0.9794343736190667,0.010369473605790552,1.4327378103976096,0.0070841526253126764,1.3333797879315912,0.007615895440304688,0.02535421327367636,0.008948545861297539,0.0037285607755406414,0.0037285607755406414,0.02535421327367636,-0.24028642141432588,0.0,0.0,0.0,0.24067967941466703,0.4763379141162741,0.477520712460903,0.48006528887928757,0.4807345624113646,0.4817303755088277,0.9774362802383147,0.9793518571053804,0.9834728740929217,0.9845567824969373,0.9861695314968806,1.4290364326700777,1.4325849405302407,1.4402189134592205,1.4422267983615593,1.445214333500927,1.3304672905750938,1.333259502394526,1.339266441063637,1.3408463839584057,1.3431971834864749,250,0,5|25|50|75|95,M2-COST-LEDGER-v1,BREAKEVEN_HURDLE,"required_move_bps_spread_only is the full quoted spread at the decision instant (cross in, cross out); the fee terms are the ledger round trip in bps of entry notional; realized_move_bps is the side-signed mid move, so realized minus spread_only differs from cross_to_cross_bps by the measured spread-change term"
"[-0.2,0.0)",WIDER_THAN_ONE_TICK,5-25,611,0.027342020149151307,15.79565108352074,1.948406203725273e-05,20.11317578298598,-8.756744353267493e-05,29.069338571705533,-0.00017115373003415995,25.03186014492025,-0.0001447638350744804,0.0,0.0,0.0,0.0,0.0,-2.24567718488807,-0.0,0.0,-0.0,2.2867597811404075,9.057971014492754,9.153318077803204,13.917884481558803,20.898641588296762,29.055690072639226,12.070948812408476,12.195856539341666,18.43795133392649,25.569991197460546,35.270419461582,18.12004622971704,18.31082723531236,27.826090323005253,36.81547029094895,48.45433216769257,15.428982342086773,15.589253975239103,23.59894019186521,31.133974895000517,42.45876087768287,250,0,5|25|50|75|95,M2-COST-LEDGER-v1,BREAKEVEN_HURDLE,"required_move_bps_spread_only is the full quoted spread at the decision instant (cross in, cross out); the fee terms are the ledger round trip in bps of entry notional; realized_move_bps is the side-signed mid move, so realized minus spread_only differs from cross_to_cross_bps by the measured spread-change term"
"[-0.2,0.0)",WIDER_THAN_ONE_TICK,25-50,3966,0.012996514702020508,6.772375267105696,0.0011460186560185153,8.522222783607772,0.0008666045480619575,11.756548040316599,0.0005772034327089099,10.369152862276032,0.000679484583807767,0.0025214321734745334,0.0015128593040847202,0.0012607160867372667,0.0012607160867372667,0.0025214321734745334,-1.0334861018094754,0.0,-0.0,-0.0,1.0389346607885206,4.110996916752312,4.197271773347325,6.172839506172839,6.587615283267457,12.554927809165097,5.590640008857576,5.703649607100473,8.243540597897178,8.761527056961317,14.598168915716938,8.22283902201547,8.395424586109709,11.223596794666129,12.98490538996868,18.695473155118435,7.114320107541786,7.259312915244889,9.994073669385482,11.161220441857193,16.908387120205717,250,0,5|25|50|75|95,M2-COST-LEDGER-v1,BREAKEVEN_HURDLE,"required_move_bps_spread_only is the full quoted spread at the decision instant (cross in, cross out); the fee terms are the ledger round trip in bps of entry notional; realized_move_bps is the side-signed mid move, so realized minus spread_only differs from cross_to_cross_bps by the measured spread-change term"
"[-0.2,0.0)",WIDER_THAN_ONE_TICK,50-100,13207,0.011450133586679097,3.938429785308434,0.0024415755221139524,5.033194740090197,0.0017979375425058778,6.80772746014867,0.0012775313550791047,6.09643881718132,0.0014415246535559793,0.0010600439161050957,0.0007571742257893541,7.57174225789354e-05,0.00022715226773680625,0.0010600439161050957,0.0,-0.0,0.0,-0.0,-0.0,2.0644095788604457,2.4588148512417014,3.398470688190314,3.96589331746976,7.996801279488205,2.909926457150938,3.4265263967968473,4.479411218348733,5.3566524359192975,9.414186284280506,4.129032269063812,4.917932028175182,6.138264441876669,7.299936186341212,11.854584183789001,3.674990976610007,4.337774398764141,5.5264014462191575,6.713382848571438,10.864368223435838,250,0,5|25|50|75|95,M2-COST-LEDGER-v1,BREAKEVEN_HURDLE,"required_move_bps_spread_only is the full quoted spread at the decision instant (cross in, cross out); the fee terms are the ledger round trip in bps of entry notional; realized_move_bps is the side-signed mid move, so realized minus spread_only differs from cross_to_cross_bps by the measured spread-change term"
"[-0.2,0.0)",WIDER_THAN_ONE_TICK,100-200,20781,0.007149597024870387,3.6375026698268207,0.0026275444205110647,4.352802946719077,0.0018986861628027198,5.281732780859121,0.0014535829724957935,4.962087212433094,0.001567766825754459,0.00182859342668784,0.00125114287089168,0.00033684615754775996,0.00038496703719743995,0.00182859342668784,0.0,0.0,0.0,0.0,0.28705936387644965,1.1433798307797851,1.7898693395382137,2.607448611533614,4.040753889225618,9.46880030300161,1.703561981600207,2.550330988155416,3.351956956457119,4.7089932698647585,10.245509324265619,2.2868250311685565,3.4294859681200256,4.168438268569489,5.810950461675455,11.037477482004608,2.12727589161107,3.212028364901543,3.8485556588697265,5.43154177332581,10.907006946593095,250,0,5|25|50|75|95,M2-COST-LEDGER-v1,BREAKEVEN_HURDLE,"required_move_bps_spread_only is the full quoted spread at the decision instant (cross in, cross out); the fee terms are the ledger round trip in bps of entry notional; realized_move_bps is the side-signed mid move, so realized minus spread_only differs from cross_to_cross_bps by the measured spread-change term"
"[-0.2,0.0)",WIDER_THAN_ONE_TICK,200+,14454,0.0033764386817741006,3.7160213771880874,0.001529803742845456,4.105928366950972,0.00132148277600355,4.3097485434928,0.0014320825017016601,4.32593931196968,0.0013013952879439737,0.0020063650200636504,0.0014528850145288502,0.0009685900096859,0.00117614501176145,0.0020063650200636504,-0.1842528600292712,0.0,-0.0,-0.0,0.20871772213529416,0.958543014617781,1.848436163699395,2.890113746619599,4.27097707159585,9.48875255623722,1.4557755523415583,2.1402474147353674,3.318609865632922,4.729798408863925,9.943357746714872,1.6357581851348952,2.215832096316307,3.3432939480242063,5.01165909832701,10.362646370316593,1.7010928640681549,2.3044544575081773,3.406145386827609,4.956285900974181,10.253003472750386,250,0,5|25|50|75|95,M2-COST-LEDGER-v1,BREAKEVEN_HURDLE,"required_move_bps_spread_only is the full quoted spread at the decision instant (cross in, cross out); the fee terms are the ledger round trip in bps of entry notional; realized_move_bps is the side-signed mid move, so realized minus spread_only differs from cross_to_cross_bps by the measured spread-change term"
"[0.0,0.2)",ONE_TICK,5-25,17975,0.01866106007169739,7.880121482789091,0.0022253129346314327,12.965817162276139,0.001353583518438361,23.633779850786016,0.0007419782939012777,18.80347705346271,0.0009331145601185466,0.0003894297635605007,0.00033379694019471486,0.0,5.5632823365785815e-05,0.0003894297635605007,0.0,0.0,0.0,0.0,0.0,4.511617414843221,6.889424733034792,7.064641469445426,9.945300845350571,10.621348911311737,7.5119340589568875,11.361953658654627,11.645641469445426,16.309352535211406,17.403782032330845,13.532817234419223,20.663529416230382,21.18893525475616,29.826016551115977,31.85277141661959,10.854820842899153,16.4660721159549,16.879525650236385,23.67633066642413,25.27127672447522,250,0,5|25|50|75|95,M2-COST-LEDGER-v1,BREAKEVEN_HURDLE,"required_move_bps_spread_only is the full quoted spread at the decision instant (cross in, cross out); the fee terms are the ledger round trip in bps of entry notional; realized_move_bps is the side-signed mid move, so realized minus spread_only differs from cross_to_cross_bps by the measured spread-change term"
"[0.0,0.2)",ONE_TICK,25-50,39441,0.005622786192565364,2.832947733644841,0.0022311807509951573,4.793700399012248,0.001308684200873785,8.498008800206286,0.0007437893896347195,6.892939762776189,0.0009121828769769872,0.0007099211480439137,0.0005070865343170812,5.070865343170812e-05,7.606298014756218e-05,0.0007099211480439137,0.0,0.0,0.0,0.0,0.0,2.0574015019030965,2.2611644997173546,3.0464584920030466,3.2599837000814995,3.7209302325581395,3.5378306317117776,3.867797554205259,5.13945209541456,5.485214469312268,6.231617732558139,6.171781259154691,6.7829822704611935,9.138447526422784,9.77888852407107,11.16140642303433,5.062451080179171,5.543397825514325,7.396893460020104,7.90085332198502,8.988753149224806,250,0,5|25|50|75|95,M2-COST-LEDGER-v1,BREAKEVEN_HURDLE,"required_move_bps_spread_only is the full quoted spread at the decision instant (cross in, cross out); the fee terms are the ledger round trip in bps of entry notional; realized_move_bps is the side-signed mid move, so realized minus spread_only differs from cross_to_cross_bps by the measured spread-change term"
"[0.0,0.2)",ONE_TICK,50-100,41717,0.004857956847448553,1.6149545479786085,0.002960423808039888,2.8213355083341916,0.001693796269929588,4.844594452274276,0.0009868619118035677,4.01810764163009,0.0011894324914408197,0.0017498861375458447,0.0009828127621832826,0.0002636814727808807,0.00028765251576096074,0.0017498861375458447,0.0,0.0,0.0,0.0,0.0,1.0320449971618764,1.4143271338660632,1.7484045808200017,1.8186778212239703,1.9656019656019657,1.8773638826107928,2.4964408377269036,3.0374465388619596,3.151246288217969,3.389172720318947,3.0960284852939717,4.242781383618574,5.244908077323498,5.455702734844628,5.896419575664859,2.642191539989534,3.544550016060944,4.333107378022799,4.498978603184327,4.845772563086243,250,0,5|25|50|75|95,M2-COST-LEDGER-v1,BREAKEVEN_HURDLE,"required_move_bps_spread_only is the full quoted spread at the decision instant (cross in, cross out); the fee terms are the ledger round trip in bps of entry notional; realized_move_bps is the side-signed mid move, so realized minus spread_only differs from cross_to_cross_bps by the measured spread-change term"
"[0.0,0.2)",ONE_TICK,100-200,10234,0.007389813296183739,0.8166380408513911,0.011237052960719172,1.5285241280188753,0.005770465455980121,2.4498457476067883,0.0037457664283287347,2.1337239426264483,0.004178500364498849,0.008207934336525308,0.0035176861442251317,0.0010748485440687902,0.0010748485440687902,0.008207934336525308,0.0,0.0,0.0,0.0,0.0,0.5072061314045568,0.7125806106815834,0.8247762794342035,0.9421074944651184,0.9653907419027852,1.027412361443355,1.3600085713485353,1.54170411448575,1.731715596207935,1.7694214398466022,1.5215926690600798,2.137691056741153,2.4742608155166774,2.826233730922961,2.896079032278304,1.403302422450448,1.8880960731299234,2.152935454691936,2.429895530263517,2.4848553620398643,250,0,5|25|50|75|95,M2-COST-LEDGER-v1,BREAKEVEN_HURDLE,"required_move_bps_spread_only is the full quoted spread at the decision instant (cross in, cross out); the fee terms are the ledger round trip in bps of entry notional; realized_move_bps is the side-signed mid move, so realized minus spread_only differs from cross_to_cross_bps by the measured spread-change term"
"[0.0,0.2)",ONE_TICK,200+,1436,-0.024491737074320324,0.4762927483436733,-0.052924791086350974,0.9773490648878308,-0.025619904485848156,1.4288555136194037,-0.017641869157091022,1.33032977062564,-0.018854777772500827,0.022284122562674095,0.004874651810584958,0.001392757660167131,0.001392757660167131,0.022284122562674095,-0.24022004415751533,0.0,0.0,0.0,0.24073762006788801,0.47631522541618043,0.47740672666077866,0.4798349367817471,0.48068834571105823,0.4817303755088277,0.9773854802387573,0.9791531342609123,0.9830855485566139,0.9844676189277474,0.9861551551224892,1.428922989169455,1.432197388808103,1.4394817867409622,1.4420419315599333,1.4451679206699626,1.3303828605674068,1.3329594072355628,1.338691325630651,1.340705842346321,1.3431656084198542,250,0,5|25|50|75|95,M2-COST-LEDGER-v1,BREAKEVEN_HURDLE,"required_move_bps_spread_only is the full quoted spread at the decision instant (cross in, cross out); the fee terms are the ledger round trip in bps of entry notional; realized_move_bps is the side-signed mid move, so realized minus spread_only differs from cross_to_cross_bps by the measured spread-change term"
"[0.0,0.2)",WIDER_THAN_ONE_TICK,5-25,685,-0.03757324379586999,15.004544548177119,-0.0020482194204821938,19.255099889572623,-0.0016429372046960432,28.06202749053549,-0.0012097673281749183,24.093667711210003,-0.0013651674063428368,0.00145985401459854,0.0,0.0,0.0,0.00145985401459854,-2.287073537341799,0.0,0.0,0.0,2.2839394147991934,9.053870529651427,9.140767824497258,13.88888888888889,18.231540565177756,21.57046320414538,12.063037950465906,12.176827212345591,18.393986737605058,23.36208080031743,28.450715797824813,18.103644285307535,18.277359875662174,27.729639380124816,34.8407867794336,43.11768707397406,15.416513063588077,15.56247362623321,23.537067931220605,29.909059598904,36.435233527804655,250,0,5|25|50|75|95,M2-COST-LEDGER-v1,BREAKEVEN_HURDLE,"required_move_bps_spread_only is the full quoted spread at the decision instant (cross in, cross out); the fee terms are the ledger round trip in bps of entry notional; realized_move_bps is the side-signed mid move, so realized minus spread_only differs from cross_to_cross_bps by the measured spread-change term"
"[0.0,0.2)",WIDER_THAN_ONE_TICK,25-50,3227,0.07118954012017321,7.24270978002285,0.008187540231213679,9.016123762573798,0.006280548008387706,12.302964768080793,0.004503017096842588,10.891246790693561,0.005104033559650633,0.0030988534242330336,0.0018593120545398203,0.0018593120545398203,0.0018593120545398203,0.0030988534242330336,-1.0300146353862338,0.0,0.0,0.0,1.0536300000319583,4.110996916752312,4.217185075868871,6.172839506172839,6.70690811535882,16.817676781154415,5.590116522177713,5.729182771416655,8.238229640714229,8.776999183061106,18.396042436041572,8.22114899237911,8.43348110669303,11.250872250173185,13.044187530879714,22.25304508564915,7.113170365169904,7.291569212302825,10.01844255388522,11.183372244441404,20.347065911983726,250,0,5|25|50|75|95,M2-COST-LEDGER-v1,BREAKEVEN_HURDLE,"required_move_bps_spread_only is the full quoted spread at the decision instant (cross in, cross out); the fee terms are the ledger round trip in bps of entry notional; realized_move_bps is the side-signed mid move, so realized minus spread_only differs from cross_to_cross_bps by the measured spread-change term"
"[0.0,0.2)",WIDER_THAN_ONE_TICK,50-100,12977,0.014534109558007704,3.871182414164244,0.002953240142594385,4.950210001964529,0.0022937031180011716,6.68967341594079,0.0017307675496892826,5.9946272090918455,0.0019109751267619081,0.0008476535408800185,0.0006164753024581952,0.00023117823842182323,0.00023117823842182323,0.0008476535408800185,0.0,0.0,0.0,0.0,0.5113102120186143,2.0641965115078955,2.6691578806886427,3.3858134416793635,3.9424403705893947,7.947546195112259,2.9095153969568117,3.7018192097518936,4.339379657407012,5.318978915402412,9.217428765773338,4.128179999639991,5.1192268209623455,6.118546880914547,7.254919802115104,10.973602716048614,3.6743430543355533,4.670658843894369,5.34895958869959,6.330239245452145,10.376982265096194,250,0,5|25|50|75|95,M2-COST-LEDGER-v1,BREAKEVEN_HURDLE,"required_move_bps_spread_only is the full quoted spread at the decision instant (cross in, cross out); the fee terms are the ledger round trip in bps of entry notional; realized_move_bps is the side-signed mid move, so realized minus spread_only differs from cross_to_cross_bps by the measured spread-change term"
"[0.0,0.2)",WIDER_THAN_ONE_TICK,100-200,23406,0.004440041665411461,3.6163684729396257,0.0023867089156940657,4.328626620019433,0.0017401848665339302,5.250777341639569,0.0013520049178277033,4.934271535996015,0.0014466153267642704,0.0017516876014697087,0.0008972058446552166,0.0003417927027257968,0.0003417927027257968,0.0017516876014697087,0.0,0.0,0.0,0.0,0.2887648815438517,1.1431347619994112,1.7115960633290543,2.503755637810043,3.9837237981937585,9.708630755632939,1.7032005172850715,2.3923352787297967,3.226086338229151,4.705578078663261,10.47204862308526,2.2862041898788634,3.336530847860678,4.139723978529603,5.800721597002375,11.44951460809752,2.126775181410653,3.0092236495956017,3.8393191984526913,5.426953545117018,11.101110996246312,250,0,5|25|50|75|95,M2-COST-LEDGER-v1,BREAKEVEN_HURDLE,"required_move_bps_spread_only is the full quoted spread at the decision instant (cross in, cross out); the fee terms are the ledger round trip in bps of entry notional; realized_move_bps is the side-signed mid move, so realized minus spread_only differs from cross_to_cross_bps by the measured spread-change term"
"[0.0,0.2)",WIDER_THAN_ONE_TICK,200+,15922,0.0073727148388564945,3.5463609267050855,0.0025451937378022736,3.9342831392255473,0.0018747464612729422,4.133680418296571,0.001473625606497803,4.151919662710197,0.0015803553959149984,0.0021354101243562366,0.0010048988820499938,0.0009420927019218691,0.0007536741615374953,0.0021354101243562366,-0.15388936336329043,0.0,0.0,0.0,0.2078099264416245,0.9603380389897244,1.89726319783712,2.9319542289367595,4.179378944288879,8.076554028406644,1.460355378126946,2.2506786304258526,3.3466826570510535,4.568827364512525,8.545785897521,1.685181834878041,2.4143818670944595,3.4014322657754255,4.71357938541232,8.877003733184056,1.80687709206159,2.4411267749059027,3.531089933867025,4.638828332637322,8.833875768093097,250,0,5|25|50|75|95,M2-COST-LEDGER-v1,BREAKEVEN_HURDLE,"required_move_bps_spread_only is the full quoted spread at the decision instant (cross in, cross out); the fee terms are the ledger round trip in bps of entry notional; realized_move_bps is the side-signed mid move, so realized minus spread_only differs from cross_to_cross_bps by the measured spread-change term"
"[0.2,0.4)",ONE_TICK,5-25,17068,0.05514131027513237,7.609843592326331,0.007177173658307945,12.528227110610624,0.004353925329853716,22.82334970462429,0.0023930038164737683,18.165728722077642,0.0030038985537386253,0.0008202484180923366,0.00046871338176704945,5.858917272088118e-05,5.858917272088118e-05,0.0008202484180923366,0.0,0.0,0.0,0.0,0.0,4.5075501464953796,6.851661527920521,6.980802792321117,9.229349330872173,10.598834128245892,7.505348253750901,11.300812212852026,11.509901187296693,15.150293980318667,17.367334128245894,13.520619096472847,20.550291664906823,20.93753691653605,27.67953383271719,31.785274806211994,10.845222070785601,16.376962897783535,16.681694627631657,21.987175899137856,25.218160399432335,250,0,5|25|50|75|95,M2-COST-LEDGER-v1,BREAKEVEN_HURDLE,"required_move_bps_spread_only is the full quoted spread at the decision instant (cross in, cross out); the fee terms are the ledger round trip in bps of entry notional; realized_move_bps is the side-signed mid move, so realized minus spread_only differs from cross_to_cross_bps by the measured spread-change term"
"[0.2,0.4)",ONE_TICK,25-50,41760,0.02186028141021789,2.793766196909256,0.008381226053639846,4.730252859891552,0.004925180877144505,8.380486658514732,0.0027939848988515555,6.800462407423615,0.0034310225931242456,0.0013170498084291188,0.0008620689655172414,0.00019157088122605365,0.00035919540229885057,0.0013170498084291188,0.0,0.0,0.0,0.0,0.0,2.056978298878947,2.22000222000222,2.997152704930316,3.254678600488202,3.7167812674224123,3.537145308340074,3.8011409547413986,5.059610601244371,5.47662393078433,6.224899439105801,6.1705118241771775,6.659513873720311,8.990559956953092,9.762976680540268,11.148962612647235,5.061452177941062,5.446241953631521,7.280521599146679,7.888332359030343,8.978961126210967,250,0,5|25|50|75|95,M2-COST-LEDGER-v1,BREAKEVEN_HURDLE,"required_move_bps_spread_only is the full quoted spread at the decision instant (cross in, cross out); the fee terms are the ledger round trip in bps of entry notional; realized_move_bps is the side-signed mid move, so realized minus spread_only differs from cross_to_cross_bps by the measured spread-change term"
"[0.2,0.4)",ONE_TICK,50-100,50106,0.01739771805623021,1.601031286764229,0.011076517782301521,2.798788234163247,0.006309781869747109,4.802829341321188,0.003692365896840638,3.9852433194618193,0.004436555022783625,0.0019758112800862173,0.0008382229673093043,0.00011974613818704346,0.0001796192072805652,0.0019758112800862173,0.0,0.0,0.0,0.0,0.0,1.0320449971618764,1.4141271300289897,1.735357917570499,1.8170255292086854,1.965988400668436,1.8773638826107928,2.4961169490335147,3.01631887540496,3.14857058734822,3.38979850485558,3.0960284852939717,4.242181428671524,5.205772632128888,5.450746459441243,5.897578728956228,2.642191539989534,3.5440779218841936,4.302312281617002,4.495078581534266,4.8466846853155765,250,0,5|25|50|75|95,M2-COST-LEDGER-v1,BREAKEVEN_HURDLE,"required_move_bps_spread_only is the full quoted spread at the decision instant (cross in, cross out); the fee terms are the ledger round trip in bps of entry notional; realized_move_bps is the side-signed mid move, so realized minus spread_only differs from cross_to_cross_bps by the measured spread-change term"
"[0.2,0.4)",ONE_TICK,100-200,14105,0.016161591145107502,0.8200437747005752,0.020063807160581353,1.5340395551261496,0.010657779241571231,2.4600624362843506,0.006688115290952451,2.141763230343972,0.007646094477412929,0.009712867777383907,0.0045373980857851826,0.0008507621410847217,0.0008507621410847217,0.009712867777383907,0.0,0.0,0.0,0.0,0.2545552732485157,0.5073952862977903,0.7609481413841647,0.8260707942670686,0.9423738397022099,0.9738520718702829,1.0277186918485541,1.4383375798258022,1.543800515066672,1.7321469267734502,1.7831240555103647,1.5221601145488433,2.2827865221481276,2.4781441463239,2.8270327164455193,2.9214613814427826,1.4037489318404361,2.0022684883633155,2.1559911643314997,2.4305242354805743,2.5048282136562405,250,0,5|25|50|75|95,M2-COST-LEDGER-v1,BREAKEVEN_HURDLE,"required_move_bps_spread_only is the full quoted spread at the decision instant (cross in, cross out); the fee terms are the ledger round trip in bps of entry notional; realized_move_bps is the side-signed mid move, so realized minus spread_only differs from cross_to_cross_bps by the measured spread-change term"
"[0.2,0.4)",ONE_TICK,200+,1338,0.023360179309819797,0.4779176503920574,0.04745889387144993,0.97998055231499,0.02332521934788903,1.433730085978604,0.015819890845917416,1.3341654526335054,0.01709962465820377,0.03139013452914798,0.008968609865470852,0.00523168908819133,0.00523168908819133,0.03139013452914798,-0.24026506048538807,0.0,0.0,0.0,0.47937031940803604,0.4763832980015721,0.477520712460903,0.48011138584151525,0.48075767409437276,0.48193932383912863,0.9774957217820598,0.9793377308927624,0.9835332495891749,0.9845798941799455,0.9864935407065986,1.4291272004405964,1.4325393353240488,1.4403111073835961,1.4422499100445676,1.4457947455258755,1.3305435495259625,1.3332284767623068,1.3393438982040866,1.3408694956414138,1.343658841911418,250,0,5|25|50|75|95,M2-COST-LEDGER-v1,BREAKEVEN_HURDLE,"required_move_bps_spread_only is the full quoted spread at the decision instant (cross in, cross out); the fee terms are the ledger round trip in bps of entry notional; realized_move_bps is the side-signed mid move, so realized minus spread_only differs from cross_to_cross_bps by the measured spread-change term"
"[0.2,0.4)",WIDER_THAN_ONE_TICK,5-25,729,-0.012027181474327318,18.0785979396331,0.0002610120408474318,22.862518076944696,0.00022041053090248112,32.858001127079746,0.00016233428368792125,28.339158942681742,0.00018530655073554817,0.0,0.0,0.0,0.0,0.0,-2.2841508716069407,0.0,0.0,0.0,2.2869711758191698,9.115770282588878,13.745704467353951,14.114326040931546,21.149101163200562,38.155534679059826,12.144093745003456,17.9745210312076,18.689155378026044,27.429042596874375,42.46624070645758,18.22738759466177,27.127843065105903,28.21869839636173,41.558452773406046,53.52749270327014,15.520485544547878,22.999049844766922,23.9156574936819,35.12497198420563,47.36982454712621,250,0,5|25|50|75|95,M2-COST-LEDGER-v1,BREAKEVEN_HURDLE,"required_move_bps_spread_only is the full quoted spread at the decision instant (cross in, cross out); the fee terms are the ledger round trip in bps of entry notional; realized_move_bps is the side-signed mid move, so realized minus spread_only differs from cross_to_cross_bps by the measured spread-change term"
"[0.2,0.4)",WIDER_THAN_ONE_TICK,25-50,5310,0.021688535962687407,7.992594189005503,0.006740273548177733,9.72649864714782,0.005032036950901746,12.925296233048494,0.0034162470108855037,11.554355783886347,0.003964252053229019,0.002448210922787194,0.002071563088512241,0.0011299435028248588,0.0011299435028248588,0.002448210922787194,-1.002224979228706,0.0,0.0,0.0,1.0495382031905962,4.110996916752312,4.436557231588288,6.2441461130190445,8.984725965858042,18.714909544603866,5.590116522177713,6.016476060596937,8.314640934914287,10.581610563972097,20.40319726664123,8.22114899237911,8.872130529437035,12.109486317381364,13.484156721835966,23.093148598715906,7.113170365169904,7.660117666274471,10.526025331944275,12.25095901349728,21.95788155445327,250,0,5|25|50|75|95,M2-COST-LEDGER-v1,BREAKEVEN_HURDLE,"required_move_bps_spread_only is the full quoted spread at the decision instant (cross in, cross out); the fee terms are the ledger round trip in bps of entry notional; realized_move_bps is the side-signed mid move, so realized minus spread_only differs from cross_to_cross_bps by the measured spread-change term"
"[0.2,0.4)",WIDER_THAN_ONE_TICK,50-100,19546,0.019154630783106634,4.285703531559928,0.005726746509834302,5.3520817104969485,0.004312646903417125,7.0633570551661276,0.0031102940690146486,6.381366222550938,0.003495976474895878,0.0012278727105290085,0.0008697431699580477,0.00025580681469354345,0.0003581295405709608,0.0012278727105290085,0.0,0.0,0.0,0.0,0.5155237099583366,2.0644095788604457,2.4573043371421552,3.430335601166314,4.154549231408392,9.951238929246692,2.9097944483000164,3.424360848198666,4.395839256714547,5.419630373088016,11.260734242178998,4.128606090368342,4.914306794144612,6.11948293950133,7.306603403720034,13.42229825512132,3.674701043407871,4.334825221663039,5.3521097515137495,6.751169073126524,12.643573318278673,250,0,5|25|50|75|95,M2-COST-LEDGER-v1,BREAKEVEN_HURDLE,"required_move_bps_spread_only is the full quoted spread at the decision instant (cross in, cross out); the fee terms are the ledger round trip in bps of entry notional; realized_move_bps is the side-signed mid move, so realized minus spread_only differs from cross_to_cross_bps by the measured spread-change term"
"[0.2,0.4)",WIDER_THAN_ONE_TICK,100-200,35255,0.013724801198212023,3.8762350291161196,0.004571697154580877,4.59122097078038,0.003608582083653933,5.519450337152474,0.002863600801866872,5.2001291921110235,0.003080427047422249,0.002240816905403489,0.0014749680896326762,0.0006240249609984399,0.0006240249609984399,0.002240816905403489,0.0,0.0,0.0,0.0,0.3899851805631386,1.1439029970258523,1.7876296031462282,2.7177605652941974,4.386157287600334,10.690423162583519,1.704206685902032,2.5471937621905534,3.4386325337663606,5.134186103307487,11.4480214174139,2.2877405720901933,3.4245272349072975,4.372884635127686,6.097978392530417,12.406538470108961,2.128065993880299,3.2049706781521845,4.021742223219462,5.7490054649176,12.09775272293435,250,0,5|25|50|75|95,M2-COST-LEDGER-v1,BREAKEVEN_HURDLE,"required_move_bps_spread_only is the full quoted spread at the decision instant (cross in, cross out); the fee terms are the ledger round trip in bps of entry notional; realized_move_bps is the side-signed mid move, so realized minus spread_only differs from cross_to_cross_bps by the measured spread-change term"
"[0.2,0.4)",WIDER_THAN_ONE_TICK,200+,17849,0.014806508555449713,4.024706446284737,0.005743927703289804,4.412241679353486,0.004824967381458854,4.610776609541391,0.004182583220316969,4.629415252979708,0.004352278348229655,0.002409098548938316,0.0016247408818421201,0.0014566642388929353,0.0013446131435934786,0.002409098548938316,-0.12227909995961306,0.0,0.0,0.0,0.23914291180409414,0.9605225242531937,1.981244221371021,3.0710644309317607,4.392672371717698,11.336988696988378,1.4602592818901607,2.379514687751884,3.414243593231489,4.751478226745256,11.77423036038865,1.7872508572555799,2.4713669015647572,3.6274517270521245,5.013613383307011,12.121854478865453,1.808247130467337,2.481408626818721,3.6677750203406525,5.04010819060313,12.115876546363518,250,0,5|25|50|75|95,M2-COST-LEDGER-v1,BREAKEVEN_HURDLE,"required_move_bps_spread_only is the full quoted spread at the decision instant (cross in, cross out); the fee terms are the ledger round trip in bps of entry notional; realized_move_bps is the side-signed mid move, so realized minus spread_only differs from cross_to_cross_bps by the measured spread-change term"
"[0.4,0.6)",ONE_TICK,5-25,12418,0.082075919734152,7.222343142528411,0.010428410372040587,11.90085579332568,0.006330276074122549,21.661447745586592,0.0034770486185782615,17.25139595593032,0.0043665931410637486,0.0012884522467386053,0.0008052826542116283,0.0,0.0,0.0012884522467386053,0.0,0.0,0.0,0.0,0.0,4.509582863585118,6.814310051107325,6.942034015966678,8.869179600886918,10.432968179447053,7.508639671520195,11.240337299063729,11.447131864682849,14.567200877482662,17.098822194045592,13.52671541543363,20.438288252742204,20.821284536438572,26.59967605478763,31.288025530854767,10.850019292800628,16.28882503748335,16.590213058298392,21.137395912943653,24.826851391125885,250,0,5|25|50|75|95,M2-COST-LEDGER-v1,BREAKEVEN_HURDLE,"required_move_bps_spread_only is the full quoted spread at the decision instant (cross in, cross out); the fee terms are the ledger round trip in bps of entry notional; realized_move_bps is the side-signed mid move, so realized minus spread_only differs from cross_to_cross_bps by the measured spread-change term"
"[0.4,0.6)",ONE_TICK,25-50,32172,0.0407462191828855,2.7753164002813095,0.015354967052094989,4.700376935908116,0.009031011222583683,8.325148637978828,0.00511877506556301,6.756917220077072,0.006289630004317422,0.0013365659579758797,0.0007149073728708194,0.0,0.00015541464627626507,0.0013365659579758797,0.0,0.0,0.0,0.0,0.0,2.056978298878947,2.2318937618569357,2.982848620432513,3.246226261970459,3.7154003343860302,3.537145308340074,3.8203976672351994,5.036447785359444,5.462937070149621,6.222663335871914,6.1705118241771775,6.695183206177401,8.947656255386285,9.737625158432646,11.144820839586625,5.061452177941062,5.474309740433147,7.246760937760279,7.868383353823754,8.97570196885854,250,0,5|25|50|75|95,M2-COST-LEDGER-v1,BREAKEVEN_HURDLE,"required_move_bps_spread_only is the full quoted spread at the decision instant (cross in, cross out); the fee terms are the ledger round trip in bps of entry notional; realized_move_bps is the side-signed mid move, so realized minus spread_only differs from cross_to_cross_bps by the measured spread-change term"
"[0.4,0.6)",ONE_TICK,50-100,36384,0.03039531453243958,1.603519896024616,0.019101802990325416,2.8028182527910555,0.01089463276708358,4.810294252009893,0.0063676053799151585,3.9911173513706046,0.007657549819043061,0.0023361917326297273,0.0012917766051011434,0.00016490765171503957,0.0002473614775725594,0.0023361917326297273,0.0,0.0,0.0,0.0,0.0,1.0340726953104804,1.4115322182228809,1.6574127786525235,1.81801654395055,1.965988400668436,1.8806476100038938,2.49191471645859,2.8900949132232894,3.150175424154149,3.38979850485558,3.102111160825939,4.23439742640919,4.971963657008506,5.453719143477908,5.897578728956228,2.6469778757468365,3.537952825138901,4.118331572156004,4.497417743732408,4.8466846853155765,250,0,5|25|50|75|95,M2-COST-LEDGER-v1,BREAKEVEN_HURDLE,"required_move_bps_spread_only is the full quoted spread at the decision instant (cross in, cross out); the fee terms are the ledger round trip in bps of entry notional; realized_move_bps is the side-signed mid move, so realized minus spread_only differs from cross_to_cross_bps by the measured spread-change term"
"[0.4,0.6)",ONE_TICK,100-200,9764,0.020893853618033698,0.8081946251881792,0.024580090126997134,1.5148504318803204,0.013244282349142244,2.4245168421119603,0.008193595526350383,2.1137931762613795,0.009466582711927496,0.009012699713232281,0.0035845964768537486,0.0005120852109791069,0.0005120852109791069,0.009012699713232281,0.0,0.0,0.0,0.0,0.3560644986861938,0.506932299191443,0.7119211191399993,0.7803051040449147,0.9398054602697241,0.9656704166867848,1.026968898775769,1.3589405538947512,1.4696852568006054,1.7279875860097862,1.7698743564318602,1.5207712001900742,2.135712676056067,2.3408544269042864,2.819328061529004,2.8969180026273023,1.4026560280909208,1.8865393294340125,2.047960853330051,2.4244616016098237,2.4855155306303924,250,0,5|25|50|75|95,M2-COST-LEDGER-v1,BREAKEVEN_HURDLE,"required_move_bps_spread_only is the full quoted spread at the decision instant (cross in, cross out); the fee terms are the ledger round trip in bps of entry notional; realized_move_bps is the side-signed mid move, so realized minus spread_only differs from cross_to_cross_bps by the measured spread-change term"
"[0.4,0.6)",ONE_TICK,200+,1333,0.02872003393984032,0.4782661112885015,0.05926481620405101,0.9805448758706852,0.02898523870429305,1.4347754400445425,0.019755257843593898,1.334988016225195,0.02127419424565617,0.025506376594148537,0.008252063015753939,0.0037509377344336083,0.0037509377344336083,0.025506376594148537,-0.24010180316454177,0.0,0.0,0.0,0.4761474897331313,0.47636060497796834,0.4772927952652555,0.47971984361133096,0.48071145295036655,0.48197184347362787,0.977458971100009,0.9789686257349004,0.9828991585878253,0.9845050404137131,0.9865462052837576,1.429059123531772,1.4318556054981688,1.4391365182731366,1.442111251056409,1.44589230129487,1.330489981436788,1.3326904661319987,1.3384196421338295,1.3407603882000902,1.343735606213539,250,0,5|25|50|75|95,M2-COST-LEDGER-v1,BREAKEVEN_HURDLE,"required_move_bps_spread_only is the full quoted spread at the decision instant (cross in, cross out); the fee terms are the ledger round trip in bps of entry notional; realized_move_bps is the side-signed mid move, so realized minus spread_only differs from cross_to_cross_bps by the measured spread-change term"
"[0.4,0.6)",WIDER_THAN_ONE_TICK,5-25,490,0.2827526768027103,18.045163046001626,0.019761904761904762,22.538365358547125,0.015224039110226167,31.886009898448744,0.010421292252390434,27.667215727343077,0.012128000271181502,0.0,0.0,0.0,0.0,0.0,0.0,0.0,0.0,0.0,3.453522201554824,9.136592051164916,13.654304156462757,13.986020825478423,19.880715705765407,42.53746023347781,12.171359174452586,17.998659169396973,18.521163400780218,25.503805539337538,49.31746727386038,18.269012142489117,27.16468904040851,27.942720838262105,37.04562630924879,63.76105035577828,15.555459631073592,23.030010153782577,23.700187593068375,31.332791755337805,57.18205960598992,250,0,5|25|50|75|95,M2-COST-LEDGER-v1,BREAKEVEN_HURDLE,"required_move_bps_spread_only is the full quoted spread at the decision instant (cross in, cross out); the fee terms are the ledger round trip in bps of entry notional; realized_move_bps is the side-signed mid move, so realized minus spread_only differs from cross_to_cross_bps by the measured spread-change term"
"[0.4,0.6)",WIDER_THAN_ONE_TICK,25-50,3302,0.01625999609691033,7.3221931833952825,0.007460284694455591,9.027127974535475,0.005477505774045668,12.16136926455813,0.003652847955662678,10.820328223995098,0.004263872989562109,0.0027256208358570565,0.0021199273167777106,0.0006056935190793458,0.0012113870381586917,0.0027256208358570565,0.0,0.0,0.0,0.0,1.0535187526337968,4.006410256410256,4.19903422212891,6.173474637308365,8.003201280512204,15.63232765358762,5.453147288254839,5.705412055882059,7.803995138575062,9.461162998584715,17.740770079669012,8.012018107401644,8.397187034891296,10.495161980128053,13.071896820527897,21.778264427047894,6.937461327910357,7.261075364026475,9.359331969634873,11.319512857781886,19.99613631759516,250,0,5|25|50|75|95,M2-COST-LEDGER-v1,BREAKEVEN_HURDLE,"required_move_bps_spread_only is the full quoted spread at the decision instant (cross in, cross out); the fee terms are the ledger round trip in bps of entry notional; realized_move_bps is the side-signed mid move, so realized minus spread_only differs from cross_to_cross_bps by the measured spread-change term"
"[0.4,0.6)",WIDER_THAN_ONE_TICK,50-100,11239,0.03703107437108324,4.24948442940877,0.010554286249187932,5.305451260324548,0.00791948765424575,6.993525852865684,0.005734544484153441,6.322280506159319,0.006426681154599015,0.001779517750689563,0.0008007829878103034,0.00026692766260343444,0.0003559035501379126,0.001779517750689563,0.0,0.0,0.0,0.0,0.5657484583880298,2.071444109259082,2.4500796275878964,3.393857118615306,4.150669295423887,9.859800511443426,2.919007473969391,3.414898833859332,4.307064785459875,5.418842326851654,11.218634239999693,4.142673696701565,4.89985914743111,5.975946847419083,7.273388549984295,13.452897517102071,3.6865202386624905,4.322686682952914,5.248944544168894,6.692150199028408,12.64114174648163,250,0,5|25|50|75|95,M2-COST-LEDGER-v1,BREAKEVEN_HURDLE,"required_move_bps_spread_only is the full quoted spread at the decision instant (cross in, cross out); the fee terms are the ledger round trip in bps of entry notional; realized_move_bps is the side-signed mid move, so realized minus spread_only differs from cross_to_cross_bps by the measured spread-change term"
"[0.4,0.6)",WIDER_THAN_ONE_TICK,100-200,19249,0.03476547206743035,3.8924031990440313,0.01181662033067517,4.604245666415716,0.00908493589259541,5.525470083214121,0.007135326245271346,5.2093932979469,0.0076739295976519135,0.003013143539924152,0.0017663255234038131,0.0007792612603252118,0.0007792612603252118,0.003013143539924152,0.0,0.0,0.0,0.0,0.41354441726083774,1.0172422562433243,1.784280488892854,2.8167691657668654,4.353315049410126,11.29305477131564,1.5383170197465286,2.5427036055053294,3.4302655131972717,5.096870126929403,12.035039631165498,2.03443277602768,3.415754227347485,4.348166395994941,6.076803411811412,12.763636165726988,1.9152461215672996,3.1337744109978116,4.000822161387486,5.732630313363282,12.503701235715832,250,0,5|25|50|75|95,M2-COST-LEDGER-v1,BREAKEVEN_HURDLE,"required_move_bps_spread_only is the full quoted spread at the decision instant (cross in, cross out); the fee terms are the ledger round trip in bps of entry notional; realized_move_bps is the side-signed mid move, so realized minus spread_only differs from cross_to_cross_bps by the measured spread-change term"
"[0.4,0.6)",WIDER_THAN_ONE_TICK,200+,11476,0.014461632873574267,4.058078762846338,0.0076865981410397365,4.445003977328488,0.005904889381856747,4.642179535992909,0.0049907518136626215,4.661447775724908,0.005168678898258349,0.0027884280237016382,0.0011327988846287905,0.0007842453816660857,0.0007842453816660857,0.0027884280237016382,-0.1534625271357225,0.0,0.0,0.0,0.2405233788724264,0.9599232061435086,1.9546882140225106,3.012011413081084,4.556188287161051,11.945433260864371,1.4601601972033995,2.2486438896666163,3.3845122080425623,4.957199923871183,12.447264405508848,1.7111546494039374,2.364443384173993,3.5868019074917705,5.0372167195516875,12.90049748893371,1.807330967565473,2.427172064050838,3.645837229462989,5.111087654932729,12.801172050797994,250,0,5|25|50|75|95,M2-COST-LEDGER-v1,BREAKEVEN_HURDLE,"required_move_bps_spread_only is the full quoted spread at the decision instant (cross in, cross out); the fee terms are the ledger round trip in bps of entry notional; realized_move_bps is the side-signed mid move, so realized minus spread_only differs from cross_to_cross_bps by the measured spread-change term"
"[0.6,0.8)",ONE_TICK,5-25,7758,0.16195558875756358,6.815931103740405,0.021526166537767465,11.242860960648345,0.013054601491125918,20.442823297147793,0.007177188110494014,16.292428504945192,0.009007565954436957,0.0019334880123743233,0.0010311936065996391,0.0,0.0,0.0019334880123743233,0.0,0.0,0.0,0.0,0.0,4.511617414843221,4.577706569008926,6.922810661128418,7.059654076950229,10.198878123406425,7.5119340589568875,7.618946843608469,11.416007892962327,11.637566568128776,16.719862832886548,13.532817234419223,13.73102464681213,20.763641110955408,21.173980117881776,30.58623796030755,10.854820842899153,11.010791237201147,16.544852183619767,16.86775711153033,24.274582506688787,250,0,5|25|50|75|95,M2-COST-LEDGER-v1,BREAKEVEN_HURDLE,"required_move_bps_spread_only is the full quoted spread at the decision instant (cross in, cross out); the fee terms are the ledger round trip in bps of entry notional; realized_move_bps is the side-signed mid move, so realized minus spread_only differs from cross_to_cross_bps by the measured spread-change term"
"[0.6,0.8)",ONE_TICK,25-50,21373,0.07879025581689847,2.779681952579682,0.029897534272212603,4.707446219861787,0.017578922707193804,8.3382429446123,0.009966720164560247,6.767221022508401,0.012243922771681971,0.0019183081457914192,0.0014504281102325363,0.0001403640106676648,0.0003275160248912179,0.0019183081457914192,0.0,0.0,0.0,0.0,0.0,2.0578248791027884,2.2294058633374205,2.989983555090447,3.2504469364537623,3.7167812674224123,3.53851623712748,3.816368859324937,5.048001492310178,5.46977160333709,6.224899439105801,6.1730512165513485,6.687720620359267,8.96905679873768,9.750284440516161,11.148962612647235,5.063450393506081,5.4684375173721955,7.263600894402853,7.878344889004948,8.978961126210967,250,0,5|25|50|75|95,M2-COST-LEDGER-v1,BREAKEVEN_HURDLE,"required_move_bps_spread_only is the full quoted spread at the decision instant (cross in, cross out); the fee terms are the ledger round trip in bps of entry notional; realized_move_bps is the side-signed mid move, so realized minus spread_only differs from cross_to_cross_bps by the measured spread-change term"
"[0.6,0.8)",ONE_TICK,50-100,26764,0.05361280129955166,1.5868906398292912,0.03338439695112838,2.775888820040523,0.01905808993668756,4.760411802738838,0.011128727998425464,3.951865648647122,0.013391851848453595,0.0029890898221491555,0.0014198176655208488,0.00011209086833059333,0.00018681811388432222,0.0029890898221491555,0.0,0.0,0.0,0.0,0.0,1.0348217519532261,1.3387776959635853,1.6381358014579408,1.816695431010991,1.9656019656019657,1.8818606592379945,2.3740949650398906,2.8588778161999553,3.1480360304660318,3.389172720318947,3.1043581757942853,4.01615386731566,4.914139077461217,5.449756284780292,5.896419575664859,2.6487460069201134,3.366220801719944,4.072830314152454,4.49429942737793,4.845772563086243,250,0,5|25|50|75|95,M2-COST-LEDGER-v1,BREAKEVEN_HURDLE,"required_move_bps_spread_only is the full quoted spread at the decision instant (cross in, cross out); the fee terms are the ledger round trip in bps of entry notional; realized_move_bps is the side-signed mid move, so realized minus spread_only differs from cross_to_cross_bps by the measured spread-change term"
"[0.6,0.8)",ONE_TICK,100-200,7267,0.039234461676781004,0.7886758255217229,0.05476812990229806,1.4832406034989423,0.02856232912557573,2.365963244334376,0.018256479233814554,2.06771865212674,0.02059600808904616,0.01169671116003853,0.006054768129902298,0.002339342232007706,0.002339342232007706,0.01169671116003853,0.0,0.0,0.0,0.0,0.47021649552990674,0.506229150776676,0.7111616826085411,0.7657847379101734,0.8973036026739647,0.9655771737556125,1.0258301719838774,1.3577106799062229,1.4461702191874535,1.6591582460117844,1.7697233550822515,1.5186618261832983,2.1334344745300315,2.2972955733493343,2.691830296258532,2.8966382918399995,1.40099621174988,1.8847466634078582,2.013685342856953,2.324136263059788,2.485295431938484,250,0,5|25|50|75|95,M2-COST-LEDGER-v1,BREAKEVEN_HURDLE,"required_move_bps_spread_only is the full quoted spread at the decision instant (cross in, cross out); the fee terms are the ledger round trip in bps of entry notional; realized_move_bps is the side-signed mid move, so realized minus spread_only differs from cross_to_cross_bps by the measured spread-change term"
"[0.6,0.8)",ONE_TICK,200+,1148,0.05322707288336906,0.47798293990969154,0.11193379790940766,0.9800862876148169,0.05452547216992043,1.4339259510642526,0.03731185737703481,1.3343195738852398,0.040062304671211385,0.040940766550522645,0.0156794425087108,0.009581881533101045,0.009581881533101045,0.040940766550522645,-0.24018253872943437,0.0,0.0,0.0,0.480547448730966,0.47642869053574405,0.47744661570436786,0.47971984361133096,0.48068834571105823,0.4817303755088277,0.9775692336515134,0.9792177333872627,0.9828991585878253,0.9844676189277474,0.9861551551224892,1.4292633737182119,1.4323170521301785,1.4391365182731366,1.4420419315599333,1.4451679206699626,1.3306507010169255,1.3330535674387747,1.3384196421338295,1.340705842346321,1.3431656084198542,250,0,5|25|50|75|95,M2-COST-LEDGER-v1,BREAKEVEN_HURDLE,"required_move_bps_spread_only is the full quoted spread at the decision instant (cross in, cross out); the fee terms are the ledger round trip in bps of entry notional; realized_move_bps is the side-signed mid move, so realized minus spread_only differs from cross_to_cross_bps by the measured spread-change term"
"[0.6,0.8)",WIDER_THAN_ONE_TICK,5-25,381,0.3341535318932813,25.801983212854047,0.017104111986001747,30.47580002701253,0.013034369502694017,40.22592772991128,0.008665645905242155,35.820722483308735,0.010224050573790514,0.005249343832020997,0.0026246719160104987,0.0026246719160104987,0.0026246719160104987,0.005249343832020997,0.0,0.0,0.0,0.0,0.0,9.140767824497258,13.774104683195592,19.37984496124031,21.459227467811157,70.4225352112676,12.176827212345591,18.24369725029814,25.4157063064596,28.305098850447813,74.97590363232023,18.277359875662174,27.481968203617686,34.81652606985556,42.89545469181974,84.45762293056585,15.56247362623321,23.344302893794357,30.57310366206155,36.248485774349206,80.17673170249567,250,0,5|25|50|75|95,M2-COST-LEDGER-v1,BREAKEVEN_HURDLE,"required_move_bps_spread_only is the full quoted spread at the decision instant (cross in, cross out); the fee terms are the ledger round trip in bps of entry notional; realized_move_bps is the side-signed mid move, so realized minus spread_only differs from cross_to_cross_bps by the measured spread-change term"
"[0.6,0.8)",WIDER_THAN_ONE_TICK,25-50,2778,0.07645008574980673,7.957838021352274,0.01098393518485428,9.616912021142994,0.00862137069305926,12.648956664744428,0.0062844803355472535,11.355248254519747,0.007090841310461134,0.0025197984161267097,0.0014398848092152627,0.0007199424046076314,0.0014398848092152627,0.0025197984161267097,0.0,0.0,0.0,0.0,1.1184306824022794,4.008016032064128,4.420866489832007,6.240249609984399,8.98069151324652,18.908558783962288,5.455250253663006,5.99592726331267,8.250563250274027,10.576951836406304,20.755281410070236,8.015229015434194,8.840755992594438,11.187935233434938,13.510091022948924,24.711784738748,6.940159089567635,7.633757097566814,9.963550445962904,12.261119517869691,23.05403451180721,250,0,5|25|50|75|95,M2-COST-LEDGER-v1,BREAKEVEN_HURDLE,"required_move_bps_spread_only is the full quoted spread at the decision instant (cross in, cross out); the fee terms are the ledger round trip in bps of entry notional; realized_move_bps is the side-signed mid move, so realized minus spread_only differs from cross_to_cross_bps by the measured spread-change term"
"[0.6,0.8)",WIDER_THAN_ONE_TICK,50-100,6871,0.06228727201954763,4.556772351805095,0.016435153335063128,5.628124106263726,0.012348627850090391,7.350482616401164,0.008933463359494936,6.663358588202182,0.010020220593810086,0.0029107844564110028,0.0017464706738466017,0.0008732353369233009,0.001164313782564401,0.0029107844564110028,0.0,0.0,0.0,0.0,0.66932166125596,2.074688796680498,2.4554941682013505,3.4213377430575354,4.5253988007693176,11.992804317409554,2.9232569950001746,3.421990117133342,4.3379640771059345,5.445745340231724,13.436319299431128,4.149162399003909,4.9106869008308625,6.1129365375639875,7.804116745810454,15.902999605630516,3.6919718586035355,4.331783880943801,5.344241569175285,6.798046082749467,14.891830715502259,250,0,5|25|50|75|95,M2-COST-LEDGER-v1,BREAKEVEN_HURDLE,"required_move_bps_spread_only is the full quoted spread at the decision instant (cross in, cross out); the fee terms are the ledger round trip in bps of entry notional; realized_move_bps is the side-signed mid move, so realized minus spread_only differs from cross_to_cross_bps by the measured spread-change term"
"[0.6,0.8)",WIDER_THAN_ONE_TICK,100-200,12963,0.03555771167362539,4.152410581330133,0.015163806526984716,4.849457622652049,0.011201610804454415,5.737711763967474,0.008689931246362038,5.436905243588961,0.00933108102454938,0.003857131836766181,0.0025457070122656793,0.0016971380081771195,0.0016971380081771195,0.003857131836766181,0.0,0.0,0.0,0.0,0.47152018106374954,1.013787510137875,1.6929366190580515,2.8170336635522792,4.707433036765052,12.795905310300704,1.5337922746976602,2.371191599786142,3.446446587459153,5.496546741584329,13.411490427698753,2.0275236346246714,3.304010248067404,4.393634520652539,6.589342821148229,14.28521606918506,1.9094413192513628,2.9821302007129233,4.037836787588661,6.193571527030581,13.916406473575043,250,0,5|25|50|75|95,M2-COST-LEDGER-v1,BREAKEVEN_HURDLE,"required_move_bps_spread_only is the full quoted spread at the decision instant (cross in, cross out); the fee terms are the ledger round trip in bps of entry notional; realized_move_bps is the side-signed mid move, so realized minus spread_only differs from cross_to_cross_bps by the measured spread-change term"
"[0.6,0.8)",WIDER_THAN_ONE_TICK,200+,10700,0.02500617409160412,4.584637501045525,0.009905971582981751,4.976152739028712,0.007710461928014834,5.183556752000124,0.006981891571557018,5.198087657743198,0.006926236806160722,0.003177570093457944,0.0022429906542056075,0.00205607476635514,0.0017757009345794393,0.003177570093457944,-0.08108708824410828,0.0,0.0,0.0,0.24954271442564152,0.9616286143266382,2.100509390898268,3.1794817444756505,4.94486475794887,14.075173994116003,1.4640300880048147,2.5264749005253258,3.4866315490652844,5.306822891080317,14.57212487867913,1.667695106330928,2.614887814179121,3.716508422591094,5.531503450971118,15.010638234407185,1.8060566035517436,2.673677862614349,3.695792006382565,5.583909496877053,14.920027135105798,250,0,5|25|50|75|95,M2-COST-LEDGER-v1,BREAKEVEN_HURDLE,"required_move_bps_spread_only is the full quoted spread at the decision instant (cross in, cross out); the fee terms are the ledger round trip in bps of entry notional; realized_move_bps is the side-signed mid move, so realized minus spread_only differs from cross_to_cross_bps by the measured spread-change term"
"[0.8,1.0]",ONE_TICK,5-25,3436,0.2624533941130196,6.6577555183198145,0.03550640279394645,10.986770530750272,0.02152501125596322,19.968538447877386,0.011838383360360269,15.919200942344196,0.014853741308654722,0.0017462165308498253,0.0002910360884749709,0.0,0.0,0.0017462165308498253,0.0,0.0,0.0,0.0,0.0,4.511617414843221,4.5735193231191404,6.91323885240235,6.990562740300594,10.106114199090449,7.5119340589568875,7.612166785396232,11.400510448808708,11.525703201516528,16.569689956666206,13.532817234419223,13.718466739671495,20.73493892151085,20.966803131635324,30.30813440111065,10.854820842899153,11.000909355126456,16.522265804717485,16.704724864689133,24.05573036070661,250,0,5|25|50|75|95,M2-COST-LEDGER-v1,BREAKEVEN_HURDLE,"required_move_bps_spread_only is the full quoted spread at the decision instant (cross in, cross out); the fee terms are the ledger round trip in bps of entry notional; realized_move_bps is the side-signed mid move, so realized minus spread_only differs from cross_to_cross_bps by the measured spread-change term"
"[0.8,1.0]",ONE_TICK,25-50,8205,0.12105597054415337,2.7938746781133426,0.045399146861669716,4.730428675904226,0.026710629717355768,8.380812524088757,0.015134393957951027,6.8007187771710305,0.018600660467618577,0.0020719073735527118,0.0008531383302864108,0.00036563071297989033,0.0004875076173065204,0.0020719073735527118,0.0,0.0,0.0,0.0,1.1169460436621912,2.058672156459084,2.2338880822070815,2.9890898221491558,3.2599837000814995,3.719546215361726,3.5398882947876142,3.8236271932189196,5.046554257295599,5.485214469312268,6.2293766355922955,6.175592699892595,6.701165276757004,8.9663761341635,9.77888852407107,11.15725540093257,5.065450254441792,5.4790169631541445,7.261491495789323,7.90085332198502,8.985486713688243,250,0,5|25|50|75|95,M2-COST-LEDGER-v1,BREAKEVEN_HURDLE,"required_move_bps_spread_only is the full quoted spread at the decision instant (cross in, cross out); the fee terms are the ledger round trip in bps of entry notional; realized_move_bps is the side-signed mid move, so realized minus spread_only differs from cross_to_cross_bps by the measured spread-change term"
"[0.8,1.0]",ONE_TICK,50-100,12186,0.05614105442480484,1.485879722293608,0.03549154767766289,2.6123108024637407,0.020228159953805162,4.45740863325449,0.011831139665008103,3.713437584180494,0.014220764332943786,0.003118332512719514,0.0014771048744460858,0.0002461841457410143,0.0002461841457410143,0.003118332512719514,0.0,0.0,0.0,0.0,0.0,1.1305183426601098,1.1540015002019504,1.4149274849663955,1.785873738726672,1.96174595389897,2.036834869904062,2.0748641819466997,2.4974130537270067,3.098123738726672,3.3829283783791584,3.391427228032029,3.461871336343192,4.244582267082977,5.3573023101552435,5.884853054722822,2.874635005558595,2.9300661205573624,3.545967100133345,4.421548738726672,4.836671022553345,250,0,5|25|50|75|95,M2-COST-LEDGER-v1,BREAKEVEN_HURDLE,"required_move_bps_spread_only is the full quoted spread at the decision instant (cross in, cross out); the fee terms are the ledger round trip in bps of entry notional; realized_move_bps is the side-signed mid move, so realized minus spread_only differs from cross_to_cross_bps by the measured spread-change term"
"[0.8,1.0]",ONE_TICK,100-200,5429,0.05273196385089709,0.7561533960905563,0.08003315527721495,1.4305718995808363,0.04115984481776407,2.268400380724229,0.02667830432970634,1.9909486299597052,0.02979414563478167,0.018051206483698654,0.006631055442991343,0.0025787437833855223,0.0025787437833855223,0.018051206483698654,0.0,0.0,0.0,0.0,0.5073283631471963,0.505855274805878,0.7088930634813738,0.7631548822833594,0.8952952235999821,0.9746113737147313,1.0252246915694978,1.3540367510123867,1.4419112925397697,1.6559057876107253,1.7843536990241553,1.5175402361089283,2.126628939287711,2.2894064085348855,2.6858055190341807,2.923739139039748,1.4001136591449947,1.8793915394153076,2.0074775318560087,2.3193954921765267,2.5066205346152284,250,0,5|25|50|75|95,M2-COST-LEDGER-v1,BREAKEVEN_HURDLE,"required_move_bps_spread_only is the full quoted spread at the decision instant (cross in, cross out); the fee terms are the ledger round trip in bps of entry notional; realized_move_bps is the side-signed mid move, so realized minus spread_only differs from cross_to_cross_bps by the measured spread-change term"
"[0.8,1.0]",ONE_TICK,200+,964,0.11744612640131873,0.4772219076332689,0.2437759336099585,0.9788538125714754,0.11908053565007704,1.4316429082408768,0.08125994948313187,1.33252310413563,0.08742948446674983,0.025933609958506226,0.015560165975103735,0.014522821576763486,0.014522821576763486,0.025933609958506226,-0.24010641629258805,0.0,0.0,0.0,0.4806479169260648,0.476432095462422,0.47767467986377404,0.48024972985952696,0.48075767409437276,0.4822414582981699,0.9775747478297739,0.9795870765464114,0.9837572936111478,0.9845798941799455,0.9869828384399455,1.4292735881738086,1.4330012228262836,1.440726126152088,1.4422499100445676,1.4467011197728286,1.3306587385274127,1.333591924980056,1.339670466544923,1.3408694956414138,1.3443720461363335,250,0,5|25|50|75|95,M2-COST-LEDGER-v1,BREAKEVEN_HURDLE,"required_move_bps_spread_only is the full quoted spread at the decision instant (cross in, cross out); the fee terms are the ledger round trip in bps of entry notional; realized_move_bps is the side-signed mid move, so realized minus spread_only differs from cross_to_cross_bps by the measured spread-change term"
"[0.8,1.0]",WIDER_THAN_ONE_TICK,5-25,286,0.737845243559674,26.298564021994647,0.03524392274392274,31.06632263352713,0.028279052304745072,41.0257911778703,0.020529544723365326,36.52362920118126,0.023342678907630924,0.006993006993006993,0.0034965034965034965,0.0034965034965034965,0.0034965034965034965,0.006993006993006993,0.0,0.0,0.0,0.0,3.5345056938048254,9.157509157509157,9.186954524575103,21.52852529601722,42.40282685512368,49.48745139625309,12.198749432108698,12.237307141654993,28.395815618597865,46.97765619221818,54.06228073334759,18.31082723531236,18.369690980038833,41.96784291057896,56.507199210553864,63.98868889108625,15.590593825701376,15.640052779855177,36.36482637128604,52.20415830787403,59.28878284900345,250,0,5|25|50|75|95,M2-COST-LEDGER-v1,BREAKEVEN_HURDLE,"required_move_bps_spread_only is the full quoted spread at the decision instant (cross in, cross out); the fee terms are the ledger round trip in bps of entry notional; realized_move_bps is the side-signed mid move, so realized minus spread_only differs from cross_to_cross_bps by the measured spread-change term"
"[0.8,1.0]",WIDER_THAN_ONE_TICK,25-50,1390,-0.051328401969455525,8.55238896923867,0.013755506284535122,10.217177046258797,0.010520464611530332,13.261954996745137,0.007298313878780781,11.962349123845568,0.008413065601227796,0.0057553956834532375,0.0035971223021582736,0.0007194244604316547,0.002158273381294964,0.0057553956834532375,0.0,0.0,0.0,0.0,1.1244799280332847,4.01530153160446,4.206983592763988,6.2460961898813245,8.94854586129754,22.471910112359552,5.464791531452135,5.715822709483231,8.303756260410497,10.539832086700043,24.068482502931943,8.02979709204893,8.413082436086807,11.185432395503318,13.487187777867593,26.96124793503071,6.952398991834877,7.2744304907660915,9.961367533056439,12.256374294721525,25.732047037163145,250,0,5|25|50|75|95,M2-COST-LEDGER-v1,BREAKEVEN_HURDLE,"required_move_bps_spread_only is the full quoted spread at the decision instant (cross in, cross out); the fee terms are the ledger round trip in bps of entry notional; realized_move_bps is the side-signed mid move, so realized minus spread_only differs from cross_to_cross_bps by the measured spread-change term"
"[0.8,1.0]",WIDER_THAN_ONE_TICK,50-100,3494,0.035719237117315214,4.911419233852871,0.012075208547732875,5.945348079210793,0.009063345656818713,7.5843130041770745,0.006570033651510895,6.935812921848359,0.007358950280606641,0.0034344590726960505,0.0017172295363480253,0.00028620492272467084,0.0005724098454493417,0.0034344590726960505,0.0,0.0,0.0,0.0,0.5780497395903041,2.0671834625322996,2.311871459946827,3.399626041135475,5.121114354483535,12.408047505096162,2.913427364971324,3.233890877422555,4.308459269613489,5.976386746161085,13.661394830244928,4.134153284772895,4.623475713298653,5.7624433058468565,7.984828904777787,15.9838213772654,3.6793616353309764,4.0904766379403545,5.199188496241581,6.9226621905354,14.969404007795228,250,0,5|25|50|75|95,M2-COST-LEDGER-v1,BREAKEVEN_HURDLE,"required_move_bps_spread_only is the full quoted spread at the decision instant (cross in, cross out); the fee terms are the ledger round trip in bps of entry notional; realized_move_bps is the side-signed mid move, so realized minus spread_only differs from cross_to_cross_bps by the measured spread-change term"
"[0.8,1.0]",WIDER_THAN_ONE_TICK,100-200,18124,0.047665938126649814,4.822851540083285,0.01640023316043219,5.5056696093365085,0.012303629475857952,6.362215766889494,0.009745073974120926,6.076094877857591,0.010384946634397473,0.004027808430809976,0.002703597439858751,0.001544912822776429,0.001544912822776429,0.004027808430809976,0.0,0.0,0.0,0.0,0.5067319344032831,1.0139416983523448,1.7436791630340018,3.317299718029524,5.822900636359855,13.330598851517637,1.5339942178697332,2.4897366994301313,4.028554110362078,6.582288335243008,14.103792584980136,2.027831995422202,3.3451808546886026,4.880381866182686,7.575399019443637,15.101989230560953,1.9097003924616422,3.016491107239197,4.4707061908929235,7.188478772641377,14.733303301003716,250,0,5|25|50|75|95,M2-COST-LEDGER-v1,BREAKEVEN_HURDLE,"required_move_bps_spread_only is the full quoted spread at the decision instant (cross in, cross out); the fee terms are the ledger round trip in bps of entry notional; realized_move_bps is the side-signed mid move, so realized minus spread_only differs from cross_to_cross_bps by the measured spread-change term"
"[0.8,1.0]",WIDER_THAN_ONE_TICK,200+,31363,0.01656088726532511,3.9746289297598305,0.007012809001254478,4.318386745675879,0.005728060338995153,4.419367641353211,0.0052815002062715855,4.483188677905211,0.0052347892602941865,0.0025188916876574307,0.0012435034913751873,0.0012753881962822434,0.001084079966839907,0.0025188916876574307,-0.02636352828703872,0.0,0.0,0.0,0.16488318026678098,1.2375471814862942,2.153481718478411,3.079291762894534,4.392207897840498,10.346621560989421,1.5562103991578233,2.5065058197552776,3.380460198432428,4.7287571016661225,10.794762735473753,1.6290584949268694,2.535336808444122,3.4976851288505664,4.871775933469369,10.985768662643121,1.7437521247880283,2.635282581681905,3.6167805501599144,4.911838139854311,10.952769088306582,250,0,5|25|50|75|95,M2-COST-LEDGER-v1,BREAKEVEN_HURDLE,"required_move_bps_spread_only is the full quoted spread at the decision instant (cross in, cross out); the fee terms are the ledger round trip in bps of entry notional; realized_move_bps is the side-signed mid move, so realized minus spread_only differs from cross_to_cross_bps by the measured spread-change term"
"[-1.0,-0.8)",ONE_TICK,5-25,2938,0.4883976671579722,6.855706416909448,0.06824370319945541,11.310394195128241,0.041321005346519724,20.572212561280054,0.022742473716599897,16.39316899548007,0.028518608914948552,0.0020422055820285907,0.0013614703880190605,0.0,0.0,0.0020422055820285907,-0.0,0.0,-0.0,-0.0,4.577706569008926,4.501462975467027,4.558924093913836,6.932409012131716,8.768084173608067,10.15022864581681,7.496747081725469,7.589821494734629,11.434525516986085,14.408294699923857,16.647488179720586,13.506415699465226,13.678851134497512,20.802034532242672,26.311943822730875,30.460993888444015,10.83361335817752,10.969292538966275,16.57404008009288,20.909329787643152,24.173825037263285,500,0,5|25|50|75|95,M2-COST-LEDGER-v1,BREAKEVEN_HURDLE,"required_move_bps_spread_only is the full quoted spread at the decision instant (cross in, cross out); the fee terms are the ledger round trip in bps of entry notional; realized_move_bps is the side-signed mid move, so realized minus spread_only differs from cross_to_cross_bps by the measured spread-change term"
"[-1.0,-0.8)",ONE_TICK,25-50,6607,0.2397041457318963,2.7020178439448532,0.08876948690782503,4.582153734133223,0.0522490017148703,8.106814906699883,0.029587165464978832,6.584949928910664,0.036377449079193415,0.004843347964280309,0.0040865748448615105,0.0006054184955350386,0.0016649008627213561,0.004843347964280309,0.0,-0.0,0.0,-0.0,2.277333796899538,2.0574015019030965,2.132423499306962,2.96868042155262,3.178639622566351,3.704389701796629,3.538092859927788,3.65960072259551,5.01405096787091,5.354119882153562,6.205684255334976,6.172627839351656,6.397725269407196,8.906922701837656,9.536929403316025,11.114541609910745,5.063027016306389,5.2401466812220825,7.214520089011051,7.7102413850183815,8.951582736253837,500,0,5|25|50|75|95,M2-COST-LEDGER-v1,BREAKEVEN_HURDLE,"required_move_bps_spread_only is the full quoted spread at the decision instant (cross in, cross out); the fee terms are the ledger round trip in bps of entry notional; realized_move_bps is the side-signed mid move, so realized minus spread_only differs from cross_to_cross_bps by the measured spread-change term"
"[-1.0,-0.8)",ONE_TICK,50-100,8932,0.12131356072704474,1.595802247694796,0.07417151813703537,2.7904831647403205,0.042409040195323995,4.787669615073404,0.024722491412879702,3.9732583445287704,0.02978500173623394,0.006157635467980296,0.002575011195700851,0.00011195700850873264,0.0007836990595611285,0.006157635467980296,-0.0,-0.0,-0.0,0.0,1.4942099364960777,1.0331112144222325,1.4139271827500883,1.649212501030758,1.816695431010991,1.9602077820248947,1.8791566736638896,2.4959170017546133,2.8769839013276406,3.148240489150526,3.380675533446184,3.0994403806584137,4.241981481392623,4.947909515709959,5.4504163612435494,5.8810076251929,2.644853543175203,3.5438779746052917,4.099345768390151,4.494748483336572,4.833563202530678,500,0,5|25|50|75|95,M2-COST-LEDGER-v1,BREAKEVEN_HURDLE,"required_move_bps_spread_only is the full quoted spread at the decision instant (cross in, cross out); the fee terms are the ledger round trip in bps of entry notional; realized_move_bps is the side-signed mid move, so realized minus spread_only differs from cross_to_cross_bps by the measured spread-change term"
"[-1.0,-0.8)",ONE_TICK,100-200,5687,0.06584698533294792,0.7944570183940292,0.0865131000527519,1.4926431962675342,0.04558632423454714,2.3834358008750787,0.028836968374856668,2.081453584924929,0.03277822935693518,0.024793388429752067,0.010550378055213645,0.002989273782310533,0.0038684719535783366,0.024793388429752067,-0.2535111325596738,-0.0,0.0,-0.0,0.7627881441531059,0.5068809083305877,0.7126821793821045,0.7804878048780488,0.8958566629339306,0.9741366713749939,1.0269015895957945,1.3602045227646147,1.4700188695049612,1.656864726005065,1.7836437342098699,1.5206684184684627,2.138097331545172,2.34152433313281,2.6876502483128952,2.9225049129726557,1.4025696755649755,1.888404936135009,2.048475004378517,2.3208299652095086,2.5056291214480577,500,0,5|25|50|75|95,M2-COST-LEDGER-v1,BREAKEVEN_HURDLE,"required_move_bps_spread_only is the full quoted spread at the decision instant (cross in, cross out); the fee terms are the ledger round trip in bps of entry notional; realized_move_bps is the side-signed mid move, so realized minus spread_only differs from cross_to_cross_bps by the measured spread-change term"
"[-1.0,-0.8)",ONE_TICK,200+,1002,0.14353682895096595,0.47633701086226843,0.2934131736526946,0.9774348326581026,0.14379892266211428,1.4290337721078992,0.09780279635091005,1.330465191808522,0.10548524054361703,0.06187624750499002,0.01996007984031936,0.013972055888223553,0.014970059880239521,0.06187624750499002,-0.4785604952497002,0.0,-0.0,0.23820867120110054,0.7209597419244504,0.4762018143289126,0.47875523638539796,0.48031893177069573,0.4807807879997115,0.4817071702112286,0.9772158626169263,0.9813512051698093,0.9838836563011727,0.9846316462140488,0.9861319498248902,1.4286281203434847,1.4362886303625129,1.4409798664937852,1.4423654795714218,1.4451447153723636,1.33014600214738,1.336173822108575,1.339865211611226,1.34095550793817,1.3431424031222552,500,0,5|25|50|75|95,M2-COST-LEDGER-v1,BREAKEVEN_HURDLE,"required_move_bps_spread_only is the full quoted spread at the decision instant (cross in, cross out); the fee terms are the ledger round trip in bps of entry notional; realized_move_bps is the side-signed mid move, so realized minus spread_only differs from cross_to_cross_bps by the measured spread-change term"
"[-1.0,-0.8)",WIDER_THAN_ONE_TICK,5-25,214,0.08019838766168738,31.373944835882135,-0.013632992137665036,36.54401772467259,-0.009871840391657907,47.40000743084731,-0.006182013998929324,42.482619453800304,-0.007453522417437185,0.0,0.0,0.0,0.0,0.0,-0.0,0.0,-0.0,-0.0,3.8639629608632804,9.153318077803204,13.927576601671309,29.39735423811857,35.24850193866761,48.899755501222494,12.195856539341666,18.450649772403015,35.682843933898745,39.829501938667605,55.1792849129872,18.31082723531236,27.864858831636464,49.02443961593997,49.37279572397834,68.50759863847739,15.589253975239103,23.615235138256676,42.955837064418866,45.06338611945857,62.44514765808524,500,0,5|25|50|75|95,M2-COST-LEDGER-v1,BREAKEVEN_HURDLE,"required_move_bps_spread_only is the full quoted spread at the decision instant (cross in, cross out); the fee terms are the ledger round trip in bps of entry notional; realized_move_bps is the side-signed mid move, so realized minus spread_only differs from cross_to_cross_bps by the measured spread-change term"
"[-1.0,-0.8)",WIDER_THAN_ONE_TICK,25-50,926,0.12707069180785008,9.30879033810932,0.03913125552803214,11.014261677741063,0.029751196763293422,14.149698617792104,0.02075178860132308,12.808103808952035,0.023820670363795274,0.008639308855291577,0.005399568034557235,0.0032397408207343412,0.004319654427645789,0.008639308855291577,-1.0517736600113294,0.0,-0.0,-0.0,3.142350035167682,4.108463434675431,4.212302159870363,6.568144499178982,10.492078480747036,20.652622883106154,5.587321458098485,5.723337614219949,8.368310805972964,11.998729331051466,22.139375415667658,8.21777101634792,8.42549168158008,12.07703673291499,15.838323263158212,25.37744238128336,7.110062366255461,7.2845729101951795,10.673274582796093,14.018398041358466,24.052194506919992,500,0,5|25|50|75|95,M2-COST-LEDGER-v1,BREAKEVEN_HURDLE,"required_move_bps_spread_only is the full quoted spread at the decision instant (cross in, cross out); the fee terms are the ledger round trip in bps of entry notional; realized_move_bps is the side-signed mid move, so realized minus spread_only differs from cross_to_cross_bps by the measured spread-change term"
"[-1.0,-0.8)",WIDER_THAN_ONE_TICK,50-100,3653,0.07027827103390294,4.676511350709678,0.02163805011833669,5.700492461280017,0.01641131058355197,7.317289754488013,0.011962443342936564,6.679056665805714,0.013387778505574028,0.006296194908294552,0.004106214070626882,0.0016424856282507528,0.0016424856282507528,0.006296194908294552,-0.5156872445985874,0.0,0.0,0.0,0.9955800907776775,2.063344681729083,2.3113371085172774,3.392322044439419,4.584001833600733,11.421570627288048,2.90853164004522,3.2333565259930057,4.298955385312524,5.54169315974584,12.271180270189728,4.126902254985376,4.6229413618691035,5.774088806694426,7.896555204762096,14.489473294947176,3.673201470833499,4.089942286510805,5.2020164892203695,6.85463939874675,13.536962695200845,500,0,5|25|50|75|95,M2-COST-LEDGER-v1,BREAKEVEN_HURDLE,"required_move_bps_spread_only is the full quoted spread at the decision instant (cross in, cross out); the fee terms are the ledger round trip in bps of entry notional; realized_move_bps is the side-signed mid move, so realized minus spread_only differs from cross_to_cross_bps by the measured spread-change term"
"[-1.0,-0.8)",WIDER_THAN_ONE_TICK,100-200,18955,0.04596921884738279,4.396399709607806,0.014740340980676789,5.113000672006036,0.01135182534377956,6.04482896674495,0.008966015257078203,5.723840969101519,0.009618584678391334,0.0063835399630704295,0.003798470060670008,0.001899235030335004,0.002426800316539172,0.0063835399630704295,-0.47238664100871447,-0.0,0.0,-0.0,0.9411764705882353,1.1412268188302426,1.880936706479827,2.8367453075504705,4.871632484045404,12.248551373251049,1.7007419980130773,2.668222233885299,3.625382927229746,5.631112785684033,12.775500061323807,2.2825187613091287,3.4951286710952445,4.718806353447262,6.6282947779106305,13.38797868199055,2.1236579989261113,3.2701746564301626,4.325607794954614,6.231614833636426,13.154104403597115,500,0,5|25|50|75|95,M2-COST-LEDGER-v1,BREAKEVEN_HURDLE,"required_move_bps_spread_only is the full quoted spread at the decision instant (cross in, cross out); the fee terms are the ledger round trip in bps of entry notional; realized_move_bps is the side-signed mid move, so realized minus spread_only differs from cross_to_cross_bps by the measured spread-change term"
"[-1.0,-0.8)",WIDER_THAN_ONE_TICK,200+,30811,0.027613797551243224,3.6142405382555367,0.011022710986793891,3.9714064793840103,0.009065403525922297,4.102266175474179,0.008475855280721457,4.152248771486114,0.00832909926597803,0.003959624809321346,0.0022394599331407613,0.0020771802278407065,0.0019473564636006621,0.003959624809321346,-0.23759616296466607,-0.0,0.0,-0.0,0.47160913035276364,1.0496098075540419,1.892326615573848,2.7556222348096324,3.89417577335897,9.426794821312143,1.4639378365138183,2.2419411222144054,3.0459662797001235,4.248844059586203,9.837358939966041,1.5282295476751182,2.307277580461812,3.1801804332849617,4.289459764674657,10.266642483432154,1.6435520572493478,2.3835583619399046,3.239543377815429,4.383516530810288,10.168250101809818,500,0,5|25|50|75|95,M2-COST-LEDGER-v1,BREAKEVEN_HURDLE,"required_move_bps_spread_only is the full quoted spread at the decision instant (cross in, cross out); the fee terms are the ledger round trip in bps of entry notional; realized_move_bps is the side-signed mid move, so realized minus spread_only differs from cross_to_cross_bps by the measured spread-change term"
"[-0.8,-0.6)",ONE_TICK,5-25,6735,0.28089340246737077,7.023257957584681,0.03689680772086117,11.58180392439328,0.022372128890779924,21.075060917418742,0.012295814442857036,16.78882597738643,0.015433812314160755,0.0022271714922048997,0.0017817371937639199,0.0,0.0002969561989606533,0.0022271714922048997,-0.0,-0.0,0.0,-0.0,0.0,4.503490204908804,4.577706569008926,6.93721817551162,8.752735229759299,10.178117048346056,7.500030745449345,7.620245030547387,11.44231602422779,14.383428749899403,16.69267101983282,13.512499213917813,13.735215726518083,20.816468695983513,26.265870080897653,30.544715826350128,10.838400114818715,11.013642466444825,16.585397217843333,20.87307848720238,24.23969749641123,500,0,5|25|50|75|95,M2-COST-LEDGER-v1,BREAKEVEN_HURDLE,"required_move_bps_spread_only is the full quoted spread at the decision instant (cross in, cross out); the fee terms are the ledger round trip in bps of entry notional; realized_move_bps is the side-signed mid move, so realized minus spread_only differs from cross_to_cross_bps by the measured spread-change term"
"[-0.8,-0.6)",ONE_TICK,25-50,20639,0.1258520120199195,2.7187185283772997,0.04787053636319589,4.609203567296072,0.028140900805657062,8.156926886468577,0.01595544703477568,6.624380618262018,0.019600088230710508,0.0032947332719608508,0.0023256940743253064,0.0002907117592906633,0.00087213527787199,0.0032947332719608508,-0.0,-0.0,0.0,-0.0,1.536381527316517,2.0557097337855894,2.131060202450719,2.970444081390168,3.224246332419797,3.7154003343860302,3.535352825890852,3.6573926832691335,5.016907539500686,5.427988996076682,6.22351850606942,6.1675518390487465,6.393634797506133,8.91221472904317,9.673778741320152,11.147581679610854,5.059032924575064,5.236928062638272,7.218684128924334,7.817921275986389,8.977580193174585,500,0,5|25|50|75|95,M2-COST-LEDGER-v1,BREAKEVEN_HURDLE,"required_move_bps_spread_only is the full quoted spread at the decision instant (cross in, cross out); the fee terms are the ledger round trip in bps of entry notional; realized_move_bps is the side-signed mid move, so realized minus spread_only differs from cross_to_cross_bps by the measured spread-change term"
"[-0.8,-0.6)",ONE_TICK,50-100,23274,0.08859095652923737,1.6089697198642456,0.05551258915528057,2.8118090953779893,0.03166366399964264,4.827175936212087,0.01850321201408964,4.004344372701629,0.022253967947503162,0.005843430437397955,0.003222480020623872,0.0002148320013749248,0.0007733952049497294,0.005843430437397955,-0.0,0.0,-0.0,-0.0,1.0241546907680694,1.0323646311877355,1.422778686775272,1.6481252575195715,1.8176860856130146,1.966761726816796,1.8779475343469343,2.5102527903609295,2.8752229994018856,3.149844965816614,3.3912904443620357,3.0972004767380144,4.268538504646644,4.944647426631159,5.453388685140373,5.900672033661801,2.6430910404382,3.564774702711527,4.096778957865706,4.497087285394873,4.849036313756214,500,0,5|25|50|75|95,M2-COST-LEDGER-v1,BREAKEVEN_HURDLE,"required_move_bps_spread_only is the full quoted spread at the decision instant (cross in, cross out); the fee terms are the ledger round trip in bps of entry notional; realized_move_bps is the side-signed mid move, so realized minus spread_only differs from cross_to_cross_bps by the measured spread-change term"
"[-0.8,-0.6)",ONE_TICK,100-200,6653,0.07998293624715626,0.7971573856584822,0.10694423568315047,1.4970166560612652,0.0561636956487159,2.3915375968054815,0.03564718985028702,2.087828592723686,0.040420320211583594,0.022395911618818577,0.012174958665263792,0.0019540057117090033,0.0037577032917480834,0.022395911618818577,-0.0,0.0,0.0,0.0,0.7126313914127917,0.5068295278882947,0.7112122612993848,0.7774538386783285,0.941575255402288,0.9657636776280845,1.0268183773561104,1.3578239255952593,1.4651052148251176,1.7309085887356213,1.7700831676802382,1.520514271932897,2.1336873679850177,2.3324219618318036,2.8248144267770527,2.89738430733641,1.402448382424534,1.8849348786535811,2.041312647572746,2.4287598128410828,2.485862576604325,500,0,5|25|50|75|95,M2-COST-LEDGER-v1,BREAKEVEN_HURDLE,"required_move_bps_spread_only is the full quoted spread at the decision instant (cross in, cross out); the fee terms are the ledger round trip in bps of entry notional; realized_move_bps is the side-signed mid move, so realized minus spread_only differs from cross_to_cross_bps by the measured spread-change term"
"[-0.8,-0.6)",ONE_TICK,200+,1304,0.04619075460419484,0.4771452685732939,0.09585889570552147,0.978743826000298,0.0468900025374626,1.4314586097419917,0.03195245200046818,1.3323732233904297,0.034417295266213684,0.04754601226993865,0.01763803680981595,0.00843558282208589,0.01303680981595092,0.04754601226993865,-0.48058554670211473,-0.0,-0.0,0.0,0.481750101912257,0.47634131774552824,0.4782972617481765,0.4802727949475302,0.48075767409437276,0.4815911772496328,0.977441792516336,0.9806095016678207,0.9838089363432365,0.9845942125559113,0.9859440957624435,1.429046643882115,1.4349146626186984,1.4408414515922638,1.4422961356328343,1.4447967253135896,1.3304753254641837,1.3350926891170003,1.3397562971808523,1.340900943325142,1.3428685804474754,500,0,5|25|50|75|95,M2-COST-LEDGER-v1,BREAKEVEN_HURDLE,"required_move_bps_spread_only is the full quoted spread at the decision instant (cross in, cross out); the fee terms are the ledger round trip in bps of entry notional; realized_move_bps is the side-signed mid move, so realized minus spread_only differs from cross_to_cross_bps by the measured spread-change term"
"[-0.8,-0.6)",WIDER_THAN_ONE_TICK,5-25,275,0.05632289103107319,18.132937642166645,0.014471861471861474,22.68286987796778,0.010643505144515427,32.15693194660936,0.00698860582097864,27.879587183427763,0.008234247432919485,0.0,0.0,0.0,0.0,0.0,-3.499459571506833,-0.0,0.0,-0.0,4.589893258590325,9.132420091324201,13.88888888888889,13.97624039133473,20.913210177762288,42.73504273504273,12.168479479172534,18.399961856227318,18.514408223502564,25.45111249215116,49.573805047676565,18.269012142489117,27.7874295421203,27.92321457114231,35.96940548137577,64.1483189663061,15.554125893060153,23.550191182148097,23.697051580145917,31.04650665689907,57.50868727465729,500,0,5|25|50|75|95,M2-COST-LEDGER-v1,BREAKEVEN_HURDLE,"required_move_bps_spread_only is the full quoted spread at the decision instant (cross in, cross out); the fee terms are the ledger round trip in bps of entry notional; realized_move_bps is the side-signed mid move, so realized minus spread_only differs from cross_to_cross_bps by the measured spread-change term"
"[-0.8,-0.6)",WIDER_THAN_ONE_TICK,25-50,2420,0.1706697996623733,7.644116111786122,0.024405305637788574,9.32145568069849,0.018746463582050128,12.394203501333715,0.01341893974337781,11.081643313681854,0.015225319983690658,0.004545454545454545,0.002892561983471074,0.0012396694214876034,0.002066115702479339,0.004545454545454545,-1.0523158891651945,-0.0,-0.0,0.0,2.089023756723496,4.110152075626798,4.189359028068705,6.159534212494446,8.366450533361222,18.732257359057996,5.589533370590827,5.693284860878259,7.784132033918993,9.912297200923604,20.86792446882821,8.22114899237911,8.379595776444988,10.469231637157922,13.473495700733405,24.354771269762132,7.1129002770656475,7.246014800119827,9.33621168314263,11.526567292843662,23.183194696881944,500,0,5|25|50|75|95,M2-COST-LEDGER-v1,BREAKEVEN_HURDLE,"required_move_bps_spread_only is the full quoted spread at the decision instant (cross in, cross out); the fee terms are the ledger round trip in bps of entry notional; realized_move_bps is the side-signed mid move, so realized minus spread_only differs from cross_to_cross_bps by the measured spread-change term"
"[-0.8,-0.6)",WIDER_THAN_ONE_TICK,50-100,7444,0.10372599130888595,4.916531236645601,0.02392094925541196,6.044091583643491,0.018371962928252113,7.891705883934993,0.013510021518310815,7.1465693257684,0.015093083563342902,0.004970445996775927,0.002955400322407308,0.0013433637829124126,0.002015045674368619,0.004970445996775927,0.0,-0.0,-0.0,0.0,0.9985970334373694,2.0740433475059628,2.8734600161490866,3.516792685071215,5.4015125548325145,12.651494147955209,2.9225449031998023,3.952015445815217,4.796167460883815,6.585832973155266,13.739230316420505,4.148301800109158,5.65251186316584,6.934211718907961,8.194794649360373,15.986580236448939,3.691180041137989,4.958949299257461,6.076490312756524,7.743411523892412,15.056305134263049,500,0,5|25|50|75|95,M2-COST-LEDGER-v1,BREAKEVEN_HURDLE,"required_move_bps_spread_only is the full quoted spread at the decision instant (cross in, cross out); the fee terms are the ledger round trip in bps of entry notional; realized_move_bps is the side-signed mid move, so realized minus spread_only differs from cross_to_cross_bps by the measured spread-change term"
"[-0.8,-0.6)",WIDER_THAN_ONE_TICK,100-200,13307,0.04334011911379615,4.1164794017678386,0.01722471646202772,4.833072139715606,0.013136747563194155,5.764882107006797,0.010122029623106,5.4439025977662485,0.01098650097675102,0.007063951303825054,0.004734350341925302,0.002179304125648155,0.0025550462162771473,0.007063951303825054,-0.4811717503800033,-0.0,0.0,-0.0,0.8778860503906593,1.0185166345955252,1.756543123133673,2.6142651736307787,4.7225501770956315,12.260102796246523,1.540018229342649,2.506680145531565,3.3601815062087814,5.51381234053446,12.860133598241644,2.037085140639508,3.427918501661967,4.187639778339609,6.600171199186402,13.54470499430072,1.917457956373801,3.136023220929198,3.8663733404540936,6.2047853240354325,13.287009212837688,500,0,5|25|50|75|95,M2-COST-LEDGER-v1,BREAKEVEN_HURDLE,"required_move_bps_spread_only is the full quoted spread at the decision instant (cross in, cross out); the fee terms are the ledger round trip in bps of entry notional; realized_move_bps is the side-signed mid move, so realized minus spread_only differs from cross_to_cross_bps by the measured spread-change term"
"[-0.8,-0.6)",WIDER_THAN_ONE_TICK,200+,10491,0.029932367944774566,4.267039768384837,0.009168248655655417,4.656432409461433,0.00749416250876603,4.859106406243101,0.006764622081299196,4.875828030719554,0.006797024060136646,0.006386426460775903,0.0036221523210370793,0.0023829949480507102,0.002287675150128682,0.006386426460775903,-0.3962640353933511,-0.0,0.0,-0.0,0.6167281096255631,0.9600614439324117,1.8453305452702184,2.9292584094126837,4.60222161789009,12.958532695374801,1.4569095002756414,2.1362823733968628,3.349848936560949,4.99963965581189,13.473494841901159,1.6299639541364443,2.3019663052074844,3.4979101023497146,5.205874819410205,13.955989181335601,1.70151863155776,2.3262832277429917,3.610524512259507,5.208727712902844,13.843111319882308,500,0,5|25|50|75|95,M2-COST-LEDGER-v1,BREAKEVEN_HURDLE,"required_move_bps_spread_only is the full quoted spread at the decision instant (cross in, cross out); the fee terms are the ledger round trip in bps of entry notional; realized_move_bps is the side-signed mid move, so realized minus spread_only differs from cross_to_cross_bps by the measured spread-change term"
"[-0.6,-0.4)",ONE_TICK,5-25,10700,0.15817411833380757,7.489087788909329,0.020093457943925235,12.336434753835512,0.01219332063662063,22.473258781407097,0.006696061579547448,17.888954172644496,0.008409660398405544,0.0017757009345794393,0.0012149532710280374,0.0,0.00028037383177570094,0.0017757009345794393,-0.0,-0.0,-0.0,0.0,0.0,4.505519261094841,6.828269033799931,6.9613644274277755,9.153318077803204,10.38961038961039,7.503317368350363,11.265826410849112,11.481431279795462,15.032395000880127,17.03531932931933,13.51858821107231,20.489471219592282,20.888941029099083,27.46833639282152,31.179631179631183,10.843191185385063,16.32810783161414,16.642420137734184,21.819189872674997,24.739248643248644,500,0,5|25|50|75|95,M2-COST-LEDGER-v1,BREAKEVEN_HURDLE,"required_move_bps_spread_only is the full quoted spread at the decision instant (cross in, cross out); the fee terms are the ledger round trip in bps of entry notional; realized_move_bps is the side-signed mid move, so realized minus spread_only differs from cross_to_cross_bps by the measured spread-change term"
"[-0.6,-0.4)",ONE_TICK,25-50,29665,0.0796215977641906,2.738723048260328,0.03069273554694084,4.641604155791394,0.01803112595978247,8.216950998320266,0.010230027124585088,6.671610826737655,0.012561133476451077,0.0029664587898196528,0.0021911343333895165,0.00020225855385133995,0.0008090342154053598,0.0029664587898196528,0.0,0.0,0.0,0.0,-0.0,2.056555269922879,2.134699541039599,2.9748624126134167,3.2325844512687896,3.7154003343860302,3.5367222793840063,3.66328707306351,5.024063840759801,5.441494247583048,6.22351850606942,6.17008879522111,6.404554365975551,8.925472350132011,9.698798482953238,11.147581679610854,5.061029148984994,5.245520207136952,7.229115908596755,7.837608052950006,8.977580193174585,500,0,5|25|50|75|95,M2-COST-LEDGER-v1,BREAKEVEN_HURDLE,"required_move_bps_spread_only is the full quoted spread at the decision instant (cross in, cross out); the fee terms are the ledger round trip in bps of entry notional; realized_move_bps is the side-signed mid move, so realized minus spread_only differs from cross_to_cross_bps by the measured spread-change term"
"[-0.6,-0.4)",ONE_TICK,50-100,33929,0.06541100457088059,1.6145272247427827,0.0407173804120369,2.820810057667781,0.02324006354925971,4.843850333459485,0.013571733328339587,4.017464799510734,0.016330517316205613,0.004627309970821421,0.002682071384361461,0.0003831530549087801,0.0008547260455657402,0.004627309970821421,0.0,0.0,0.0,0.0,0.611673179578942,1.0324712198647463,1.4147273113107448,1.6568635572860575,1.8186778212239703,1.965988400668436,1.8781201615271108,2.4972128800713556,2.8893755705420645,3.1514511933592924,3.3900379484466505,3.097520264779563,4.244382093427326,4.970865214286886,5.4563642526535805,5.898351751042011,2.6433426705617005,3.545766926477694,4.117408710558634,4.499428639703417,4.847210579197732,500,0,5|25|50|75|95,M2-COST-LEDGER-v1,BREAKEVEN_HURDLE,"required_move_bps_spread_only is the full quoted spread at the decision instant (cross in, cross out); the fee terms are the ledger round trip in bps of entry notional; realized_move_bps is the side-signed mid move, so realized minus spread_only differs from cross_to_cross_bps by the measured spread-change term"
"[-0.6,-0.4)",ONE_TICK,100-200,8826,0.04517624177052604,0.8177992370614194,0.05789712213913437,1.5304470544616813,0.030637428686725508,2.4534661213237663,0.019298538748114866,2.1365581394270525,0.022003751082939973,0.02050759120779515,0.009290731928393383,0.0011330160888284614,0.002492635395422615,0.02050759120779515,0.0,0.0,-0.0,-0.0,0.7115032291212298,0.5109731483610537,0.7121746252181035,0.7814636814754035,0.945760627985057,0.9657636776280845,1.033529101350323,1.3593825163939457,1.4715993488714645,1.7376870443285735,1.7700831676802382,1.5329455551060716,2.136574596730104,2.3444521153609927,2.837371334501656,2.89738430733641,1.41223017442135,1.887206745437461,2.050778779943675,2.4386404161246578,2.485862576604325,500,0,5|25|50|75|95,M2-COST-LEDGER-v1,BREAKEVEN_HURDLE,"required_move_bps_spread_only is the full quoted spread at the decision instant (cross in, cross out); the fee terms are the ledger round trip in bps of entry notional; realized_move_bps is the side-signed mid move, so realized minus spread_only differs from cross_to_cross_bps by the measured spread-change term"
"[-0.6,-0.4)",ONE_TICK,200+,1326,0.03858172464212557,0.47821753546401313,0.07956259426847662,0.9804803886787562,0.038946413254189745,1.434675495802167,0.026520436066876076,1.3349044940037023,0.02857983744340381,0.05279034690799397,0.01809954751131222,0.005279034690799397,0.00980392156862745,0.05279034690799397,-0.4795645655150239,0.0,-0.0,-0.0,0.7148134898042108,0.4763662782338693,0.47756632202297095,0.48020360632908354,0.4807345624113646,0.48180000481800006,0.9774822167638184,0.9794257231405028,0.9836968833171742,0.9845567824969373,0.9862822982412716,1.429121527725231,1.4327217735727107,1.4406338790912812,1.4422267983615593,1.445423228137682,1.3305342492600882,1.3333671721113227,1.3395929647616613,1.3408463839584057,1.3433615562513896,500,0,5|25|50|75|95,M2-COST-LEDGER-v1,BREAKEVEN_HURDLE,"required_move_bps_spread_only is the full quoted spread at the decision instant (cross in, cross out); the fee terms are the ledger round trip in bps of entry notional; realized_move_bps is the side-signed mid move, so realized minus spread_only differs from cross_to_cross_bps by the measured spread-change term"
"[-0.6,-0.4)",WIDER_THAN_ONE_TICK,5-25,308,0.09647352088544651,17.92721064887734,0.007633735312306741,22.549445575616712,0.005866818423095518,32.18462768435555,0.004109721009679182,27.832659774866485,0.004718084410810289,0.0,0.0,0.0,0.0,0.0,-4.563397208887053,-0.0,-0.0,0.0,4.611058207356267,9.132420091324201,9.178522257916475,13.94700139470014,19.347040881097854,39.29273084479372,12.168479479172534,12.228874874996364,18.476099789675715,25.527089478081386,45.59617178967561,18.269012142489117,18.361258713380202,27.894009571790185,38.67538444625917,58.97777021487246,15.554125893060153,15.631620513196548,23.64789323001068,32.69630959994012,52.89064029361261,500,0,5|25|50|75|95,M2-COST-LEDGER-v1,BREAKEVEN_HURDLE,"required_move_bps_spread_only is the full quoted spread at the decision instant (cross in, cross out); the fee terms are the ledger round trip in bps of entry notional; realized_move_bps is the side-signed mid move, so realized minus spread_only differs from cross_to_cross_bps by the measured spread-change term"
"[-0.6,-0.4)",WIDER_THAN_ONE_TICK,25-50,3336,0.1509023231518983,7.824304508013183,0.012725307243708694,9.507169705765781,0.009517451732857693,12.59223089300946,0.006596476616006884,11.273967739063616,0.007572042097828697,0.0044964028776978415,0.0035971223021582736,0.0008992805755395684,0.0020983213429256594,0.0044964028776978415,-1.1244168048236665,-0.0,-0.0,0.0,1.6227839578886147,4.110152075626798,4.186728072011723,6.148170919151553,8.019246190858059,18.726591760299627,5.589533370590827,5.689838624775542,7.66851239552834,9.539312592349651,20.475886783142812,8.22114899237911,8.374332762128976,10.309491154035248,13.071896821212226,23.181412768724567,7.1129002770656475,7.241593231140701,9.19690587872075,11.346122307349614,22.03893228504964,500,0,5|25|50|75|95,M2-COST-LEDGER-v1,BREAKEVEN_HURDLE,"required_move_bps_spread_only is the full quoted spread at the decision instant (cross in, cross out); the fee terms are the ledger round trip in bps of entry notional; realized_move_bps is the side-signed mid move, so realized minus spread_only differs from cross_to_cross_bps by the measured spread-change term"
"[-0.6,-0.4)",WIDER_THAN_ONE_TICK,50-100,11174,0.06050884730271715,4.3942502586904135,0.015548022339623001,5.491660986609053,0.011790505256442927,7.272089574004826,0.008577365597263603,6.558070245452647,0.009610112766463298,0.0030427778772149634,0.002237336674422767,0.0008054412027921962,0.001431895471630571,0.0030427778772149634,-0.5639013012447701,0.0,-0.0,-0.0,0.8825619022492793,2.0641965115078955,2.8308563340410475,3.4788658897199514,4.523223938698865,10.38036627863869,2.9096473785599186,3.911215892726835,4.618817201283167,5.491026631089688,11.50550574451406,4.128606090368342,5.179790559290523,6.134498924193004,7.88682420866675,13.986613525841143,3.6746329276928664,4.7126180421920445,5.528999288388862,6.849382097575224,12.919696758200073,500,0,5|25|50|75|95,M2-COST-LEDGER-v1,BREAKEVEN_HURDLE,"required_move_bps_spread_only is the full quoted spread at the decision instant (cross in, cross out); the fee terms are the ledger round trip in bps of entry notional; realized_move_bps is the side-signed mid move, so realized minus spread_only differs from cross_to_cross_bps by the measured spread-change term"
"[-0.6,-0.4)",WIDER_THAN_ONE_TICK,100-200,17872,0.053651180946101586,4.059108482413061,0.01799825432783483,4.77633339993161,0.013681133965645135,5.709552122505228,0.010700238268068518,5.387920144760523,0.011515579120917883,0.0054274843330349145,0.003301253357206804,0.0010631154879140554,0.0015107430617726052,0.0054274843330349145,-0.4162235621780878,-0.0,-0.0,0.0,0.8259155793876859,1.4215651432226881,1.7872701709028438,2.6113069591330462,4.436298961753602,12.392164339164006,2.0577719650428348,2.546926583019589,3.3566122607783844,5.135721497248301,13.056100887733388,2.5580943322985736,3.432625205456065,4.178889935445046,6.093030905243049,13.712646122291089,2.4369593755287737,3.2060575555933912,3.8599352567595373,5.746142252877918,13.494038838390507,500,0,5|25|50|75|95,M2-COST-LEDGER-v1,BREAKEVEN_HURDLE,"required_move_bps_spread_only is the full quoted spread at the decision instant (cross in, cross out); the fee terms are the ledger round trip in bps of entry notional; realized_move_bps is the side-signed mid move, so realized minus spread_only differs from cross_to_cross_bps by the measured spread-change term"
"[-0.6,-0.4)",WIDER_THAN_ONE_TICK,200+,12078,0.021972949881802446,3.805196544808629,0.009077450316270358,4.20949571513562,0.007201223908257278,4.445387570884468,0.006515016600732029,4.446724261567256,0.006490297333578614,0.004719324391455539,0.002649445272396092,0.002152674283821825,0.0022354694485842027,0.004719324391455539,-0.3249459113612663,0.0,-0.0,-0.0,0.48121921828707925,0.9592717211908444,1.84945441094877,2.892602188817828,4.265821627715653,10.014544934309354,1.4569692387488593,2.2061592683042224,3.3241815241943757,4.743455023446177,10.51401702008834,1.6869179192117718,2.3069354963984874,3.349762917840521,5.013753033423594,10.964605684138647,1.8065537951502078,2.381313649358434,3.401443009743873,4.956881855715582,10.865658862943434,500,0,5|25|50|75|95,M2-COST-LEDGER-v1,BREAKEVEN_HURDLE,"required_move_bps_spread_only is the full quoted spread at the decision instant (cross in, cross out); the fee terms are the ledger round trip in bps of entry notional; realized_move_bps is the side-signed mid move, so realized minus spread_only differs from cross_to_cross_bps by the measured spread-change term"
"[-0.4,-0.2)",ONE_TICK,5-25,15485,0.05473221545950708,7.828906969023132,0.007135938004520503,12.88692855221524,0.004327277549841118,23.49322200757715,0.0023780377819456375,18.691481468586773,0.002985150755091382,0.0005812076202776881,0.00038747174685179207,0.0,0.0,0.0005812076202776881,0.0,0.0,0.0,0.0,-0.0,4.5075501464953796,6.884681583476764,7.074637424831978,9.272137227630969,10.422094841063053,7.506606954430456,11.3572105090966,11.664926172178049,15.224890474384214,17.087948855661594,13.524682698343891,20.658786266672358,21.228919095037213,27.825012923363808,31.27715219247077,10.84798657571089,16.461328966396874,16.909922633607632,22.099825539319284,24.815978052741887,500,0,5|25|50|75|95,M2-COST-LEDGER-v1,BREAKEVEN_HURDLE,"required_move_bps_spread_only is the full quoted spread at the decision instant (cross in, cross out); the fee terms are the ledger round trip in bps of entry notional; realized_move_bps is the side-signed mid move, so realized minus spread_only differs from cross_to_cross_bps by the measured spread-change term"
"[-0.4,-0.2)",ONE_TICK,25-50,38618,0.03887939572807078,2.764366209244814,0.014488062561499818,4.683137872175895,0.00852475549335648,8.29389538739197,0.004828922173710567,6.732154674900928,0.005935804166239825,0.002589466052100057,0.0017608369154280387,0.00018126262364700398,0.00046610388937801025,0.002589466052100057,-0.0,0.0,-0.0,-0.0,0.0,2.0561324149275215,2.139266231682533,2.9890898221491558,3.2451728054518902,3.7181632273656815,3.5360374118430054,3.670683433222969,5.0471077593688864,5.461883613631053,6.22799364759625,6.1688200563011595,6.418256390005169,8.96816306579639,9.736571701914077,11.155872412936525,5.06003083154278,5.2563017473008475,7.262707161461562,7.8673298973051855,8.984103725692197,500,0,5|25|50|75|95,M2-COST-LEDGER-v1,BREAKEVEN_HURDLE,"required_move_bps_spread_only is the full quoted spread at the decision instant (cross in, cross out); the fee terms are the ledger round trip in bps of entry notional; realized_move_bps is the side-signed mid move, so realized minus spread_only differs from cross_to_cross_bps by the measured spread-change term"
"[-0.4,-0.2)",ONE_TICK,50-100,46672,0.03058552680626345,1.5980753978408584,0.01959418923551594,2.794164762987539,0.011157558454780959,4.794489813165089,0.006531056563509289,3.97862489231567,0.007845709362105116,0.0038352759684607473,0.002314021254713747,0.00014998285910181692,0.0004713747000342818,0.0038352759684607473,-0.0,-0.0,-0.0,0.0,0.0,1.0317255610007738,1.4141271300289897,1.6535758577924762,1.8170255292086854,1.965988400668436,1.8769125193169107,2.49624083388983,2.8840508040468174,3.148775120340795,3.3900379484466505,3.095283134257068,4.2425813797815,4.961001027298016,5.451406775801453,5.898351751042011,2.64158235010519,3.5443500122238705,4.109646967433621,4.495527800696964,4.847210579197732,500,0,5|25|50|75|95,M2-COST-LEDGER-v1,BREAKEVEN_HURDLE,"required_move_bps_spread_only is the full quoted spread at the decision instant (cross in, cross out); the fee terms are the ledger round trip in bps of entry notional; realized_move_bps is the side-signed mid move, so realized minus spread_only differs from cross_to_cross_bps by the measured spread-change term"
"[-0.4,-0.2)",ONE_TICK,100-200,12817,0.03125163681350701,0.8209263642674047,0.04049309510805961,1.5355115895684912,0.02136167060352154,2.462847995586491,0.013497351124323893,2.1439404273484612,0.015354212149894127,0.021221814777248965,0.010454864632909417,0.0014043848014355933,0.002730748225013654,0.021221814777248965,-0.25340192078655954,0.0,0.0,0.0,0.7107573119158463,0.5080397287067848,0.7611798287345385,0.8245722531436818,0.941575255402288,0.9656704166867848,1.0287783356264617,1.4387486800704599,1.541415825337959,1.7309085887356213,1.7699321260059544,1.524144997212602,2.283597427881985,2.4737847541744395,2.8248144267770527,2.89710450649847,1.405305287818709,2.0028942231929387,2.1525463605074155,2.4287598128410828,2.4856424108924826,500,0,5|25|50|75|95,M2-COST-LEDGER-v1,BREAKEVEN_HURDLE,"required_move_bps_spread_only is the full quoted spread at the decision instant (cross in, cross out); the fee terms are the ledger round trip in bps of entry notional; realized_move_bps is the side-signed mid move, so realized minus spread_only differs from cross_to_cross_bps by the measured spread-change term"
"[-0.4,-0.2)",ONE_TICK,200+,1467,0.05105800798122773,0.47725969165249044,0.1029311520109066,0.9789291370694183,0.05061370334356008,1.43180188831731,0.03430981668775677,1.3326433389233372,0.03709654683133069,0.05248807089297887,0.014996591683708248,0.010906612133605999,0.012951601908657124,0.05248807089297887,-0.47979813435226604,-0.0,0.0,-0.0,0.7145953940740788,0.47631522541618043,0.4776575672900098,0.4801805478860051,0.48075767409437276,0.4817535830422739,0.9773995352189813,0.9795734975503394,0.9836595394826437,0.9845942125559113,0.9862071167899253,1.4289683644082736,1.4329955180901053,1.4405647015474696,1.4422961356328343,1.4452839583373551,1.3304137297507523,1.333582573260872,1.3395385310792824,1.340900943325142,1.3432519691288953,500,0,5|25|50|75|95,M2-COST-LEDGER-v1,BREAKEVEN_HURDLE,"required_move_bps_spread_only is the full quoted spread at the decision instant (cross in, cross out); the fee terms are the ledger round trip in bps of entry notional; realized_move_bps is the side-signed mid move, so realized minus spread_only differs from cross_to_cross_bps by the measured spread-change term"
"[-0.4,-0.2)",WIDER_THAN_ONE_TICK,5-25,507,0.30655538123430537,17.138691666306194,0.016443794809179423,21.701133594058714,0.012870358099854423,31.203072385442645,0.008956718699868499,26.9128164489612,0.010364727842000576,0.0039447731755424065,0.0019723865877712033,0.0,0.0019723865877712033,0.0039447731755424065,-3.5460992907801416,-0.0,0.0,-0.0,4.792596794261875,9.000900090009,9.182736455463727,13.986013986013987,19.120895793859926,32.27541689080151,11.996184196267443,12.234395619450865,18.527213426181937,25.236335366800965,39.15706344252565,18.0058528140072,18.369690980038833,27.942720838262105,37.15746273035728,53.77515638735633,15.333050472719492,15.638704301122893,23.713483545146246,31.744176319973178,47.097924621827985,500,0,5|25|50|75|95,M2-COST-LEDGER-v1,BREAKEVEN_HURDLE,"required_move_bps_spread_only is the full quoted spread at the decision instant (cross in, cross out); the fee terms are the ledger round trip in bps of entry notional; realized_move_bps is the side-signed mid move, so realized minus spread_only differs from cross_to_cross_bps by the measured spread-change term"
"[-0.4,-0.2)",WIDER_THAN_ONE_TICK,25-50,5312,0.031868810725226265,7.739669801748899,0.002696611319649588,9.452788841081237,0.002208145703624975,12.60526799168381,0.0017107978221703754,11.255780040745327,0.00188576203027042,0.004894578313253012,0.0028237951807228916,0.0011295180722891566,0.001694277108433735,0.004894578313253012,-1.1712191338281854,-0.0,-0.0,0.0,1.5621216830918279,4.110996916752312,4.198152812762385,6.238303181534622,8.400273078344355,16.604400166044,5.590640008857576,5.704803663066815,8.269067813969285,9.917500037467613,18.112138713575355,8.22283902201547,8.397187034891296,11.269129656205946,13.467006438849472,21.876467668093216,7.114320107541786,7.260793585384681,10.033781594889446,11.544712355879522,20.083149344140743,500,0,5|25|50|75|95,M2-COST-LEDGER-v1,BREAKEVEN_HURDLE,"required_move_bps_spread_only is the full quoted spread at the decision instant (cross in, cross out); the fee terms are the ledger round trip in bps of entry notional; realized_move_bps is the side-signed mid move, so realized minus spread_only differs from cross_to_cross_bps by the measured spread-change term"
"[-0.4,-0.2)",WIDER_THAN_ONE_TICK,50-100,19199,0.025090502125890354,4.428505672816432,0.007355331673977214,5.5203690362111955,0.005532893158562434,7.2884358209835485,0.0040023804832289775,6.580141891985855,0.004488602210674297,0.0026563883535600814,0.0014063232460023959,0.0004166883691858951,0.000937548830668264,0.0026563883535600814,-0.6102845154590809,-0.0,0.0,-0.0,0.8732404301440603,2.0644095788604457,2.8260562385191466,3.46961198172671,4.530011325028313,10.854227849612903,2.909926457150938,3.9065050497591445,4.502541945244789,5.518382084485603,12.166172685996976,4.129032269063812,5.160012055860351,6.140148934781477,7.902795691067593,13.992205056540406,3.674990976610007,4.700249764357151,5.562345548280634,6.85463939874675,13.067048778893014,500,0,5|25|50|75|95,M2-COST-LEDGER-v1,BREAKEVEN_HURDLE,"required_move_bps_spread_only is the full quoted spread at the decision instant (cross in, cross out); the fee terms are the ledger round trip in bps of entry notional; realized_move_bps is the side-signed mid move, so realized minus spread_only differs from cross_to_cross_bps by the measured spread-change term"
"[-0.4,-0.2)",WIDER_THAN_ONE_TICK,100-200,33248,0.018236677694866147,3.823910516896659,0.007952068603758595,4.541781815885328,0.005889818207719415,5.476440941395993,0.004526515262426055,5.154141837457376,0.004889472432962092,0.004571703561116458,0.0025565447545717037,0.00087223291626564,0.001293310875842156,0.004571703561116458,-0.44801462401558934,-0.0,-0.0,0.0,0.5707746305918521,1.4216661927779357,1.7834849295523454,2.5173064820641913,4.157831275206852,10.525662858767179,2.064359784162842,2.5419686538009856,3.241158216480149,4.879093688913914,11.257347590240245,2.8377851122933846,3.416402537984069,4.171568275052028,5.829015592947068,12.264839113216745,2.590161841630029,3.137301078192709,3.8510776257273145,5.4941912534757495,11.881395685395685,500,0,5|25|50|75|95,M2-COST-LEDGER-v1,BREAKEVEN_HURDLE,"required_move_bps_spread_only is the full quoted spread at the decision instant (cross in, cross out); the fee terms are the ledger round trip in bps of entry notional; realized_move_bps is the side-signed mid move, so realized minus spread_only differs from cross_to_cross_bps by the measured spread-change term"
"[-0.4,-0.2)",WIDER_THAN_ONE_TICK,200+,16434,0.02006686777884301,4.068736554147132,0.005899566529492766,4.48523802944084,0.004818073658942792,4.748321623699055,0.004478286812726348,4.737064393228931,0.004425381119452523,0.004867956675185591,0.003225021297310454,0.002008032128514056,0.0022514299622733358,0.004867956675185591,-0.4134208853508916,0.0,-0.0,-0.0,0.4899315167831877,0.9597389510053266,2.060368806016277,3.179274391759973,4.621703987243851,10.887855092546769,1.4593634653428853,2.3904394115492593,3.4913684753422007,5.059347680114273,11.366243805432912,1.8382165230153145,2.505838259806054,3.758500140322844,5.413812305830663,11.814111361479334,1.8088439435320747,2.606284339786657,3.702567420282514,5.361005592289373,11.705991501826421,500,0,5|25|50|75|95,M2-COST-LEDGER-v1,BREAKEVEN_HURDLE,"required_move_bps_spread_only is the full quoted spread at the decision instant (cross in, cross out); the fee terms are the ledger round trip in bps of entry notional; realized_move_bps is the side-signed mid move, so realized minus spread_only differs from cross_to_cross_bps by the measured spread-change term"
"[-0.2,0.0)",ONE_TICK,5-25,16191,0.018697383201799218,8.018581552835492,0.003149898091532333,13.194205982620048,0.0019040417776526588,24.06256679830621,0.0010497582616368645,19.13944911119643,0.0013148337927553905,0.0007411524921252547,0.00043233895373973193,0.0,0.00012352541535420912,0.0007411524921252547,-0.0,-0.0,0.0,-0.0,-0.0,4.5075501464953796,6.894174422612892,8.707009142359599,10.035122930255895,10.621348911311737,7.506606954430456,11.372588215716341,14.309350605774233,16.461002448328184,17.41077080291641,13.524682698343891,20.687277870888753,26.128611929816046,30.115444215396455,31.87533403352215,10.84798657571089,16.483746836405995,20.765082313091305,23.901946223428585,25.286626275817582,500,0,5|25|50|75|95,M2-COST-LEDGER-v1,BREAKEVEN_HURDLE,"required_move_bps_spread_only is the full quoted spread at the decision instant (cross in, cross out); the fee terms are the ledger round trip in bps of entry notional; realized_move_bps is the side-signed mid move, so realized minus spread_only differs from cross_to_cross_bps by the measured spread-change term"
"[-0.2,0.0)",ONE_TICK,25-50,37047,0.00873091281230332,2.8210132374334087,0.0033875887386293087,4.774887508514876,0.001990190564720938,8.463868027042665,0.0011290992317474833,6.865898136497693,0.0013864272104510138,0.0013766296866143007,0.0010797095581288633,5.3985477906443164e-05,0.00032391286743865903,0.0013766296866143007,0.0,-0.0,0.0,-0.0,-0.0,2.0574015019030965,2.218524681087077,3.017046311660884,3.2567985670086306,3.719546215361726,3.538092859927788,3.7990531922918693,5.092388496331976,5.480713876454884,6.2302337153617255,6.172627839351656,6.656066283039595,9.052049329162392,9.771456547464657,11.160022405837918,5.063027016306389,5.443424170769793,7.3287131794943186,7.894779023034689,8.987369132028393,500,0,5|25|50|75|95,M2-COST-LEDGER-v1,BREAKEVEN_HURDLE,"required_move_bps_spread_only is the full quoted spread at the decision instant (cross in, cross out); the fee terms are the ledger round trip in bps of entry notional; realized_move_bps is the side-signed mid move, so realized minus spread_only differs from cross_to_cross_bps by the measured spread-change term"
"[-0.2,0.0)",ONE_TICK,50-100,41707,0.01069582938530445,1.605224943110983,0.006701512935478457,2.805744221015942,0.003824788445625486,4.815940933118921,0.002233718799362975,3.9955039275572943,0.0026877066892833346,0.0029491452274198575,0.0019900736087467333,9.590716186731244e-05,0.0004076054379360779,0.0029491452274198575,0.0,-0.0,0.0,-0.0,-0.0,1.032151519843113,1.413727292005372,1.7380724776223169,1.8183471224656786,1.963942040337811,1.8776023868951361,2.4955932611839384,3.0209019578934795,3.1509155894596774,3.3867236187528404,3.0965610987035586,4.241381752630284,5.21451954871566,5.455372036086337,5.892211865729351,2.642587936028084,3.543406070458645,4.309130708110757,4.498647904426035,4.842379356980104,500,0,5|25|50|75|95,M2-COST-LEDGER-v1,BREAKEVEN_HURDLE,"required_move_bps_spread_only is the full quoted spread at the decision instant (cross in, cross out); the fee terms are the ledger round trip in bps of entry notional; realized_move_bps is the side-signed mid move, so realized minus spread_only differs from cross_to_cross_bps by the measured spread-change term"
"[-0.2,0.0)",ONE_TICK,100-200,9093,0.01642523024155645,0.8157534579590147,0.021829979104805896,1.527133891766284,0.011460809264794846,2.447328708345679,0.007276477196657631,2.131728784974316,0.008248459844595062,0.019025624106455516,0.010557571758495546,0.001979544704717915,0.003299241174529858,0.019025624106455516,-0.3551817503712276,0.0,0.0,0.0,0.49111580881167577,0.506932299191443,0.7120732011250757,0.82634384167252,0.9419300145999152,0.9751816275781364,1.0269848187088313,1.3592182556006152,1.5442850035599673,1.7314831419548513,1.7853361038800675,1.5208225962613002,2.136270310004945,2.4790998122534638,2.825878771193736,2.9256399852921993,1.4026909933007405,1.8869673120700305,2.1567286032624713,2.429597309249501,2.508096002456233,500,0,5|25|50|75|95,M2-COST-LEDGER-v1,BREAKEVEN_HURDLE,"required_move_bps_spread_only is the full quoted spread at the decision instant (cross in, cross out); the fee terms are the ledger round trip in bps of entry notional; realized_move_bps is the side-signed mid move, so realized minus spread_only differs from cross_to_cross_bps by the measured spread-change term"
"[-0.2,0.0)",ONE_TICK,200+,1341,0.011289677422998969,0.47757165787527295,0.02348993288590604,0.9794343736190667,0.01146474062058835,1.4327378103976096,0.007829852186768193,1.3333797879315912,0.008419108706126157,0.05145413870246085,0.017897091722595078,0.00820283370618941,0.011931394481730051,0.05145413870246085,-0.48050356773899044,0.0,0.0,0.0,0.7143027214933689,0.4763379141162741,0.477520712460903,0.48006528887928757,0.4807345624113646,0.4817303755088277,0.9774362802383147,0.9793518571053804,0.9834728740929217,0.9845567824969373,0.9861695314968806,1.4290364326700777,1.4325849405302407,1.4402189134592205,1.4422267983615593,1.445214333500927,1.3304672905750938,1.333259502394526,1.339266441063637,1.3408463839584057,1.3431971834864749,500,0,5|25|50|75|95,M2-COST-LEDGER-v1,BREAKEVEN_HURDLE,"required_move_bps_spread_only is the full quoted spread at the decision instant (cross in, cross out); the fee terms are the ledger round trip in bps of entry notional; realized_move_bps is the side-signed mid move, so realized minus spread_only differs from cross_to_cross_bps by the measured spread-change term"
"[-0.2,0.0)",WIDER_THAN_ONE_TICK,5-25,611,0.11740777865437392,15.79565108352074,0.0017993531291403623,20.11317578298598,0.0017595775293093323,29.069338571705533,0.001536726551152596,25.03186014492025,0.0016428704751063976,0.0,0.0,0.0,0.0,0.0,-3.4831107345323677,-0.0,0.0,-0.0,4.584002074410657,9.057971014492754,9.153318077803204,13.917884481558803,20.898641588296762,29.055690072639226,12.070948812408476,12.195856539341666,18.43795133392649,25.569991197460546,35.270419461582,18.12004622971704,18.31082723531236,27.826090323005253,36.81547029094895,48.45433216769257,15.428982342086773,15.589253975239103,23.59894019186521,31.133974895000517,42.45876087768287,500,0,5|25|50|75|95,M2-COST-LEDGER-v1,BREAKEVEN_HURDLE,"required_move_bps_spread_only is the full quoted spread at the decision instant (cross in, cross out); the fee terms are the ledger round trip in bps of entry notional; realized_move_bps is the side-signed mid move, so realized minus spread_only differs from cross_to_cross_bps by the measured spread-change term"
"[-0.2,0.0)",WIDER_THAN_ONE_TICK,25-50,3966,0.008519004660578713,6.772375267105696,0.0002650539323911594,8.522222783607772,0.00012803144307432793,11.756548040316599,1.1046298591899667e-05,10.369152862276032,4.941246686417575e-05,0.004790721129601614,0.0030257186081694403,0.0017650025214321734,0.0025214321734745334,0.004790721129601614,-1.5384615384615385,0.0,-0.0,-0.0,1.210287456562346,4.110996916752312,4.197271773347325,6.172839506172839,6.587615283267457,12.554927809165097,5.590640008857576,5.703649607100473,8.243540597897178,8.761527056961317,14.598168915716938,8.22283902201547,8.395424586109709,11.223596794666129,12.98490538996868,18.695473155118435,7.114320107541786,7.259312915244889,9.994073669385482,11.161220441857193,16.908387120205717,500,0,5|25|50|75|95,M2-COST-LEDGER-v1,BREAKEVEN_HURDLE,"required_move_bps_spread_only is the full quoted spread at the decision instant (cross in, cross out); the fee terms are the ledger round trip in bps of entry notional; realized_move_bps is the side-signed mid move, so realized minus spread_only differs from cross_to_cross_bps by the measured spread-change term"
"[-0.2,0.0)",WIDER_THAN_ONE_TICK,50-100,13207,0.01724562826476378,3.938429785308434,0.003831251527089851,5.033194740090197,0.0028615874377422817,6.80772746014867,0.002074469200530629,6.09643881718132,0.002321545165884091,0.002044370409631256,0.001287196183841902,0.00022715226773680625,0.00037858711289467706,0.002044370409631256,-0.6103292134863603,-0.0,0.0,-0.0,0.742611020347542,2.0644095788604457,2.4588148512417014,3.398470688190314,3.96589331746976,7.996801279488205,2.909926457150938,3.4265263967968473,4.479411218348733,5.3566524359192975,9.414186284280506,4.129032269063812,4.917932028175182,6.138264441876669,7.299936186341212,11.854584183789001,3.674990976610007,4.337774398764141,5.5264014462191575,6.713382848571438,10.864368223435838,500,0,5|25|50|75|95,M2-COST-LEDGER-v1,BREAKEVEN_HURDLE,"required_move_bps_spread_only is the full quoted spread at the decision instant (cross in, cross out); the fee terms are the ledger round trip in bps of entry notional; realized_move_bps is the side-signed mid move, so realized minus spread_only differs from cross_to_cross_bps by the measured spread-change term"
"[-0.2,0.0)",WIDER_THAN_ONE_TICK,100-200,20781,0.00037618192937309666,3.6375026698268207,0.0021094948279589817,4.352802946719077,0.001425656562361763,5.281732780859121,0.0010102222799055435,4.962087212433094,0.0011165421030296407,0.00327221981617824,0.0016842307877387999,0.00048120879649679994,0.0007699340743948799,0.00327221981617824,-0.44802867383512546,0.0,0.0,0.0,0.47778308647873863,1.1433798307797851,1.7898693395382137,2.607448611533614,4.040753889225618,9.46880030300161,1.703561981600207,2.550330988155416,3.351956956457119,4.7089932698647585,10.245509324265619,2.2868250311685565,3.4294859681200256,4.168438268569489,5.810950461675455,11.037477482004608,2.12727589161107,3.212028364901543,3.8485556588697265,5.43154177332581,10.907006946593095,500,0,5|25|50|75|95,M2-COST-LEDGER-v1,BREAKEVEN_HURDLE,"required_move_bps_spread_only is the full quoted spread at the decision instant (cross in, cross out); the fee terms are the ledger round trip in bps of entry notional; realized_move_bps is the side-signed mid move, so realized minus spread_only differs from cross_to_cross_bps by the measured spread-change term"
"[-0.2,0.0)",WIDER_THAN_ONE_TICK,200+,14454,0.0033954532518684216,3.7160213771880874,0.0017255399600063083,4.105928366950972,0.0014043281438390538,4.3097485434928,0.001528599604967357,4.32593931196968,0.0013676305956716725,0.00408191504081915,0.0028365850283658504,0.00228310502283105,0.0022139200221392,0.00408191504081915,-0.394720980044838,0.0,-0.0,-0.0,0.40854037790857783,0.958543014617781,1.848436163699395,2.890113746619599,4.27097707159585,9.48875255623722,1.4557755523415583,2.1402474147353674,3.318609865632922,4.729798408863925,9.943357746714872,1.6357581851348952,2.215832096316307,3.3432939480242063,5.01165909832701,10.362646370316593,1.7010928640681549,2.3044544575081773,3.406145386827609,4.956285900974181,10.253003472750386,500,0,5|25|50|75|95,M2-COST-LEDGER-v1,BREAKEVEN_HURDLE,"required_move_bps_spread_only is the full quoted spread at the decision instant (cross in, cross out); the fee terms are the ledger round trip in bps of entry notional; realized_move_bps is the side-signed mid move, so realized minus spread_only differs from cross_to_cross_bps by the measured spread-change term"
"[0.0,0.2)",ONE_TICK,5-25,17975,0.04123388365026601,7.880121482789091,0.004589707927677329,12.965817162276139,0.0027934588210134785,23.633779850786016,0.0015303607264029176,18.80347705346271,0.001925365869797628,0.000890125173852573,0.0008344923504867872,0.0,5.5632823365785815e-05,0.000890125173852573,0.0,0.0,0.0,0.0,0.0,4.511617414843221,6.889424733034792,7.064641469445426,9.945300845350571,10.621348911311737,7.5119340589568875,11.361953658654627,11.645641469445426,16.309352535211406,17.403782032330845,13.532817234419223,20.663529416230382,21.18893525475616,29.826016551115977,31.85277141661959,10.854820842899153,16.4660721159549,16.879525650236385,23.67633066642413,25.27127672447522,500,0,5|25|50|75|95,M2-COST-LEDGER-v1,BREAKEVEN_HURDLE,"required_move_bps_spread_only is the full quoted spread at the decision instant (cross in, cross out); the fee terms are the ledger round trip in bps of entry notional; realized_move_bps is the side-signed mid move, so realized minus spread_only differs from cross_to_cross_bps by the measured spread-change term"
"[0.0,0.2)",ONE_TICK,25-50,39441,0.010329346212766481,2.832947733644841,0.004044015111178722,4.793700399012248,0.0023740025743016523,8.498008800206286,0.0013481198024650346,6.892939762776189,0.0016543107233742606,0.0015973225830988058,0.001267716335792703,0.00020283461372683247,0.00022818894044268655,0.0015973225830988058,0.0,0.0,0.0,0.0,0.0,2.0574015019030965,2.2611644997173546,3.0464584920030466,3.2599837000814995,3.7209302325581395,3.5378306317117776,3.867797554205259,5.13945209541456,5.485214469312268,6.231617732558139,6.171781259154691,6.7829822704611935,9.138447526422784,9.77888852407107,11.16140642303433,5.062451080179171,5.543397825514325,7.396893460020104,7.90085332198502,8.988753149224806,500,0,5|25|50|75|95,M2-COST-LEDGER-v1,BREAKEVEN_HURDLE,"required_move_bps_spread_only is the full quoted spread at the decision instant (cross in, cross out); the fee terms are the ledger round trip in bps of entry notional; realized_move_bps is the side-signed mid move, so realized minus spread_only differs from cross_to_cross_bps by the measured spread-change term"
"[0.0,0.2)",ONE_TICK,50-100,41717,0.007981319622855377,1.6149545479786085,0.004902078289426373,2.8213355083341916,0.002800657901461399,4.844594452274276,0.0016341147753240123,4.01810764163009,0.0019675078411811255,0.0031402066303904885,0.0018217992664860847,0.0004075077306613611,0.0004554498166215212,0.0031402066303904885,0.0,0.0,0.0,0.0,0.0,1.0320449971618764,1.4143271338660632,1.7484045808200017,1.8186778212239703,1.9656019656019657,1.8773638826107928,2.4964408377269036,3.0374465388619596,3.151246288217969,3.389172720318947,3.0960284852939717,4.242781383618574,5.244908077323498,5.455702734844628,5.896419575664859,2.642191539989534,3.544550016060944,4.333107378022799,4.498978603184327,4.845772563086243,500,0,5|25|50|75|95,M2-COST-LEDGER-v1,BREAKEVEN_HURDLE,"required_move_bps_spread_only is the full quoted spread at the decision instant (cross in, cross out); the fee terms are the ledger round trip in bps of entry notional; realized_move_bps is the side-signed mid move, so realized minus spread_only differs from cross_to_cross_bps by the measured spread-change term"
"[0.0,0.2)",ONE_TICK,100-200,10234,0.012224157525214358,0.8166380408513911,0.01880984952120383,1.5285241280188753,0.009634321511588897,2.4498457476067883,0.006270085662812894,2.1337239426264483,0.006981278991027868,0.015829587649013092,0.007230799296462771,0.002051983584131327,0.002051983584131327,0.015829587649013092,-0.3554291807357384,0.0,0.0,0.0,0.44822548845598553,0.5072061314045568,0.7125806106815834,0.8247762794342035,0.9421074944651184,0.9653907419027852,1.027412361443355,1.3600085713485353,1.54170411448575,1.731715596207935,1.7694214398466022,1.5215926690600798,2.137691056741153,2.4742608155166774,2.826233730922961,2.896079032278304,1.403302422450448,1.8880960731299234,2.152935454691936,2.429895530263517,2.4848553620398643,500,0,5|25|50|75|95,M2-COST-LEDGER-v1,BREAKEVEN_HURDLE,"required_move_bps_spread_only is the full quoted spread at the decision instant (cross in, cross out); the fee terms are the ledger round trip in bps of entry notional; realized_move_bps is the side-signed mid move, so realized minus spread_only differs from cross_to_cross_bps by the measured spread-change term"
"[0.0,0.2)",ONE_TICK,200+,1436,-0.056659165108731285,0.4762927483436733,-0.11873259052924791,0.9773490648878308,-0.057875540114426964,1.4288555136194037,-0.039578159717683095,1.33032977062564,-0.04251622875581401,0.04247910863509749,0.011838440111420613,0.004874651810584958,0.004874651810584958,0.04247910863509749,-0.4806017135532539,0.0,0.0,0.0,0.4811277668191133,0.47631522541618043,0.47740672666077866,0.4798349367817471,0.48068834571105823,0.4817303755088277,0.9773854802387573,0.9791531342609123,0.9830855485566139,0.9844676189277474,0.9861551551224892,1.428922989169455,1.432197388808103,1.4394817867409622,1.4420419315599333,1.4451679206699626,1.3303828605674068,1.3329594072355628,1.338691325630651,1.340705842346321,1.3431656084198542,500,0,5|25|50|75|95,M2-COST-LEDGER-v1,BREAKEVEN_HURDLE,"required_move_bps_spread_only is the full quoted spread at the decision instant (cross in, cross out); the fee terms are the ledger round trip in bps of entry notional; realized_move_bps is the side-signed mid move, so realized minus spread_only differs from cross_to_cross_bps by the measured spread-change term"
"[0.0,0.2)",WIDER_THAN_ONE_TICK,5-25,685,-0.08690680423038366,15.004544548177119,0.00045786330457863285,19.255099889572623,0.0003053613243778382,28.06202749053549,0.00012522504305686563,24.093667711210003,0.0001879496786273359,0.00291970802919708,0.00145985401459854,0.00145985401459854,0.00145985401459854,0.00291970802919708,-3.497972271491159,0.0,0.0,0.0,3.497484274270791,9.053870529651427,9.140767824497258,13.88888888888889,18.231540565177756,21.57046320414538,12.063037950465906,12.176827212345591,18.393986737605058,23.36208080031743,28.450715797824813,18.103644285307535,18.277359875662174,27.729639380124816,34.8407867794336,43.11768707397406,15.416513063588077,15.56247362623321,23.537067931220605,29.909059598904,36.435233527804655,500,0,5|25|50|75|95,M2-COST-LEDGER-v1,BREAKEVEN_HURDLE,"required_move_bps_spread_only is the full quoted spread at the decision instant (cross in, cross out); the fee terms are the ledger round trip in bps of entry notional; realized_move_bps is the side-signed mid move, so realized minus spread_only differs from cross_to_cross_bps by the measured spread-change term"
"[0.0,0.2)",WIDER_THAN_ONE_TICK,25-50,3227,0.0654369540500832,7.24270978002285,0.006834009363040727,9.016123762573798,0.0052044694947056425,12.302964768080793,0.003664167376440806,10.891246790693561,0.004187560405158987,0.0037186241090796405,0.0030988534242330336,0.002479082739386427,0.0027889680818097306,0.0037186241090796405,-1.5248492232939592,0.0,0.0,0.0,1.5499797083349878,4.110996916752312,4.217185075868871,6.172839506172839,6.70690811535882,16.817676781154415,5.590116522177713,5.729182771416655,8.238229640714229,8.776999183061106,18.396042436041572,8.22114899237911,8.43348110669303,11.250872250173185,13.044187530879714,22.25304508564915,7.113170365169904,7.291569212302825,10.01844255388522,11.183372244441404,20.347065911983726,500,0,5|25|50|75|95,M2-COST-LEDGER-v1,BREAKEVEN_HURDLE,"required_move_bps_spread_only is the full quoted spread at the decision instant (cross in, cross out); the fee terms are the ledger round trip in bps of entry notional; realized_move_bps is the side-signed mid move, so realized minus spread_only differs from cross_to_cross_bps by the measured spread-change term"
"[0.0,0.2)",WIDER_THAN_ONE_TICK,50-100,12977,0.007850358514235168,3.871182414164244,0.0014027373175562734,4.950210001964529,0.001152052474392479,6.68967341594079,0.0009474138146689929,5.9946272090918455,0.00100938635991698,0.0018494259073745859,0.0010017723664945673,0.00023117823842182323,0.00038529706403637206,0.0018494259073745859,-0.6708078684003508,0.0,0.0,0.0,0.7424125464214549,2.0641965115078955,2.6691578806886427,3.3858134416793635,3.9424403705893947,7.947546195112259,2.9095153969568117,3.7018192097518936,4.339379657407012,5.318978915402412,9.217428765773338,4.128179999639991,5.1192268209623455,6.118546880914547,7.254919802115104,10.973602716048614,3.6743430543355533,4.670658843894369,5.34895958869959,6.330239245452145,10.376982265096194,500,0,5|25|50|75|95,M2-COST-LEDGER-v1,BREAKEVEN_HURDLE,"required_move_bps_spread_only is the full quoted spread at the decision instant (cross in, cross out); the fee terms are the ledger round trip in bps of entry notional; realized_move_bps is the side-signed mid move, so realized minus spread_only differs from cross_to_cross_bps by the measured spread-change term"
"[0.0,0.2)",WIDER_THAN_ONE_TICK,100-200,23406,0.009159948893313435,3.6163684729396257,0.003737608810196675,4.328626620019433,0.0028105399730853522,5.250777341639569,0.0021987066639384475,4.934271535996015,0.0023588737239581183,0.003845167905665214,0.002050756216354781,0.0010253781081773904,0.0010253781081773904,0.003845167905665214,-0.4356112171438222,0.0,0.0,0.0,0.47205438066465255,1.1431347619994112,1.7115960633290543,2.503755637810043,3.9837237981937585,9.708630755632939,1.7032005172850715,2.3923352787297967,3.226086338229151,4.705578078663261,10.47204862308526,2.2862041898788634,3.336530847860678,4.139723978529603,5.800721597002375,11.44951460809752,2.126775181410653,3.0092236495956017,3.8393191984526913,5.426953545117018,11.101110996246312,500,0,5|25|50|75|95,M2-COST-LEDGER-v1,BREAKEVEN_HURDLE,"required_move_bps_spread_only is the full quoted spread at the decision instant (cross in, cross out); the fee terms are the ledger round trip in bps of entry notional; realized_move_bps is the side-signed mid move, so realized minus spread_only differs from cross_to_cross_bps by the measured spread-change term"
"[0.0,0.2)",WIDER_THAN_ONE_TICK,200+,15922,0.01102885027255193,3.5463609267050855,0.0033290208039469292,3.9342831392255473,0.0025021933979984543,4.133680418296571,0.001991685355089132,4.151919662710197,0.002130480995026795,0.004145207888456224,0.002386634844868735,0.002072603944228112,0.0016329606833312398,0.004145207888456224,-0.3083098769809773,0.0,0.0,0.0,0.4133760213306842,0.9603380389897244,1.89726319783712,2.9319542289367595,4.179378944288879,8.076554028406644,1.460355378126946,2.2506786304258526,3.3466826570510535,4.568827364512525,8.545785897521,1.685181834878041,2.4143818670944595,3.4014322657754255,4.71357938541232,8.877003733184056,1.80687709206159,2.4411267749059027,3.531089933867025,4.638828332637322,8.833875768093097,500,0,5|25|50|75|95,M2-COST-LEDGER-v1,BREAKEVEN_HURDLE,"required_move_bps_spread_only is the full quoted spread at the decision instant (cross in, cross out); the fee terms are the ledger round trip in bps of entry notional; realized_move_bps is the side-signed mid move, so realized minus spread_only differs from cross_to_cross_bps by the measured spread-change term"
"[0.2,0.4)",ONE_TICK,5-25,17068,0.07868718927006078,7.609843592326331,0.00993086477618936,12.528227110610624,0.006028285931249777,22.82334970462429,0.003311162437812007,18.165728722077642,0.004158276901516191,0.0011131942816967424,0.0007616592453714554,0.00011717834544176236,0.00017576751816264356,0.0011131942816967424,0.0,0.0,0.0,0.0,0.0,4.5075501464953796,6.851661527920521,6.980802792321117,9.229349330872173,10.598834128245892,7.505348253750901,11.300812212852026,11.509901187296693,15.150293980318667,17.367334128245894,13.520619096472847,20.550291664906823,20.93753691653605,27.67953383271719,31.785274806211994,10.845222070785601,16.376962897783535,16.681694627631657,21.987175899137856,25.218160399432335,500,0,5|25|50|75|95,M2-COST-LEDGER-v1,BREAKEVEN_HURDLE,"required_move_bps_spread_only is the full quoted spread at the decision instant (cross in, cross out); the fee terms are the ledger round trip in bps of entry notional; realized_move_bps is the side-signed mid move, so realized minus spread_only differs from cross_to_cross_bps by the measured spread-change term"
"[0.2,0.4)",ONE_TICK,25-50,41760,0.036624104077628276,2.793766196909256,0.013888888888888888,4.730252859891552,0.008165584746423057,8.380486658514732,0.004630036545403692,6.800462407423615,0.005687565758090605,0.0025622605363984675,0.001700191570881226,0.00026340996168582373,0.0004789272030651341,0.0025622605363984675,0.0,0.0,0.0,0.0,0.0,2.056978298878947,2.22000222000222,2.997152704930316,3.254678600488202,3.7167812674224123,3.537145308340074,3.8011409547413986,5.059610601244371,5.47662393078433,6.224899439105801,6.1705118241771775,6.659513873720311,8.990559956953092,9.762976680540268,11.148962612647235,5.061452177941062,5.446241953631521,7.280521599146679,7.888332359030343,8.978961126210967,500,0,5|25|50|75|95,M2-COST-LEDGER-v1,BREAKEVEN_HURDLE,"required_move_bps_spread_only is the full quoted spread at the decision instant (cross in, cross out); the fee terms are the ledger round trip in bps of entry notional; realized_move_bps is the side-signed mid move, so realized minus spread_only differs from cross_to_cross_bps by the measured spread-change term"
"[0.2,0.4)",ONE_TICK,50-100,50106,0.030875721388410274,1.601031286764229,0.019568514748732686,2.798788234163247,0.011150215541433401,4.802829341321188,0.006523181303804812,3.9852433194618193,0.007839347819756318,0.004171157146848681,0.002514668901927913,0.00037919610425897097,0.00047898455274817384,0.004171157146848681,0.0,0.0,0.0,0.0,0.0,1.0320449971618764,1.4141271300289897,1.735357917570499,1.8170255292086854,1.965988400668436,1.8773638826107928,2.4961169490335147,3.01631887540496,3.14857058734822,3.38979850485558,3.0960284852939717,4.242181428671524,5.205772632128888,5.450746459441243,5.897578728956228,2.642191539989534,3.5440779218841936,4.302312281617002,4.495078581534266,4.8466846853155765,500,0,5|25|50|75|95,M2-COST-LEDGER-v1,BREAKEVEN_HURDLE,"required_move_bps_spread_only is the full quoted spread at the decision instant (cross in, cross out); the fee terms are the ledger round trip in bps of entry notional; realized_move_bps is the side-signed mid move, so realized minus spread_only differs from cross_to_cross_bps by the measured spread-change term"
"[0.2,0.4)",ONE_TICK,100-200,14105,0.02583163042458278,0.8200437747005752,0.03215171924849344,1.5340395551261496,0.017097739064755427,2.4600624362843506,0.010717526763700974,2.141763230343972,0.012263210646970148,0.018220489188231125,0.008507621410847217,0.001772421127259837,0.001772421127259837,0.018220489188231125,-0.2539424566393255,0.0,0.0,0.0,0.7086820645350934,0.5073952862977903,0.7609481413841647,0.8260707942670686,0.9423738397022099,0.9738520718702829,1.0277186918485541,1.4383375798258022,1.543800515066672,1.7321469267734502,1.7831240555103647,1.5221601145488433,2.2827865221481276,2.4781441463239,2.8270327164455193,2.9214613814427826,1.4037489318404361,2.0022684883633155,2.1559911643314997,2.4305242354805743,2.5048282136562405,500,0,5|25|50|75|95,M2-COST-LEDGER-v1,BREAKEVEN_HURDLE,"required_move_bps_spread_only is the full quoted spread at the decision instant (cross in, cross out); the fee terms are the ledger round trip in bps of entry notional; realized_move_bps is the side-signed mid move, so realized minus spread_only differs from cross_to_cross_bps by the measured spread-change term"
"[0.2,0.4)",ONE_TICK,200+,1338,0.05163134249512751,0.4779176503920574,0.10612855007473841,0.97998055231499,0.0519813932462183,1.433730085978604,0.03537675703519059,1.3341654526335054,0.038139491130481463,0.04783258594917788,0.0171898355754858,0.01046337817638266,0.01046337817638266,0.04783258594917788,-0.48051395900243965,0.0,0.0,0.0,0.48178841279885,0.4763832980015721,0.477520712460903,0.48011138584151525,0.48075767409437276,0.48193932383912863,0.9774957217820598,0.9793377308927624,0.9835332495891749,0.9845798941799455,0.9864935407065986,1.4291272004405964,1.4325393353240488,1.4403111073835961,1.4422499100445676,1.4457947455258755,1.3305435495259625,1.3332284767623068,1.3393438982040866,1.3408694956414138,1.343658841911418,500,0,5|25|50|75|95,M2-COST-LEDGER-v1,BREAKEVEN_HURDLE,"required_move_bps_spread_only is the full quoted spread at the decision instant (cross in, cross out); the fee terms are the ledger round trip in bps of entry notional; realized_move_bps is the side-signed mid move, so realized minus spread_only differs from cross_to_cross_bps by the measured spread-change term"
"[0.2,0.4)",WIDER_THAN_ONE_TICK,5-25,729,0.18049765236496654,18.0785979396331,0.0062651054935005555,22.862518076944696,0.005325009733082499,32.858001127079746,0.004048685430816307,28.339158942681742,0.004541921293682242,0.0,0.0,0.0,0.0,0.0,-2.292737073133814,0.0,0.0,0.0,3.4974883808271913,9.115770282588878,13.745704467353951,14.114326040931546,21.149101163200562,38.155534679059826,12.144093745003456,17.9745210312076,18.689155378026044,27.429042596874375,42.46624070645758,18.22738759466177,27.127843065105903,28.21869839636173,41.558452773406046,53.52749270327014,15.520485544547878,22.999049844766922,23.9156574936819,35.12497198420563,47.36982454712621,500,0,5|25|50|75|95,M2-COST-LEDGER-v1,BREAKEVEN_HURDLE,"required_move_bps_spread_only is the full quoted spread at the decision instant (cross in, cross out); the fee terms are the ledger round trip in bps of entry notional; realized_move_bps is the side-signed mid move, so realized minus spread_only differs from cross_to_cross_bps by the measured spread-change term"
"[0.2,0.4)",WIDER_THAN_ONE_TICK,25-50,5310,0.05706862817587571,7.992594189005503,0.01167755998907201,9.72649864714782,0.008899897173338198,12.925296233048494,0.006240172312263124,11.554355783886347,0.0071466643800012445,0.0035781544256120526,0.0030131826741996233,0.0013182674199623352,0.0018832391713747645,0.0035781544256120526,-1.1227124733355787,0.0,0.0,0.0,1.5598434292955,4.110996916752312,4.436557231588288,6.2441461130190445,8.984725965858042,18.714909544603866,5.590116522177713,6.016476060596937,8.314640934914287,10.581610563972097,20.40319726664123,8.22114899237911,8.872130529437035,12.109486317381364,13.484156721835966,23.093148598715906,7.113170365169904,7.660117666274471,10.526025331944275,12.25095901349728,21.95788155445327,500,0,5|25|50|75|95,M2-COST-LEDGER-v1,BREAKEVEN_HURDLE,"required_move_bps_spread_only is the full quoted spread at the decision instant (cross in, cross out); the fee terms are the ledger round trip in bps of entry notional; realized_move_bps is the side-signed mid move, so realized minus spread_only differs from cross_to_cross_bps by the measured spread-change term"
"[0.2,0.4)",WIDER_THAN_ONE_TICK,50-100,19546,0.03500879092487032,4.285703531559928,0.009943096707953118,5.3520817104969485,0.0075057556176814,7.0633570551661276,0.005411963101250232,6.381366222550938,0.006087661637281472,0.0021999386063644736,0.0013813567993451346,0.000665097718203213,0.0008697431699580477,0.0021999386063644736,-0.5707599682903528,0.0,0.0,0.0,0.8700191404210893,2.0644095788604457,2.4573043371421552,3.430335601166314,4.154549231408392,9.951238929246692,2.9097944483000164,3.424360848198666,4.395839256714547,5.419630373088016,11.260734242178998,4.128606090368342,4.914306794144612,6.11948293950133,7.306603403720034,13.42229825512132,3.674701043407871,4.334825221663039,5.3521097515137495,6.751169073126524,12.643573318278673,500,0,5|25|50|75|95,M2-COST-LEDGER-v1,BREAKEVEN_HURDLE,"required_move_bps_spread_only is the full quoted spread at the decision instant (cross in, cross out); the fee terms are the ledger round trip in bps of entry notional; realized_move_bps is the side-signed mid move, so realized minus spread_only differs from cross_to_cross_bps by the measured spread-change term"
"[0.2,0.4)",WIDER_THAN_ONE_TICK,100-200,35255,0.024623456795282914,3.8762350291161196,0.007667448374722645,4.59122097078038,0.005986274459929304,5.519450337152474,0.004769211734064891,5.2001291921110235,0.005109575022194543,0.004509998581761453,0.002609558927811658,0.0012764146929513545,0.0012764146929513545,0.004509998581761453,-0.4499336395712452,0.0,0.0,0.0,0.570055559791977,1.1439029970258523,1.7876296031462282,2.7177605652941974,4.386157287600334,10.690423162583519,1.704206685902032,2.5471937621905534,3.4386325337663606,5.134186103307487,11.4480214174139,2.2877405720901933,3.4245272349072975,4.372884635127686,6.097978392530417,12.406538470108961,2.128065993880299,3.2049706781521845,4.021742223219462,5.7490054649176,12.09775272293435,500,0,5|25|50|75|95,M2-COST-LEDGER-v1,BREAKEVEN_HURDLE,"required_move_bps_spread_only is the full quoted spread at the decision instant (cross in, cross out); the fee terms are the ledger round trip in bps of entry notional; realized_move_bps is the side-signed mid move, so realized minus spread_only differs from cross_to_cross_bps by the measured spread-change term"
"[0.2,0.4)",WIDER_THAN_ONE_TICK,200+,17849,0.019894293488238148,4.024706446284737,0.0071973306318708985,4.412241679353486,0.006015104646222858,4.610776609541391,0.005129674408263562,4.629415252979708,0.005395596513067714,0.004482043811978262,0.002577175191887501,0.002241021905989131,0.002241021905989131,0.004482043811978262,-0.32539769751460557,0.0,0.0,0.0,0.48957954538765525,0.9605225242531937,1.981244221371021,3.0710644309317607,4.392672371717698,11.336988696988378,1.4602592818901607,2.379514687751884,3.414243593231489,4.751478226745256,11.77423036038865,1.7872508572555799,2.4713669015647572,3.6274517270521245,5.013613383307011,12.121854478865453,1.808247130467337,2.481408626818721,3.6677750203406525,5.04010819060313,12.115876546363518,500,0,5|25|50|75|95,M2-COST-LEDGER-v1,BREAKEVEN_HURDLE,"required_move_bps_spread_only is the full quoted spread at the decision instant (cross in, cross out); the fee terms are the ledger round trip in bps of entry notional; realized_move_bps is the side-signed mid move, so realized minus spread_only differs from cross_to_cross_bps by the measured spread-change term"
"[0.4,0.6)",ONE_TICK,5-25,12418,0.14597980313720477,7.222343142528411,0.018400708648735706,11.90085579332568,0.011171122677358892,21.661447745586592,0.006135191320038128,17.25139595593032,0.007705475434176577,0.0020937349009502336,0.0015300370430020938,8.052826542116283e-05,8.052826542116283e-05,0.0020937349009502336,0.0,0.0,0.0,0.0,0.0,4.509582863585118,6.814310051107325,6.942034015966678,8.869179600886918,10.432968179447053,7.508639671520195,11.240337299063729,11.447131864682849,14.567200877482662,17.098822194045592,13.52671541543363,20.438288252742204,20.821284536438572,26.59967605478763,31.288025530854767,10.850019292800628,16.28882503748335,16.590213058298392,21.137395912943653,24.826851391125885,500,0,5|25|50|75|95,M2-COST-LEDGER-v1,BREAKEVEN_HURDLE,"required_move_bps_spread_only is the full quoted spread at the decision instant (cross in, cross out); the fee terms are the ledger round trip in bps of entry notional; realized_move_bps is the side-signed mid move, so realized minus spread_only differs from cross_to_cross_bps by the measured spread-change term"
"[0.4,0.6)",ONE_TICK,25-50,32172,0.06797712042249968,2.7753164002813095,0.025798831281860002,4.700376935908116,0.015169151569266494,8.325148637978828,0.008600365694017629,6.756917220077072,0.010565459143820299,0.0026420489866965063,0.0017095611090389158,0.0003419122218077832,0.0004662439388287952,0.0026420489866965063,0.0,0.0,0.0,0.0,0.0,2.056978298878947,2.2318937618569357,2.982848620432513,3.246226261970459,3.7154003343860302,3.537145308340074,3.8203976672351994,5.036447785359444,5.462937070149621,6.222663335871914,6.1705118241771775,6.695183206177401,8.947656255386285,9.737625158432646,11.144820839586625,5.061452177941062,5.474309740433147,7.246760937760279,7.868383353823754,8.97570196885854,500,0,5|25|50|75|95,M2-COST-LEDGER-v1,BREAKEVEN_HURDLE,"required_move_bps_spread_only is the full quoted spread at the decision instant (cross in, cross out); the fee terms are the ledger round trip in bps of entry notional; realized_move_bps is the side-signed mid move, so realized minus spread_only differs from cross_to_cross_bps by the measured spread-change term"
"[0.4,0.6)",ONE_TICK,50-100,36384,0.054101572376842086,1.603519896024616,0.033476253298153034,2.8028182527910555,0.01912150954108946,4.810294252009893,0.01115935221132317,3.9911173513706046,0.01343415853898816,0.004177660510114336,0.0023636763412489005,0.0003847845206684257,0.0005771767810026385,0.004177660510114336,0.0,0.0,0.0,0.0,0.0,1.0340726953104804,1.4115322182228809,1.6574127786525235,1.81801654395055,1.965988400668436,1.8806476100038938,2.49191471645859,2.8900949132232894,3.150175424154149,3.38979850485558,3.102111160825939,4.23439742640919,4.971963657008506,5.453719143477908,5.897578728956228,2.6469778757468365,3.537952825138901,4.118331572156004,4.497417743732408,4.8466846853155765,500,0,5|25|50|75|95,M2-COST-LEDGER-v1,BREAKEVEN_HURDLE,"required_move_bps_spread_only is the full quoted spread at the decision instant (cross in, cross out); the fee terms are the ledger round trip in bps of entry notional; realized_move_bps is the side-signed mid move, so realized minus spread_only differs from cross_to_cross_bps by the measured spread-change term"
"[0.4,0.6)",ONE_TICK,100-200,9764,0.033969228844207076,0.8081946251881792,0.037382220401474806,1.5148504318803204,0.020396260453253986,2.4245168421119603,0.012461117564183187,2.1137931762613795,0.01452946232328715,0.02079065956575174,0.009217533797623925,0.0019459238017206064,0.0019459238017206064,0.02079065956575174,0.0,0.0,0.0,0.0,0.7112552593023085,0.506932299191443,0.7119211191399993,0.7803051040449147,0.9398054602697241,0.9656704166867848,1.026968898775769,1.3589405538947512,1.4696852568006054,1.7279875860097862,1.7698743564318602,1.5207712001900742,2.135712676056067,2.3408544269042864,2.819328061529004,2.8969180026273023,1.4026560280909208,1.8865393294340125,2.047960853330051,2.4244616016098237,2.4855155306303924,500,0,5|25|50|75|95,M2-COST-LEDGER-v1,BREAKEVEN_HURDLE,"required_move_bps_spread_only is the full quoted spread at the decision instant (cross in, cross out); the fee terms are the ledger round trip in bps of entry notional; realized_move_bps is the side-signed mid move, so realized minus spread_only differs from cross_to_cross_bps by the measured spread-change term"
"[0.4,0.6)",ONE_TICK,200+,1333,0.053926970901602485,0.4782661112885015,0.1121530382595649,0.9805448758706852,0.054761819287500256,1.4347754400445425,0.037384945270284166,1.334988016225195,0.04021082778329637,0.047261815453863466,0.015753938484621154,0.007501875468867217,0.007501875468867217,0.047261815453863466,-0.4804943368293781,0.0,0.0,0.0,0.4820043680346242,0.47636060497796834,0.4772927952652555,0.47971984361133096,0.48071145295036655,0.48197184347362787,0.977458971100009,0.9789686257349004,0.9828991585878253,0.9845050404137131,0.9865462052837576,1.429059123531772,1.4318556054981688,1.4391365182731366,1.442111251056409,1.44589230129487,1.330489981436788,1.3326904661319987,1.3384196421338295,1.3407603882000902,1.343735606213539,500,0,5|25|50|75|95,M2-COST-LEDGER-v1,BREAKEVEN_HURDLE,"required_move_bps_spread_only is the full quoted spread at the decision instant (cross in, cross out); the fee terms are the ledger round trip in bps of entry notional; realized_move_bps is the side-signed mid move, so realized minus spread_only differs from cross_to_cross_bps by the measured spread-change term"
"[0.4,0.6)",WIDER_THAN_ONE_TICK,5-25,490,0.24733053149719844,18.045163046001626,0.012642238713667285,22.538365358547125,0.010079160776810652,31.886009898448744,0.007203806161064168,27.667215727343077,0.008248686830612938,0.0020408163265306124,0.0020408163265306124,0.0020408163265306124,0.0020408163265306124,0.0020408163265306124,-2.295684113865932,0.0,0.0,0.0,3.542456779291805,9.136592051164916,13.654304156462757,13.986020825478423,19.880715705765407,42.53746023347781,12.171359174452586,17.998659169396973,18.521163400780218,25.503805539337538,49.31746727386038,18.269012142489117,27.16468904040851,27.942720838262105,37.04562630924879,63.76105035577828,15.555459631073592,23.030010153782577,23.700187593068375,31.332791755337805,57.18205960598992,500,0,5|25|50|75|95,M2-COST-LEDGER-v1,BREAKEVEN_HURDLE,"required_move_bps_spread_only is the full quoted spread at the decision instant (cross in, cross out); the fee terms are the ledger round trip in bps of entry notional; realized_move_bps is the side-signed mid move, so realized minus spread_only differs from cross_to_cross_bps by the measured spread-change term"
"[0.4,0.6)",WIDER_THAN_ONE_TICK,25-50,3302,0.05025434060466377,7.3221931833952825,0.010757611639943255,9.027127974535475,0.008150267064585272,12.16136926455813,0.00565750545109737,10.820328223995098,0.0065054329961473445,0.0045427013930950935,0.0027256208358570565,0.0006056935190793458,0.0012113870381586917,0.0045427013930950935,-1.1136237053103226,0.0,0.0,0.0,1.562475593564511,4.006410256410256,4.19903422212891,6.173474637308365,8.003201280512204,15.63232765358762,5.453147288254839,5.705412055882059,7.803995138575062,9.461162998584715,17.740770079669012,8.012018107401644,8.397187034891296,10.495161980128053,13.071896820527897,21.778264427047894,6.937461327910357,7.261075364026475,9.359331969634873,11.319512857781886,19.99613631759516,500,0,5|25|50|75|95,M2-COST-LEDGER-v1,BREAKEVEN_HURDLE,"required_move_bps_spread_only is the full quoted spread at the decision instant (cross in, cross out); the fee terms are the ledger round trip in bps of entry notional; realized_move_bps is the side-signed mid move, so realized minus spread_only differs from cross_to_cross_bps by the measured spread-change term"
"[0.4,0.6)",WIDER_THAN_ONE_TICK,50-100,11239,0.06275729851734854,4.24948442940877,0.01636713574579695,5.305451260324548,0.012326981135674445,6.993525852865684,0.00894390416457209,6.322280506159319,0.010021936900000802,0.002758252513568823,0.0012456624254826942,0.00044487943767239076,0.0006228312127413471,0.002758252513568823,-0.513579037346321,0.0,0.0,0.0,0.8818497705426617,2.071444109259082,2.4500796275878964,3.393857118615306,4.150669295423887,9.859800511443426,2.919007473969391,3.414898833859332,4.307064785459875,5.418842326851654,11.218634239999693,4.142673696701565,4.89985914743111,5.975946847419083,7.273388549984295,13.452897517102071,3.6865202386624905,4.322686682952914,5.248944544168894,6.692150199028408,12.64114174648163,500,0,5|25|50|75|95,M2-COST-LEDGER-v1,BREAKEVEN_HURDLE,"required_move_bps_spread_only is the full quoted spread at the decision instant (cross in, cross out); the fee terms are the ledger round trip in bps of entry notional; realized_move_bps is the side-signed mid move, so realized minus spread_only differs from cross_to_cross_bps by the measured spread-change term"
"[0.4,0.6)",WIDER_THAN_ONE_TICK,100-200,19249,0.047705720429231824,3.8924031990440313,0.015379514544879493,4.604245666415716,0.011820654304643914,5.525470083214121,0.0092961833156419,5.2093932979469,0.009988711364620208,0.005610681074341524,0.0035326510468076263,0.0018182762740921606,0.0018182762740921606,0.005610681074341524,-0.39127307415712526,0.0,0.0,0.0,0.7091294542259824,1.0172422562433243,1.784280488892854,2.8167691657668654,4.353315049410126,11.29305477131564,1.5383170197465286,2.5427036055053294,3.4302655131972717,5.096870126929403,12.035039631165498,2.03443277602768,3.415754227347485,4.348166395994941,6.076803411811412,12.763636165726988,1.9152461215672996,3.1337744109978116,4.000822161387486,5.732630313363282,12.503701235715832,500,0,5|25|50|75|95,M2-COST-LEDGER-v1,BREAKEVEN_HURDLE,"required_move_bps_spread_only is the full quoted spread at the decision instant (cross in, cross out); the fee terms are the ledger round trip in bps of entry notional; realized_move_bps is the side-signed mid move, so realized minus spread_only differs from cross_to_cross_bps by the measured spread-change term"
"[0.4,0.6)",WIDER_THAN_ONE_TICK,200+,11476,0.02734671053350523,4.058078762846338,0.012231961489048634,4.445003977328488,0.009282642763180183,4.642179535992909,0.007745634151347617,4.661447775724908,0.008055438682195193,0.0057511327988846285,0.0028755663994423143,0.002352736144998257,0.002352736144998257,0.0057511327988846285,-0.41343028541796134,0.0,0.0,0.0,0.6177860703164185,0.9599232061435086,1.9546882140225106,3.012011413081084,4.556188287161051,11.945433260864371,1.4601601972033995,2.2486438896666163,3.3845122080425623,4.957199923871183,12.447264405508848,1.7111546494039374,2.364443384173993,3.5868019074917705,5.0372167195516875,12.90049748893371,1.807330967565473,2.427172064050838,3.645837229462989,5.111087654932729,12.801172050797994,500,0,5|25|50|75|95,M2-COST-LEDGER-v1,BREAKEVEN_HURDLE,"required_move_bps_spread_only is the full quoted spread at the decision instant (cross in, cross out); the fee terms are the ledger round trip in bps of entry notional; realized_move_bps is the side-signed mid move, so realized minus spread_only differs from cross_to_cross_bps by the measured spread-change term"
"[0.6,0.8)",ONE_TICK,5-25,7758,0.2756227602265394,6.815931103740405,0.036736272235112145,11.242860960648345,0.022278410623625473,20.442823297147793,0.012248486143568464,16.292428504945192,0.015371999308796768,0.003995875225573602,0.0027068832173240526,0.0001288992008249549,0.0002577984016499098,0.003995875225573602,0.0,0.0,0.0,0.0,0.0,4.511617414843221,4.577706569008926,6.922810661128418,7.059654076950229,10.198878123406425,7.5119340589568875,7.618946843608469,11.416007892962327,11.637566568128776,16.719862832886548,13.532817234419223,13.73102464681213,20.763641110955408,21.173980117881776,30.58623796030755,10.854820842899153,11.010791237201147,16.544852183619767,16.86775711153033,24.274582506688787,500,0,5|25|50|75|95,M2-COST-LEDGER-v1,BREAKEVEN_HURDLE,"required_move_bps_spread_only is the full quoted spread at the decision instant (cross in, cross out); the fee terms are the ledger round trip in bps of entry notional; realized_move_bps is the side-signed mid move, so realized minus spread_only differs from cross_to_cross_bps by the measured spread-change term"
"[0.6,0.8)",ONE_TICK,25-50,21373,0.13349481868404095,2.779681952579682,0.05055443784213728,4.707446219861787,0.029728268009965333,8.3382429446123,0.016852962488402175,6.767221022508401,0.0207053156457766,0.004023768305806391,0.002760492209797408,0.00037430402844710616,0.0006550320497824358,0.004023768305806391,0.0,0.0,0.0,0.0,1.6170240695698457,2.0578248791027884,2.2294058633374205,2.989983555090447,3.2504469364537623,3.7167812674224123,3.53851623712748,3.816368859324937,5.048001492310178,5.46977160333709,6.224899439105801,6.1730512165513485,6.687720620359267,8.96905679873768,9.750284440516161,11.148962612647235,5.063450393506081,5.4684375173721955,7.263600894402853,7.878344889004948,8.978961126210967,500,0,5|25|50|75|95,M2-COST-LEDGER-v1,BREAKEVEN_HURDLE,"required_move_bps_spread_only is the full quoted spread at the decision instant (cross in, cross out); the fee terms are the ledger round trip in bps of entry notional; realized_move_bps is the side-signed mid move, so realized minus spread_only differs from cross_to_cross_bps by the measured spread-change term"
"[0.6,0.8)",ONE_TICK,50-100,26764,0.08938576449949669,1.5868906398292912,0.0554849798236437,2.775888820040523,0.03168345395607685,4.760411802738838,0.018495986422276213,3.951865648647122,0.022261701400832553,0.005866088775967718,0.0031011806904797487,0.00029890898221491554,0.0004109998505455089,0.005866088775967718,0.0,0.0,0.0,0.0,0.9841551028442083,1.0348217519532261,1.3387776959635853,1.6381358014579408,1.816695431010991,1.9656019656019657,1.8818606592379945,2.3740949650398906,2.8588778161999553,3.1480360304660318,3.389172720318947,3.1043581757942853,4.01615386731566,4.914139077461217,5.449756284780292,5.896419575664859,2.6487460069201134,3.366220801719944,4.072830314152454,4.49429942737793,4.845772563086243,500,0,5|25|50|75|95,M2-COST-LEDGER-v1,BREAKEVEN_HURDLE,"required_move_bps_spread_only is the full quoted spread at the decision instant (cross in, cross out); the fee terms are the ledger round trip in bps of entry notional; realized_move_bps is the side-signed mid move, so realized minus spread_only differs from cross_to_cross_bps by the measured spread-change term"
"[0.6,0.8)",ONE_TICK,100-200,7267,0.057384647855737346,0.7886758255217229,0.07527177652401267,1.4832406034989423,0.0397150880185658,2.365963244334376,0.025091229773582212,2.06771865212674,0.028547964215904473,0.02270538048713362,0.01073345259391771,0.0034402091647172148,0.0034402091647172148,0.02270538048713362,0.0,0.0,0.0,0.0,0.7124790709272915,0.506229150776676,0.7111616826085411,0.7657847379101734,0.8973036026739647,0.9655771737556125,1.0258301719838774,1.3577106799062229,1.4461702191874535,1.6591582460117844,1.7697233550822515,1.5186618261832983,2.1334344745300315,2.2972955733493343,2.691830296258532,2.8966382918399995,1.40099621174988,1.8847466634078582,2.013685342856953,2.324136263059788,2.485295431938484,500,0,5|25|50|75|95,M2-COST-LEDGER-v1,BREAKEVEN_HURDLE,"required_move_bps_spread_only is the full quoted spread at the decision instant (cross in, cross out); the fee terms are the ledger round trip in bps of entry notional; realized_move_bps is the side-signed mid move, so realized minus spread_only differs from cross_to_cross_bps by the measured spread-change term"
"[0.6,0.8)",ONE_TICK,200+,1148,0.07969752841381839,0.47798293990969154,0.16855400696864112,0.9800862876148169,0.08199189712210622,1.4339259510642526,0.05618555451065344,1.3343195738852398,0.060264624967392245,0.06358885017421603,0.024390243902439025,0.0156794425087108,0.0156794425087108,0.06358885017421603,-0.48063290144055565,0.0,0.0,0.2382654378336811,0.7205424549712214,0.47642869053574405,0.47744661570436786,0.47971984361133096,0.48068834571105823,0.4817303755088277,0.9775692336515134,0.9792177333872627,0.9828991585878253,0.9844676189277474,0.9861551551224892,1.4292633737182119,1.4323170521301785,1.4391365182731366,1.4420419315599333,1.4451679206699626,1.3306507010169255,1.3330535674387747,1.3384196421338295,1.340705842346321,1.3431656084198542,500,0,5|25|50|75|95,M2-COST-LEDGER-v1,BREAKEVEN_HURDLE,"required_move_bps_spread_only is the full quoted spread at the decision instant (cross in, cross out); the fee terms are the ledger round trip in bps of entry notional; realized_move_bps is the side-signed mid move, so realized minus spread_only differs from cross_to_cross_bps by the measured spread-change term"
"[0.6,0.8)",WIDER_THAN_ONE_TICK,5-25,381,0.4340741537540095,25.801983212854047,0.02775590551181102,30.47580002701253,0.02112109793441015,40.22592772991128,0.014127178431080507,35.820722483308735,0.01660727883488139,0.005249343832020997,0.005249343832020997,0.005249343832020997,0.005249343832020997,0.005249343832020997,-3.4223134839151266,0.0,0.0,0.0,4.677268475210477,9.140767824497258,13.774104683195592,19.37984496124031,21.459227467811157,70.4225352112676,12.176827212345591,18.24369725029814,25.4157063064596,28.305098850447813,74.97590363232023,18.277359875662174,27.481968203617686,34.81652606985556,42.89545469181974,84.45762293056585,15.56247362623321,23.344302893794357,30.57310366206155,36.248485774349206,80.17673170249567,500,0,5|25|50|75|95,M2-COST-LEDGER-v1,BREAKEVEN_HURDLE,"required_move_bps_spread_only is the full quoted spread at the decision instant (cross in, cross out); the fee terms are the ledger round trip in bps of entry notional; realized_move_bps is the side-signed mid move, so realized minus spread_only differs from cross_to_cross_bps by the measured spread-change term"
"[0.6,0.8)",WIDER_THAN_ONE_TICK,25-50,2778,0.1171280406026315,7.957838021352274,0.019571660290863928,9.616912021142994,0.014955513285264418,12.648956664744428,0.010577571835086513,11.355248254519747,0.012064286607136805,0.004679625629949604,0.0028797696184305254,0.0021598272138228943,0.0028797696184305254,0.004679625629949604,-1.0527156193742708,0.0,0.0,0.0,1.879368538860588,4.008016032064128,4.420866489832007,6.240249609984399,8.98069151324652,18.908558783962288,5.455250253663006,5.99592726331267,8.250563250274027,10.576951836406304,20.755281410070236,8.015229015434194,8.840755992594438,11.187935233434938,13.510091022948924,24.711784738748,6.940159089567635,7.633757097566814,9.963550445962904,12.261119517869691,23.05403451180721,500,0,5|25|50|75|95,M2-COST-LEDGER-v1,BREAKEVEN_HURDLE,"required_move_bps_spread_only is the full quoted spread at the decision instant (cross in, cross out); the fee terms are the ledger round trip in bps of entry notional; realized_move_bps is the side-signed mid move, so realized minus spread_only differs from cross_to_cross_bps by the measured spread-change term"
"[0.6,0.8)",WIDER_THAN_ONE_TICK,50-100,6871,0.09809682258630999,4.556772351805095,0.02459291477722353,5.628124106263726,0.018519502599911936,7.350482616401164,0.013396286399497756,6.663358588202182,0.015037234055286314,0.005967108135642556,0.0036384805705137534,0.0017464706738466017,0.002037549119487702,0.005967108135642556,-0.51148289699141,0.0,0.0,0.0,0.9875569386164021,2.074688796680498,2.4554941682013505,3.4213377430575354,4.5253988007693176,11.992804317409554,2.9232569950001746,3.421990117133342,4.3379640771059345,5.445745340231724,13.436319299431128,4.149162399003909,4.9106869008308625,6.1129365375639875,7.804116745810454,15.902999605630516,3.6919718586035355,4.331783880943801,5.344241569175285,6.798046082749467,14.891830715502259,500,0,5|25|50|75|95,M2-COST-LEDGER-v1,BREAKEVEN_HURDLE,"required_move_bps_spread_only is the full quoted spread at the decision instant (cross in, cross out); the fee terms are the ledger round trip in bps of entry notional; realized_move_bps is the side-signed mid move, so realized minus spread_only differs from cross_to_cross_bps by the measured spread-change term"
"[0.6,0.8)",WIDER_THAN_ONE_TICK,100-200,12963,0.06178348059637726,4.152410581330133,0.023940151522330026,4.849457622652049,0.017828505231086336,5.737711763967474,0.013953602536787183,5.436905243588961,0.014933693909876825,0.007637121036797038,0.004782843477590064,0.003317133379618915,0.003317133379618915,0.007637121036797038,-0.4707366566374812,0.0,0.0,0.0,0.8931602107523373,1.013787510137875,1.6929366190580515,2.8170336635522792,4.707433036765052,12.795905310300704,1.5337922746976602,2.371191599786142,3.446446587459153,5.496546741584329,13.411490427698753,2.0275236346246714,3.304010248067404,4.393634520652539,6.589342821148229,14.28521606918506,1.9094413192513628,2.9821302007129233,4.037836787588661,6.193571527030581,13.916406473575043,500,0,5|25|50|75|95,M2-COST-LEDGER-v1,BREAKEVEN_HURDLE,"required_move_bps_spread_only is the full quoted spread at the decision instant (cross in, cross out); the fee terms are the ledger round trip in bps of entry notional; realized_move_bps is the side-signed mid move, so realized minus spread_only differs from cross_to_cross_bps by the measured spread-change term"
"[0.6,0.8)",WIDER_THAN_ONE_TICK,200+,10700,0.04094492208456801,4.584637501045525,0.015003535366399577,4.976152739028712,0.011840825262068158,5.183556752000124,0.010620191244762045,5.198087657743198,0.010646676370489003,0.006448598130841122,0.003925233644859813,0.00411214953271028,0.003644859813084112,0.006448598130841122,-0.3675285767548379,0.0,0.0,0.0,0.7215354273894848,0.9616286143266382,2.100509390898268,3.1794817444756505,4.94486475794887,14.075173994116003,1.4640300880048147,2.5264749005253258,3.4866315490652844,5.306822891080317,14.57212487867913,1.667695106330928,2.614887814179121,3.716508422591094,5.531503450971118,15.010638234407185,1.8060566035517436,2.673677862614349,3.695792006382565,5.583909496877053,14.920027135105798,500,0,5|25|50|75|95,M2-COST-LEDGER-v1,BREAKEVEN_HURDLE,"required_move_bps_spread_only is the full quoted spread at the decision instant (cross in, cross out); the fee terms are the ledger round trip in bps of entry notional; realized_move_bps is the side-signed mid move, so realized minus spread_only differs from cross_to_cross_bps by the measured spread-change term"
"[0.8,1.0]",ONE_TICK,5-25,3436,0.44373670373571317,6.6577555183198145,0.05980791618160652,10.986770530750272,0.03625682540646964,19.968538447877386,0.019940901810489783,15.919200942344196,0.025019810278333342,0.004656577415599534,0.002328288707799767,0.0,0.0,0.004656577415599534,0.0,0.0,0.0,0.0,4.561523726869466,4.511617414843221,4.5735193231191404,6.91323885240235,6.990562740300594,10.106114199090449,7.5119340589568875,7.612166785396232,11.400510448808708,11.525703201516528,16.569689956666206,13.532817234419223,13.718466739671495,20.73493892151085,20.966803131635324,30.30813440111065,10.854820842899153,11.000909355126456,16.522265804717485,16.704724864689133,24.05573036070661,500,0,5|25|50|75|95,M2-COST-LEDGER-v1,BREAKEVEN_HURDLE,"required_move_bps_spread_only is the full quoted spread at the decision instant (cross in, cross out); the fee terms are the ledger round trip in bps of entry notional; realized_move_bps is the side-signed mid move, so realized minus spread_only differs from cross_to_cross_bps by the measured spread-change term"
"[0.8,1.0]",ONE_TICK,25-50,8205,0.19798264932673051,2.7938746781133426,0.07434491163924437,4.730428675904226,0.04373876746845501,8.380812524088757,0.024783836918614962,6.8007187771710305,0.03045910823923703,0.0041438147471054235,0.002559414990859232,0.0008531383302864108,0.0009750152346130408,0.0041438147471054235,0.0,0.0,0.0,0.0,2.2402939445509054,2.058672156459084,2.2338880822070815,2.9890898221491558,3.2599837000814995,3.719546215361726,3.5398882947876142,3.8236271932189196,5.046554257295599,5.485214469312268,6.2293766355922955,6.175592699892595,6.701165276757004,8.9663761341635,9.77888852407107,11.15725540093257,5.065450254441792,5.4790169631541445,7.261491495789323,7.90085332198502,8.985486713688243,500,0,5|25|50|75|95,M2-COST-LEDGER-v1,BREAKEVEN_HURDLE,"required_move_bps_spread_only is the full quoted spread at the decision instant (cross in, cross out); the fee terms are the ledger round trip in bps of entry notional; realized_move_bps is the side-signed mid move, so realized minus spread_only differs from cross_to_cross_bps by the measured spread-change term"
"[0.8,1.0]",ONE_TICK,50-100,12186,0.10015136398756577,1.485879722293608,0.06384375512883637,2.6123108024637407,0.03636317305169966,4.45740863325449,0.021282364472384532,3.713437584180494,0.025568982210022122,0.005908419497784343,0.003036271130805843,0.00041030690956835714,0.0004923682914820286,0.005908419497784343,0.0,0.0,0.0,0.0,1.1566043144409963,1.1305183426601098,1.1540015002019504,1.4149274849663955,1.785873738726672,1.96174595389897,2.036834869904062,2.0748641819466997,2.4974130537270067,3.098123738726672,3.3829283783791584,3.391427228032029,3.461871336343192,4.244582267082977,5.3573023101552435,5.884853054722822,2.874635005558595,2.9300661205573624,3.545967100133345,4.421548738726672,4.836671022553345,500,0,5|25|50|75|95,M2-COST-LEDGER-v1,BREAKEVEN_HURDLE,"required_move_bps_spread_only is the full quoted spread at the decision instant (cross in, cross out); the fee terms are the ledger round trip in bps of entry notional; realized_move_bps is the side-signed mid move, so realized minus spread_only differs from cross_to_cross_bps by the measured spread-change term"
"[0.8,1.0]",ONE_TICK,100-200,5429,0.07684031295068978,0.7561533960905563,0.11005710075520353,1.4305718995808363,0.05715503645552662,2.268400380724229,0.0366865540226316,1.9909486299597052,0.04126186748731685,0.029102965555350892,0.010130779149014552,0.0033155277214956713,0.0033155277214956713,0.029102965555350892,-0.2530607725024441,0.0,0.0,0.0,0.7616397596559467,0.505855274805878,0.7088930634813738,0.7631548822833594,0.8952952235999821,0.9746113737147313,1.0252246915694978,1.3540367510123867,1.4419112925397697,1.6559057876107253,1.7843536990241553,1.5175402361089283,2.126628939287711,2.2894064085348855,2.6858055190341807,2.923739139039748,1.4001136591449947,1.8793915394153076,2.0074775318560087,2.3193954921765267,2.5066205346152284,500,0,5|25|50|75|95,M2-COST-LEDGER-v1,BREAKEVEN_HURDLE,"required_move_bps_spread_only is the full quoted spread at the decision instant (cross in, cross out); the fee terms are the ledger round trip in bps of entry notional; realized_move_bps is the side-signed mid move, so realized minus spread_only differs from cross_to_cross_bps by the measured spread-change term"
"[0.8,1.0]",ONE_TICK,200+,964,0.1322133932478008,0.4772219076332689,0.27593360995850624,0.9788538125714754,0.1345871602380435,1.4316429082408768,0.09197933901211902,1.33252310413563,0.09885129584254379,0.054979253112033194,0.024896265560165973,0.02074688796680498,0.02074688796680498,0.054979253112033194,-0.4785593853095537,0.0,0.0,0.23893160317623918,0.7154953249260574,0.476432095462422,0.47767467986377404,0.48024972985952696,0.48075767409437276,0.4822414582981699,0.9775747478297739,0.9795870765464114,0.9837572936111478,0.9845798941799455,0.9869828384399455,1.4292735881738086,1.4330012228262836,1.440726126152088,1.4422499100445676,1.4467011197728286,1.3306587385274127,1.333591924980056,1.339670466544923,1.3408694956414138,1.3443720461363335,500,0,5|25|50|75|95,M2-COST-LEDGER-v1,BREAKEVEN_HURDLE,"required_move_bps_spread_only is the full quoted spread at the decision instant (cross in, cross out); the fee terms are the ledger round trip in bps of entry notional; realized_move_bps is the side-signed mid move, so realized minus spread_only differs from cross_to_cross_bps by the measured spread-change term"
"[0.8,1.0]",WIDER_THAN_ONE_TICK,5-25,286,0.9547663327117416,26.298564021994647,0.05048285048285048,31.06632263352713,0.03987603754338281,41.0257911778703,0.02834727883293453,36.52362920118126,0.032493600698022,0.01048951048951049,0.006993006993006993,0.0034965034965034965,0.0034965034965034965,0.01048951048951049,0.0,0.0,0.0,0.0,4.595854471203691,9.157509157509157,9.186954524575103,21.52852529601722,42.40282685512368,49.48745139625309,12.198749432108698,12.237307141654993,28.395815618597865,46.97765619221818,54.06228073334759,18.31082723531236,18.369690980038833,41.96784291057896,56.507199210553864,63.98868889108625,15.590593825701376,15.640052779855177,36.36482637128604,52.20415830787403,59.28878284900345,500,0,5|25|50|75|95,M2-COST-LEDGER-v1,BREAKEVEN_HURDLE,"required_move_bps_spread_only is the full quoted spread at the decision instant (cross in, cross out); the fee terms are the ledger round trip in bps of entry notional; realized_move_bps is the side-signed mid move, so realized minus spread_only differs from cross_to_cross_bps by the measured spread-change term"
"[0.8,1.0]",WIDER_THAN_ONE_TICK,25-50,1390,0.020823953076205624,8.55238896923867,0.0215816518581379,10.217177046258797,0.016981281665237557,13.261954996745137,0.012319563859223672,11.962349123845568,0.013941150074144657,0.01079136690647482,0.007194244604316547,0.002158273381294964,0.004316546762589928,0.01079136690647482,-1.1225550225534173,0.0,0.0,0.0,2.12222829676107,4.01530153160446,4.206983592763988,6.2460961898813245,8.94854586129754,22.471910112359552,5.464791531452135,5.715822709483231,8.303756260410497,10.539832086700043,24.068482502931943,8.02979709204893,8.413082436086807,11.185432395503318,13.487187777867593,26.96124793503071,6.952398991834877,7.2744304907660915,9.961367533056439,12.256374294721525,25.732047037163145,500,0,5|25|50|75|95,M2-COST-LEDGER-v1,BREAKEVEN_HURDLE,"required_move_bps_spread_only is the full quoted spread at the decision instant (cross in, cross out); the fee terms are the ledger round trip in bps of entry notional; realized_move_bps is the side-signed mid move, so realized minus spread_only differs from cross_to_cross_bps by the measured spread-change term"
"[0.8,1.0]",WIDER_THAN_ONE_TICK,50-100,3494,0.05390523696949304,4.911419233852871,0.021188824202664255,5.945348079210793,0.015598512475084992,7.5843130041770745,0.011050535028154156,6.935812921848359,0.012480550389429072,0.006010303377218088,0.003720663995420721,0.0008586147681740126,0.0014310246136233543,0.006010303377218088,-0.5660414940784513,0.0,0.0,0.0,1.0336291260465864,2.0671834625322996,2.311871459946827,3.399626041135475,5.121114354483535,12.408047505096162,2.913427364971324,3.233890877422555,4.308459269613489,5.976386746161085,13.661394830244928,4.134153284772895,4.623475713298653,5.7624433058468565,7.984828904777787,15.9838213772654,3.6793616353309764,4.0904766379403545,5.199188496241581,6.9226621905354,14.969404007795228,500,0,5|25|50|75|95,M2-COST-LEDGER-v1,BREAKEVEN_HURDLE,"required_move_bps_spread_only is the full quoted spread at the decision instant (cross in, cross out); the fee terms are the ledger round trip in bps of entry notional; realized_move_bps is the side-signed mid move, so realized minus spread_only differs from cross_to_cross_bps by the measured spread-change term"
"[0.8,1.0]",WIDER_THAN_ONE_TICK,100-200,18124,0.06430649394599912,4.822851540083285,0.02247352557561878,5.5056696093365085,0.016850861662872314,6.362215766889494,0.013357931628013932,6.076094877857591,0.014227221397270931,0.006952107702493931,0.004303685720591481,0.002703597439858751,0.002703597439858751,0.006952107702493931,-0.4846593279576018,0.0,0.0,0.0,0.9638414877706661,1.0139416983523448,1.7436791630340018,3.317299718029524,5.822900636359855,13.330598851517637,1.5339942178697332,2.4897366994301313,4.028554110362078,6.582288335243008,14.103792584980136,2.027831995422202,3.3451808546886026,4.880381866182686,7.575399019443637,15.101989230560953,1.9097003924616422,3.016491107239197,4.4707061908929235,7.188478772641377,14.733303301003716,500,0,5|25|50|75|95,M2-COST-LEDGER-v1,BREAKEVEN_HURDLE,"required_move_bps_spread_only is the full quoted spread at the decision instant (cross in, cross out); the fee terms are the ledger round trip in bps of entry notional; realized_move_bps is the side-signed mid move, so realized minus spread_only differs from cross_to_cross_bps by the measured spread-change term"
"[0.8,1.0]",WIDER_THAN_ONE_TICK,200+,31363,0.030429182753005726,3.9746289297598305,0.01140312980043172,4.318386745675879,0.009416826736172999,4.419367641353211,0.008685554261436397,4.483188677905211,0.008636621531697853,0.004687051621337245,0.0028696234416350475,0.0027420846220068233,0.0023594681631221503,0.004687051621337245,-0.20953115868614217,0.0,0.0,0.0,0.48056129559325295,1.2375471814862942,2.153481718478411,3.079291762894534,4.392207897840498,10.346621560989421,1.5562103991578233,2.5065058197552776,3.380460198432428,4.7287571016661225,10.794762735473753,1.6290584949268694,2.535336808444122,3.4976851288505664,4.871775933469369,10.985768662643121,1.7437521247880283,2.635282581681905,3.6167805501599144,4.911838139854311,10.952769088306582,500,0,5|25|50|75|95,M2-COST-LEDGER-v1,BREAKEVEN_HURDLE,"required_move_bps_spread_only is the full quoted spread at the decision instant (cross in, cross out); the fee terms are the ledger round trip in bps of entry notional; realized_move_bps is the side-signed mid move, so realized minus spread_only differs from cross_to_cross_bps by the measured spread-change term"
"[-1.0,-0.8)",ONE_TICK,5-25,2938,0.7176593688183932,6.855706416909448,0.09683458134785568,11.310394195128241,0.05867313065541422,20.572212561280054,0.03227021871763419,16.39316899548007,0.040485732002204525,0.005445881552076242,0.0040844111640571815,0.0,0.0006807351940095302,0.005445881552076242,-0.0,0.0,-0.0,-0.0,6.956521739130435,4.501462975467027,4.558924093913836,6.932409012131716,8.768084173608067,10.15022864581681,7.496747081725469,7.589821494734629,11.434525516986085,14.408294699923857,16.647488179720586,13.506415699465226,13.678851134497512,20.802034532242672,26.311943822730875,30.460993888444015,10.83361335817752,10.969292538966275,16.57404008009288,20.909329787643152,24.173825037263285,1000,0,5|25|50|75|95,M2-COST-LEDGER-v1,BREAKEVEN_HURDLE,"required_move_bps_spread_only is the full quoted spread at the decision instant (cross in, cross out); the fee terms are the ledger round trip in bps of entry notional; realized_move_bps is the side-signed mid move, so realized minus spread_only differs from cross_to_cross_bps by the measured spread-change term"
"[-1.0,-0.8)",ONE_TICK,25-50,6607,0.3715591179595704,2.7020178439448532,0.13894354472529136,4.582153734133223,0.08174673423056562,8.106814906699883,0.04631038628209709,6.584949928910664,0.05692202168473762,0.009989405176328138,0.008324504313606781,0.0012108369910700772,0.002875737853791433,0.009989405176328138,0.0,-0.0,0.0,-0.0,3.0168651934170327,2.0574015019030965,2.132423499306962,2.96868042155262,3.178639622566351,3.704389701796629,3.538092859927788,3.65960072259551,5.01405096787091,5.354119882153562,6.205684255334976,6.172627839351656,6.397725269407196,8.906922701837656,9.536929403316025,11.114541609910745,5.063027016306389,5.2401466812220825,7.214520089011051,7.7102413850183815,8.951582736253837,1000,0,5|25|50|75|95,M2-COST-LEDGER-v1,BREAKEVEN_HURDLE,"required_move_bps_spread_only is the full quoted spread at the decision instant (cross in, cross out); the fee terms are the ledger round trip in bps of entry notional; realized_move_bps is the side-signed mid move, so realized minus spread_only differs from cross_to_cross_bps by the measured spread-change term"
"[-1.0,-0.8)",ONE_TICK,50-100,8932,0.19498332335894195,1.595802247694796,0.1198499776085983,2.7904831647403205,0.06849118422428846,4.787669615073404,0.03994782599450601,3.9732583445287704,0.04811044962119331,0.013098969995521719,0.006829377519032691,0.0005597850425436632,0.0016793551276309898,0.013098969995521719,-0.0,-0.0,-0.0,0.0,1.77591592755139,1.0331112144222325,1.4139271827500883,1.649212501030758,1.816695431010991,1.9602077820248947,1.8791566736638896,2.4959170017546133,2.8769839013276406,3.148240489150526,3.380675533446184,3.0994403806584137,4.241981481392623,4.947909515709959,5.4504163612435494,5.8810076251929,2.644853543175203,3.5438779746052917,4.099345768390151,4.494748483336572,4.833563202530678,1000,0,5|25|50|75|95,M2-COST-LEDGER-v1,BREAKEVEN_HURDLE,"required_move_bps_spread_only is the full quoted spread at the decision instant (cross in, cross out); the fee terms are the ledger round trip in bps of entry notional; realized_move_bps is the side-signed mid move, so realized minus spread_only differs from cross_to_cross_bps by the measured spread-change term"
"[-1.0,-0.8)",ONE_TICK,100-200,5687,0.1148965881450653,0.7944570183940292,0.15799191137682433,1.4926431962675342,0.08253705311592595,2.3834358008750787,0.0526626938140411,2.081453584924929,0.05948552303700594,0.04519078600316511,0.0237383506242307,0.0054510286618603835,0.007736943907156673,0.04519078600316511,-0.5058783844574607,-0.0,0.0,-0.0,0.9431206617460324,0.5068809083305877,0.7126821793821045,0.7804878048780488,0.8958566629339306,0.9741366713749939,1.0269015895957945,1.3602045227646147,1.4700188695049612,1.656864726005065,1.7836437342098699,1.5206684184684627,2.138097331545172,2.34152433313281,2.6876502483128952,2.9225049129726557,1.4025696755649755,1.888404936135009,2.048475004378517,2.3208299652095086,2.5056291214480577,1000,0,5|25|50|75|95,M2-COST-LEDGER-v1,BREAKEVEN_HURDLE,"required_move_bps_spread_only is the full quoted spread at the decision instant (cross in, cross out); the fee terms are the ledger round trip in bps of entry notional; realized_move_bps is the side-signed mid move, so realized minus spread_only differs from cross_to_cross_bps by the measured spread-change term"
"[-1.0,-0.8)",ONE_TICK,200+,1002,0.18477778139326959,0.47633701086226843,0.3782435129740519,0.9774348326581026,0.18532282438171988,1.4290337721078992,0.12607911788818038,1.330465191808522,0.1359555762808425,0.10479041916167664,0.038922155688622756,0.021956087824351298,0.028942115768463075,0.10479041916167664,-0.7074555519116278,0.0,-0.0,0.24029796948215787,0.9612842757924587,0.4762018143289126,0.47875523638539796,0.48031893177069573,0.4807807879997115,0.4817071702112286,0.9772158626169263,0.9813512051698093,0.9838836563011727,0.9846316462140488,0.9861319498248902,1.4286281203434847,1.4362886303625129,1.4409798664937852,1.4423654795714218,1.4451447153723636,1.33014600214738,1.336173822108575,1.339865211611226,1.34095550793817,1.3431424031222552,1000,0,5|25|50|75|95,M2-COST-LEDGER-v1,BREAKEVEN_HURDLE,"required_move_bps_spread_only is the full quoted spread at the decision instant (cross in, cross out); the fee terms are the ledger round trip in bps of entry notional; realized_move_bps is the side-signed mid move, so realized minus spread_only differs from cross_to_cross_bps by the measured spread-change term"
"[-1.0,-0.8)",WIDER_THAN_ONE_TICK,5-25,214,-2.5263037733090155,31.373944835882135,-0.019975152054591303,36.54401772467259,-0.014909041077167458,47.40000743084731,-0.009960543042444946,42.482619453800304,-0.011660434940435381,0.0,0.0,0.0,0.0,0.0,-3.1654668363987524,0.0,-0.0,-0.0,3.4991388123504708,9.153318077803204,13.927576601671309,29.39735423811857,35.24850193866761,48.899755501222494,12.195856539341666,18.450649772403015,35.682843933898745,39.829501938667605,55.1792849129872,18.31082723531236,27.864858831636464,49.02443961593997,49.37279572397834,68.50759863847739,15.589253975239103,23.615235138256676,42.955837064418866,45.06338611945857,62.44514765808524,1000,0,5|25|50|75|95,M2-COST-LEDGER-v1,BREAKEVEN_HURDLE,"required_move_bps_spread_only is the full quoted spread at the decision instant (cross in, cross out); the fee terms are the ledger round trip in bps of entry notional; realized_move_bps is the side-signed mid move, so realized minus spread_only differs from cross_to_cross_bps by the measured spread-change term"
"[-1.0,-0.8)",WIDER_THAN_ONE_TICK,25-50,926,0.331893639517011,9.30879033810932,0.06568581858219058,11.014261677741063,0.05063252363228103,14.149698617792104,0.035903189356454174,12.808103808952035,0.040964253725797616,0.02159827213822894,0.016198704103671708,0.0064794816414686825,0.011879049676025918,0.02159827213822894,-2.357881031936074,0.0,-0.0,1.0264057253034973,5.2429816322567735,4.108463434675431,4.212302159870363,6.568144499178982,10.492078480747036,20.652622883106154,5.587321458098485,5.723337614219949,8.368310805972964,11.998729331051466,22.139375415667658,8.21777101634792,8.42549168158008,12.07703673291499,15.838323263158212,25.37744238128336,7.110062366255461,7.2845729101951795,10.673274582796093,14.018398041358466,24.052194506919992,1000,0,5|25|50|75|95,M2-COST-LEDGER-v1,BREAKEVEN_HURDLE,"required_move_bps_spread_only is the full quoted spread at the decision instant (cross in, cross out); the fee terms are the ledger round trip in bps of entry notional; realized_move_bps is the side-signed mid move, so realized minus spread_only differs from cross_to_cross_bps by the measured spread-change term"
"[-1.0,-0.8)",WIDER_THAN_ONE_TICK,50-100,3653,0.1487587870608861,4.676511350709678,0.03578813165255865,5.700492461280017,0.027479710229029317,7.317289754488013,0.020261605914443426,6.679056665805714,0.022595697756269555,0.012592389816589104,0.007938680536545305,0.003011223651793047,0.004927456884752259,0.012592389816589104,-0.9056658473125174,0.0,0.0,0.0,1.7345252339026962,2.063344681729083,2.3113371085172774,3.392322044439419,4.584001833600733,11.421570627288048,2.90853164004522,3.2333565259930057,4.298955385312524,5.54169315974584,12.271180270189728,4.126902254985376,4.6229413618691035,5.774088806694426,7.896555204762096,14.489473294947176,3.673201470833499,4.089942286510805,5.2020164892203695,6.85463939874675,13.536962695200845,1000,0,5|25|50|75|95,M2-COST-LEDGER-v1,BREAKEVEN_HURDLE,"required_move_bps_spread_only is the full quoted spread at the decision instant (cross in, cross out); the fee terms are the ledger round trip in bps of entry notional; realized_move_bps is the side-signed mid move, so realized minus spread_only differs from cross_to_cross_bps by the measured spread-change term"
"[-1.0,-0.8)",WIDER_THAN_ONE_TICK,100-200,18955,0.09790106677696214,4.396399709607806,0.024916907211527166,5.113000672006036,0.019286174160287838,6.04482896674495,0.015403568209916629,5.723840969101519,0.016445200559893566,0.013083619097863361,0.008704827222368768,0.004800844104457927,0.005803218148245845,0.013083619097863361,-0.9711482346075284,-0.0,0.0,-0.0,1.4442477294611686,1.1412268188302426,1.880936706479827,2.8367453075504705,4.871632484045404,12.248551373251049,1.7007419980130773,2.668222233885299,3.625382927229746,5.631112785684033,12.775500061323807,2.2825187613091287,3.4951286710952445,4.718806353447262,6.6282947779106305,13.38797868199055,2.1236579989261113,3.2701746564301626,4.325607794954614,6.231614833636426,13.154104403597115,1000,0,5|25|50|75|95,M2-COST-LEDGER-v1,BREAKEVEN_HURDLE,"required_move_bps_spread_only is the full quoted spread at the decision instant (cross in, cross out); the fee terms are the ledger round trip in bps of entry notional; realized_move_bps is the side-signed mid move, so realized minus spread_only differs from cross_to_cross_bps by the measured spread-change term"
"[-1.0,-0.8)",WIDER_THAN_ONE_TICK,200+,30811,0.045361472122176054,3.6142405382555367,0.018313777745343773,3.9714064793840103,0.015076715425700394,4.102266175474179,0.01427934951446665,4.152248771486114,0.01392453319655472,0.008276264970302814,0.005387686215961832,0.004738567394761611,0.004414007984161501,0.008276264970302814,-0.5787136104801296,-0.0,0.0,-0.0,0.9547564840893468,1.0496098075540419,1.892326615573848,2.7556222348096324,3.89417577335897,9.426794821312143,1.4639378365138183,2.2419411222144054,3.0459662797001235,4.248844059586203,9.837358939966041,1.5282295476751182,2.307277580461812,3.1801804332849617,4.289459764674657,10.266642483432154,1.6435520572493478,2.3835583619399046,3.239543377815429,4.383516530810288,10.168250101809818,1000,0,5|25|50|75|95,M2-COST-LEDGER-v1,BREAKEVEN_HURDLE,"required_move_bps_spread_only is the full quoted spread at the decision instant (cross in, cross out); the fee terms are the ledger round trip in bps of entry notional; realized_move_bps is the side-signed mid move, so realized minus spread_only differs from cross_to_cross_bps by the measured spread-change term"
"[-0.8,-0.6)",ONE_TICK,5-25,6735,0.4887201020001615,7.023257957584681,0.06473645137342242,11.58180392439328,0.03925162577360455,21.075060917418742,0.02157338616954233,16.78882597738643,0.0270786641385729,0.004602821083890127,0.003414996288047513,0.00014847809948032666,0.00044543429844097997,0.004602821083890127,-0.0,-0.0,0.0,-0.0,6.861769820032467,4.503490204908804,4.577706569008926,6.93721817551162,8.752735229759299,10.178117048346056,7.500030745449345,7.620245030547387,11.44231602422779,14.383428749899403,16.69267101983282,13.512499213917813,13.735215726518083,20.816468695983513,26.265870080897653,30.544715826350128,10.838400114818715,11.013642466444825,16.585397217843333,20.87307848720238,24.23969749641123,1000,0,5|25|50|75|95,M2-COST-LEDGER-v1,BREAKEVEN_HURDLE,"required_move_bps_spread_only is the full quoted spread at the decision instant (cross in, cross out); the fee terms are the ledger round trip in bps of entry notional; realized_move_bps is the side-signed mid move, so realized minus spread_only differs from cross_to_cross_bps by the measured spread-change term"
"[-0.8,-0.6)",ONE_TICK,25-50,20639,0.21049922677515337,2.7187185283772997,0.07873443480788798,4.609203567296072,0.046319004716946416,8.156926886468577,0.02624247261358817,6.624380618262018,0.03225374721246019,0.006492562624158147,0.004990551867823053,0.0007267793982266582,0.0018411744755075343,0.006492562624158147,-0.0,-0.0,0.0,-0.0,2.2652622041001247,2.0557097337855894,2.131060202450719,2.970444081390168,3.224246332419797,3.7154003343860302,3.535352825890852,3.6573926832691335,5.016907539500686,5.427988996076682,6.22351850606942,6.1675518390487465,6.393634797506133,8.91221472904317,9.673778741320152,11.147581679610854,5.059032924575064,5.236928062638272,7.218684128924334,7.817921275986389,8.977580193174585,1000,0,5|25|50|75|95,M2-COST-LEDGER-v1,BREAKEVEN_HURDLE,"required_move_bps_spread_only is the full quoted spread at the decision instant (cross in, cross out); the fee terms are the ledger round trip in bps of entry notional; realized_move_bps is the side-signed mid move, so realized minus spread_only differs from cross_to_cross_bps by the measured spread-change term"
"[-0.8,-0.6)",ONE_TICK,50-100,23274,0.15053847158680306,1.6089697198642456,0.09386010140070465,2.8118090953779893,0.053561991766329475,4.827175936212087,0.031285027771090525,4.004344372701629,0.037639403818885,0.01108533127094612,0.00648792644152273,0.00047263040302483457,0.0013749248087995187,0.01108533127094612,-0.0,0.0,-0.0,-0.0,1.6512140653767038,1.0323646311877355,1.422778686775272,1.6481252575195715,1.8176860856130146,1.966761726816796,1.8779475343469343,2.5102527903609295,2.8752229994018856,3.149844965816614,3.3912904443620357,3.0972004767380144,4.268538504646644,4.944647426631159,5.453388685140373,5.900672033661801,2.6430910404382,3.564774702711527,4.096778957865706,4.497087285394873,4.849036313756214,1000,0,5|25|50|75|95,M2-COST-LEDGER-v1,BREAKEVEN_HURDLE,"required_move_bps_spread_only is the full quoted spread at the decision instant (cross in, cross out); the fee terms are the ledger round trip in bps of entry notional; realized_move_bps is the side-signed mid move, so realized minus spread_only differs from cross_to_cross_bps by the measured spread-change term"
"[-0.8,-0.6)",ONE_TICK,100-200,6653,0.10572795907539596,0.7971573856584822,0.14128964376972794,1.4970166560612652,0.07426343640012363,2.3915375968054815,0.047095373153049236,2.087828592723686,0.053435489124647975,0.04163535247256877,0.022245603487148654,0.0033067788967383136,0.006613557793476627,0.04163535247256877,-0.5060447043001661,0.0,0.0,0.0,0.9607532305327376,0.5068295278882947,0.7112122612993848,0.7774538386783285,0.941575255402288,0.9657636776280845,1.0268183773561104,1.3578239255952593,1.4651052148251176,1.7309085887356213,1.7700831676802382,1.520514271932897,2.1336873679850177,2.3324219618318036,2.8248144267770527,2.89738430733641,1.402448382424534,1.8849348786535811,2.041312647572746,2.4287598128410828,2.485862576604325,1000,0,5|25|50|75|95,M2-COST-LEDGER-v1,BREAKEVEN_HURDLE,"required_move_bps_spread_only is the full quoted spread at the decision instant (cross in, cross out); the fee terms are the ledger round trip in bps of entry notional; realized_move_bps is the side-signed mid move, so realized minus spread_only differs from cross_to_cross_bps by the measured spread-change term"
"[-0.8,-0.6)",ONE_TICK,200+,1304,0.04658742971323029,0.4771452685732939,0.0977760736196319,0.978743826000298,0.047692008747684235,1.4314586097419917,0.03259150689767388,1.3323732233904297,0.03503107805670744,0.0897239263803681,0.036042944785276074,0.01687116564417178,0.02607361963190184,0.0897239263803681,-0.7210966439883223,-0.0,-0.0,0.23943780014844876,0.9566591223965524,0.47634131774552824,0.4782972617481765,0.4802727949475302,0.48075767409437276,0.4815911772496328,0.977441792516336,0.9806095016678207,0.9838089363432365,0.9845942125559113,0.9859440957624435,1.429046643882115,1.4349146626186984,1.4408414515922638,1.4422961356328343,1.4447967253135896,1.3304753254641837,1.3350926891170003,1.3397562971808523,1.340900943325142,1.3428685804474754,1000,0,5|25|50|75|95,M2-COST-LEDGER-v1,BREAKEVEN_HURDLE,"required_move_bps_spread_only is the full quoted spread at the decision instant (cross in, cross out); the fee terms are the ledger round trip in bps of entry notional; realized_move_bps is the side-signed mid move, so realized minus spread_only differs from cross_to_cross_bps by the measured spread-change term"
"[-0.8,-0.6)",WIDER_THAN_ONE_TICK,5-25,275,0.4715893539525375,18.132937642166645,0.0385021645021645,22.68286987796778,0.028572908664768575,32.15693194660936,0.018643564566341024,27.879587183427763,0.022093427568980133,0.0036363636363636364,0.0036363636363636364,0.0,0.0,0.0036363636363636364,-4.627918919683573,-0.0,0.0,-0.0,6.971820632675136,9.132420091324201,13.88888888888889,13.97624039133473,20.913210177762288,42.73504273504273,12.168479479172534,18.399961856227318,18.514408223502564,25.45111249215116,49.573805047676565,18.269012142489117,27.7874295421203,27.92321457114231,35.96940548137577,64.1483189663061,15.554125893060153,23.550191182148097,23.697051580145917,31.04650665689907,57.50868727465729,1000,0,5|25|50|75|95,M2-COST-LEDGER-v1,BREAKEVEN_HURDLE,"required_move_bps_spread_only is the full quoted spread at the decision instant (cross in, cross out); the fee terms are the ledger round trip in bps of entry notional; realized_move_bps is the side-signed mid move, so realized minus spread_only differs from cross_to_cross_bps by the measured spread-change term"
"[-0.8,-0.6)",WIDER_THAN_ONE_TICK,25-50,2420,0.335663919622286,7.644116111786122,0.051964469104237625,9.32145568069849,0.03981568826110978,12.394203501333715,0.02834782556822876,11.081643313681854,0.032237854190940114,0.012396694214876033,0.007851239669421488,0.003305785123966942,0.006198347107438017,0.012396694214876033,-1.6927675413185097,-0.0,-0.0,0.0,3.255183325377273,4.110152075626798,4.189359028068705,6.159534212494446,8.366450533361222,18.732257359057996,5.589533370590827,5.693284860878259,7.784132033918993,9.912297200923604,20.86792446882821,8.22114899237911,8.379595776444988,10.469231637157922,13.473495700733405,24.354771269762132,7.1129002770656475,7.246014800119827,9.33621168314263,11.526567292843662,23.183194696881944,1000,0,5|25|50|75|95,M2-COST-LEDGER-v1,BREAKEVEN_HURDLE,"required_move_bps_spread_only is the full quoted spread at the decision instant (cross in, cross out); the fee terms are the ledger round trip in bps of entry notional; realized_move_bps is the side-signed mid move, so realized minus spread_only differs from cross_to_cross_bps by the measured spread-change term"
"[-0.8,-0.6)",WIDER_THAN_ONE_TICK,50-100,7444,0.15121303326116883,4.916531236645601,0.034494789875430316,6.044091583643491,0.026388778551531683,7.891705883934993,0.01932281185546122,7.1465693257684,0.021619450288601214,0.008866200967221924,0.005104782375067168,0.0016120365394948952,0.002552391187533584,0.008866200967221924,-0.8850578590740444,-0.0,-0.0,0.0,1.9786014280511792,2.0740433475059628,2.8734600161490866,3.516792685071215,5.4015125548325145,12.651494147955209,2.9225449031998023,3.952015445815217,4.796167460883815,6.585832973155266,13.739230316420505,4.148301800109158,5.65251186316584,6.934211718907961,8.194794649360373,15.986580236448939,3.691180041137989,4.958949299257461,6.076490312756524,7.743411523892412,15.056305134263049,1000,0,5|25|50|75|95,M2-COST-LEDGER-v1,BREAKEVEN_HURDLE,"required_move_bps_spread_only is the full quoted spread at the decision instant (cross in, cross out); the fee terms are the ledger round trip in bps of entry notional; realized_move_bps is the side-signed mid move, so realized minus spread_only differs from cross_to_cross_bps by the measured spread-change term"
"[-0.8,-0.6)",WIDER_THAN_ONE_TICK,100-200,13307,0.07365051311315696,4.1164794017678386,0.025648709249782714,4.833072139715606,0.019780995670596022,5.764882107006797,0.0154287350935458,5.4439025977662485,0.016673455115750874,0.014729089952656496,0.009769294356353798,0.005485834523183287,0.006387615540692868,0.014729089952656496,-1.0151538564386302,-0.0,0.0,-0.0,1.4417323863338123,1.0185166345955252,1.756543123133673,2.6142651736307787,4.7225501770956315,12.260102796246523,1.540018229342649,2.506680145531565,3.3601815062087814,5.51381234053446,12.860133598241644,2.037085140639508,3.427918501661967,4.187639778339609,6.600171199186402,13.54470499430072,1.917457956373801,3.136023220929198,3.8663733404540936,6.2047853240354325,13.287009212837688,1000,0,5|25|50|75|95,M2-COST-LEDGER-v1,BREAKEVEN_HURDLE,"required_move_bps_spread_only is the full quoted spread at the decision instant (cross in, cross out); the fee terms are the ledger round trip in bps of entry notional; realized_move_bps is the side-signed mid move, so realized minus spread_only differs from cross_to_cross_bps by the measured spread-change term"
"[-0.8,-0.6)",WIDER_THAN_ONE_TICK,200+,10491,0.04854266748578926,4.267039768384837,0.01398743659530028,4.656432409461433,0.011766333092974332,4.859106406243101,0.010803899094359304,4.875828030719554,0.01081499723667212,0.012391573729863693,0.007911543227528357,0.006005147269087789,0.00657706605661996,0.012391573729863693,-0.8554046907585353,-0.0,0.0,-0.0,1.176235349141107,0.9600614439324117,1.8453305452702184,2.9292584094126837,4.60222161789009,12.958532695374801,1.4569095002756414,2.1362823733968628,3.349848936560949,4.99963965581189,13.473494841901159,1.6299639541364443,2.3019663052074844,3.4979101023497146,5.205874819410205,13.955989181335601,1.70151863155776,2.3262832277429917,3.610524512259507,5.208727712902844,13.843111319882308,1000,0,5|25|50|75|95,M2-COST-LEDGER-v1,BREAKEVEN_HURDLE,"required_move_bps_spread_only is the full quoted spread at the decision instant (cross in, cross out); the fee terms are the ledger round trip in bps of entry notional; realized_move_bps is the side-signed mid move, so realized minus spread_only differs from cross_to_cross_bps by the measured spread-change term"
"[-0.6,-0.4)",ONE_TICK,5-25,10700,0.2817792032403121,7.489087788909329,0.03574766355140187,12.336434753835512,0.021693550384268723,22.473258781407097,0.0119127565339071,17.888954172644496,0.014961743333850652,0.002897196261682243,0.00205607476635514,9.345794392523364e-05,0.00046728971962616824,0.002897196261682243,-0.0,-0.0,-0.0,0.0,0.0,4.505519261094841,6.828269033799931,6.9613644274277755,9.153318077803204,10.38961038961039,7.503317368350363,11.265826410849112,11.481431279795462,15.032395000880127,17.03531932931933,13.51858821107231,20.489471219592282,20.888941029099083,27.46833639282152,31.179631179631183,10.843191185385063,16.32810783161414,16.642420137734184,21.819189872674997,24.739248643248644,1000,0,5|25|50|75|95,M2-COST-LEDGER-v1,BREAKEVEN_HURDLE,"required_move_bps_spread_only is the full quoted spread at the decision instant (cross in, cross out); the fee terms are the ledger round trip in bps of entry notional; realized_move_bps is the side-signed mid move, so realized minus spread_only differs from cross_to_cross_bps by the measured spread-change term"
"[-0.6,-0.4)",ONE_TICK,25-50,29665,0.13230369131740047,2.738723048260328,0.05128939828080229,4.641604155791394,0.030122465959758177,8.216950998320266,0.01709499598649064,6.671610826737655,0.020986221284080585,0.005899207820664082,0.004483397943704702,0.0004719366256531266,0.0015843586718354964,0.005899207820664082,0.0,0.0,0.0,0.0,2.058672156459084,2.056555269922879,2.134699541039599,2.9748624126134167,3.2325844512687896,3.7154003343860302,3.5367222793840063,3.66328707306351,5.024063840759801,5.441494247583048,6.22351850606942,6.17008879522111,6.404554365975551,8.925472350132011,9.698798482953238,11.147581679610854,5.061029148984994,5.245520207136952,7.229115908596755,7.837608052950006,8.977580193174585,1000,0,5|25|50|75|95,M2-COST-LEDGER-v1,BREAKEVEN_HURDLE,"required_move_bps_spread_only is the full quoted spread at the decision instant (cross in, cross out); the fee terms are the ledger round trip in bps of entry notional; realized_move_bps is the side-signed mid move, so realized minus spread_only differs from cross_to_cross_bps by the measured spread-change term"
"[-0.6,-0.4)",ONE_TICK,50-100,33929,0.10365447632819948,1.6145272247427827,0.06454655309617141,2.820810057667781,0.03683706171158645,4.843850333459485,0.021514365950504728,4.017464799510734,0.0258857309144676,0.009284093253558903,0.006130448878540482,0.0008252527336496802,0.0019747118983760204,0.009284093253558903,0.0,0.0,0.0,0.0,1.4256183619645022,1.0324712198647463,1.4147273113107448,1.6568635572860575,1.8186778212239703,1.965988400668436,1.8781201615271108,2.4972128800713556,2.8893755705420645,3.1514511933592924,3.3900379484466505,3.097520264779563,4.244382093427326,4.970865214286886,5.4563642526535805,5.898351751042011,2.6433426705617005,3.545766926477694,4.117408710558634,4.499428639703417,4.847210579197732,1000,0,5|25|50|75|95,M2-COST-LEDGER-v1,BREAKEVEN_HURDLE,"required_move_bps_spread_only is the full quoted spread at the decision instant (cross in, cross out); the fee terms are the ledger round trip in bps of entry notional; realized_move_bps is the side-signed mid move, so realized minus spread_only differs from cross_to_cross_bps by the measured spread-change term"
"[-0.6,-0.4)",ONE_TICK,100-200,8826,0.07023794577106107,0.8177992370614194,0.08820530251529572,1.5304470544616813,0.046813736426955084,2.4534661213237663,0.029400987072878196,2.1365581394270525,0.03359371138547021,0.03693632449580784,0.020620892816677998,0.003285746657602538,0.006571493315205076,0.03693632449580784,-0.48133619009773543,0.0,-0.0,-0.0,0.8944143821832655,0.5109731483610537,0.7121746252181035,0.7814636814754035,0.945760627985057,0.9657636776280845,1.033529101350323,1.3593825163939457,1.4715993488714645,1.7376870443285735,1.7700831676802382,1.5329455551060716,2.136574596730104,2.3444521153609927,2.837371334501656,2.89738430733641,1.41223017442135,1.887206745437461,2.050778779943675,2.4386404161246578,2.485862576604325,1000,0,5|25|50|75|95,M2-COST-LEDGER-v1,BREAKEVEN_HURDLE,"required_move_bps_spread_only is the full quoted spread at the decision instant (cross in, cross out); the fee terms are the ledger round trip in bps of entry notional; realized_move_bps is the side-signed mid move, so realized minus spread_only differs from cross_to_cross_bps by the measured spread-change term"
"[-0.6,-0.4)",ONE_TICK,200+,1326,0.055929941495334694,0.47821753546401313,0.11576168929110106,0.9804803886787562,0.0565999958356412,1.434675495802167,0.03858660831490899,1.3349044940037023,0.04154617791823167,0.09954751131221719,0.04147812971342383,0.01583710407239819,0.02564102564102564,0.09954751131221719,-0.7203055340082459,0.0,-0.0,0.238498413985547,0.961376718073425,0.4763662782338693,0.47756632202297095,0.48020360632908354,0.4807345624113646,0.48180000481800006,0.9774822167638184,0.9794257231405028,0.9836968833171742,0.9845567824969373,0.9862822982412716,1.429121527725231,1.4327217735727107,1.4406338790912812,1.4422267983615593,1.445423228137682,1.3305342492600882,1.3333671721113227,1.3395929647616613,1.3408463839584057,1.3433615562513896,1000,0,5|25|50|75|95,M2-COST-LEDGER-v1,BREAKEVEN_HURDLE,"required_move_bps_spread_only is the full quoted spread at the decision instant (cross in, cross out); the fee terms are the ledger round trip in bps of entry notional; realized_move_bps is the side-signed mid move, so realized minus spread_only differs from cross_to_cross_bps by the measured spread-change term"
"[-0.6,-0.4)",WIDER_THAN_ONE_TICK,5-25,308,0.45459261672050155,17.92721064887734,0.026491960420531844,22.549445575616712,0.02053555083869522,32.18462768435555,0.014333331623421366,27.832659774866485,0.016524666124740274,0.0,0.0,0.0,0.0,0.0,-4.57592627098595,-0.0,-0.0,0.0,6.329758507043612,9.132420091324201,9.178522257916475,13.94700139470014,19.347040881097854,39.29273084479372,12.168479479172534,12.228874874996364,18.476099789675715,25.527089478081386,45.59617178967561,18.269012142489117,18.361258713380202,27.894009571790185,38.67538444625917,58.97777021487246,15.554125893060153,15.631620513196548,23.64789323001068,32.69630959994012,52.89064029361261,1000,0,5|25|50|75|95,M2-COST-LEDGER-v1,BREAKEVEN_HURDLE,"required_move_bps_spread_only is the full quoted spread at the decision instant (cross in, cross out); the fee terms are the ledger round trip in bps of entry notional; realized_move_bps is the side-signed mid move, so realized minus spread_only differs from cross_to_cross_bps by the measured spread-change term"
"[-0.6,-0.4)",WIDER_THAN_ONE_TICK,25-50,3336,0.1854464822154458,7.824304508013183,0.01987765264054515,9.507169705765781,0.014887540464041261,12.59223089300946,0.010255595281843718,11.273967739063616,0.011816575830046657,0.01079136690647482,0.006594724220623501,0.0020983213429256594,0.0038968824940047962,0.01079136690647482,-2.095667225306287,-0.0,-0.0,0.0,3.074093317619828,4.110152075626798,4.186728072011723,6.148170919151553,8.019246190858059,18.726591760299627,5.589533370590827,5.689838624775542,7.66851239552834,9.539312592349651,20.475886783142812,8.22114899237911,8.374332762128976,10.309491154035248,13.071896821212226,23.181412768724567,7.1129002770656475,7.241593231140701,9.19690587872075,11.346122307349614,22.03893228504964,1000,0,5|25|50|75|95,M2-COST-LEDGER-v1,BREAKEVEN_HURDLE,"required_move_bps_spread_only is the full quoted spread at the decision instant (cross in, cross out); the fee terms are the ledger round trip in bps of entry notional; realized_move_bps is the side-signed mid move, so realized minus spread_only differs from cross_to_cross_bps by the measured spread-change term"
"[-0.6,-0.4)",WIDER_THAN_ONE_TICK,50-100,11174,0.10036530336450222,4.3942502586904135,0.024310260151359318,5.491660986609053,0.01854670197418329,7.272089574004826,0.01356660695516975,6.558070245452647,0.015174173304967772,0.0061750492214068375,0.004206192947914802,0.0013424020046536602,0.002863790943261142,0.0061750492214068375,-0.8881154713909447,0.0,-0.0,-0.0,1.485150354771979,2.0641965115078955,2.8308563340410475,3.4788658897199514,4.523223938698865,10.38036627863869,2.9096473785599186,3.911215892726835,4.618817201283167,5.491026631089688,11.50550574451406,4.128606090368342,5.179790559290523,6.134498924193004,7.88682420866675,13.986613525841143,3.6746329276928664,4.7126180421920445,5.528999288388862,6.849382097575224,12.919696758200073,1000,0,5|25|50|75|95,M2-COST-LEDGER-v1,BREAKEVEN_HURDLE,"required_move_bps_spread_only is the full quoted spread at the decision instant (cross in, cross out); the fee terms are the ledger round trip in bps of entry notional; realized_move_bps is the side-signed mid move, so realized minus spread_only differs from cross_to_cross_bps by the measured spread-change term"
"[-0.6,-0.4)",WIDER_THAN_ONE_TICK,100-200,17872,0.057566832652262784,4.059108482413061,0.023836181764643274,4.77633339993161,0.0179269682282147,5.709552122505228,0.013876723190068259,5.387920144760523,0.014977157049020116,0.010854968666069829,0.0068263205013428824,0.0021821844225604296,0.003077439570277529,0.010854968666069829,-0.7823410096375802,-0.0,-0.0,0.0,1.2490320773679098,1.4215651432226881,1.7872701709028438,2.6113069591330462,4.436298961753602,12.392164339164006,2.0577719650428348,2.546926583019589,3.3566122607783844,5.135721497248301,13.056100887733388,2.5580943322985736,3.432625205456065,4.178889935445046,6.093030905243049,13.712646122291089,2.4369593755287737,3.2060575555933912,3.8599352567595373,5.746142252877918,13.494038838390507,1000,0,5|25|50|75|95,M2-COST-LEDGER-v1,BREAKEVEN_HURDLE,"required_move_bps_spread_only is the full quoted spread at the decision instant (cross in, cross out); the fee terms are the ledger round trip in bps of entry notional; realized_move_bps is the side-signed mid move, so realized minus spread_only differs from cross_to_cross_bps by the measured spread-change term"
"[-0.6,-0.4)",WIDER_THAN_ONE_TICK,200+,12078,0.04151504929606728,3.805196544808629,0.012995141309268056,4.20949571513562,0.010659543934831251,4.445387570884468,0.009761490824237086,4.446724261567256,0.009749060181524473,0.010597781089584368,0.006540818016227853,0.004884914720980295,0.005216095380029807,0.010597781089584368,-0.7638132906814424,0.0,-0.0,-0.0,1.0444322475829293,0.9592717211908444,1.84945441094877,2.892602188817828,4.265821627715653,10.014544934309354,1.4569692387488593,2.2061592683042224,3.3241815241943757,4.743455023446177,10.51401702008834,1.6869179192117718,2.3069354963984874,3.349762917840521,5.013753033423594,10.964605684138647,1.8065537951502078,2.381313649358434,3.401443009743873,4.956881855715582,10.865658862943434,1000,0,5|25|50|75|95,M2-COST-LEDGER-v1,BREAKEVEN_HURDLE,"required_move_bps_spread_only is the full quoted spread at the decision instant (cross in, cross out); the fee terms are the ledger round trip in bps of entry notional; realized_move_bps is the side-signed mid move, so realized minus spread_only differs from cross_to_cross_bps by the measured spread-change term"
"[-0.4,-0.2)",ONE_TICK,5-25,15485,0.113850746145615,7.828906969023132,0.014562479819179852,12.88692855221524,0.008833327735170062,23.49322200757715,0.004852894754207925,18.691481468586773,0.006093065270634927,0.0013561511139812722,0.0010332579916047789,0.0,0.0,0.0013561511139812722,0.0,0.0,0.0,0.0,-0.0,4.5075501464953796,6.884681583476764,7.074637424831978,9.272137227630969,10.422094841063053,7.506606954430456,11.3572105090966,11.664926172178049,15.224890474384214,17.087948855661594,13.524682698343891,20.658786266672358,21.228919095037213,27.825012923363808,31.27715219247077,10.84798657571089,16.461328966396874,16.909922633607632,22.099825539319284,24.815978052741887,1000,0,5|25|50|75|95,M2-COST-LEDGER-v1,BREAKEVEN_HURDLE,"required_move_bps_spread_only is the full quoted spread at the decision instant (cross in, cross out); the fee terms are the ledger round trip in bps of entry notional; realized_move_bps is the side-signed mid move, so realized minus spread_only differs from cross_to_cross_bps by the measured spread-change term"
"[-0.4,-0.2)",ONE_TICK,25-50,38618,0.0688600825094483,2.764366209244814,0.025635713915790562,4.683137872175895,0.015085010459413658,8.29389538739197,0.008544472824151817,6.732154674900928,0.010503516266197572,0.005178932104200114,0.0038324097571080843,0.0005437878709410119,0.0012170490444870267,0.005178932104200114,-0.0,0.0,-0.0,-0.0,0.0,2.0561324149275215,2.139266231682533,2.9890898221491558,3.2451728054518902,3.7181632273656815,3.5360374118430054,3.670683433222969,5.0471077593688864,5.461883613631053,6.22799364759625,6.1688200563011595,6.418256390005169,8.96816306579639,9.736571701914077,11.155872412936525,5.06003083154278,5.2563017473008475,7.262707161461562,7.8673298973051855,8.984103725692197,1000,0,5|25|50|75|95,M2-COST-LEDGER-v1,BREAKEVEN_HURDLE,"required_move_bps_spread_only is the full quoted spread at the decision instant (cross in, cross out); the fee terms are the ledger round trip in bps of entry notional; realized_move_bps is the side-signed mid move, so realized minus spread_only differs from cross_to_cross_bps by the measured spread-change term"
"[-0.4,-0.2)",ONE_TICK,50-100,46672,0.053026289980417876,1.5980753978408584,0.03351045594789167,2.794164762987539,0.01910142122673308,4.794489813165089,0.011169562785567992,3.97862489231567,0.013427548137269176,0.008720431950634213,0.005527939664038395,0.00038567020911895784,0.0013284196091875213,0.008720431950634213,-0.0,-0.0,-0.0,0.0,0.99000099000099,1.0317255610007738,1.4141271300289897,1.6535758577924762,1.8170255292086854,1.965988400668436,1.8769125193169107,2.49624083388983,2.8840508040468174,3.148775120340795,3.3900379484466505,3.095283134257068,4.2425813797815,4.961001027298016,5.451406775801453,5.898351751042011,2.64158235010519,3.5443500122238705,4.109646967433621,4.495527800696964,4.847210579197732,1000,0,5|25|50|75|95,M2-COST-LEDGER-v1,BREAKEVEN_HURDLE,"required_move_bps_spread_only is the full quoted spread at the decision instant (cross in, cross out); the fee terms are the ledger round trip in bps of entry notional; realized_move_bps is the side-signed mid move, so realized minus spread_only differs from cross_to_cross_bps by the measured spread-change term"
"[-0.4,-0.2)",ONE_TICK,100-200,12817,0.04821247669892516,0.8209263642674047,0.06230007021924007,1.5355115895684912,0.03286823033640046,2.462847995586491,0.020766154371732803,2.1439404273484612,0.023624033224207718,0.040259030974487006,0.021689943044394165,0.0033549192478739176,0.007177966762893033,0.040259030974487006,-0.7103130355279442,0.0,0.0,0.0,0.8959369260404068,0.5080397287067848,0.7611798287345385,0.8245722531436818,0.941575255402288,0.9656704166867848,1.0287783356264617,1.4387486800704599,1.541415825337959,1.7309085887356213,1.7699321260059544,1.524144997212602,2.283597427881985,2.4737847541744395,2.8248144267770527,2.89710450649847,1.405305287818709,2.0028942231929387,2.1525463605074155,2.4287598128410828,2.4856424108924826,1000,0,5|25|50|75|95,M2-COST-LEDGER-v1,BREAKEVEN_HURDLE,"required_move_bps_spread_only is the full quoted spread at the decision instant (cross in, cross out); the fee terms are the ledger round trip in bps of entry notional; realized_move_bps is the side-signed mid move, so realized minus spread_only differs from cross_to_cross_bps by the measured spread-change term"
"[-0.4,-0.2)",ONE_TICK,200+,1467,0.0977006031973133,0.47725969165249044,0.1980231765507839,0.9789291370694183,0.09727900877512605,1.43180188831731,0.06600663994577004,1.3326433389233372,0.07131823887620613,0.08929788684389911,0.03680981595092025,0.01772324471710975,0.02794819359236537,0.08929788684389911,-0.7208246233691343,-0.0,0.0,-0.0,0.9559958601593893,0.47631522541618043,0.4776575672900098,0.4801805478860051,0.48075767409437276,0.4817535830422739,0.9773995352189813,0.9795734975503394,0.9836595394826437,0.9845942125559113,0.9862071167899253,1.4289683644082736,1.4329955180901053,1.4405647015474696,1.4422961356328343,1.4452839583373551,1.3304137297507523,1.333582573260872,1.3395385310792824,1.340900943325142,1.3432519691288953,1000,0,5|25|50|75|95,M2-COST-LEDGER-v1,BREAKEVEN_HURDLE,"required_move_bps_spread_only is the full quoted spread at the decision instant (cross in, cross out); the fee terms are the ledger round trip in bps of entry notional; realized_move_bps is the side-signed mid move, so realized minus spread_only differs from cross_to_cross_bps by the measured spread-change term"
"[-0.4,-0.2)",WIDER_THAN_ONE_TICK,5-25,507,0.6536798332742699,17.138691666306194,0.029834890892583198,21.701133594058714,0.0236751671339799,31.203072385442645,0.016765238373327176,26.9128164489612,0.019272548394402147,0.007889546351084813,0.005917159763313609,0.0019723865877712033,0.0039447731755424065,0.007889546351084813,-4.639943962694575,-0.0,0.0,-0.0,6.860689179088724,9.000900090009,9.182736455463727,13.986013986013987,19.120895793859926,32.27541689080151,11.996184196267443,12.234395619450865,18.527213426181937,25.236335366800965,39.15706344252565,18.0058528140072,18.369690980038833,27.942720838262105,37.15746273035728,53.77515638735633,15.333050472719492,15.638704301122893,23.713483545146246,31.744176319973178,47.097924621827985,1000,0,5|25|50|75|95,M2-COST-LEDGER-v1,BREAKEVEN_HURDLE,"required_move_bps_spread_only is the full quoted spread at the decision instant (cross in, cross out); the fee terms are the ledger round trip in bps of entry notional; realized_move_bps is the side-signed mid move, so realized minus spread_only differs from cross_to_cross_bps by the measured spread-change term"
"[-0.4,-0.2)",WIDER_THAN_ONE_TICK,25-50,5312,0.0450620863394884,7.739669801748899,0.002586278406682981,9.452788841081237,0.0022318490854885517,12.60526799168381,0.0017962084309054297,11.255780040745327,0.001958751648151844,0.007906626506024096,0.005082831325301205,0.0026355421686746986,0.0035768072289156625,0.007906626506024096,-2.10017851517379,-0.0,-0.0,0.0,2.246660928304123,4.110996916752312,4.198152812762385,6.238303181534622,8.400273078344355,16.604400166044,5.590640008857576,5.704803663066815,8.269067813969285,9.917500037467613,18.112138713575355,8.22283902201547,8.397187034891296,11.269129656205946,13.467006438849472,21.876467668093216,7.114320107541786,7.260793585384681,10.033781594889446,11.544712355879522,20.083149344140743,1000,0,5|25|50|75|95,M2-COST-LEDGER-v1,BREAKEVEN_HURDLE,"required_move_bps_spread_only is the full quoted spread at the decision instant (cross in, cross out); the fee terms are the ledger round trip in bps of entry notional; realized_move_bps is the side-signed mid move, so realized minus spread_only differs from cross_to_cross_bps by the measured spread-change term"
"[-0.4,-0.2)",WIDER_THAN_ONE_TICK,50-100,19199,0.05208736193944617,4.428505672816432,0.013794067274892435,5.5203690362111955,0.01043707769598163,7.2884358209835485,0.007608549777498199,6.580141891985855,0.008510098905976397,0.006719099953122558,0.003750195322673056,0.0008333767383717902,0.001823011615188291,0.006719099953122558,-0.913834541804859,-0.0,0.0,-0.0,1.1631964638827499,2.0644095788604457,2.8260562385191466,3.46961198172671,4.530011325028313,10.854227849612903,2.909926457150938,3.9065050497591445,4.502541945244789,5.518382084485603,12.166172685996976,4.129032269063812,5.160012055860351,6.140148934781477,7.902795691067593,13.992205056540406,3.674990976610007,4.700249764357151,5.562345548280634,6.85463939874675,13.067048778893014,1000,0,5|25|50|75|95,M2-COST-LEDGER-v1,BREAKEVEN_HURDLE,"required_move_bps_spread_only is the full quoted spread at the decision instant (cross in, cross out); the fee terms are the ledger round trip in bps of entry notional; realized_move_bps is the side-signed mid move, so realized minus spread_only differs from cross_to_cross_bps by the measured spread-change term"
"[-0.4,-0.2)",WIDER_THAN_ONE_TICK,100-200,33248,0.028700913243015304,3.823910516896659,0.010339102008672378,4.541781815885328,0.007871572875537431,5.476440941395993,0.00616545073248749,5.154141837457376,0.006629497244885073,0.009504331087584215,0.005383782483156882,0.0021354667949951877,0.0028873917228103944,0.009504331087584215,-0.8984322357486186,-0.0,-0.0,0.0,1.022988180280298,1.4216661927779357,1.7834849295523454,2.5173064820641913,4.157831275206852,10.525662858767179,2.064359784162842,2.5419686538009856,3.241158216480149,4.879093688913914,11.257347590240245,2.8377851122933846,3.416402537984069,4.171568275052028,5.829015592947068,12.264839113216745,2.590161841630029,3.137301078192709,3.8510776257273145,5.4941912534757495,11.881395685395685,1000,0,5|25|50|75|95,M2-COST-LEDGER-v1,BREAKEVEN_HURDLE,"required_move_bps_spread_only is the full quoted spread at the decision instant (cross in, cross out); the fee terms are the ledger round trip in bps of entry notional; realized_move_bps is the side-signed mid move, so realized minus spread_only differs from cross_to_cross_bps by the measured spread-change term"
"[-0.4,-0.2)",WIDER_THAN_ONE_TICK,200+,16434,0.03213701640169917,4.068736554147132,0.009924182142488022,4.48523802944084,0.008352072312048616,4.748321623699055,0.00783222899655268,4.737064393228931,0.007732747698780324,0.009857612267250822,0.006389193136181088,0.0045637093829864915,0.004807107216745771,0.009857612267250822,-0.9203510126141934,0.0,-0.0,-0.0,1.0727821766250747,0.9597389510053266,2.060368806016277,3.179274391759973,4.621703987243851,10.887855092546769,1.4593634653428853,2.3904394115492593,3.4913684753422007,5.059347680114273,11.366243805432912,1.8382165230153145,2.505838259806054,3.758500140322844,5.413812305830663,11.814111361479334,1.8088439435320747,2.606284339786657,3.702567420282514,5.361005592289373,11.705991501826421,1000,0,5|25|50|75|95,M2-COST-LEDGER-v1,BREAKEVEN_HURDLE,"required_move_bps_spread_only is the full quoted spread at the decision instant (cross in, cross out); the fee terms are the ledger round trip in bps of entry notional; realized_move_bps is the side-signed mid move, so realized minus spread_only differs from cross_to_cross_bps by the measured spread-change term"
"[-0.2,0.0)",ONE_TICK,5-25,16191,0.027448622415423438,8.018581552835492,0.004632203075782842,13.194205982620048,0.002799544418312908,24.06256679830621,0.001543762677510365,19.13944911119643,0.0019333314074842793,0.0017911185226360323,0.0012352541535420912,0.0,0.00018528812303131369,0.0017911185226360323,-0.0,-0.0,0.0,-0.0,-0.0,4.5075501464953796,6.894174422612892,8.707009142359599,10.035122930255895,10.621348911311737,7.506606954430456,11.372588215716341,14.309350605774233,16.461002448328184,17.41077080291641,13.524682698343891,20.687277870888753,26.128611929816046,30.115444215396455,31.87533403352215,10.84798657571089,16.483746836405995,20.765082313091305,23.901946223428585,25.286626275817582,1000,0,5|25|50|75|95,M2-COST-LEDGER-v1,BREAKEVEN_HURDLE,"required_move_bps_spread_only is the full quoted spread at the decision instant (cross in, cross out); the fee terms are the ledger round trip in bps of entry notional; realized_move_bps is the side-signed mid move, so realized minus spread_only differs from cross_to_cross_bps by the measured spread-change term"
"[-0.2,0.0)",ONE_TICK,25-50,37047,0.018983520747899257,2.8210132374334087,0.007004615758361001,4.774887508514876,0.004123788414951735,8.463868027042665,0.002334660981513153,6.865898136497693,0.002870922340787999,0.0034010851081059195,0.0026182956784624937,0.00021594191162577266,0.0007018112127837612,0.0034010851081059195,0.0,-0.0,0.0,-0.0,-0.0,2.0574015019030965,2.218524681087077,3.017046311660884,3.2567985670086306,3.719546215361726,3.538092859927788,3.7990531922918693,5.092388496331976,5.480713876454884,6.2302337153617255,6.172627839351656,6.656066283039595,9.052049329162392,9.771456547464657,11.160022405837918,5.063027016306389,5.443424170769793,7.3287131794943186,7.894779023034689,8.987369132028393,1000,0,5|25|50|75|95,M2-COST-LEDGER-v1,BREAKEVEN_HURDLE,"required_move_bps_spread_only is the full quoted spread at the decision instant (cross in, cross out); the fee terms are the ledger round trip in bps of entry notional; realized_move_bps is the side-signed mid move, so realized minus spread_only differs from cross_to_cross_bps by the measured spread-change term"
"[-0.2,0.0)",ONE_TICK,50-100,41707,0.01588806660256451,1.605224943110983,0.009974344834200495,2.805744221015942,0.005689668598974517,4.815940933118921,0.0033246050724905813,3.9955039275572943,0.003998772483456884,0.005490685016903638,0.004028100798427123,0.00019181432373462489,0.0008871412472726401,0.005490685016903638,0.0,-0.0,0.0,-0.0,-0.0,1.032151519843113,1.413727292005372,1.7380724776223169,1.8183471224656786,1.963942040337811,1.8776023868951361,2.4955932611839384,3.0209019578934795,3.1509155894596774,3.3867236187528404,3.0965610987035586,4.241381752630284,5.21451954871566,5.455372036086337,5.892211865729351,2.642587936028084,3.543406070458645,4.309130708110757,4.498647904426035,4.842379356980104,1000,0,5|25|50|75|95,M2-COST-LEDGER-v1,BREAKEVEN_HURDLE,"required_move_bps_spread_only is the full quoted spread at the decision instant (cross in, cross out); the fee terms are the ledger round trip in bps of entry notional; realized_move_bps is the side-signed mid move, so realized minus spread_only differs from cross_to_cross_bps by the measured spread-change term"
"[-0.2,0.0)",ONE_TICK,100-200,9093,0.026133622768055732,0.8157534579590147,0.035356867920378315,1.527133891766284,0.018487482865669147,2.447328708345679,0.0117853322627719,2.131728784974316,0.013319977635726721,0.034861981744198835,0.02111514351699109,0.004179038821071153,0.007698229407236336,0.034861981744198835,-0.7563419312121207,0.0,0.0,0.0,0.8921800419324619,0.506932299191443,0.7120732011250757,0.82634384167252,0.9419300145999152,0.9751816275781364,1.0269848187088313,1.3592182556006152,1.5442850035599673,1.7314831419548513,1.7853361038800675,1.5208225962613002,2.136270310004945,2.4790998122534638,2.825878771193736,2.9256399852921993,1.4026909933007405,1.8869673120700305,2.1567286032624713,2.429597309249501,2.508096002456233,1000,0,5|25|50|75|95,M2-COST-LEDGER-v1,BREAKEVEN_HURDLE,"required_move_bps_spread_only is the full quoted spread at the decision instant (cross in, cross out); the fee terms are the ledger round trip in bps of entry notional; realized_move_bps is the side-signed mid move, so realized minus spread_only differs from cross_to_cross_bps by the measured spread-change term"
"[-0.2,0.0)",ONE_TICK,200+,1341,0.02522768370616083,0.47757165787527295,0.05331841909023117,0.9794343736190667,0.025925777266631377,1.4327378103976096,0.017772526053594605,1.3333797879315912,0.019056796621541423,0.08873974645786727,0.04399701715137957,0.020134228187919462,0.028337061894108874,0.08873974645786727,-0.7207207207207207,0.0,0.0,0.0,0.9583363281343588,0.4763379141162741,0.477520712460903,0.48006528887928757,0.4807345624113646,0.4817303755088277,0.9774362802383147,0.9793518571053804,0.9834728740929217,0.9845567824969373,0.9861695314968806,1.4290364326700777,1.4325849405302407,1.4402189134592205,1.4422267983615593,1.445214333500927,1.3304672905750938,1.333259502394526,1.339266441063637,1.3408463839584057,1.3431971834864749,1000,0,5|25|50|75|95,M2-COST-LEDGER-v1,BREAKEVEN_HURDLE,"required_move_bps_spread_only is the full quoted spread at the decision instant (cross in, cross out); the fee terms are the ledger round trip in bps of entry notional; realized_move_bps is the side-signed mid move, so realized minus spread_only differs from cross_to_cross_bps by the measured spread-change term"
"[-0.2,0.0)",WIDER_THAN_ONE_TICK,5-25,611,0.1550381818148876,15.79565108352074,0.0040906788247213775,20.11317578298598,0.003514070643204399,29.069338571705533,0.0026583951747024322,25.03186014492025,0.00299653862346064,0.0032733224222585926,0.0032733224222585926,0.0016366612111292963,0.0032733224222585926,0.0032733224222585926,-5.007572794110272,-0.0,0.0,-0.0,5.197510813740014,9.057971014492754,9.153318077803204,13.917884481558803,20.898641588296762,29.055690072639226,12.070948812408476,12.195856539341666,18.43795133392649,25.569991197460546,35.270419461582,18.12004622971704,18.31082723531236,27.826090323005253,36.81547029094895,48.45433216769257,15.428982342086773,15.589253975239103,23.59894019186521,31.133974895000517,42.45876087768287,1000,0,5|25|50|75|95,M2-COST-LEDGER-v1,BREAKEVEN_HURDLE,"required_move_bps_spread_only is the full quoted spread at the decision instant (cross in, cross out); the fee terms are the ledger round trip in bps of entry notional; realized_move_bps is the side-signed mid move, so realized minus spread_only differs from cross_to_cross_bps by the measured spread-change term"
"[-0.2,0.0)",WIDER_THAN_ONE_TICK,25-50,3966,0.04807558753823595,6.772375267105696,0.002691933227950286,8.522222783607772,0.0022412266761236335,11.756548040316599,0.0017202523208805403,10.369152862276032,0.001911121422615943,0.007564296520423601,0.004790721129601614,0.0022692889561270802,0.0030257186081694403,0.007564296520423601,-1.6409583196586808,0.0,-0.0,-0.0,1.6847783531302238,4.110996916752312,4.197271773347325,6.172839506172839,6.587615283267457,12.554927809165097,5.590640008857576,5.703649607100473,8.243540597897178,8.761527056961317,14.598168915716938,8.22283902201547,8.395424586109709,11.223596794666129,12.98490538996868,18.695473155118435,7.114320107541786,7.259312915244889,9.994073669385482,11.161220441857193,16.908387120205717,1000,0,5|25|50|75|95,M2-COST-LEDGER-v1,BREAKEVEN_HURDLE,"required_move_bps_spread_only is the full quoted spread at the decision instant (cross in, cross out); the fee terms are the ledger round trip in bps of entry notional; realized_move_bps is the side-signed mid move, so realized minus spread_only differs from cross_to_cross_bps by the measured spread-change term"
"[-0.2,0.0)",WIDER_THAN_ONE_TICK,50-100,13207,0.035040253779376106,3.938429785308434,0.007078300283213447,5.033194740090197,0.005446093973750137,6.80772746014867,0.0040459275941345865,6.09643881718132,0.004496495392514707,0.004921632467630802,0.0030286969031574165,0.0006814568032104187,0.0012114787612629665,0.004921632467630802,-0.8856612918827225,-0.0,0.0,-0.0,0.9641342074816814,2.0644095788604457,2.4588148512417014,3.398470688190314,3.96589331746976,7.996801279488205,2.909926457150938,3.4265263967968473,4.479411218348733,5.3566524359192975,9.414186284280506,4.129032269063812,4.917932028175182,6.138264441876669,7.299936186341212,11.854584183789001,3.674990976610007,4.337774398764141,5.5264014462191575,6.713382848571438,10.864368223435838,1000,0,5|25|50|75|95,M2-COST-LEDGER-v1,BREAKEVEN_HURDLE,"required_move_bps_spread_only is the full quoted spread at the decision instant (cross in, cross out); the fee terms are the ledger round trip in bps of entry notional; realized_move_bps is the side-signed mid move, so realized minus spread_only differs from cross_to_cross_bps by the measured spread-change term"
"[-0.2,0.0)",WIDER_THAN_ONE_TICK,100-200,20781,0.005272445789354253,3.6375026698268207,0.005659441436639578,4.352802946719077,0.0039285494704997025,5.281732780859121,0.0028640791826001345,4.962087212433094,0.003138100484376573,0.009383571531687599,0.00519705500216544,0.0016842307877387999,0.00245416486213368,0.009383571531687599,-0.8338197281747686,0.0,0.0,0.0,0.89698165672512,1.1433798307797851,1.7898693395382137,2.607448611533614,4.040753889225618,9.46880030300161,1.703561981600207,2.550330988155416,3.351956956457119,4.7089932698647585,10.245509324265619,2.2868250311685565,3.4294859681200256,4.168438268569489,5.810950461675455,11.037477482004608,2.12727589161107,3.212028364901543,3.8485556588697265,5.43154177332581,10.907006946593095,1000,0,5|25|50|75|95,M2-COST-LEDGER-v1,BREAKEVEN_HURDLE,"required_move_bps_spread_only is the full quoted spread at the decision instant (cross in, cross out); the fee terms are the ledger round trip in bps of entry notional; realized_move_bps is the side-signed mid move, so realized minus spread_only differs from cross_to_cross_bps by the measured spread-change term"
"[-0.2,0.0)",WIDER_THAN_ONE_TICK,200+,14454,0.011198747624684757,3.7160213771880874,0.0022013899925135898,4.105928366950972,0.0018757560703068765,4.3097485434928,0.002056563123735436,4.32593931196968,0.0018629559957787367,0.00864812508648125,0.0057423550574235505,0.0043586550435865505,0.004773765047737651,0.00864812508648125,-0.821510676376379,0.0,-0.0,-0.0,0.8154846976270358,0.958543014617781,1.848436163699395,2.890113746619599,4.27097707159585,9.48875255623722,1.4557755523415583,2.1402474147353674,3.318609865632922,4.729798408863925,9.943357746714872,1.6357581851348952,2.215832096316307,3.3432939480242063,5.01165909832701,10.362646370316593,1.7010928640681549,2.3044544575081773,3.406145386827609,4.956285900974181,10.253003472750386,1000,0,5|25|50|75|95,M2-COST-LEDGER-v1,BREAKEVEN_HURDLE,"required_move_bps_spread_only is the full quoted spread at the decision instant (cross in, cross out); the fee terms are the ledger round trip in bps of entry notional; realized_move_bps is the side-signed mid move, so realized minus spread_only differs from cross_to_cross_bps by the measured spread-change term"
"[0.0,0.2)",ONE_TICK,5-25,17975,0.054102315995041124,7.880121482789091,0.00631432545201669,12.965817162276139,0.003838304837724379,23.633779850786016,0.002105376197452808,18.80347705346271,0.0026465220955249435,0.001780250347705146,0.0016133518776077886,0.00022253129346314326,0.0003894297635605007,0.001780250347705146,0.0,0.0,0.0,0.0,0.0,4.511617414843221,6.889424733034792,7.064641469445426,9.945300845350571,10.621348911311737,7.5119340589568875,11.361953658654627,11.645641469445426,16.309352535211406,17.403782032330845,13.532817234419223,20.663529416230382,21.18893525475616,29.826016551115977,31.85277141661959,10.854820842899153,16.4660721159549,16.879525650236385,23.67633066642413,25.27127672447522,1000,0,5|25|50|75|95,M2-COST-LEDGER-v1,BREAKEVEN_HURDLE,"required_move_bps_spread_only is the full quoted spread at the decision instant (cross in, cross out); the fee terms are the ledger round trip in bps of entry notional; realized_move_bps is the side-signed mid move, so realized minus spread_only differs from cross_to_cross_bps by the measured spread-change term"
"[0.0,0.2)",ONE_TICK,25-50,39441,0.019693130805000618,2.832947733644841,0.00780913262848305,4.793700399012248,0.004581668264253714,8.498008800206286,0.002603263012450729,6.892939762776189,0.003193262041049623,0.0034735427600720062,0.0027889759387439467,0.00048173220760122713,0.0006085038411804975,0.0034735427600720062,0.0,0.0,0.0,0.0,0.0,2.0574015019030965,2.2611644997173546,3.0464584920030466,3.2599837000814995,3.7209302325581395,3.5378306317117776,3.867797554205259,5.13945209541456,5.485214469312268,6.231617732558139,6.171781259154691,6.7829822704611935,9.138447526422784,9.77888852407107,11.16140642303433,5.062451080179171,5.543397825514325,7.396893460020104,7.90085332198502,8.988753149224806,1000,0,5|25|50|75|95,M2-COST-LEDGER-v1,BREAKEVEN_HURDLE,"required_move_bps_spread_only is the full quoted spread at the decision instant (cross in, cross out); the fee terms are the ledger round trip in bps of entry notional; realized_move_bps is the side-signed mid move, so realized minus spread_only differs from cross_to_cross_bps by the measured spread-change term"
"[0.0,0.2)",ONE_TICK,50-100,41717,0.01596491504317974,1.6149545479786085,0.009504518541601744,2.8213355083341916,0.005445491666052967,4.844594452274276,0.0031683502300679767,4.01810764163009,0.003822372880398604,0.0066399789054821775,0.0043387587793944915,0.0006951602464223218,0.0010547258911235227,0.0066399789054821775,0.0,0.0,0.0,0.0,0.0,1.0320449971618764,1.4143271338660632,1.7484045808200017,1.8186778212239703,1.9656019656019657,1.8773638826107928,2.4964408377269036,3.0374465388619596,3.151246288217969,3.389172720318947,3.0960284852939717,4.242781383618574,5.244908077323498,5.455702734844628,5.896419575664859,2.642191539989534,3.544550016060944,4.333107378022799,4.498978603184327,4.845772563086243,1000,0,5|25|50|75|95,M2-COST-LEDGER-v1,BREAKEVEN_HURDLE,"required_move_bps_spread_only is the full quoted spread at the decision instant (cross in, cross out); the fee terms are the ledger round trip in bps of entry notional; realized_move_bps is the side-signed mid move, so realized minus spread_only differs from cross_to_cross_bps by the measured spread-change term"
"[0.0,0.2)",ONE_TICK,100-200,10234,0.01517243626244573,0.8166380408513911,0.023255813953488372,1.5285241280188753,0.011927047455625346,2.4498457476067883,0.007752106565186999,2.1337239426264483,0.008639735658646622,0.029802618721907367,0.015829587649013092,0.0049833887043189366,0.0049833887043189366,0.029802618721907367,-0.765863914663174,0.0,0.0,0.0,0.7823195775474281,0.5072061314045568,0.7125806106815834,0.8247762794342035,0.9421074944651184,0.9653907419027852,1.027412361443355,1.3600085713485353,1.54170411448575,1.731715596207935,1.7694214398466022,1.5215926690600798,2.137691056741153,2.4742608155166774,2.826233730922961,2.896079032278304,1.403302422450448,1.8880960731299234,2.152935454691936,2.429895530263517,2.4848553620398643,1000,0,5|25|50|75|95,M2-COST-LEDGER-v1,BREAKEVEN_HURDLE,"required_move_bps_spread_only is the full quoted spread at the decision instant (cross in, cross out); the fee terms are the ledger round trip in bps of entry notional; realized_move_bps is the side-signed mid move, so realized minus spread_only differs from cross_to_cross_bps by the measured spread-change term"
"[0.0,0.2)",ONE_TICK,200+,1436,-0.06260761431350917,0.4762927483436733,-0.12813370473537605,0.9773490648878308,-0.06283317989123727,1.4288555136194037,-0.04271193054630785,1.33032977062564,-0.046088180760175665,0.06545961002785515,0.026462395543175487,0.016016713091922007,0.016016713091922007,0.06545961002785515,-0.7223432969983756,0.0,0.0,0.0,0.7213272533866137,0.47631522541618043,0.47740672666077866,0.4798349367817471,0.48068834571105823,0.4817303755088277,0.9773854802387573,0.9791531342609123,0.9830855485566139,0.9844676189277474,0.9861551551224892,1.428922989169455,1.432197388808103,1.4394817867409622,1.4420419315599333,1.4451679206699626,1.3303828605674068,1.3329594072355628,1.338691325630651,1.340705842346321,1.3431656084198542,1000,0,5|25|50|75|95,M2-COST-LEDGER-v1,BREAKEVEN_HURDLE,"required_move_bps_spread_only is the full quoted spread at the decision instant (cross in, cross out); the fee terms are the ledger round trip in bps of entry notional; realized_move_bps is the side-signed mid move, so realized minus spread_only differs from cross_to_cross_bps by the measured spread-change term"
"[0.0,0.2)",WIDER_THAN_ONE_TICK,5-25,685,-0.20053507602677728,15.004544548177119,-0.008885571038855707,19.255099889572623,-0.0067775238732305666,28.06202749053549,-0.0046155186187579675,24.093667711210003,-0.005377535463738747,0.00291970802919708,0.00145985401459854,0.00145985401459854,0.00145985401459854,0.00291970802919708,-4.7099840739644545,0.0,0.0,0.0,4.620240722286001,9.053870529651427,9.140767824497258,13.88888888888889,18.231540565177756,21.57046320414538,12.063037950465906,12.176827212345591,18.393986737605058,23.36208080031743,28.450715797824813,18.103644285307535,18.277359875662174,27.729639380124816,34.8407867794336,43.11768707397406,15.416513063588077,15.56247362623321,23.537067931220605,29.909059598904,36.435233527804655,1000,0,5|25|50|75|95,M2-COST-LEDGER-v1,BREAKEVEN_HURDLE,"required_move_bps_spread_only is the full quoted spread at the decision instant (cross in, cross out); the fee terms are the ledger round trip in bps of entry notional; realized_move_bps is the side-signed mid move, so realized minus spread_only differs from cross_to_cross_bps by the measured spread-change term"
"[0.0,0.2)",WIDER_THAN_ONE_TICK,25-50,3227,0.11884276455450693,7.24270978002285,0.01529351260624664,9.016123762573798,0.012022368850365402,12.302964768080793,0.00879397377907391,10.891246790693561,0.009908068607325482,0.009296560272699102,0.005887821506042764,0.003408738766656337,0.004338394793926247,0.009296560272699102,-1.633453119895459,0.0,0.0,0.0,2.060071984153762,4.110996916752312,4.217185075868871,6.172839506172839,6.70690811535882,16.817676781154415,5.590116522177713,5.729182771416655,8.238229640714229,8.776999183061106,18.396042436041572,8.22114899237911,8.43348110669303,11.250872250173185,13.044187530879714,22.25304508564915,7.113170365169904,7.291569212302825,10.01844255388522,11.183372244441404,20.347065911983726,1000,0,5|25|50|75|95,M2-COST-LEDGER-v1,BREAKEVEN_HURDLE,"required_move_bps_spread_only is the full quoted spread at the decision instant (cross in, cross out); the fee terms are the ledger round trip in bps of entry notional; realized_move_bps is the side-signed mid move, so realized minus spread_only differs from cross_to_cross_bps by the measured spread-change term"
"[0.0,0.2)",WIDER_THAN_ONE_TICK,50-100,12977,0.012055116766931976,3.871182414164244,0.003100634825989378,4.950210001964529,0.0024177026359383244,6.68967341594079,0.0018516537183189427,5.9946272090918455,0.002028384500123786,0.005008861832472836,0.0026970794482546042,0.0008476535408800185,0.0013100100177236649,0.005008861832472836,-0.9087769691574483,0.0,0.0,0.0,0.9661089012380422,2.0641965115078955,2.6691578806886427,3.3858134416793635,3.9424403705893947,7.947546195112259,2.9095153969568117,3.7018192097518936,4.339379657407012,5.318978915402412,9.217428765773338,4.128179999639991,5.1192268209623455,6.118546880914547,7.254919802115104,10.973602716048614,3.6743430543355533,4.670658843894369,5.34895958869959,6.330239245452145,10.376982265096194,1000,0,5|25|50|75|95,M2-COST-LEDGER-v1,BREAKEVEN_HURDLE,"required_move_bps_spread_only is the full quoted spread at the decision instant (cross in, cross out); the fee terms are the ledger round trip in bps of entry notional; realized_move_bps is the side-signed mid move, so realized minus spread_only differs from cross_to_cross_bps by the measured spread-change term"
"[0.0,0.2)",WIDER_THAN_ONE_TICK,100-200,23406,0.0068784510870571105,3.6163684729396257,0.004767494437876601,4.328626620019433,0.003511722499293441,5.250777341639569,0.002666494029266797,4.934271535996015,0.002891378372666578,0.007433991284286081,0.004400581047594634,0.002563445270443476,0.002563445270443476,0.007433991284286081,-0.8264035951201882,0.0,0.0,0.0,0.9398496240601504,1.1431347619994112,1.7115960633290543,2.503755637810043,3.9837237981937585,9.708630755632939,1.7032005172850715,2.3923352787297967,3.226086338229151,4.705578078663261,10.47204862308526,2.2862041898788634,3.336530847860678,4.139723978529603,5.800721597002375,11.44951460809752,2.126775181410653,3.0092236495956017,3.8393191984526913,5.426953545117018,11.101110996246312,1000,0,5|25|50|75|95,M2-COST-LEDGER-v1,BREAKEVEN_HURDLE,"required_move_bps_spread_only is the full quoted spread at the decision instant (cross in, cross out); the fee terms are the ledger round trip in bps of entry notional; realized_move_bps is the side-signed mid move, so realized minus spread_only differs from cross_to_cross_bps by the measured spread-change term"
"[0.0,0.2)",WIDER_THAN_ONE_TICK,200+,15922,0.00437214810351227,3.5463609267050855,0.001952426735215741,3.9342831392255473,0.0014139653593399323,4.133680418296571,0.0009530549570340364,4.151919662710197,0.0011410869743509258,0.007411129255118704,0.004396432608968722,0.004145207888456224,0.003517146087174978,0.007411129255118704,-0.7719224037005155,0.0,0.0,0.0,0.7723051379787202,0.9603380389897244,1.89726319783712,2.9319542289367595,4.179378944288879,8.076554028406644,1.460355378126946,2.2506786304258526,3.3466826570510535,4.568827364512525,8.545785897521,1.685181834878041,2.4143818670944595,3.4014322657754255,4.71357938541232,8.877003733184056,1.80687709206159,2.4411267749059027,3.531089933867025,4.638828332637322,8.833875768093097,1000,0,5|25|50|75|95,M2-COST-LEDGER-v1,BREAKEVEN_HURDLE,"required_move_bps_spread_only is the full quoted spread at the decision instant (cross in, cross out); the fee terms are the ledger round trip in bps of entry notional; realized_move_bps is the side-signed mid move, so realized minus spread_only differs from cross_to_cross_bps by the measured spread-change term"
"[0.2,0.4)",ONE_TICK,5-25,17068,0.15137308070705974,7.609843592326331,0.01833841106163581,12.528227110610624,0.011139983088545078,22.82334970462429,0.006114485365242435,18.165728722077642,0.00768260268585763,0.002636512772439653,0.00199203187250996,0.0002929458636044059,0.0004101242090461683,0.002636512772439653,0.0,0.0,0.0,0.0,0.0,4.5075501464953796,6.851661527920521,6.980802792321117,9.229349330872173,10.598834128245892,7.505348253750901,11.300812212852026,11.509901187296693,15.150293980318667,17.367334128245894,13.520619096472847,20.550291664906823,20.93753691653605,27.67953383271719,31.785274806211994,10.845222070785601,16.376962897783535,16.681694627631657,21.987175899137856,25.218160399432335,1000,0,5|25|50|75|95,M2-COST-LEDGER-v1,BREAKEVEN_HURDLE,"required_move_bps_spread_only is the full quoted spread at the decision instant (cross in, cross out); the fee terms are the ledger round trip in bps of entry notional; realized_move_bps is the side-signed mid move, so realized minus spread_only differs from cross_to_cross_bps by the measured spread-change term"
"[0.2,0.4)",ONE_TICK,25-50,41760,0.06925217145075226,2.793766196909256,0.02637691570881226,4.730252859891552,0.015504579384821067,8.380486658514732,0.008793074669621962,6.800462407423615,0.010800017663643986,0.0054118773946360155,0.00399904214559387,0.0008381226053639847,0.001293103448275862,0.0054118773946360155,0.0,0.0,0.0,0.0,0.0,2.056978298878947,2.22000222000222,2.997152704930316,3.254678600488202,3.7167812674224123,3.537145308340074,3.8011409547413986,5.059610601244371,5.47662393078433,6.224899439105801,6.1705118241771775,6.659513873720311,8.990559956953092,9.762976680540268,11.148962612647235,5.061452177941062,5.446241953631521,7.280521599146679,7.888332359030343,8.978961126210967,1000,0,5|25|50|75|95,M2-COST-LEDGER-v1,BREAKEVEN_HURDLE,"required_move_bps_spread_only is the full quoted spread at the decision instant (cross in, cross out); the fee terms are the ledger round trip in bps of entry notional; realized_move_bps is the side-signed mid move, so realized minus spread_only differs from cross_to_cross_bps by the measured spread-change term"
"[0.2,0.4)",ONE_TICK,50-100,50106,0.05271632654542019,1.601031286764229,0.0331497225881132,2.798788234163247,0.018905246989242706,4.802829341321188,0.011050493250306867,3.9852433194618193,0.01328830915686655,0.008681595018560652,0.005448449287510477,0.000898096036402826,0.0012573344509639564,0.008681595018560652,0.0,0.0,0.0,0.0,0.9073586788857635,1.0320449971618764,1.4141271300289897,1.735357917570499,1.8170255292086854,1.965988400668436,1.8773638826107928,2.4961169490335147,3.01631887540496,3.14857058734822,3.38979850485558,3.0960284852939717,4.242181428671524,5.205772632128888,5.450746459441243,5.897578728956228,2.642191539989534,3.5440779218841936,4.302312281617002,4.495078581534266,4.8466846853155765,1000,0,5|25|50|75|95,M2-COST-LEDGER-v1,BREAKEVEN_HURDLE,"required_move_bps_spread_only is the full quoted spread at the decision instant (cross in, cross out); the fee terms are the ledger round trip in bps of entry notional; realized_move_bps is the side-signed mid move, so realized minus spread_only differs from cross_to_cross_bps by the measured spread-change term"
"[0.2,0.4)",ONE_TICK,100-200,14105,0.03939136756038462,0.8200437747005752,0.04923785891527827,1.5340395551261496,0.026164738668879233,2.4600624362843506,0.016413057314342606,2.141763230343972,0.018770151220281462,0.03566111308046792,0.01793690180786955,0.004608294930875576,0.004608294930875576,0.03566111308046792,-0.7121746252181035,0.0,0.0,0.0,0.8938547486033519,0.5073952862977903,0.7609481413841647,0.8260707942670686,0.9423738397022099,0.9738520718702829,1.0277186918485541,1.4383375798258022,1.543800515066672,1.7321469267734502,1.7831240555103647,1.5221601145488433,2.2827865221481276,2.4781441463239,2.8270327164455193,2.9214613814427826,1.4037489318404361,2.0022684883633155,2.1559911643314997,2.4305242354805743,2.5048282136562405,1000,0,5|25|50|75|95,M2-COST-LEDGER-v1,BREAKEVEN_HURDLE,"required_move_bps_spread_only is the full quoted spread at the decision instant (cross in, cross out); the fee terms are the ledger round trip in bps of entry notional; realized_move_bps is the side-signed mid move, so realized minus spread_only differs from cross_to_cross_bps by the measured spread-change term"
"[0.2,0.4)",ONE_TICK,200+,1338,0.07590882359473562,0.4779176503920574,0.15657698056801195,0.97998055231499,0.07663231117664404,1.433730085978604,0.05219317028057893,1.3341654526335054,0.056237601204119726,0.08221225710014948,0.03288490284005979,0.023168908819133034,0.023168908819133034,0.08221225710014948,-0.7211885399415741,0.0,0.0,0.0,0.9540324369081807,0.4763832980015721,0.477520712460903,0.48011138584151525,0.48075767409437276,0.48193932383912863,0.9774957217820598,0.9793377308927624,0.9835332495891749,0.9845798941799455,0.9864935407065986,1.4291272004405964,1.4325393353240488,1.4403111073835961,1.4422499100445676,1.4457947455258755,1.3305435495259625,1.3332284767623068,1.3393438982040866,1.3408694956414138,1.343658841911418,1000,0,5|25|50|75|95,M2-COST-LEDGER-v1,BREAKEVEN_HURDLE,"required_move_bps_spread_only is the full quoted spread at the decision instant (cross in, cross out); the fee terms are the ledger round trip in bps of entry notional; realized_move_bps is the side-signed mid move, so realized minus spread_only differs from cross_to_cross_bps by the measured spread-change term"
"[0.2,0.4)",WIDER_THAN_ONE_TICK,5-25,729,0.29318889447270025,18.0785979396331,0.01478188211727306,22.862518076944696,0.01171571140553513,32.858001127079746,0.008242397442497216,28.339158942681742,0.009508277424651459,0.0,0.0,0.0,0.0,0.0,-4.404942439715128,0.0,0.0,0.0,5.1346321507611865,9.115770282588878,13.745704467353951,14.114326040931546,21.149101163200562,38.155534679059826,12.144093745003456,17.9745210312076,18.689155378026044,27.429042596874375,42.46624070645758,18.22738759466177,27.127843065105903,28.21869839636173,41.558452773406046,53.52749270327014,15.520485544547878,22.999049844766922,23.9156574936819,35.12497198420563,47.36982454712621,1000,0,5|25|50|75|95,M2-COST-LEDGER-v1,BREAKEVEN_HURDLE,"required_move_bps_spread_only is the full quoted spread at the decision instant (cross in, cross out); the fee terms are the ledger round trip in bps of entry notional; realized_move_bps is the side-signed mid move, so realized minus spread_only differs from cross_to_cross_bps by the measured spread-change term"
"[0.2,0.4)",WIDER_THAN_ONE_TICK,25-50,5310,0.10935049215892717,7.992594189005503,0.01944597208316819,9.72649864714782,0.015151321278984947,12.925296233048494,0.010890492990176354,11.554355783886347,0.012360160098318598,0.009981167608286252,0.007721280602636535,0.0035781544256120526,0.005461393596986817,0.009981167608286252,-1.6778523489932886,0.0,0.0,0.0,2.1225795250485335,4.110996916752312,4.436557231588288,6.2441461130190445,8.984725965858042,18.714909544603866,5.590116522177713,6.016476060596937,8.314640934914287,10.581610563972097,20.40319726664123,8.22114899237911,8.872130529437035,12.109486317381364,13.484156721835966,23.093148598715906,7.113170365169904,7.660117666274471,10.526025331944275,12.25095901349728,21.95788155445327,1000,0,5|25|50|75|95,M2-COST-LEDGER-v1,BREAKEVEN_HURDLE,"required_move_bps_spread_only is the full quoted spread at the decision instant (cross in, cross out); the fee terms are the ledger round trip in bps of entry notional; realized_move_bps is the side-signed mid move, so realized minus spread_only differs from cross_to_cross_bps by the measured spread-change term"
"[0.2,0.4)",WIDER_THAN_ONE_TICK,50-100,19546,0.05567143355524323,4.285703531559928,0.016132710281953178,5.3520817104969485,0.012153729841988464,7.0633570551661276,0.008777551576762254,6.381366222550938,0.009859394664028708,0.005371943108564412,0.003427811316893482,0.001483679525222552,0.0019441317916709302,0.005371943108564412,-0.901347520025829,0.0,0.0,0.0,1.1446067567442844,2.0644095788604457,2.4573043371421552,3.430335601166314,4.154549231408392,9.951238929246692,2.9097944483000164,3.424360848198666,4.395839256714547,5.419630373088016,11.260734242178998,4.128606090368342,4.914306794144612,6.11948293950133,7.306603403720034,13.42229825512132,3.674701043407871,4.334825221663039,5.3521097515137495,6.751169073126524,12.643573318278673,1000,0,5|25|50|75|95,M2-COST-LEDGER-v1,BREAKEVEN_HURDLE,"required_move_bps_spread_only is the full quoted spread at the decision instant (cross in, cross out); the fee terms are the ledger round trip in bps of entry notional; realized_move_bps is the side-signed mid move, so realized minus spread_only differs from cross_to_cross_bps by the measured spread-change term"
"[0.2,0.4)",WIDER_THAN_ONE_TICK,100-200,35255,0.04073407548899749,3.8762350291161196,0.012401981736905493,4.59122097078038,0.009820200721965726,5.519450337152474,0.007866276560922194,5.2001291921110235,0.008423676964137886,0.009700751666430293,0.006098425755212027,0.0035455963693093178,0.0035455963693093178,0.009700751666430293,-0.8594760903779083,0.0,0.0,0.0,1.1436184662036828,1.1439029970258523,1.7876296031462282,2.7177605652941974,4.386157287600334,10.690423162583519,1.704206685902032,2.5471937621905534,3.4386325337663606,5.134186103307487,11.4480214174139,2.2877405720901933,3.4245272349072975,4.372884635127686,6.097978392530417,12.406538470108961,2.128065993880299,3.2049706781521845,4.021742223219462,5.7490054649176,12.09775272293435,1000,0,5|25|50|75|95,M2-COST-LEDGER-v1,BREAKEVEN_HURDLE,"required_move_bps_spread_only is the full quoted spread at the decision instant (cross in, cross out); the fee terms are the ledger round trip in bps of entry notional; realized_move_bps is the side-signed mid move, so realized minus spread_only differs from cross_to_cross_bps by the measured spread-change term"
"[0.2,0.4)",WIDER_THAN_ONE_TICK,200+,17849,0.021779444088621876,4.024706446284737,0.010454785233482705,4.412241679353486,0.008517685074043728,4.610776609541391,0.007481219452817772,4.629415252979708,0.007651598997526745,0.010140624124600818,0.005938708050871197,0.005042299288475545,0.004762171550226903,0.010140624124600818,-0.8341014142413734,0.0,0.0,0.0,1.0425397990739926,0.9605225242531937,1.981244221371021,3.0710644309317607,4.392672371717698,11.336988696988378,1.4602592818901607,2.379514687751884,3.414243593231489,4.751478226745256,11.77423036038865,1.7872508572555799,2.4713669015647572,3.6274517270521245,5.013613383307011,12.121854478865453,1.808247130467337,2.481408626818721,3.6677750203406525,5.04010819060313,12.115876546363518,1000,0,5|25|50|75|95,M2-COST-LEDGER-v1,BREAKEVEN_HURDLE,"required_move_bps_spread_only is the full quoted spread at the decision instant (cross in, cross out); the fee terms are the ledger round trip in bps of entry notional; realized_move_bps is the side-signed mid move, so realized minus spread_only differs from cross_to_cross_bps by the measured spread-change term"
"[0.4,0.6)",ONE_TICK,5-25,12418,0.24551093750494218,7.222343142528411,0.0307617973908842,11.90085579332568,0.018676269044971078,21.661447745586592,0.010256659977364687,17.25139595593032,0.012882137465603974,0.0036237719439523274,0.002818489289740699,8.052826542116283e-05,8.052826542116283e-05,0.0036237719439523274,0.0,0.0,0.0,0.0,0.0,4.509582863585118,6.814310051107325,6.942034015966678,8.869179600886918,10.432968179447053,7.508639671520195,11.240337299063729,11.447131864682849,14.567200877482662,17.098822194045592,13.52671541543363,20.438288252742204,20.821284536438572,26.59967605478763,31.288025530854767,10.850019292800628,16.28882503748335,16.590213058298392,21.137395912943653,24.826851391125885,1000,0,5|25|50|75|95,M2-COST-LEDGER-v1,BREAKEVEN_HURDLE,"required_move_bps_spread_only is the full quoted spread at the decision instant (cross in, cross out); the fee terms are the ledger round trip in bps of entry notional; realized_move_bps is the side-signed mid move, so realized minus spread_only differs from cross_to_cross_bps by the measured spread-change term"
"[0.4,0.6)",ONE_TICK,25-50,32172,0.1224545866207296,2.7753164002813095,0.04632910605495462,4.700376935908116,0.027243137528263985,8.325148637978828,0.015444395895568322,6.756917220077072,0.01897454278227783,0.005594927265945543,0.004071863732438145,0.0007459903021260724,0.0010257366654233494,0.005594927265945543,0.0,0.0,0.0,0.0,2.054442732408834,2.056978298878947,2.2318937618569357,2.982848620432513,3.246226261970459,3.7154003343860302,3.537145308340074,3.8203976672351994,5.036447785359444,5.462937070149621,6.222663335871914,6.1705118241771775,6.695183206177401,8.947656255386285,9.737625158432646,11.144820839586625,5.061452177941062,5.474309740433147,7.246760937760279,7.868383353823754,8.97570196885854,1000,0,5|25|50|75|95,M2-COST-LEDGER-v1,BREAKEVEN_HURDLE,"required_move_bps_spread_only is the full quoted spread at the decision instant (cross in, cross out); the fee terms are the ledger round trip in bps of entry notional; realized_move_bps is the side-signed mid move, so realized minus spread_only differs from cross_to_cross_bps by the measured spread-change term"
"[0.4,0.6)",ONE_TICK,50-100,36384,0.09444558021801723,1.603519896024616,0.05832233948988566,2.8028182527910555,0.03331538087811964,4.810294252009893,0.019441829196152723,3.9911173513706046,0.023405883594496,0.00909740545294635,0.005551890941072999,0.0009619613016710642,0.0012917766051011434,0.00909740545294635,0.0,0.0,0.0,0.0,1.3385984873837093,1.0340726953104804,1.4115322182228809,1.6574127786525235,1.81801654395055,1.965988400668436,1.8806476100038938,2.49191471645859,2.8900949132232894,3.150175424154149,3.38979850485558,3.102111160825939,4.23439742640919,4.971963657008506,5.453719143477908,5.897578728956228,2.6469778757468365,3.537952825138901,4.118331572156004,4.497417743732408,4.8466846853155765,1000,0,5|25|50|75|95,M2-COST-LEDGER-v1,BREAKEVEN_HURDLE,"required_move_bps_spread_only is the full quoted spread at the decision instant (cross in, cross out); the fee terms are the ledger round trip in bps of entry notional; realized_move_bps is the side-signed mid move, so realized minus spread_only differs from cross_to_cross_bps by the measured spread-change term"
"[0.4,0.6)",ONE_TICK,100-200,9764,0.05458425537601847,0.8081946251881792,0.061808684965178204,1.5148504318803204,0.033547560958541764,2.4245168421119603,0.020603501471426724,2.1137931762613795,0.023931726714242107,0.03594838181073331,0.018332650553052027,0.003994264645637034,0.003994264645637034,0.03594838181073331,-0.5043640110651091,0.0,0.0,0.0,0.8948025403630145,0.506932299191443,0.7119211191399993,0.7803051040449147,0.9398054602697241,0.9656704166867848,1.026968898775769,1.3589405538947512,1.4696852568006054,1.7279875860097862,1.7698743564318602,1.5207712001900742,2.135712676056067,2.3408544269042864,2.819328061529004,2.8969180026273023,1.4026560280909208,1.8865393294340125,2.047960853330051,2.4244616016098237,2.4855155306303924,1000,0,5|25|50|75|95,M2-COST-LEDGER-v1,BREAKEVEN_HURDLE,"required_move_bps_spread_only is the full quoted spread at the decision instant (cross in, cross out); the fee terms are the ledger round trip in bps of entry notional; realized_move_bps is the side-signed mid move, so realized minus spread_only differs from cross_to_cross_bps by the measured spread-change term"
"[0.4,0.6)",ONE_TICK,200+,1333,0.07842005743549091,0.4782661112885015,0.1639159789947487,0.9805448758706852,0.07994966352992348,1.4347754400445425,0.054639530991937454,1.334988016225195,0.05872271017061537,0.09302325581395349,0.037509377344336084,0.025506376594148537,0.025506376594148537,0.09302325581395349,-0.7214972514960973,0.0,0.0,0.23954964666427117,0.9583272967747101,0.47636060497796834,0.4772927952652555,0.47971984361133096,0.48071145295036655,0.48197184347362787,0.977458971100009,0.9789686257349004,0.9828991585878253,0.9845050404137131,0.9865462052837576,1.429059123531772,1.4318556054981688,1.4391365182731366,1.442111251056409,1.44589230129487,1.330489981436788,1.3326904661319987,1.3384196421338295,1.3407603882000902,1.343735606213539,1000,0,5|25|50|75|95,M2-COST-LEDGER-v1,BREAKEVEN_HURDLE,"required_move_bps_spread_only is the full quoted spread at the decision instant (cross in, cross out); the fee terms are the ledger round trip in bps of entry notional; realized_move_bps is the side-signed mid move, so realized minus spread_only differs from cross_to_cross_bps by the measured spread-change term"
"[0.4,0.6)",WIDER_THAN_ONE_TICK,5-25,490,0.231887355030879,18.045163046001626,0.016017316017316017,22.538365358547125,0.01255545745037215,31.886009898448744,0.008780806202943043,27.667215727343077,0.010137097698823054,0.00816326530612245,0.006122448979591836,0.0020408163265306124,0.0020408163265306124,0.00816326530612245,-4.627702401754206,0.0,0.0,0.0,5.362082751268287,9.136592051164916,13.654304156462757,13.986020825478423,19.880715705765407,42.53746023347781,12.171359174452586,17.998659169396973,18.521163400780218,25.503805539337538,49.31746727386038,18.269012142489117,27.16468904040851,27.942720838262105,37.04562630924879,63.76105035577828,15.555459631073592,23.030010153782577,23.700187593068375,31.332791755337805,57.18205960598992,1000,0,5|25|50|75|95,M2-COST-LEDGER-v1,BREAKEVEN_HURDLE,"required_move_bps_spread_only is the full quoted spread at the decision instant (cross in, cross out); the fee terms are the ledger round trip in bps of entry notional; realized_move_bps is the side-signed mid move, so realized minus spread_only differs from cross_to_cross_bps by the measured spread-change term"
"[0.4,0.6)",WIDER_THAN_ONE_TICK,25-50,3302,0.13229265330837753,7.3221931833952825,0.02415288601379078,9.027127974535475,0.01854256846545619,12.16136926455813,0.01313706742346225,10.820328223995098,0.014983455133161763,0.012719563900666263,0.008782556026650516,0.004239854633555421,0.0060569351907934586,0.012719563900666263,-2.0007903131243494,0.0,0.0,0.0,3.1045295653726033,4.006410256410256,4.19903422212891,6.173474637308365,8.003201280512204,15.63232765358762,5.453147288254839,5.705412055882059,7.803995138575062,9.461162998584715,17.740770079669012,8.012018107401644,8.397187034891296,10.495161980128053,13.071896820527897,21.778264427047894,6.937461327910357,7.261075364026475,9.359331969634873,11.319512857781886,19.99613631759516,1000,0,5|25|50|75|95,M2-COST-LEDGER-v1,BREAKEVEN_HURDLE,"required_move_bps_spread_only is the full quoted spread at the decision instant (cross in, cross out); the fee terms are the ledger round trip in bps of entry notional; realized_move_bps is the side-signed mid move, so realized minus spread_only differs from cross_to_cross_bps by the measured spread-change term"
"[0.4,0.6)",WIDER_THAN_ONE_TICK,50-100,11239,0.09620988224880458,4.24948442940877,0.025526542031436762,5.305451260324548,0.019213829137375897,6.993525852865684,0.013955305892713762,6.322280506159319,0.015626155129455924,0.006495239790016905,0.00338108372631017,0.0012456624254826942,0.0015125900880861287,0.006495239790016905,-0.8199544125196284,0.0,0.0,0.0,1.4315573430938837,2.071444109259082,2.4500796275878964,3.393857118615306,4.150669295423887,9.859800511443426,2.919007473969391,3.414898833859332,4.307064785459875,5.418842326851654,11.218634239999693,4.142673696701565,4.89985914743111,5.975946847419083,7.273388549984295,13.452897517102071,3.6865202386624905,4.322686682952914,5.248944544168894,6.692150199028408,12.64114174648163,1000,0,5|25|50|75|95,M2-COST-LEDGER-v1,BREAKEVEN_HURDLE,"required_move_bps_spread_only is the full quoted spread at the decision instant (cross in, cross out); the fee terms are the ledger round trip in bps of entry notional; realized_move_bps is the side-signed mid move, so realized minus spread_only differs from cross_to_cross_bps by the measured spread-change term"
"[0.4,0.6)",WIDER_THAN_ONE_TICK,100-200,19249,0.07972796107382635,3.8924031990440313,0.024672445659043578,4.604245666415716,0.019052271353213256,5.525470083214121,0.01507186935276198,5.2093932979469,0.01616363721388105,0.010442100888357836,0.006753597589485168,0.0034287495454309314,0.0034287495454309314,0.010442100888357836,-0.5751363910551854,0.0,0.0,0.0,1.144479033368973,1.0172422562433243,1.784280488892854,2.8167691657668654,4.353315049410126,11.29305477131564,1.5383170197465286,2.5427036055053294,3.4302655131972717,5.096870126929403,12.035039631165498,2.03443277602768,3.415754227347485,4.348166395994941,6.076803411811412,12.763636165726988,1.9152461215672996,3.1337744109978116,4.000822161387486,5.732630313363282,12.503701235715832,1000,0,5|25|50|75|95,M2-COST-LEDGER-v1,BREAKEVEN_HURDLE,"required_move_bps_spread_only is the full quoted spread at the decision instant (cross in, cross out); the fee terms are the ledger round trip in bps of entry notional; realized_move_bps is the side-signed mid move, so realized minus spread_only differs from cross_to_cross_bps by the measured spread-change term"
"[0.4,0.6)",WIDER_THAN_ONE_TICK,200+,11476,0.042698227176485595,4.058078762846338,0.01573658576405906,4.445003977328488,0.012707672329105878,4.642179535992909,0.011029549097778441,4.661447775724908,0.011365378346484347,0.012025095852213315,0.007232485186476124,0.0060125479261066575,0.0056639944231439525,0.012025095852213315,-0.9257973594954598,0.0,0.0,0.0,1.1833903014875025,0.9599232061435086,1.9546882140225106,3.012011413081084,4.556188287161051,11.945433260864371,1.4601601972033995,2.2486438896666163,3.3845122080425623,4.957199923871183,12.447264405508848,1.7111546494039374,2.364443384173993,3.5868019074917705,5.0372167195516875,12.90049748893371,1.807330967565473,2.427172064050838,3.645837229462989,5.111087654932729,12.801172050797994,1000,0,5|25|50|75|95,M2-COST-LEDGER-v1,BREAKEVEN_HURDLE,"required_move_bps_spread_only is the full quoted spread at the decision instant (cross in, cross out); the fee terms are the ledger round trip in bps of entry notional; realized_move_bps is the side-signed mid move, so realized minus spread_only differs from cross_to_cross_bps by the measured spread-change term"
"[0.6,0.8)",ONE_TICK,5-25,7758,0.4624095178775945,6.815931103740405,0.061871616395978345,11.242860960648345,0.03751694280318308,20.442823297147793,0.020629009328470546,16.292428504945192,0.025887479547742672,0.006187161639597835,0.005027068832173241,0.0005155968032998196,0.0007733952049497294,0.006187161639597835,0.0,0.0,0.0,0.0,4.602568730640243,4.511617414843221,4.577706569008926,6.922810661128418,7.059654076950229,10.198878123406425,7.5119340589568875,7.618946843608469,11.416007892962327,11.637566568128776,16.719862832886548,13.532817234419223,13.73102464681213,20.763641110955408,21.173980117881776,30.58623796030755,10.854820842899153,11.010791237201147,16.544852183619767,16.86775711153033,24.274582506688787,1000,0,5|25|50|75|95,M2-COST-LEDGER-v1,BREAKEVEN_HURDLE,"required_move_bps_spread_only is the full quoted spread at the decision instant (cross in, cross out); the fee terms are the ledger round trip in bps of entry notional; realized_move_bps is the side-signed mid move, so realized minus spread_only differs from cross_to_cross_bps by the measured spread-change term"
"[0.6,0.8)",ONE_TICK,25-50,21373,0.2295990267142698,2.779681952579682,0.08627707855705798,4.707446219861787,0.050753956535450735,8.3382429446123,0.028761577168070884,6.767221022508401,0.03534536926656316,0.009123660693398213,0.0067842605156037995,0.0009825480746736537,0.0015907921209002013,0.009123660693398213,0.0,0.0,0.0,0.0,2.2812820805292575,2.0578248791027884,2.2294058633374205,2.989983555090447,3.2504469364537623,3.7167812674224123,3.53851623712748,3.816368859324937,5.048001492310178,5.46977160333709,6.224899439105801,6.1730512165513485,6.687720620359267,8.96905679873768,9.750284440516161,11.148962612647235,5.063450393506081,5.4684375173721955,7.263600894402853,7.878344889004948,8.978961126210967,1000,0,5|25|50|75|95,M2-COST-LEDGER-v1,BREAKEVEN_HURDLE,"required_move_bps_spread_only is the full quoted spread at the decision instant (cross in, cross out); the fee terms are the ledger round trip in bps of entry notional; realized_move_bps is the side-signed mid move, so realized minus spread_only differs from cross_to_cross_bps by the measured spread-change term"
"[0.6,0.8)",ONE_TICK,50-100,26764,0.14203459086082143,1.5868906398292912,0.08756164997758183,2.775888820040523,0.050026781488574555,4.760411802738838,0.029188794777439412,3.951865648647122,0.035144705630274754,0.012217904648034673,0.007622179046480347,0.0008593633238678822,0.0013077267971902556,0.012217904648034673,0.0,0.0,0.0,0.0,1.6524828554903743,1.0348217519532261,1.3387776959635853,1.6381358014579408,1.816695431010991,1.9656019656019657,1.8818606592379945,2.3740949650398906,2.8588778161999553,3.1480360304660318,3.389172720318947,3.1043581757942853,4.01615386731566,4.914139077461217,5.449756284780292,5.896419575664859,2.6487460069201134,3.366220801719944,4.072830314152454,4.49429942737793,4.845772563086243,1000,0,5|25|50|75|95,M2-COST-LEDGER-v1,BREAKEVEN_HURDLE,"required_move_bps_spread_only is the full quoted spread at the decision instant (cross in, cross out); the fee terms are the ledger round trip in bps of entry notional; realized_move_bps is the side-signed mid move, so realized minus spread_only differs from cross_to_cross_bps by the measured spread-change term"
"[0.6,0.8)",ONE_TICK,100-200,7267,0.08975955963238727,0.7886758255217229,0.11593504885097014,1.4832406034989423,0.06131620249595612,2.365963244334376,0.038646013598949286,2.06771865212674,0.04404606913783912,0.04155772670978396,0.021054080088069353,0.00784367689555525,0.00784367689555525,0.04155772670978396,-0.5055867401883742,0.0,0.0,0.0,0.9417614864393818,0.506229150776676,0.7111616826085411,0.7657847379101734,0.8973036026739647,0.9655771737556125,1.0258301719838774,1.3577106799062229,1.4461702191874535,1.6591582460117844,1.7697233550822515,1.5186618261832983,2.1334344745300315,2.2972955733493343,2.691830296258532,2.8966382918399995,1.40099621174988,1.8847466634078582,2.013685342856953,2.324136263059788,2.485295431938484,1000,0,5|25|50|75|95,M2-COST-LEDGER-v1,BREAKEVEN_HURDLE,"required_move_bps_spread_only is the full quoted spread at the decision instant (cross in, cross out); the fee terms are the ledger round trip in bps of entry notional; realized_move_bps is the side-signed mid move, so realized minus spread_only differs from cross_to_cross_bps by the measured spread-change term"
"[0.6,0.8)",ONE_TICK,200+,1148,0.07622666732731566,0.47798293990969154,0.16158536585365854,0.9800862876148169,0.07859248567455884,1.4339259510642526,0.05386263557420101,1.3343195738852398,0.05776930959794996,0.08710801393728224,0.03571428571428571,0.024390243902439025,0.024390243902439025,0.08710801393728224,-0.7212509391436379,0.0,0.0,0.2401363974737651,0.9595455612330114,0.47642869053574405,0.47744661570436786,0.47971984361133096,0.48068834571105823,0.4817303755088277,0.9775692336515134,0.9792177333872627,0.9828991585878253,0.9844676189277474,0.9861551551224892,1.4292633737182119,1.4323170521301785,1.4391365182731366,1.4420419315599333,1.4451679206699626,1.3306507010169255,1.3330535674387747,1.3384196421338295,1.340705842346321,1.3431656084198542,1000,0,5|25|50|75|95,M2-COST-LEDGER-v1,BREAKEVEN_HURDLE,"required_move_bps_spread_only is the full quoted spread at the decision instant (cross in, cross out); the fee terms are the ledger round trip in bps of entry notional; realized_move_bps is the side-signed mid move, so realized minus spread_only differs from cross_to_cross_bps by the measured spread-change term"
"[0.6,0.8)",WIDER_THAN_ONE_TICK,5-25,381,0.8348062360966142,25.801983212854047,0.03199261744473835,30.47580002701253,0.024623994918773196,40.22592772991128,0.01689001494912173,35.820722483308735,0.01962862790610372,0.005249343832020997,0.005249343832020997,0.005249343832020997,0.005249343832020997,0.005249343832020997,-3.5211267605633805,0.0,0.0,0.0,6.963788300835654,9.140767824497258,13.774104683195592,19.37984496124031,21.459227467811157,70.4225352112676,12.176827212345591,18.24369725029814,25.4157063064596,28.305098850447813,74.97590363232023,18.277359875662174,27.481968203617686,34.81652606985556,42.89545469181974,84.45762293056585,15.56247362623321,23.344302893794357,30.57310366206155,36.248485774349206,80.17673170249567,1000,0,5|25|50|75|95,M2-COST-LEDGER-v1,BREAKEVEN_HURDLE,"required_move_bps_spread_only is the full quoted spread at the decision instant (cross in, cross out); the fee terms are the ledger round trip in bps of entry notional; realized_move_bps is the side-signed mid move, so realized minus spread_only differs from cross_to_cross_bps by the measured spread-change term"
"[0.6,0.8)",WIDER_THAN_ONE_TICK,25-50,2778,0.16002072023642674,7.957838021352274,0.03069203140017818,9.616912021142994,0.023256516123366693,12.648956664744428,0.016218687813551874,11.355248254519747,0.01860575734575075,0.01079913606911447,0.00827933765298776,0.0032397408207343412,0.006119510439164867,0.01079913606911447,-2.022800058305102,0.0,0.0,0.0,3.153645898869356,4.008016032064128,4.420866489832007,6.240249609984399,8.98069151324652,18.908558783962288,5.455250253663006,5.99592726331267,8.250563250274027,10.576951836406304,20.755281410070236,8.015229015434194,8.840755992594438,11.187935233434938,13.510091022948924,24.711784738748,6.940159089567635,7.633757097566814,9.963550445962904,12.261119517869691,23.05403451180721,1000,0,5|25|50|75|95,M2-COST-LEDGER-v1,BREAKEVEN_HURDLE,"required_move_bps_spread_only is the full quoted spread at the decision instant (cross in, cross out); the fee terms are the ledger round trip in bps of entry notional; realized_move_bps is the side-signed mid move, so realized minus spread_only differs from cross_to_cross_bps by the measured spread-change term"
"[0.6,0.8)",WIDER_THAN_ONE_TICK,50-100,6871,0.1588450292932033,4.556772351805095,0.039237361829954354,5.628124106263726,0.029729303118467793,7.350482616401164,0.021630163819791853,6.663358588202182,0.024232049841530524,0.009460049483335758,0.0062581865812836555,0.0029107844564110028,0.0034929413476932035,0.009460049483335758,-0.7633589387618542,0.0,0.0,0.0,1.7017414980303598,2.074688796680498,2.4554941682013505,3.4213377430575354,4.5253988007693176,11.992804317409554,2.9232569950001746,3.421990117133342,4.3379640771059345,5.445745340231724,13.436319299431128,4.149162399003909,4.9106869008308625,6.1129365375639875,7.804116745810454,15.902999605630516,3.6919718586035355,4.331783880943801,5.344241569175285,6.798046082749467,14.891830715502259,1000,0,5|25|50|75|95,M2-COST-LEDGER-v1,BREAKEVEN_HURDLE,"required_move_bps_spread_only is the full quoted spread at the decision instant (cross in, cross out); the fee terms are the ledger round trip in bps of entry notional; realized_move_bps is the side-signed mid move, so realized minus spread_only differs from cross_to_cross_bps by the measured spread-change term"
"[0.6,0.8)",WIDER_THAN_ONE_TICK,100-200,12963,0.0936453218198181,4.152410581330133,0.034125952145679005,4.849457622652049,0.02563246542449027,5.737711763967474,0.020082257525438327,5.436905243588961,0.02152775441383481,0.014039959885828898,0.009488544318444805,0.00640283884903186,0.00640283884903186,0.014039959885828898,-0.9429025370678863,0.0,0.0,0.0,1.428399000937501,1.013787510137875,1.6929366190580515,2.8170336635522792,4.707433036765052,12.795905310300704,1.5337922746976602,2.371191599786142,3.446446587459153,5.496546741584329,13.411490427698753,2.0275236346246714,3.304010248067404,4.393634520652539,6.589342821148229,14.28521606918506,1.9094413192513628,2.9821302007129233,4.037836787588661,6.193571527030581,13.916406473575043,1000,0,5|25|50|75|95,M2-COST-LEDGER-v1,BREAKEVEN_HURDLE,"required_move_bps_spread_only is the full quoted spread at the decision instant (cross in, cross out); the fee terms are the ledger round trip in bps of entry notional; realized_move_bps is the side-signed mid move, so realized minus spread_only differs from cross_to_cross_bps by the measured spread-change term"
"[0.6,0.8)",WIDER_THAN_ONE_TICK,200+,10700,0.057784264242392934,4.584637501045525,0.016703803956743857,4.976152739028712,0.013363134128550945,5.183556752000124,0.012044447650213931,5.198087657743198,0.012093555706646112,0.01102803738317757,0.006168224299065421,0.006448598130841122,0.005700934579439252,0.01102803738317757,-0.9523401382139233,0.0,0.0,0.0,1.393236147313376,0.9616286143266382,2.100509390898268,3.1794817444756505,4.94486475794887,14.075173994116003,1.4640300880048147,2.5264749005253258,3.4866315490652844,5.306822891080317,14.57212487867913,1.667695106330928,2.614887814179121,3.716508422591094,5.531503450971118,15.010638234407185,1.8060566035517436,2.673677862614349,3.695792006382565,5.583909496877053,14.920027135105798,1000,0,5|25|50|75|95,M2-COST-LEDGER-v1,BREAKEVEN_HURDLE,"required_move_bps_spread_only is the full quoted spread at the decision instant (cross in, cross out); the fee terms are the ledger round trip in bps of entry notional; realized_move_bps is the side-signed mid move, so realized minus spread_only differs from cross_to_cross_bps by the measured spread-change term"
"[0.8,1.0]",ONE_TICK,5-25,3436,0.720984106535134,6.6577555183198145,0.09967986030267753,10.986770530750272,0.06039772925245979,19.968538447877386,0.033234629989569595,15.919200942344196,0.04168511651802884,0.00669383003492433,0.0034924330616996507,0.0008731082654249127,0.0008731082654249127,0.00669383003492433,0.0,0.0,0.0,0.0,6.933611302976692,4.511617414843221,4.5735193231191404,6.91323885240235,6.990562740300594,10.106114199090449,7.5119340589568875,7.612166785396232,11.400510448808708,11.525703201516528,16.569689956666206,13.532817234419223,13.718466739671495,20.73493892151085,20.966803131635324,30.30813440111065,10.854820842899153,11.000909355126456,16.522265804717485,16.704724864689133,24.05573036070661,1000,0,5|25|50|75|95,M2-COST-LEDGER-v1,BREAKEVEN_HURDLE,"required_move_bps_spread_only is the full quoted spread at the decision instant (cross in, cross out); the fee terms are the ledger round trip in bps of entry notional; realized_move_bps is the side-signed mid move, so realized minus spread_only differs from cross_to_cross_bps by the measured spread-change term"
"[0.8,1.0]",ONE_TICK,25-50,8205,0.328747694362873,2.7938746781133426,0.12157221206581353,4.730428675904226,0.07156877564307387,8.380812524088757,0.040527723269112165,6.8007187771710305,0.04983001209145509,0.009750152346130409,0.007190737355271176,0.001218769043266301,0.0017062766605728215,0.009750152346130409,0.0,0.0,0.0,0.0,3.003303664092096,2.058672156459084,2.2338880822070815,2.9890898221491558,3.2599837000814995,3.719546215361726,3.5398882947876142,3.8236271932189196,5.046554257295599,5.485214469312268,6.2293766355922955,6.175592699892595,6.701165276757004,8.9663761341635,9.77888852407107,11.15725540093257,5.065450254441792,5.4790169631541445,7.261491495789323,7.90085332198502,8.985486713688243,1000,0,5|25|50|75|95,M2-COST-LEDGER-v1,BREAKEVEN_HURDLE,"required_move_bps_spread_only is the full quoted spread at the decision instant (cross in, cross out); the fee terms are the ledger round trip in bps of entry notional; realized_move_bps is the side-signed mid move, so realized minus spread_only differs from cross_to_cross_bps by the measured spread-change term"
"[0.8,1.0]",ONE_TICK,50-100,12186,0.16609491883285854,1.485879722293608,0.10590021335959297,2.6123108024637407,0.060315280962703936,4.45740863325449,0.03530191656892728,3.713437584180494,0.04241143190170094,0.013047759724273756,0.007221401608403085,0.0008206138191367143,0.0011488593467914,0.013047759724273756,0.0,0.0,0.0,0.0,1.7607183730962233,1.1305183426601098,1.1540015002019504,1.4149274849663955,1.785873738726672,1.96174595389897,2.036834869904062,2.0748641819466997,2.4974130537270067,3.098123738726672,3.3829283783791584,3.391427228032029,3.461871336343192,4.244582267082977,5.3573023101552435,5.884853054722822,2.874635005558595,2.9300661205573624,3.545967100133345,4.421548738726672,4.836671022553345,1000,0,5|25|50|75|95,M2-COST-LEDGER-v1,BREAKEVEN_HURDLE,"required_move_bps_spread_only is the full quoted spread at the decision instant (cross in, cross out); the fee terms are the ledger round trip in bps of entry notional; realized_move_bps is the side-signed mid move, so realized minus spread_only differs from cross_to_cross_bps by the measured spread-change term"
"[0.8,1.0]",ONE_TICK,100-200,5429,0.09813242068418165,0.7561533960905563,0.13234481488303554,1.4305718995808363,0.06944231014684998,2.268400380724229,0.044116028640657806,1.9909486299597052,0.04999077925009214,0.04844354393074231,0.0232086940504697,0.008473015288266716,0.008473015288266716,0.04844354393074231,-0.5083444947255092,0.0,0.0,0.0,0.8971426441372277,0.505855274805878,0.7088930634813738,0.7631548822833594,0.8952952235999821,0.9746113737147313,1.0252246915694978,1.3540367510123867,1.4419112925397697,1.6559057876107253,1.7843536990241553,1.5175402361089283,2.126628939287711,2.2894064085348855,2.6858055190341807,2.923739139039748,1.4001136591449947,1.8793915394153076,2.0074775318560087,2.3193954921765267,2.5066205346152284,1000,0,5|25|50|75|95,M2-COST-LEDGER-v1,BREAKEVEN_HURDLE,"required_move_bps_spread_only is the full quoted spread at the decision instant (cross in, cross out); the fee terms are the ledger round trip in bps of entry notional; realized_move_bps is the side-signed mid move, so realized minus spread_only differs from cross_to_cross_bps by the measured spread-change term"
"[0.8,1.0]",ONE_TICK,200+,964,0.1406871517992303,0.4772219076332689,0.2883817427385892,0.9788538125714754,0.14139621740949543,1.4316429082408768,0.0961288107574558,1.33252310413563,0.10371913753961204,0.10580912863070539,0.04253112033195021,0.03319502074688797,0.03319502074688797,0.10580912863070539,-0.953661584756194,0.0,0.0,0.24037883704718638,0.9607555406990324,0.476432095462422,0.47767467986377404,0.48024972985952696,0.48075767409437276,0.4822414582981699,0.9775747478297739,0.9795870765464114,0.9837572936111478,0.9845798941799455,0.9869828384399455,1.4292735881738086,1.4330012228262836,1.440726126152088,1.4422499100445676,1.4467011197728286,1.3306587385274127,1.333591924980056,1.339670466544923,1.3408694956414138,1.3443720461363335,1000,0,5|25|50|75|95,M2-COST-LEDGER-v1,BREAKEVEN_HURDLE,"required_move_bps_spread_only is the full quoted spread at the decision instant (cross in, cross out); the fee terms are the ledger round trip in bps of entry notional; realized_move_bps is the side-signed mid move, so realized minus spread_only differs from cross_to_cross_bps by the measured spread-change term"
"[0.8,1.0]",WIDER_THAN_ONE_TICK,5-25,286,1.133984476309913,26.298564021994647,0.056572594072594067,31.06632263352713,0.04468438939091003,41.0257911778703,0.031708638914045253,36.52362920118126,0.036384889269029976,0.006993006993006993,0.006993006993006993,0.0034965034965034965,0.0034965034965034965,0.006993006993006993,-2.2901638367740063,0.0,0.0,0.0,9.162756650523212,9.157509157509157,9.186954524575103,21.52852529601722,42.40282685512368,49.48745139625309,12.198749432108698,12.237307141654993,28.395815618597865,46.97765619221818,54.06228073334759,18.31082723531236,18.369690980038833,41.96784291057896,56.507199210553864,63.98868889108625,15.590593825701376,15.640052779855177,36.36482637128604,52.20415830787403,59.28878284900345,1000,0,5|25|50|75|95,M2-COST-LEDGER-v1,BREAKEVEN_HURDLE,"required_move_bps_spread_only is the full quoted spread at the decision instant (cross in, cross out); the fee terms are the ledger round trip in bps of entry notional; realized_move_bps is the side-signed mid move, so realized minus spread_only differs from cross_to_cross_bps by the measured spread-change term"
"[0.8,1.0]",WIDER_THAN_ONE_TICK,25-50,1390,0.028425509007900408,8.55238896923867,0.01872341156430697,10.217177046258797,0.015589012951478782,13.261954996745137,0.012065255399912675,11.962349123845568,0.013335459315843267,0.013669064748201438,0.007194244604316547,0.0057553956834532375,0.0057553956834532375,0.013669064748201438,-2.1129476205830886,0.0,0.0,0.0,3.3740659005952156,4.01530153160446,4.206983592763988,6.2460961898813245,8.94854586129754,22.471910112359552,5.464791531452135,5.715822709483231,8.303756260410497,10.539832086700043,24.068482502931943,8.02979709204893,8.413082436086807,11.185432395503318,13.487187777867593,26.96124793503071,6.952398991834877,7.2744304907660915,9.961367533056439,12.256374294721525,25.732047037163145,1000,0,5|25|50|75|95,M2-COST-LEDGER-v1,BREAKEVEN_HURDLE,"required_move_bps_spread_only is the full quoted spread at the decision instant (cross in, cross out); the fee terms are the ledger round trip in bps of entry notional; realized_move_bps is the side-signed mid move, so realized minus spread_only differs from cross_to_cross_bps by the measured spread-change term"
"[0.8,1.0]",WIDER_THAN_ONE_TICK,50-100,3494,0.06971569367348267,4.911419233852871,0.029439095440130604,5.945348079210793,0.02183788648559554,7.5843130041770745,0.015581119397938065,6.935812921848359,0.01755871081438875,0.011161991986262164,0.007155123068116772,0.0028620492272467086,0.0034344590726960505,0.011161991986262164,-0.9892184103386454,0.0,0.0,0.0,1.724571254305099,2.0671834625322996,2.311871459946827,3.399626041135475,5.121114354483535,12.408047505096162,2.913427364971324,3.233890877422555,4.308459269613489,5.976386746161085,13.661394830244928,4.134153284772895,4.623475713298653,5.7624433058468565,7.984828904777787,15.9838213772654,3.6793616353309764,4.0904766379403545,5.199188496241581,6.9226621905354,14.969404007795228,1000,0,5|25|50|75|95,M2-COST-LEDGER-v1,BREAKEVEN_HURDLE,"required_move_bps_spread_only is the full quoted spread at the decision instant (cross in, cross out); the fee terms are the ledger round trip in bps of entry notional; realized_move_bps is the side-signed mid move, so realized minus spread_only differs from cross_to_cross_bps by the measured spread-change term"
"[0.8,1.0]",WIDER_THAN_ONE_TICK,100-200,18124,0.09545933486624585,4.822851540083285,0.030889609419179953,5.5056696093365085,0.023529759424103555,6.362215766889494,0.01884066872159763,6.076094877857591,0.020023772580678546,0.015559479143676893,0.009655705142352682,0.006345177664974619,0.006345177664974619,0.015559479143676893,-1.2406050084673688,0.0,0.0,0.0,1.7585620305626781,1.0139416983523448,1.7436791630340018,3.317299718029524,5.822900636359855,13.330598851517637,1.5339942178697332,2.4897366994301313,4.028554110362078,6.582288335243008,14.103792584980136,2.027831995422202,3.3451808546886026,4.880381866182686,7.575399019443637,15.101989230560953,1.9097003924616422,3.016491107239197,4.4707061908929235,7.188478772641377,14.733303301003716,1000,0,5|25|50|75|95,M2-COST-LEDGER-v1,BREAKEVEN_HURDLE,"required_move_bps_spread_only is the full quoted spread at the decision instant (cross in, cross out); the fee terms are the ledger round trip in bps of entry notional; realized_move_bps is the side-signed mid move, so realized minus spread_only differs from cross_to_cross_bps by the measured spread-change term"
"[0.8,1.0]",WIDER_THAN_ONE_TICK,200+,31363,0.052113111416014865,3.9746289297598305,0.01904695186404122,4.318386745675879,0.015943976782602908,4.419367641353211,0.014785848734757589,4.483188677905211,0.01469461590893299,0.00937410324267449,0.006249402161782993,0.005643592768548927,0.005069668080221918,0.00937410324267449,-0.5707255308089912,0.0,0.0,0.0,0.989057726253559,1.2375471814862942,2.153481718478411,3.079291762894534,4.392207897840498,10.346621560989421,1.5562103991578233,2.5065058197552776,3.380460198432428,4.7287571016661225,10.794762735473753,1.6290584949268694,2.535336808444122,3.4976851288505664,4.871775933469369,10.985768662643121,1.7437521247880283,2.635282581681905,3.6167805501599144,4.911838139854311,10.952769088306582,1000,0,5|25|50|75|95,M2-COST-LEDGER-v1,BREAKEVEN_HURDLE,"required_move_bps_spread_only is the full quoted spread at the decision instant (cross in, cross out); the fee terms are the ledger round trip in bps of entry notional; realized_move_bps is the side-signed mid move, so realized minus spread_only differs from cross_to_cross_bps by the measured spread-change term"
