trading_day,unit,symbol,horizon_ms,bin_index,bin,observations,mean_bps,prob_positive,cells_with_data,note
2019-07-30,SYMBOL,AABA,100,0,"[-1.0,-0.8)",8148,-0.019430715830289796,0.003681885125184094,13,recomputed from symbol x 30-minute cell means and counts
2019-07-30,SYMBOL,AAL,100,0,"[-1.0,-0.8)",5008,-0.05541636854314957,0.0013977635782747603,13,recomputed from symbol x 30-minute cell means and counts
2019-07-30,SYMBOL,AAPL,100,0,"[-1.0,-0.8)",17045,-0.024743379415148127,0.03643297154590789,13,recomputed from symbol x 30-minute cell means and counts
2019-07-30,SYMBOL,ADBE,100,0,"[-1.0,-0.8)",31915,-0.007940750449928542,0.011937960206799311,13,recomputed from symbol x 30-minute cell means and counts
2019-07-30,SYMBOL,ADI,100,0,"[-1.0,-0.8)",18633,-0.009950774609290836,0.014973434229592658,13,recomputed from symbol x 30-minute cell means and counts
2019-07-30,SYMBOL,ALXN,100,0,"[-1.0,-0.8)",22081,-0.007816100718723379,0.014356233866219826,13,recomputed from symbol x 30-minute cell means and counts
2019-07-30,SYMBOL,AMAT,100,0,"[-1.0,-0.8)",3064,-0.05384104461567209,0.0039164490861618795,13,recomputed from symbol x 30-minute cell means and counts
2019-07-30,SYMBOL,AMD,100,0,"[-1.0,-0.8)",7446,-0.12473017536053695,0.0029546065001343,13,recomputed from symbol x 30-minute cell means and counts
2019-07-30,SYMBOL,AMTD,100,0,"[-1.0,-0.8)",4920,-0.026590169336253064,0.0004065040650406504,13,recomputed from symbol x 30-minute cell means and counts
2019-07-30,SYMBOL,AMZN,100,0,"[-1.0,-0.8)",56622,-0.005259245094286245,0.028133940871039525,13,recomputed from symbol x 30-minute cell means and counts
2019-07-30,SYMBOL,ATVI,100,0,"[-1.0,-0.8)",6107,-0.03504004825131679,0.0040936630096610445,13,recomputed from symbol x 30-minute cell means and counts
2019-07-30,SYMBOL,BYND,100,0,"[-1.0,-0.8)",29769,-0.02347087740223378,0.04689442037018375,13,recomputed from symbol x 30-minute cell means and counts
2019-07-30,SYMBOL,CMCSA,100,0,"[-1.0,-0.8)",4809,-0.04517161382610522,0.0008317737575379496,13,recomputed from symbol x 30-minute cell means and counts
2019-07-30,SYMBOL,CRZO,100,0,"[-1.0,-0.8)",2257,-0.42440738559667124,0.001329198050509526,13,recomputed from symbol x 30-minute cell means and counts
2019-07-30,SYMBOL,CSCO,100,0,"[-1.0,-0.8)",4634,-0.0523441371780868,0.0015105740181268882,13,recomputed from symbol x 30-minute cell means and counts
2019-07-30,SYMBOL,CSX,100,0,"[-1.0,-0.8)",4596,-0.02175488759373664,0.0045691906005221935,13,recomputed from symbol x 30-minute cell means and counts
2019-07-30,SYMBOL,CTSH,100,0,"[-1.0,-0.8)",5006,-0.022013980021631057,0.004194966040751098,13,recomputed from symbol x 30-minute cell means and counts
2019-07-30,SYMBOL,DISCA,100,0,"[-1.0,-0.8)",4358,-0.037162062989401674,0.0025240936209270305,13,recomputed from symbol x 30-minute cell means and counts
2019-07-30,SYMBOL,DLTR,100,0,"[-1.0,-0.8)",14120,-0.010596193221236762,0.004815864022662889,13,recomputed from symbol x 30-minute cell means and counts
2019-07-30,SYMBOL,EA,100,0,"[-1.0,-0.8)",12677,-0.02022965823549892,0.017196497594067998,13,recomputed from symbol x 30-minute cell means and counts
2019-07-30,SYMBOL,EBAY,100,0,"[-1.0,-0.8)",1882,-0.08932810971131361,0.001594048884165781,13,recomputed from symbol x 30-minute cell means and counts
2019-07-30,SYMBOL,ETFC,100,0,"[-1.0,-0.8)",5115,-0.02169195058175662,0.002150537634408602,13,recomputed from symbol x 30-minute cell means and counts
2019-07-30,SYMBOL,FB,100,0,"[-1.0,-0.8)",18174,-0.014658912662115378,0.044349070100143065,13,recomputed from symbol x 30-minute cell means and counts
2019-07-30,SYMBOL,FISV,100,0,"[-1.0,-0.8)",5202,-0.025909697697832693,0.015955401768550558,13,recomputed from symbol x 30-minute cell means and counts
2019-07-30,SYMBOL,FITB,100,0,"[-1.0,-0.8)",1979,-0.10774020747502323,0.0025265285497726125,13,recomputed from symbol x 30-minute cell means and counts
2019-07-30,SYMBOL,GILD,100,0,"[-1.0,-0.8)",9855,-0.02440039359755107,0.004363267376966007,13,recomputed from symbol x 30-minute cell means and counts
2019-07-30,SYMBOL,GOOG,100,0,"[-1.0,-0.8)",40537,-0.0023829022680989386,0.03162542862076621,13,recomputed from symbol x 30-minute cell means and counts
2019-07-30,SYMBOL,GOOGL,100,0,"[-1.0,-0.8)",49759,-0.001918926869873118,0.022850137663538255,13,recomputed from symbol x 30-minute cell means and counts
2019-07-30,SYMBOL,INTC,100,0,"[-1.0,-0.8)",9325,-0.041755714672180665,0.0010723860589812334,13,recomputed from symbol x 30-minute cell means and counts
2019-07-30,SYMBOL,KHC,100,0,"[-1.0,-0.8)",7492,-0.04816298050735319,0.0010678056593699946,13,recomputed from symbol x 30-minute cell means and counts
2019-07-30,SYMBOL,LRCX,100,0,"[-1.0,-0.8)",47980,-0.005782074848342906,0.00921217173822426,13,recomputed from symbol x 30-minute cell means and counts
2019-07-30,SYMBOL,MAT,100,0,"[-1.0,-0.8)",6883,-0.04387005861806918,0.0005811419439198024,13,recomputed from symbol x 30-minute cell means and counts
2019-07-30,SYMBOL,MCHP,100,0,"[-1.0,-0.8)",11415,-0.012050532976159703,0.008147174770039421,13,recomputed from symbol x 30-minute cell means and counts
2019-07-30,SYMBOL,MDLZ,100,0,"[-1.0,-0.8)",4358,-0.0471520204919366,0.0025240936209270305,13,recomputed from symbol x 30-minute cell means and counts
2019-07-30,SYMBOL,MRVL,100,0,"[-1.0,-0.8)",4732,-0.094294170530187,0.0019019442096365174,13,recomputed from symbol x 30-minute cell means and counts
2019-07-30,SYMBOL,MSFT,100,0,"[-1.0,-0.8)",9192,-0.039575466138835155,0.006527415143603133,13,recomputed from symbol x 30-minute cell means and counts
2019-07-30,SYMBOL,MU,100,0,"[-1.0,-0.8)",9189,-0.08151975253004805,0.004135379257808249,13,recomputed from symbol x 30-minute cell means and counts
2019-07-30,SYMBOL,NFLX,100,0,"[-1.0,-0.8)",37523,-0.012176710656068379,0.020494096953868293,13,recomputed from symbol x 30-minute cell means and counts
2019-07-30,SYMBOL,NVDA,100,0,"[-1.0,-0.8)",15063,-0.016557498877008765,0.030007302662152294,13,recomputed from symbol x 30-minute cell means and counts
2019-07-30,SYMBOL,NWL,100,0,"[-1.0,-0.8)",3692,-0.1033352145911038,0.0008125677139761647,13,recomputed from symbol x 30-minute cell means and counts
2019-07-30,SYMBOL,NXPI,100,0,"[-1.0,-0.8)",9230,-0.021796961056062485,0.011917659804983749,13,recomputed from symbol x 30-minute cell means and counts
2019-07-30,SYMBOL,ON,100,0,"[-1.0,-0.8)",9883,-0.059398714690076716,0.0009106546595163412,13,recomputed from symbol x 30-minute cell means and counts
2019-07-30,SYMBOL,PAYX,100,0,"[-1.0,-0.8)",5012,-0.024826301150291517,0.0051875498802873106,13,recomputed from symbol x 30-minute cell means and counts
2019-07-30,SYMBOL,PEP,100,0,"[-1.0,-0.8)",7969,-0.015123768262812896,0.008156606851549755,13,recomputed from symbol x 30-minute cell means and counts
2019-07-30,SYMBOL,PTEN,100,0,"[-1.0,-0.8)",7261,-0.05027206606353352,0.0015149428453381077,12,recomputed from symbol x 30-minute cell means and counts
2019-07-30,SYMBOL,PYPL,100,0,"[-1.0,-0.8)",6139,-0.03484629111834469,0.02280501710376283,13,recomputed from symbol x 30-minute cell means and counts
2019-07-30,SYMBOL,QCOM,100,0,"[-1.0,-0.8)",1629,-0.06239424935874213,0.0055248618784530384,13,recomputed from symbol x 30-minute cell means and counts
2019-07-30,SYMBOL,ROKU,100,0,"[-1.0,-0.8)",43218,-0.01325471184672296,0.013859965755009487,13,recomputed from symbol x 30-minute cell means and counts
2019-07-30,SYMBOL,ROST,100,0,"[-1.0,-0.8)",24086,-0.008758913547129743,0.010005812505189737,13,recomputed from symbol x 30-minute cell means and counts
2019-07-30,SYMBOL,SBUX,100,0,"[-1.0,-0.8)",3729,-0.019324545311716807,0.008581389112362564,13,recomputed from symbol x 30-minute cell means and counts
2019-07-30,SYMBOL,SSNC,100,0,"[-1.0,-0.8)",7171,-0.03380767415713905,0.023148793752614697,13,recomputed from symbol x 30-minute cell means and counts
2019-07-30,SYMBOL,STLD,100,0,"[-1.0,-0.8)",3895,-0.04224406020173059,0.0028241335044929395,13,recomputed from symbol x 30-minute cell means and counts
2019-07-30,SYMBOL,TER,100,0,"[-1.0,-0.8)",3338,-0.04211972885106123,0.004793289394847214,13,recomputed from symbol x 30-minute cell means and counts
2019-07-30,SYMBOL,TMUS,100,0,"[-1.0,-0.8)",6458,-0.015092039789419568,0.004800247754722825,13,recomputed from symbol x 30-minute cell means and counts
2019-07-30,SYMBOL,TSLA,100,0,"[-1.0,-0.8)",18930,-0.015663254948217784,0.025937665081880612,13,recomputed from symbol x 30-minute cell means and counts
2019-07-30,SYMBOL,TXN,100,0,"[-1.0,-0.8)",18443,-0.013088238765753473,0.012037087241771946,13,recomputed from symbol x 30-minute cell means and counts
2019-07-30,SYMBOL,WBA,100,0,"[-1.0,-0.8)",7773,-0.021536755926833257,0.003216261417728033,13,recomputed from symbol x 30-minute cell means and counts
2019-07-30,SYMBOL,WDC,100,0,"[-1.0,-0.8)",6236,-0.0408853374760911,0.0040089801154586276,13,recomputed from symbol x 30-minute cell means and counts
2019-07-30,SYMBOL,XEL,100,0,"[-1.0,-0.8)",7342,-0.038566378798935534,0.00040860800871697086,13,recomputed from symbol x 30-minute cell means and counts
2019-07-30,SYMBOL,XLNX,100,0,"[-1.0,-0.8)",22455,-0.007353381785696637,0.00953017145401915,13,recomputed from symbol x 30-minute cell means and counts
2019-07-30,SYMBOL,ZION,100,0,"[-1.0,-0.8)",7357,-0.036847591108483145,0.003398124235422047,13,recomputed from symbol x 30-minute cell means and counts
2019-07-30,SYMBOL,AABA,100,1,"[-0.8,-0.6)",16702,-0.01375602403239224,0.0038917494910789127,13,recomputed from symbol x 30-minute cell means and counts
2019-07-30,SYMBOL,AAL,100,1,"[-0.8,-0.6)",13555,-0.03639434568559231,0.0016967908520841017,13,recomputed from symbol x 30-minute cell means and counts
2019-07-30,SYMBOL,AAPL,100,1,"[-0.8,-0.6)",20952,-0.015447924594932178,0.043480336006109205,13,recomputed from symbol x 30-minute cell means and counts
2019-07-30,SYMBOL,ADBE,100,1,"[-0.8,-0.6)",10622,-0.004459453760354314,0.013933345885897194,13,recomputed from symbol x 30-minute cell means and counts
2019-07-30,SYMBOL,ADI,100,1,"[-0.8,-0.6)",8136,-0.01423644153959866,0.015732546705998034,13,recomputed from symbol x 30-minute cell means and counts
2019-07-30,SYMBOL,ALXN,100,1,"[-0.8,-0.6)",7872,-0.005058399121451184,0.016514227642276422,13,recomputed from symbol x 30-minute cell means and counts
2019-07-30,SYMBOL,AMAT,100,1,"[-0.8,-0.6)",9675,-0.038928422693750346,0.00454780361757106,13,recomputed from symbol x 30-minute cell means and counts
2019-07-30,SYMBOL,AMD,100,1,"[-0.8,-0.6)",21523,-0.044692688829497944,0.002416020071551364,13,recomputed from symbol x 30-minute cell means and counts
2019-07-30,SYMBOL,AMTD,100,1,"[-0.8,-0.6)",19253,-0.017694722486645664,0.0013504388926401081,13,recomputed from symbol x 30-minute cell means and counts
2019-07-30,SYMBOL,AMZN,100,1,"[-0.8,-0.6)",11447,-0.006277029755084892,0.02987682362190967,13,recomputed from symbol x 30-minute cell means and counts
2019-07-30,SYMBOL,ATVI,100,1,"[-0.8,-0.6)",18919,-0.026908410320738683,0.004387124055182621,13,recomputed from symbol x 30-minute cell means and counts
2019-07-30,SYMBOL,BYND,100,1,"[-0.8,-0.6)",15082,-0.036644743466713973,0.04084338947089246,13,recomputed from symbol x 30-minute cell means and counts
2019-07-30,SYMBOL,CMCSA,100,1,"[-0.8,-0.6)",16409,-0.01843511620186257,0.0004875373270766043,13,recomputed from symbol x 30-minute cell means and counts
2019-07-30,SYMBOL,CRZO,100,1,"[-0.8,-0.6)",6182,-0.21871694597523794,0.0006470397929472663,13,recomputed from symbol x 30-minute cell means and counts
2019-07-30,SYMBOL,CSCO,100,1,"[-0.8,-0.6)",12491,-0.028240384704146103,0.0020814986790489154,13,recomputed from symbol x 30-minute cell means and counts
2019-07-30,SYMBOL,CSX,100,1,"[-0.8,-0.6)",15072,-0.020885457057355568,0.003848195329087049,13,recomputed from symbol x 30-minute cell means and counts
2019-07-30,SYMBOL,CTSH,100,1,"[-0.8,-0.6)",11456,-0.017975314848083356,0.0026187150837988825,13,recomputed from symbol x 30-minute cell means and counts
2019-07-30,SYMBOL,DISCA,100,1,"[-0.8,-0.6)",14506,-0.030948923445398784,0.0006893699158968703,13,recomputed from symbol x 30-minute cell means and counts
2019-07-30,SYMBOL,DLTR,100,1,"[-0.8,-0.6)",11145,-0.011828304855959359,0.006370569762225213,13,recomputed from symbol x 30-minute cell means and counts
2019-07-30,SYMBOL,EA,100,1,"[-0.8,-0.6)",9411,-0.014654087160234306,0.013494846456274572,13,recomputed from symbol x 30-minute cell means and counts
2019-07-30,SYMBOL,EBAY,100,1,"[-0.8,-0.6)",6999,-0.0350650769503632,0.0008572653236176596,13,recomputed from symbol x 30-minute cell means and counts
2019-07-30,SYMBOL,ETFC,100,1,"[-0.8,-0.6)",17310,-0.028971642272999906,0.0019064124783362219,13,recomputed from symbol x 30-minute cell means and counts
2019-07-30,SYMBOL,FB,100,1,"[-0.8,-0.6)",15289,-0.003387487500338754,0.04689646150827392,13,recomputed from symbol x 30-minute cell means and counts
2019-07-30,SYMBOL,FISV,100,1,"[-0.8,-0.6)",17387,-0.017383889939914313,0.013285788232587565,13,recomputed from symbol x 30-minute cell means and counts
2019-07-30,SYMBOL,FITB,100,1,"[-0.8,-0.6)",9876,-0.03385524865150838,0.0009113001215066828,13,recomputed from symbol x 30-minute cell means and counts
2019-07-30,SYMBOL,GILD,100,1,"[-0.8,-0.6)",24784,-0.016821925520531356,0.003994512588766946,13,recomputed from symbol x 30-minute cell means and counts
2019-07-30,SYMBOL,GOOG,100,1,"[-0.8,-0.6)",9890,0.0008881589422271755,0.038624873609706775,13,recomputed from symbol x 30-minute cell means and counts
2019-07-30,SYMBOL,GOOGL,100,1,"[-0.8,-0.6)",11324,-0.003330630566089219,0.026492405510420345,13,recomputed from symbol x 30-minute cell means and counts
2019-07-30,SYMBOL,INTC,100,1,"[-0.8,-0.6)",19046,-0.025444870340364713,0.0009975847947075501,13,recomputed from symbol x 30-minute cell means and counts
2019-07-30,SYMBOL,KHC,100,1,"[-0.8,-0.6)",20602,-0.02272429036672874,0.0011163964663624892,13,recomputed from symbol x 30-minute cell means and counts
2019-07-30,SYMBOL,LRCX,100,1,"[-0.8,-0.6)",13252,-0.005518190261373483,0.011847268336854814,13,recomputed from symbol x 30-minute cell means and counts
2019-07-30,SYMBOL,MAT,100,1,"[-0.8,-0.6)",15133,-0.027504433345977436,0.0011894535121918985,13,recomputed from symbol x 30-minute cell means and counts
2019-07-30,SYMBOL,MCHP,100,1,"[-0.8,-0.6)",8225,-0.009497349791251417,0.00911854103343465,13,recomputed from symbol x 30-minute cell means and counts
2019-07-30,SYMBOL,MDLZ,100,1,"[-0.8,-0.6)",11408,-0.03570196204942874,0.0011395511921458625,13,recomputed from symbol x 30-minute cell means and counts
2019-07-30,SYMBOL,MRVL,100,1,"[-0.8,-0.6)",15729,-0.028269953187797837,0.0012079598194417954,13,recomputed from symbol x 30-minute cell means and counts
2019-07-30,SYMBOL,MSFT,100,1,"[-0.8,-0.6)",18949,-0.02911094595426066,0.007071613277745527,13,recomputed from symbol x 30-minute cell means and counts
2019-07-30,SYMBOL,MU,100,1,"[-0.8,-0.6)",22608,-0.03840673289354693,0.0044674451521585275,13,recomputed from symbol x 30-minute cell means and counts
2019-07-30,SYMBOL,NFLX,100,1,"[-0.8,-0.6)",10226,-0.008006139253476537,0.025327596323097987,13,recomputed from symbol x 30-minute cell means and counts
2019-07-30,SYMBOL,NVDA,100,1,"[-0.8,-0.6)",9051,-0.016995439640317432,0.02474864655839134,13,recomputed from symbol x 30-minute cell means and counts
2019-07-30,SYMBOL,NWL,100,1,"[-0.8,-0.6)",13713,-0.06939628076772413,0.0016043170713921097,13,recomputed from symbol x 30-minute cell means and counts
2019-07-30,SYMBOL,NXPI,100,1,"[-0.8,-0.6)",11305,-0.010407386001154997,0.010968597965501991,13,recomputed from symbol x 30-minute cell means and counts
2019-07-30,SYMBOL,ON,100,1,"[-0.8,-0.6)",18651,-0.036687199215896395,0.0019301914106482226,13,recomputed from symbol x 30-minute cell means and counts
2019-07-30,SYMBOL,PAYX,100,1,"[-0.8,-0.6)",12251,-0.019170674618171502,0.0035099175577503875,13,recomputed from symbol x 30-minute cell means and counts
2019-07-30,SYMBOL,PEP,100,1,"[-0.8,-0.6)",9778,-0.018336635111153163,0.006340764982614031,13,recomputed from symbol x 30-minute cell means and counts
2019-07-30,SYMBOL,PTEN,100,1,"[-0.8,-0.6)",13706,-0.0763057525116528,0.0020429009193054137,13,recomputed from symbol x 30-minute cell means and counts
2019-07-30,SYMBOL,PYPL,100,1,"[-0.8,-0.6)",11242,-0.019912074008693773,0.01734566803059954,13,recomputed from symbol x 30-minute cell means and counts
2019-07-30,SYMBOL,QCOM,100,1,"[-0.8,-0.6)",6750,-0.036825405685989944,0.004,13,recomputed from symbol x 30-minute cell means and counts
2019-07-30,SYMBOL,ROKU,100,1,"[-0.8,-0.6)",10929,0.00026320527616255303,0.017384939152712966,13,recomputed from symbol x 30-minute cell means and counts
2019-07-30,SYMBOL,ROST,100,1,"[-0.8,-0.6)",11849,-0.004768110992174247,0.009030297915435902,13,recomputed from symbol x 30-minute cell means and counts
2019-07-30,SYMBOL,SBUX,100,1,"[-0.8,-0.6)",13723,-0.01783687615111402,0.0037163885447788385,13,recomputed from symbol x 30-minute cell means and counts
2019-07-30,SYMBOL,SSNC,100,1,"[-0.8,-0.6)",17858,-0.03814814834768821,0.017919139881285698,13,recomputed from symbol x 30-minute cell means and counts
2019-07-30,SYMBOL,STLD,100,1,"[-0.8,-0.6)",11100,-0.02144821606240831,0.0024324324324324323,13,recomputed from symbol x 30-minute cell means and counts
2019-07-30,SYMBOL,TER,100,1,"[-0.8,-0.6)",9383,-0.025412369419818722,0.006074816156879463,13,recomputed from symbol x 30-minute cell means and counts
2019-07-30,SYMBOL,TMUS,100,1,"[-0.8,-0.6)",11914,-0.015786082618124878,0.005623636058418667,13,recomputed from symbol x 30-minute cell means and counts
2019-07-30,SYMBOL,TSLA,100,1,"[-0.8,-0.6)",10771,-0.018963049709514682,0.028131092749048372,13,recomputed from symbol x 30-minute cell means and counts
2019-07-30,SYMBOL,TXN,100,1,"[-0.8,-0.6)",10346,-0.015495693498692014,0.010728784071138604,13,recomputed from symbol x 30-minute cell means and counts
2019-07-30,SYMBOL,WBA,100,1,"[-0.8,-0.6)",16928,-0.017962147927154667,0.0023629489603024575,13,recomputed from symbol x 30-minute cell means and counts
2019-07-30,SYMBOL,WDC,100,1,"[-0.8,-0.6)",10983,-0.023494310769988768,0.004461440407903123,13,recomputed from symbol x 30-minute cell means and counts
2019-07-30,SYMBOL,XEL,100,1,"[-0.8,-0.6)",21023,-0.02943555698211961,0.0017599771678637683,13,recomputed from symbol x 30-minute cell means and counts
2019-07-30,SYMBOL,XLNX,100,1,"[-0.8,-0.6)",12034,-0.008035517333749324,0.013960445404686722,13,recomputed from symbol x 30-minute cell means and counts
2019-07-30,SYMBOL,ZION,100,1,"[-0.8,-0.6)",18830,-0.03022016257728216,0.00281465746149761,13,recomputed from symbol x 30-minute cell means and counts
2019-07-30,SYMBOL,AABA,100,2,"[-0.6,-0.4)",26035,-0.007030834564669063,0.0032648357979642786,13,recomputed from symbol x 30-minute cell means and counts
2019-07-30,SYMBOL,AAL,100,2,"[-0.6,-0.4)",22357,-0.020457577027142855,0.0027731806593013376,13,recomputed from symbol x 30-minute cell means and counts
2019-07-30,SYMBOL,AAPL,100,2,"[-0.6,-0.4)",26074,-0.009650046477757085,0.0457927437293856,13,recomputed from symbol x 30-minute cell means and counts
2019-07-30,SYMBOL,ADBE,100,2,"[-0.6,-0.4)",12944,-0.004471745759902617,0.014987639060568603,13,recomputed from symbol x 30-minute cell means and counts
2019-07-30,SYMBOL,ADI,100,2,"[-0.6,-0.4)",15744,-0.013738935131852219,0.014418191056910569,13,recomputed from symbol x 30-minute cell means and counts
2019-07-30,SYMBOL,ALXN,100,2,"[-0.6,-0.4)",16914,-0.013307028980321095,0.009873477592526901,13,recomputed from symbol x 30-minute cell means and counts
2019-07-30,SYMBOL,AMAT,100,2,"[-0.6,-0.4)",20382,-0.023277049536747595,0.00451378667451673,13,recomputed from symbol x 30-minute cell means and counts
2019-07-30,SYMBOL,AMD,100,2,"[-0.6,-0.4)",27680,-0.02461228438712269,0.0025289017341040463,13,recomputed from symbol x 30-minute cell means and counts
2019-07-30,SYMBOL,AMTD,100,2,"[-0.6,-0.4)",27553,-0.011049562451004684,0.002613145573984684,13,recomputed from symbol x 30-minute cell means and counts
2019-07-30,SYMBOL,AMZN,100,2,"[-0.6,-0.4)",12985,-0.002153493063922428,0.029341547939930688,13,recomputed from symbol x 30-minute cell means and counts
2019-07-30,SYMBOL,ATVI,100,2,"[-0.6,-0.4)",27420,-0.01890493962209995,0.005324580598103574,13,recomputed from symbol x 30-minute cell means and counts
2019-07-30,SYMBOL,BYND,100,2,"[-0.6,-0.4)",18797,-0.04511049416078915,0.037133585146565944,13,recomputed from symbol x 30-minute cell means and counts
2019-07-30,SYMBOL,CMCSA,100,2,"[-0.6,-0.4)",27769,-0.012812481996645534,0.0007202275919190464,13,recomputed from symbol x 30-minute cell means and counts
2019-07-30,SYMBOL,CRZO,100,2,"[-0.6,-0.4)",18177,-0.05725510993819429,0.001100291577267976,13,recomputed from symbol x 30-minute cell means and counts
2019-07-30,SYMBOL,CSCO,100,2,"[-0.6,-0.4)",20095,-0.016894732132038688,0.0012938541925852202,13,recomputed from symbol x 30-minute cell means and counts
2019-07-30,SYMBOL,CSX,100,2,"[-0.6,-0.4)",31045,-0.012413522092822593,0.004509582863585118,13,recomputed from symbol x 30-minute cell means and counts
2019-07-30,SYMBOL,CTSH,100,2,"[-0.6,-0.4)",23696,-0.014656579432597763,0.003798109385550304,13,recomputed from symbol x 30-minute cell means and counts
2019-07-30,SYMBOL,DISCA,100,2,"[-0.6,-0.4)",26191,-0.012678095016422688,0.0019090527280363483,13,recomputed from symbol x 30-minute cell means and counts
2019-07-30,SYMBOL,DLTR,100,2,"[-0.6,-0.4)",18259,-0.006767182340953089,0.008598499370173613,13,recomputed from symbol x 30-minute cell means and counts
2019-07-30,SYMBOL,EA,100,2,"[-0.6,-0.4)",19180,-0.01330914252493006,0.012877997914494265,13,recomputed from symbol x 30-minute cell means and counts
2019-07-30,SYMBOL,EBAY,100,2,"[-0.6,-0.4)",14955,-0.021106035834528938,0.0010030090270812437,13,recomputed from symbol x 30-minute cell means and counts
2019-07-30,SYMBOL,ETFC,100,2,"[-0.6,-0.4)",31342,-0.017675845459161586,0.0029034522366154043,13,recomputed from symbol x 30-minute cell means and counts
2019-07-30,SYMBOL,FB,100,2,"[-0.6,-0.4)",12027,-0.014353624043484881,0.03808098445165045,13,recomputed from symbol x 30-minute cell means and counts
2019-07-30,SYMBOL,FISV,100,2,"[-0.6,-0.4)",33543,-0.011281369734161552,0.013803178010315118,13,recomputed from symbol x 30-minute cell means and counts
2019-07-30,SYMBOL,FITB,100,2,"[-0.6,-0.4)",15003,-0.022054445765014172,0.0012664133839898686,13,recomputed from symbol x 30-minute cell means and counts
2019-07-30,SYMBOL,GILD,100,2,"[-0.6,-0.4)",31255,-0.01142857342486457,0.006558950567909135,13,recomputed from symbol x 30-minute cell means and counts
2019-07-30,SYMBOL,GOOG,100,2,"[-0.6,-0.4)",8797,0.0005178849657577616,0.03421621007161532,13,recomputed from symbol x 30-minute cell means and counts
2019-07-30,SYMBOL,GOOGL,100,2,"[-0.6,-0.4)",14254,-0.0017184558142485182,0.025115756980496704,13,recomputed from symbol x 30-minute cell means and counts
2019-07-30,SYMBOL,INTC,100,2,"[-0.6,-0.4)",28399,-0.01571496721598341,0.0017254128666502342,13,recomputed from symbol x 30-minute cell means and counts
2019-07-30,SYMBOL,KHC,100,2,"[-0.6,-0.4)",33959,-0.007856480561155338,0.0015607055567007273,13,recomputed from symbol x 30-minute cell means and counts
2019-07-30,SYMBOL,LRCX,100,2,"[-0.6,-0.4)",17910,-0.0023696389995694228,0.011892797319932999,13,recomputed from symbol x 30-minute cell means and counts
2019-07-30,SYMBOL,MAT,100,2,"[-0.6,-0.4)",18957,-0.02248279381925222,0.0009495173286912486,13,recomputed from symbol x 30-minute cell means and counts
2019-07-30,SYMBOL,MCHP,100,2,"[-0.6,-0.4)",19478,-0.00908507738579518,0.009343875141184926,13,recomputed from symbol x 30-minute cell means and counts
2019-07-30,SYMBOL,MDLZ,100,2,"[-0.6,-0.4)",25249,-0.017104227985078553,0.0017822488019327498,13,recomputed from symbol x 30-minute cell means and counts
2019-07-30,SYMBOL,MRVL,100,2,"[-0.6,-0.4)",22276,-0.015443646949547843,0.0007182618064284432,13,recomputed from symbol x 30-minute cell means and counts
2019-07-30,SYMBOL,MSFT,100,2,"[-0.6,-0.4)",23854,-0.01880391728071432,0.012366898633352897,13,recomputed from symbol x 30-minute cell means and counts
2019-07-30,SYMBOL,MU,100,2,"[-0.6,-0.4)",33915,-0.022707626602738618,0.004393336281881173,13,recomputed from symbol x 30-minute cell means and counts
2019-07-30,SYMBOL,NFLX,100,2,"[-0.6,-0.4)",16766,-0.006510251927927544,0.021650960276750567,13,recomputed from symbol x 30-minute cell means and counts
2019-07-30,SYMBOL,NVDA,100,2,"[-0.6,-0.4)",19548,-0.015352095304053572,0.024861878453038673,13,recomputed from symbol x 30-minute cell means and counts
2019-07-30,SYMBOL,NWL,100,2,"[-0.6,-0.4)",24744,-0.03599967577485949,0.0017782088587132234,13,recomputed from symbol x 30-minute cell means and counts
2019-07-30,SYMBOL,NXPI,100,2,"[-0.6,-0.4)",24728,-0.00838071046639939,0.011970236169524426,13,recomputed from symbol x 30-minute cell means and counts
2019-07-30,SYMBOL,ON,100,2,"[-0.6,-0.4)",23249,-0.022246952995012496,0.0013333906834702568,13,recomputed from symbol x 30-minute cell means and counts
2019-07-30,SYMBOL,PAYX,100,2,"[-0.6,-0.4)",21151,-0.012170413905388075,0.003829606165193135,13,recomputed from symbol x 30-minute cell means and counts
2019-07-30,SYMBOL,PEP,100,2,"[-0.6,-0.4)",22831,-0.014225872498576554,0.008059217730279006,13,recomputed from symbol x 30-minute cell means and counts
2019-07-30,SYMBOL,PTEN,100,2,"[-0.6,-0.4)",26263,-0.05109943466802383,0.002246506492022998,13,recomputed from symbol x 30-minute cell means and counts
2019-07-30,SYMBOL,PYPL,100,2,"[-0.6,-0.4)",21545,-0.016440138073469928,0.015780923648178232,13,recomputed from symbol x 30-minute cell means and counts
2019-07-30,SYMBOL,QCOM,100,2,"[-0.6,-0.4)",14518,-0.02412426972179016,0.004201680672268907,13,recomputed from symbol x 30-minute cell means and counts
2019-07-30,SYMBOL,ROKU,100,2,"[-0.6,-0.4)",11485,-0.008500971441742229,0.015237265999129298,13,recomputed from symbol x 30-minute cell means and counts
2019-07-30,SYMBOL,ROST,100,2,"[-0.6,-0.4)",18822,-0.023730819365408478,0.008766337264902774,13,recomputed from symbol x 30-minute cell means and counts
2019-07-30,SYMBOL,SBUX,100,2,"[-0.6,-0.4)",23104,-0.013292802820224676,0.0055834487534626035,13,recomputed from symbol x 30-minute cell means and counts
2019-07-30,SYMBOL,SSNC,100,2,"[-0.6,-0.4)",30221,-0.03003695455220244,0.019291221336156978,13,recomputed from symbol x 30-minute cell means and counts
2019-07-30,SYMBOL,STLD,100,2,"[-0.6,-0.4)",22289,-0.017823043328028112,0.0021983938265512136,13,recomputed from symbol x 30-minute cell means and counts
2019-07-30,SYMBOL,TER,100,2,"[-0.6,-0.4)",23280,-0.01745952653516199,0.0059707903780068725,13,recomputed from symbol x 30-minute cell means and counts
2019-07-30,SYMBOL,TMUS,100,2,"[-0.6,-0.4)",27627,-0.012091557327248691,0.006877330148043581,13,recomputed from symbol x 30-minute cell means and counts
2019-07-30,SYMBOL,TSLA,100,2,"[-0.6,-0.4)",25372,-0.011047581323789118,0.025855273529875454,13,recomputed from symbol x 30-minute cell means and counts
2019-07-30,SYMBOL,TXN,100,2,"[-0.6,-0.4)",24106,-0.010499955960638659,0.014519206836472247,13,recomputed from symbol x 30-minute cell means and counts
2019-07-30,SYMBOL,WBA,100,2,"[-0.6,-0.4)",30932,-0.011623184727648167,0.00216604163972585,13,recomputed from symbol x 30-minute cell means and counts
2019-07-30,SYMBOL,WDC,100,2,"[-0.6,-0.4)",23487,-0.02368153500801587,0.005492400051092094,13,recomputed from symbol x 30-minute cell means and counts
2019-07-30,SYMBOL,XEL,100,2,"[-0.6,-0.4)",29043,-0.019584908817226767,0.0025135144441001274,13,recomputed from symbol x 30-minute cell means and counts
2019-07-30,SYMBOL,XLNX,100,2,"[-0.6,-0.4)",22317,-0.011252991960975662,0.01142626697136712,13,recomputed from symbol x 30-minute cell means and counts
2019-07-30,SYMBOL,ZION,100,2,"[-0.6,-0.4)",25733,-0.02656015881720098,0.004624412233319084,13,recomputed from symbol x 30-minute cell means and counts
2019-07-30,SYMBOL,AABA,100,3,"[-0.4,-0.2)",27043,-0.0042613223076607264,0.004289464926228599,13,recomputed from symbol x 30-minute cell means and counts
2019-07-30,SYMBOL,AAL,100,3,"[-0.4,-0.2)",32427,-0.012442872424047294,0.002374564406204706,13,recomputed from symbol x 30-minute cell means and counts
2019-07-30,SYMBOL,AAPL,100,3,"[-0.4,-0.2)",28131,-0.0070838295250399,0.04439941701325939,13,recomputed from symbol x 30-minute cell means and counts
2019-07-30,SYMBOL,ADBE,100,3,"[-0.4,-0.2)",17143,-0.004859731970343506,0.01744152132065566,13,recomputed from symbol x 30-minute cell means and counts
2019-07-30,SYMBOL,ADI,100,3,"[-0.4,-0.2)",31408,-0.007826426057443896,0.017989047376464597,13,recomputed from symbol x 30-minute cell means and counts
2019-07-30,SYMBOL,ALXN,100,3,"[-0.4,-0.2)",27797,-0.008134813763432551,0.011907759830197503,13,recomputed from symbol x 30-minute cell means and counts
2019-07-30,SYMBOL,AMAT,100,3,"[-0.4,-0.2)",25902,-0.013172315645471944,0.006910663269245618,13,recomputed from symbol x 30-minute cell means and counts
2019-07-30,SYMBOL,AMD,100,3,"[-0.4,-0.2)",29585,-0.013044688079895875,0.0035828967382119316,13,recomputed from symbol x 30-minute cell means and counts
2019-07-30,SYMBOL,AMTD,100,3,"[-0.4,-0.2)",32891,-0.006471193450005578,0.003161959198564957,13,recomputed from symbol x 30-minute cell means and counts
2019-07-30,SYMBOL,AMZN,100,3,"[-0.4,-0.2)",10176,-0.005539366854252235,0.03223270440251572,13,recomputed from symbol x 30-minute cell means and counts
2019-07-30,SYMBOL,ATVI,100,3,"[-0.4,-0.2)",32088,-0.01111903048845575,0.006419845425081027,13,recomputed from symbol x 30-minute cell means and counts
2019-07-30,SYMBOL,BYND,100,3,"[-0.4,-0.2)",18528,-0.012240821235879148,0.040803108808290155,13,recomputed from symbol x 30-minute cell means and counts
2019-07-30,SYMBOL,CMCSA,100,3,"[-0.4,-0.2)",32687,-0.006813650191473925,0.0007954232569523052,13,recomputed from symbol x 30-minute cell means and counts
2019-07-30,SYMBOL,CRZO,100,3,"[-0.4,-0.2)",35513,-0.024017790613724145,0.0006758088587277898,13,recomputed from symbol x 30-minute cell means and counts
2019-07-30,SYMBOL,CSCO,100,3,"[-0.4,-0.2)",30813,-0.00752903570533205,0.0015577840521857657,13,recomputed from symbol x 30-minute cell means and counts
2019-07-30,SYMBOL,CSX,100,3,"[-0.4,-0.2)",33085,-0.00721587082473861,0.005984585159437812,13,recomputed from symbol x 30-minute cell means and counts
2019-07-30,SYMBOL,CTSH,100,3,"[-0.4,-0.2)",30059,-0.010614659738713561,0.0047240427159918824,13,recomputed from symbol x 30-minute cell means and counts
2019-07-30,SYMBOL,DISCA,100,3,"[-0.4,-0.2)",31666,-0.006945805349195176,0.002684267037200783,13,recomputed from symbol x 30-minute cell means and counts
2019-07-30,SYMBOL,DLTR,100,3,"[-0.4,-0.2)",31616,-0.006732233541712225,0.006199392712550608,13,recomputed from symbol x 30-minute cell means and counts
2019-07-30,SYMBOL,EA,100,3,"[-0.4,-0.2)",28616,-0.007931442001794416,0.015201285993849595,13,recomputed from symbol x 30-minute cell means and counts
2019-07-30,SYMBOL,EBAY,100,3,"[-0.4,-0.2)",23515,-0.009611945189797013,0.0017435679353604082,13,recomputed from symbol x 30-minute cell means and counts
2019-07-30,SYMBOL,ETFC,100,3,"[-0.4,-0.2)",33780,-0.007275008414185492,0.00512137359384251,13,recomputed from symbol x 30-minute cell means and counts
2019-07-30,SYMBOL,FB,100,3,"[-0.4,-0.2)",18558,-0.009891995395138187,0.042407587024463844,13,recomputed from symbol x 30-minute cell means and counts
2019-07-30,SYMBOL,FISV,100,3,"[-0.4,-0.2)",34243,-0.0038314730723571287,0.016324504278246648,13,recomputed from symbol x 30-minute cell means and counts
2019-07-30,SYMBOL,FITB,100,3,"[-0.4,-0.2)",23133,-0.00776198003788132,0.0014697618121298577,13,recomputed from symbol x 30-minute cell means and counts
2019-07-30,SYMBOL,GILD,100,3,"[-0.4,-0.2)",38538,-0.009172145517571862,0.0071877108308682335,13,recomputed from symbol x 30-minute cell means and counts
2019-07-30,SYMBOL,GOOG,100,3,"[-0.4,-0.2)",10082,-0.005446522618021149,0.02856576076175362,13,recomputed from symbol x 30-minute cell means and counts
2019-07-30,SYMBOL,GOOGL,100,3,"[-0.4,-0.2)",11405,-0.004130463382488068,0.023147742218325294,13,recomputed from symbol x 30-minute cell means and counts
2019-07-30,SYMBOL,INTC,100,3,"[-0.4,-0.2)",34424,-0.007852042068333618,0.0023530095282361142,13,recomputed from symbol x 30-minute cell means and counts
2019-07-30,SYMBOL,KHC,100,3,"[-0.4,-0.2)",37698,-0.00414722231669074,0.002016022070136347,13,recomputed from symbol x 30-minute cell means and counts
2019-07-30,SYMBOL,LRCX,100,3,"[-0.4,-0.2)",27171,-0.005226995182692827,0.012034890140223032,13,recomputed from symbol x 30-minute cell means and counts
2019-07-30,SYMBOL,MAT,100,3,"[-0.4,-0.2)",26153,-0.007690771685473273,0.0015676977784575383,13,recomputed from symbol x 30-minute cell means and counts
2019-07-30,SYMBOL,MCHP,100,3,"[-0.4,-0.2)",32778,-0.007468837989868461,0.009671120873756787,13,recomputed from symbol x 30-minute cell means and counts
2019-07-30,SYMBOL,MDLZ,100,3,"[-0.4,-0.2)",30172,-0.006839521751785632,0.0033143311679703037,13,recomputed from symbol x 30-minute cell means and counts
2019-07-30,SYMBOL,MRVL,100,3,"[-0.4,-0.2)",32718,-0.008178675482227777,0.001069747539580659,13,recomputed from symbol x 30-minute cell means and counts
2019-07-30,SYMBOL,MSFT,100,3,"[-0.4,-0.2)",27665,-0.011110895275315561,0.019627688414964758,13,recomputed from symbol x 30-minute cell means and counts
2019-07-30,SYMBOL,MU,100,3,"[-0.4,-0.2)",34067,-0.013214952970134064,0.005694660521912701,13,recomputed from symbol x 30-minute cell means and counts
2019-07-30,SYMBOL,NFLX,100,3,"[-0.4,-0.2)",25718,-0.004982713221442191,0.024340928532545297,13,recomputed from symbol x 30-minute cell means and counts
2019-07-30,SYMBOL,NVDA,100,3,"[-0.4,-0.2)",29696,-0.009199582980664704,0.027512122844827586,13,recomputed from symbol x 30-minute cell means and counts
2019-07-30,SYMBOL,NWL,100,3,"[-0.4,-0.2)",31621,-0.010134124939832474,0.0021504696246165524,13,recomputed from symbol x 30-minute cell means and counts
2019-07-30,SYMBOL,NXPI,100,3,"[-0.4,-0.2)",30904,-0.007736109776715062,0.013072741392699974,13,recomputed from symbol x 30-minute cell means and counts
2019-07-30,SYMBOL,ON,100,3,"[-0.4,-0.2)",25610,-0.01005472534571435,0.0021866458414681765,13,recomputed from symbol x 30-minute cell means and counts
2019-07-30,SYMBOL,PAYX,100,3,"[-0.4,-0.2)",27535,-0.00633985572400707,0.005411294715816234,13,recomputed from symbol x 30-minute cell means and counts
2019-07-30,SYMBOL,PEP,100,3,"[-0.4,-0.2)",29174,-0.0104473040847101,0.013333790361280592,13,recomputed from symbol x 30-minute cell means and counts
2019-07-30,SYMBOL,PTEN,100,3,"[-0.4,-0.2)",37263,-0.017436442339224853,0.0021737380243136623,13,recomputed from symbol x 30-minute cell means and counts
2019-07-30,SYMBOL,PYPL,100,3,"[-0.4,-0.2)",29292,-0.008512129322168493,0.019561655059401883,13,recomputed from symbol x 30-minute cell means and counts
2019-07-30,SYMBOL,QCOM,100,3,"[-0.4,-0.2)",23242,-0.01371321556551938,0.005765424662249376,13,recomputed from symbol x 30-minute cell means and counts
2019-07-30,SYMBOL,ROKU,100,3,"[-0.4,-0.2)",16069,-0.01460619590449952,0.01786047669425602,13,recomputed from symbol x 30-minute cell means and counts
2019-07-30,SYMBOL,ROST,100,3,"[-0.4,-0.2)",25388,-0.004429728073295842,0.008271624389475343,13,recomputed from symbol x 30-minute cell means and counts
2019-07-30,SYMBOL,SBUX,100,3,"[-0.4,-0.2)",31568,-0.007529906020346355,0.008014445007602636,13,recomputed from symbol x 30-minute cell means and counts
2019-07-30,SYMBOL,SSNC,100,3,"[-0.4,-0.2)",32799,-0.012060377498876649,0.02442147626452026,13,recomputed from symbol x 30-minute cell means and counts
2019-07-30,SYMBOL,STLD,100,3,"[-0.4,-0.2)",27168,-0.011386365953337037,0.004122497055359246,13,recomputed from symbol x 30-minute cell means and counts
2019-07-30,SYMBOL,TER,100,3,"[-0.4,-0.2)",29583,-0.004499338358470418,0.008552209038975087,13,recomputed from symbol x 30-minute cell means and counts
2019-07-30,SYMBOL,TMUS,100,3,"[-0.4,-0.2)",33878,-0.006733280922433507,0.009563728673475411,13,recomputed from symbol x 30-minute cell means and counts
2019-07-30,SYMBOL,TSLA,100,3,"[-0.4,-0.2)",31474,-0.005666420338091269,0.03002478236004321,13,recomputed from symbol x 30-minute cell means and counts
2019-07-30,SYMBOL,TXN,100,3,"[-0.4,-0.2)",36687,-0.005633010507023116,0.015645869108948673,13,recomputed from symbol x 30-minute cell means and counts
2019-07-30,SYMBOL,WBA,100,3,"[-0.4,-0.2)",33083,-0.007863843325342314,0.004564277725720159,13,recomputed from symbol x 30-minute cell means and counts
2019-07-30,SYMBOL,WDC,100,3,"[-0.4,-0.2)",29913,-0.011906421071360113,0.008959315347842075,13,recomputed from symbol x 30-minute cell means and counts
2019-07-30,SYMBOL,XEL,100,3,"[-0.4,-0.2)",33386,-0.008828940963842239,0.00500209668723417,13,recomputed from symbol x 30-minute cell means and counts
2019-07-30,SYMBOL,XLNX,100,3,"[-0.4,-0.2)",40041,-0.006240895142883561,0.013586074273869283,13,recomputed from symbol x 30-minute cell means and counts
2019-07-30,SYMBOL,ZION,100,3,"[-0.4,-0.2)",30214,-0.009802798543229206,0.009134838154497915,13,recomputed from symbol x 30-minute cell means and counts
2019-07-30,SYMBOL,AABA,100,4,"[-0.2,0.0)",26507,-0.0015742920104968093,0.004979816652205078,13,recomputed from symbol x 30-minute cell means and counts
2019-07-30,SYMBOL,AAL,100,4,"[-0.2,0.0)",37156,-0.004567417140181039,0.0034987619765313813,13,recomputed from symbol x 30-minute cell means and counts
2019-07-30,SYMBOL,AAPL,100,4,"[-0.2,0.0)",26105,-0.003836570288846831,0.04727063780884888,13,recomputed from symbol x 30-minute cell means and counts
2019-07-30,SYMBOL,ADBE,100,4,"[-0.2,0.0)",20342,-0.003573223068708047,0.017746534264084162,13,recomputed from symbol x 30-minute cell means and counts
2019-07-30,SYMBOL,ADI,100,4,"[-0.2,0.0)",15688,-0.003451018585181856,0.018103008669046405,13,recomputed from symbol x 30-minute cell means and counts
2019-07-30,SYMBOL,ALXN,100,4,"[-0.2,0.0)",21809,-0.001745185082046993,0.010591957448759686,13,recomputed from symbol x 30-minute cell means and counts
2019-07-30,SYMBOL,AMAT,100,4,"[-0.2,0.0)",27654,-0.008131247610575794,0.006364359586316627,13,recomputed from symbol x 30-minute cell means and counts
2019-07-30,SYMBOL,AMD,100,4,"[-0.2,0.0)",32496,-0.007723864261473651,0.0037850812407680947,13,recomputed from symbol x 30-minute cell means and counts
2019-07-30,SYMBOL,AMTD,100,4,"[-0.2,0.0)",34612,-0.0011857570416249803,0.0039003813706229053,13,recomputed from symbol x 30-minute cell means and counts
2019-07-30,SYMBOL,AMZN,100,4,"[-0.2,0.0)",25008,-0.00126428845356697,0.032469609724888035,13,recomputed from symbol x 30-minute cell means and counts
2019-07-30,SYMBOL,ATVI,100,4,"[-0.2,0.0)",33792,-0.0032355215993117204,0.006362452651515152,13,recomputed from symbol x 30-minute cell means and counts
2019-07-30,SYMBOL,BYND,100,4,"[-0.2,0.0)",13988,-0.01474501334252206,0.03788961967400629,13,recomputed from symbol x 30-minute cell means and counts
2019-07-30,SYMBOL,CMCSA,100,4,"[-0.2,0.0)",32763,-0.003709168991275393,0.001342978359735067,13,recomputed from symbol x 30-minute cell means and counts
2019-07-30,SYMBOL,CRZO,100,4,"[-0.2,0.0)",49922,-0.004825506353219738,0.0011217499298906294,13,recomputed from symbol x 30-minute cell means and counts
2019-07-30,SYMBOL,CSCO,100,4,"[-0.2,0.0)",38201,-0.003001720664207918,0.002120363341273789,13,recomputed from symbol x 30-minute cell means and counts
2019-07-30,SYMBOL,CSX,100,4,"[-0.2,0.0)",31750,-0.0006442019150951716,0.0066771653543307085,13,recomputed from symbol x 30-minute cell means and counts
2019-07-30,SYMBOL,CTSH,100,4,"[-0.2,0.0)",29789,-0.004442651550984862,0.004800429688811306,13,recomputed from symbol x 30-minute cell means and counts
2019-07-30,SYMBOL,DISCA,100,4,"[-0.2,0.0)",33275,-0.0032670969393448577,0.0029151014274981218,13,recomputed from symbol x 30-minute cell means and counts
2019-07-30,SYMBOL,DLTR,100,4,"[-0.2,0.0)",28017,-0.0034266471401137263,0.006852982117999786,13,recomputed from symbol x 30-minute cell means and counts
2019-07-30,SYMBOL,EA,100,4,"[-0.2,0.0)",27205,-0.0032213286121328447,0.0144091159713288,13,recomputed from symbol x 30-minute cell means and counts
2019-07-30,SYMBOL,EBAY,100,4,"[-0.2,0.0)",27481,-0.00580663364972312,0.0018194388850478512,13,recomputed from symbol x 30-minute cell means and counts
2019-07-30,SYMBOL,ETFC,100,4,"[-0.2,0.0)",35608,-0.001445323613835731,0.006599640530217929,13,recomputed from symbol x 30-minute cell means and counts
2019-07-30,SYMBOL,FB,100,4,"[-0.2,0.0)",19045,-0.009602596472492052,0.03780519821475453,13,recomputed from symbol x 30-minute cell means and counts
2019-07-30,SYMBOL,FISV,100,4,"[-0.2,0.0)",28428,0.00016052931949729003,0.015794287322358238,13,recomputed from symbol x 30-minute cell means and counts
2019-07-30,SYMBOL,FITB,100,4,"[-0.2,0.0)",34669,-0.003105521270857364,0.0011826127087599873,13,recomputed from symbol x 30-minute cell means and counts
2019-07-30,SYMBOL,GILD,100,4,"[-0.2,0.0)",34884,-0.0006907092378085093,0.009746588693957114,13,recomputed from symbol x 30-minute cell means and counts
2019-07-30,SYMBOL,GOOG,100,4,"[-0.2,0.0)",11758,-0.0016574422523270337,0.026024834155468617,13,recomputed from symbol x 30-minute cell means and counts
2019-07-30,SYMBOL,GOOGL,100,4,"[-0.2,0.0)",12516,0.00039463369732382734,0.02237136465324385,13,recomputed from symbol x 30-minute cell means and counts
2019-07-30,SYMBOL,INTC,100,4,"[-0.2,0.0)",33159,-0.0030755458897965358,0.004010977411864049,13,recomputed from symbol x 30-minute cell means and counts
2019-07-30,SYMBOL,KHC,100,4,"[-0.2,0.0)",36286,0.0021790415385339367,0.0025905307832221796,13,recomputed from symbol x 30-minute cell means and counts
2019-07-30,SYMBOL,LRCX,100,4,"[-0.2,0.0)",20705,7.69102877103543e-05,0.012267568220236658,13,recomputed from symbol x 30-minute cell means and counts
2019-07-30,SYMBOL,MAT,100,4,"[-0.2,0.0)",27810,-0.009463412038973877,0.0018338727076591154,13,recomputed from symbol x 30-minute cell means and counts
2019-07-30,SYMBOL,MCHP,100,4,"[-0.2,0.0)",23670,-0.0032615647494264126,0.009590198563582593,13,recomputed from symbol x 30-minute cell means and counts
2019-07-30,SYMBOL,MDLZ,100,4,"[-0.2,0.0)",37019,-0.0032132290445195497,0.0031875523379886004,13,recomputed from symbol x 30-minute cell means and counts
2019-07-30,SYMBOL,MRVL,100,4,"[-0.2,0.0)",36875,-0.00444003559047893,0.0008677966101694915,13,recomputed from symbol x 30-minute cell means and counts
2019-07-30,SYMBOL,MSFT,100,4,"[-0.2,0.0)",30073,-0.005614703418378227,0.02284441193096798,13,recomputed from symbol x 30-minute cell means and counts
2019-07-30,SYMBOL,MU,100,4,"[-0.2,0.0)",29994,-0.004129327459558531,0.006734680269387211,13,recomputed from symbol x 30-minute cell means and counts
2019-07-30,SYMBOL,NFLX,100,4,"[-0.2,0.0)",16070,0.00024823539455113533,0.027255756067205972,13,recomputed from symbol x 30-minute cell means and counts
2019-07-30,SYMBOL,NVDA,100,4,"[-0.2,0.0)",28860,-0.002218654624761514,0.029244629244629245,13,recomputed from symbol x 30-minute cell means and counts
2019-07-30,SYMBOL,NWL,100,4,"[-0.2,0.0)",30345,-0.01469568165194401,0.0020431702092601747,13,recomputed from symbol x 30-minute cell means and counts
2019-07-30,SYMBOL,NXPI,100,4,"[-0.2,0.0)",27327,-0.000800448008058588,0.01178321806272185,13,recomputed from symbol x 30-minute cell means and counts
2019-07-30,SYMBOL,ON,100,4,"[-0.2,0.0)",27353,0.0005230513917058799,0.004058055789127335,13,recomputed from symbol x 30-minute cell means and counts
2019-07-30,SYMBOL,PAYX,100,4,"[-0.2,0.0)",25901,-0.002477049233853497,0.0054051967105517166,13,recomputed from symbol x 30-minute cell means and counts
2019-07-30,SYMBOL,PEP,100,4,"[-0.2,0.0)",22912,-0.004094992714866413,0.013966480446927373,13,recomputed from symbol x 30-minute cell means and counts
2019-07-30,SYMBOL,PTEN,100,4,"[-0.2,0.0)",38936,0.00596429927162451,0.0032874460653379905,13,recomputed from symbol x 30-minute cell means and counts
2019-07-30,SYMBOL,PYPL,100,4,"[-0.2,0.0)",28124,-0.003273761544979037,0.01713838714265396,13,recomputed from symbol x 30-minute cell means and counts
2019-07-30,SYMBOL,QCOM,100,4,"[-0.2,0.0)",31718,-0.009250070644857694,0.005391260483006494,13,recomputed from symbol x 30-minute cell means and counts
2019-07-30,SYMBOL,ROKU,100,4,"[-0.2,0.0)",16150,-0.004519331429395882,0.016346749226006194,13,recomputed from symbol x 30-minute cell means and counts
2019-07-30,SYMBOL,ROST,100,4,"[-0.2,0.0)",24310,-0.0018773672966641293,0.0074866310160427805,13,recomputed from symbol x 30-minute cell means and counts
2019-07-30,SYMBOL,SBUX,100,4,"[-0.2,0.0)",34842,-0.001132920900186861,0.00898341082601458,13,recomputed from symbol x 30-minute cell means and counts
2019-07-30,SYMBOL,SSNC,100,4,"[-0.2,0.0)",23756,0.004029102150509506,0.01814278498063647,13,recomputed from symbol x 30-minute cell means and counts
2019-07-30,SYMBOL,STLD,100,4,"[-0.2,0.0)",29385,-0.0038385031883339704,0.004219840054449549,13,recomputed from symbol x 30-minute cell means and counts
2019-07-30,SYMBOL,TER,100,4,"[-0.2,0.0)",30755,-0.007718994944604543,0.00595025199154609,13,recomputed from symbol x 30-minute cell means and counts
2019-07-30,SYMBOL,TMUS,100,4,"[-0.2,0.0)",35795,-0.003668851708546583,0.01109093448805699,13,recomputed from symbol x 30-minute cell means and counts
2019-07-30,SYMBOL,TSLA,100,4,"[-0.2,0.0)",25533,0.0030745257608283494,0.03395605686758313,13,recomputed from symbol x 30-minute cell means and counts
2019-07-30,SYMBOL,TXN,100,4,"[-0.2,0.0)",22759,-0.0035488025074846543,0.016169427479238982,13,recomputed from symbol x 30-minute cell means and counts
2019-07-30,SYMBOL,WBA,100,4,"[-0.2,0.0)",33274,-0.00122545546777992,0.006040752539520346,13,recomputed from symbol x 30-minute cell means and counts
2019-07-30,SYMBOL,WDC,100,4,"[-0.2,0.0)",28895,-0.0030569920595139035,0.00830593528292092,13,recomputed from symbol x 30-minute cell means and counts
2019-07-30,SYMBOL,XEL,100,4,"[-0.2,0.0)",33256,-0.0018270805295281666,0.008178975222516238,13,recomputed from symbol x 30-minute cell means and counts
2019-07-30,SYMBOL,XLNX,100,4,"[-0.2,0.0)",22805,-0.0026629260589459097,0.01504056128042096,13,recomputed from symbol x 30-minute cell means and counts
2019-07-30,SYMBOL,ZION,100,4,"[-0.2,0.0)",26584,0.0008848648615856326,0.009103219981944027,13,recomputed from symbol x 30-minute cell means and counts
2019-07-30,SYMBOL,AABA,100,5,"[0.0,0.2)",30727,0.0008980912519299709,0.007550362873043252,13,recomputed from symbol x 30-minute cell means and counts
2019-07-30,SYMBOL,AAL,100,5,"[0.0,0.2)",38782,0.0026259916143833925,0.005028105822288691,13,recomputed from symbol x 30-minute cell means and counts
2019-07-30,SYMBOL,AAPL,100,5,"[0.0,0.2)",37523,0.0038176010231332153,0.06217519921115049,13,recomputed from symbol x 30-minute cell means and counts
2019-07-30,SYMBOL,ADBE,100,5,"[0.0,0.2)",38862,-0.002787916977780029,0.022155318820441562,13,recomputed from symbol x 30-minute cell means and counts
2019-07-30,SYMBOL,ADI,100,5,"[0.0,0.2)",69985,0.0025249306747825977,0.02404801028791884,13,recomputed from symbol x 30-minute cell means and counts
2019-07-30,SYMBOL,ALXN,100,5,"[0.0,0.2)",57400,0.0008802381967833649,0.018397212543554007,13,recomputed from symbol x 30-minute cell means and counts
2019-07-30,SYMBOL,AMAT,100,5,"[0.0,0.2)",38002,-0.00023665676323478269,0.009946844902899847,13,recomputed from symbol x 30-minute cell means and counts
2019-07-30,SYMBOL,AMD,100,5,"[0.0,0.2)",33048,0.002161076050265249,0.006112321471798596,13,recomputed from symbol x 30-minute cell means and counts
2019-07-30,SYMBOL,AMTD,100,5,"[0.0,0.2)",38095,0.002102403323752687,0.005328783304895656,13,recomputed from symbol x 30-minute cell means and counts
2019-07-30,SYMBOL,AMZN,100,5,"[0.0,0.2)",38949,9.765946759527592e-05,0.03548229736321857,13,recomputed from symbol x 30-minute cell means and counts
2019-07-30,SYMBOL,ATVI,100,5,"[0.0,0.2)",40403,0.0043949437041691354,0.010816028512734202,13,recomputed from symbol x 30-minute cell means and counts
2019-07-30,SYMBOL,BYND,100,5,"[0.0,0.2)",29161,-0.01664055203288545,0.05394190871369295,13,recomputed from symbol x 30-minute cell means and counts
2019-07-30,SYMBOL,CMCSA,100,5,"[0.0,0.2)",33033,0.0020338416702216926,0.0026337299064571793,13,recomputed from symbol x 30-minute cell means and counts
2019-07-30,SYMBOL,CRZO,100,5,"[0.0,0.2)",52975,0.007480967973076324,0.0018688060405851817,13,recomputed from symbol x 30-minute cell means and counts
2019-07-30,SYMBOL,CSCO,100,5,"[0.0,0.2)",40742,0.00021972009643036724,0.0035835256001178145,13,recomputed from symbol x 30-minute cell means and counts
2019-07-30,SYMBOL,CSX,100,5,"[0.0,0.2)",41359,0.004026525405502495,0.010686912159384897,13,recomputed from symbol x 30-minute cell means and counts
2019-07-30,SYMBOL,CTSH,100,5,"[0.0,0.2)",48215,0.001180415024688651,0.009748003733278025,13,recomputed from symbol x 30-minute cell means and counts
2019-07-30,SYMBOL,DISCA,100,5,"[0.0,0.2)",39792,0.003947543870817958,0.004347607559308403,13,recomputed from symbol x 30-minute cell means and counts
2019-07-30,SYMBOL,DLTR,100,5,"[0.0,0.2)",48360,0.0013965005719089824,0.01141439205955335,13,recomputed from symbol x 30-minute cell means and counts
2019-07-30,SYMBOL,EA,100,5,"[0.0,0.2)",47357,-0.0016008808365277367,0.019110163228245033,13,recomputed from symbol x 30-minute cell means and counts
2019-07-30,SYMBOL,EBAY,100,5,"[0.0,0.2)",41514,0.00044267220769813193,0.0026978850508262275,13,recomputed from symbol x 30-minute cell means and counts
2019-07-30,SYMBOL,ETFC,100,5,"[0.0,0.2)",40636,0.0027079029995715222,0.008366965252485481,13,recomputed from symbol x 30-minute cell means and counts
2019-07-30,SYMBOL,FB,100,5,"[0.0,0.2)",36564,0.001657647915252149,0.052291871786456626,13,recomputed from symbol x 30-minute cell means and counts
2019-07-30,SYMBOL,FISV,100,5,"[0.0,0.2)",44470,0.0042395547484718925,0.019541263773330333,13,recomputed from symbol x 30-minute cell means and counts
2019-07-30,SYMBOL,FITB,100,5,"[0.0,0.2)",45997,0.0013833326560159216,0.0014348761875774506,13,recomputed from symbol x 30-minute cell means and counts
2019-07-30,SYMBOL,GILD,100,5,"[0.0,0.2)",33246,0.0029795356823177047,0.014798772784695904,13,recomputed from symbol x 30-minute cell means and counts
2019-07-30,SYMBOL,GOOG,100,5,"[0.0,0.2)",36374,-0.0009009872450576592,0.03420025292791554,13,recomputed from symbol x 30-minute cell means and counts
2019-07-30,SYMBOL,GOOGL,100,5,"[0.0,0.2)",32386,0.0014358818836320156,0.03476810967702094,13,recomputed from symbol x 30-minute cell means and counts
2019-07-30,SYMBOL,INTC,100,5,"[0.0,0.2)",32512,0.003879861891504348,0.005813238188976378,13,recomputed from symbol x 30-minute cell means and counts
2019-07-30,SYMBOL,KHC,100,5,"[0.0,0.2)",34081,0.007336652137937899,0.0042252281329773185,13,recomputed from symbol x 30-minute cell means and counts
2019-07-30,SYMBOL,LRCX,100,5,"[0.0,0.2)",44657,0.0023441816535754046,0.020623866359137426,13,recomputed from symbol x 30-minute cell means and counts
2019-07-30,SYMBOL,MAT,100,5,"[0.0,0.2)",37727,0.0011010854456001112,0.002093991040899091,13,recomputed from symbol x 30-minute cell means and counts
2019-07-30,SYMBOL,MCHP,100,5,"[0.0,0.2)",52366,-0.00020744132607696086,0.014303173815070848,13,recomputed from symbol x 30-minute cell means and counts
2019-07-30,SYMBOL,MDLZ,100,5,"[0.0,0.2)",44770,0.0026660719113821745,0.004511949966495421,13,recomputed from symbol x 30-minute cell means and counts
2019-07-30,SYMBOL,MRVL,100,5,"[0.0,0.2)",40291,-0.0008291743427787971,0.0019607356481596387,13,recomputed from symbol x 30-minute cell means and counts
2019-07-30,SYMBOL,MSFT,100,5,"[0.0,0.2)",34494,0.0016402351631249815,0.031077868614831566,13,recomputed from symbol x 30-minute cell means and counts
2019-07-30,SYMBOL,MU,100,5,"[0.0,0.2)",28490,0.004233738525828465,0.012144612144612144,13,recomputed from symbol x 30-minute cell means and counts
2019-07-30,SYMBOL,NFLX,100,5,"[0.0,0.2)",51906,0.0007303432703812825,0.029534157900820715,13,recomputed from symbol x 30-minute cell means and counts
2019-07-30,SYMBOL,NVDA,100,5,"[0.0,0.2)",48385,0.003102004263806814,0.036292239330370984,13,recomputed from symbol x 30-minute cell means and counts
2019-07-30,SYMBOL,NWL,100,5,"[0.0,0.2)",38749,0.001225971419407188,0.0032258897003793648,13,recomputed from symbol x 30-minute cell means and counts
2019-07-30,SYMBOL,NXPI,100,5,"[0.0,0.2)",43725,0.0027047007965864353,0.018158947970268725,13,recomputed from symbol x 30-minute cell means and counts
2019-07-30,SYMBOL,ON,100,5,"[0.0,0.2)",31401,0.00331500372967596,0.005159071367153913,13,recomputed from symbol x 30-minute cell means and counts
2019-07-30,SYMBOL,PAYX,100,5,"[0.0,0.2)",35852,0.0014719262388313001,0.008981367845587415,13,recomputed from symbol x 30-minute cell means and counts
2019-07-30,SYMBOL,PEP,100,5,"[0.0,0.2)",46291,-3.139717959350242e-05,0.02222894299107818,13,recomputed from symbol x 30-minute cell means and counts
2019-07-30,SYMBOL,PTEN,100,5,"[0.0,0.2)",43591,0.009981333305616345,0.0037622445000114703,13,recomputed from symbol x 30-minute cell means and counts
2019-07-30,SYMBOL,PYPL,100,5,"[0.0,0.2)",46033,0.0027654565555310312,0.03173810092759542,13,recomputed from symbol x 30-minute cell means and counts
2019-07-30,SYMBOL,QCOM,100,5,"[0.0,0.2)",38632,-0.0018505141120515865,0.010379995858355768,13,recomputed from symbol x 30-minute cell means and counts
2019-07-30,SYMBOL,ROKU,100,5,"[0.0,0.2)",41849,0.007501176772099042,0.021816530860952473,13,recomputed from symbol x 30-minute cell means and counts
2019-07-30,SYMBOL,ROST,100,5,"[0.0,0.2)",41196,0.0025872638059687945,0.012986697737644432,13,recomputed from symbol x 30-minute cell means and counts
2019-07-30,SYMBOL,SBUX,100,5,"[0.0,0.2)",44311,0.00040731313349078214,0.012321996795378123,13,recomputed from symbol x 30-minute cell means and counts
2019-07-30,SYMBOL,SSNC,100,5,"[0.0,0.2)",42869,0.0018253604883398946,0.02864540810375796,13,recomputed from symbol x 30-minute cell means and counts
2019-07-30,SYMBOL,STLD,100,5,"[0.0,0.2)",44067,-0.0003911142793758798,0.005378174143917217,13,recomputed from symbol x 30-minute cell means and counts
2019-07-30,SYMBOL,TER,100,5,"[0.0,0.2)",51235,0.0012349589680466662,0.009095344979018248,13,recomputed from symbol x 30-minute cell means and counts
2019-07-30,SYMBOL,TMUS,100,5,"[0.0,0.2)",42345,-0.00028571087067771065,0.014523556500177117,13,recomputed from symbol x 30-minute cell means and counts
2019-07-30,SYMBOL,TSLA,100,5,"[0.0,0.2)",35730,0.0027190613172783625,0.03649594178561433,13,recomputed from symbol x 30-minute cell means and counts
2019-07-30,SYMBOL,TXN,100,5,"[0.0,0.2)",55956,0.0026405659852490448,0.02489456001143756,13,recomputed from symbol x 30-minute cell means and counts
2019-07-30,SYMBOL,WBA,100,5,"[0.0,0.2)",35794,0.0033686399299978393,0.008912108174554395,13,recomputed from symbol x 30-minute cell means and counts
2019-07-30,SYMBOL,WDC,100,5,"[0.0,0.2)",42777,-0.00013080027293091052,0.012950884821282465,13,recomputed from symbol x 30-minute cell means and counts
2019-07-30,SYMBOL,XEL,100,5,"[0.0,0.2)",36684,0.00506516309844383,0.011094755206629593,13,recomputed from symbol x 30-minute cell means and counts
2019-07-30,SYMBOL,XLNX,100,5,"[0.0,0.2)",59476,0.001573579068065724,0.02320263635752236,13,recomputed from symbol x 30-minute cell means and counts
2019-07-30,SYMBOL,ZION,100,5,"[0.0,0.2)",37731,0.0041215381950644725,0.0153719752988259,13,recomputed from symbol x 30-minute cell means and counts
2019-07-30,SYMBOL,AABA,100,6,"[0.2,0.4)",31552,0.0026001696556081154,0.007574797160243407,13,recomputed from symbol x 30-minute cell means and counts
2019-07-30,SYMBOL,AAL,100,6,"[0.2,0.4)",36231,0.011279825057929701,0.006679362976456626,13,recomputed from symbol x 30-minute cell means and counts
2019-07-30,SYMBOL,AAPL,100,6,"[0.2,0.4)",25623,0.00796038642800748,0.0654490106544901,13,recomputed from symbol x 30-minute cell means and counts
2019-07-30,SYMBOL,ADBE,100,6,"[0.2,0.4)",27525,0.002852927713801274,0.023178928247048137,13,recomputed from symbol x 30-minute cell means and counts
2019-07-30,SYMBOL,ADI,100,6,"[0.2,0.4)",38500,0.008854255767611714,0.026779220779220778,13,recomputed from symbol x 30-minute cell means and counts
2019-07-30,SYMBOL,ALXN,100,6,"[0.2,0.4)",37537,0.004217536183079624,0.018914670858086687,13,recomputed from symbol x 30-minute cell means and counts
2019-07-30,SYMBOL,AMAT,100,6,"[0.2,0.4)",39323,0.009758174569464359,0.011163949851232103,13,recomputed from symbol x 30-minute cell means and counts
2019-07-30,SYMBOL,AMD,100,6,"[0.2,0.4)",30399,0.013746922253550634,0.008421329649001611,13,recomputed from symbol x 30-minute cell means and counts
2019-07-30,SYMBOL,AMTD,100,6,"[0.2,0.4)",30274,0.008653305884891941,0.008092752857237233,13,recomputed from symbol x 30-minute cell means and counts
2019-07-30,SYMBOL,AMZN,100,6,"[0.2,0.4)",14536,0.003587002162224458,0.03769950467804073,13,recomputed from symbol x 30-minute cell means and counts
2019-07-30,SYMBOL,ATVI,100,6,"[0.2,0.4)",33254,0.011907442392384919,0.013381848800144343,13,recomputed from symbol x 30-minute cell means and counts
2019-07-30,SYMBOL,BYND,100,6,"[0.2,0.4)",23758,0.006124078893146688,0.048531021129724725,13,recomputed from symbol x 30-minute cell means and counts
2019-07-30,SYMBOL,CMCSA,100,6,"[0.2,0.4)",32342,0.005517423812699196,0.003555747943850102,13,recomputed from symbol x 30-minute cell means and counts
2019-07-30,SYMBOL,CRZO,100,6,"[0.2,0.4)",40051,0.024418316233670356,0.0034705750168535117,13,recomputed from symbol x 30-minute cell means and counts
2019-07-30,SYMBOL,CSCO,100,6,"[0.2,0.4)",37765,0.004276322254704652,0.004819277108433735,13,recomputed from symbol x 30-minute cell means and counts
2019-07-30,SYMBOL,CSX,100,6,"[0.2,0.4)",33964,0.00836753183077508,0.012277705806147685,13,recomputed from symbol x 30-minute cell means and counts
2019-07-30,SYMBOL,CTSH,100,6,"[0.2,0.4)",38863,0.007661206289200635,0.01211949669351311,13,recomputed from symbol x 30-minute cell means and counts
2019-07-30,SYMBOL,DISCA,100,6,"[0.2,0.4)",33412,0.008248473789311449,0.005028133604692925,13,recomputed from symbol x 30-minute cell means and counts
2019-07-30,SYMBOL,DLTR,100,6,"[0.2,0.4)",36618,0.0012223262683080426,0.01231634715167404,13,recomputed from symbol x 30-minute cell means and counts
2019-07-30,SYMBOL,EA,100,6,"[0.2,0.4)",39227,0.006469231064607036,0.021005939786371632,13,recomputed from symbol x 30-minute cell means and counts
2019-07-30,SYMBOL,EBAY,100,6,"[0.2,0.4)",45993,0.002629669704847398,0.0030004565912204032,13,recomputed from symbol x 30-minute cell means and counts
2019-07-30,SYMBOL,ETFC,100,6,"[0.2,0.4)",33872,0.010174921247888186,0.010716816249409542,13,recomputed from symbol x 30-minute cell means and counts
2019-07-30,SYMBOL,FB,100,6,"[0.2,0.4)",28773,0.004687019042326073,0.049525596913773326,13,recomputed from symbol x 30-minute cell means and counts
2019-07-30,SYMBOL,FISV,100,6,"[0.2,0.4)",33642,0.009582175107222236,0.01991558171333452,13,recomputed from symbol x 30-minute cell means and counts
2019-07-30,SYMBOL,FITB,100,6,"[0.2,0.4)",42034,0.0032007320088188107,0.0019983822619783985,13,recomputed from symbol x 30-minute cell means and counts
2019-07-30,SYMBOL,GILD,100,6,"[0.2,0.4)",27551,0.011529273311566807,0.017930383652136037,13,recomputed from symbol x 30-minute cell means and counts
2019-07-30,SYMBOL,GOOG,100,6,"[0.2,0.4)",24271,-0.0001489222092689579,0.026698529108812985,13,recomputed from symbol x 30-minute cell means and counts
2019-07-30,SYMBOL,GOOGL,100,6,"[0.2,0.4)",16751,0.0026589036870750694,0.030028058026386483,13,recomputed from symbol x 30-minute cell means and counts
2019-07-30,SYMBOL,INTC,100,6,"[0.2,0.4)",28659,0.008465144563450842,0.007606685508915175,13,recomputed from symbol x 30-minute cell means and counts
2019-07-30,SYMBOL,KHC,100,6,"[0.2,0.4)",27847,0.010051328720565108,0.004812008474880598,13,recomputed from symbol x 30-minute cell means and counts
2019-07-30,SYMBOL,LRCX,100,6,"[0.2,0.4)",16438,0.0061746504978623645,0.017702883562477185,13,recomputed from symbol x 30-minute cell means and counts
2019-07-30,SYMBOL,MAT,100,6,"[0.2,0.4)",35873,0.005906671043874308,0.0025088506676330387,13,recomputed from symbol x 30-minute cell means and counts
2019-07-30,SYMBOL,MCHP,100,6,"[0.2,0.4)",44526,0.006237085631383867,0.01646229169474015,13,recomputed from symbol x 30-minute cell means and counts
2019-07-30,SYMBOL,MDLZ,100,6,"[0.2,0.4)",43062,0.007937017351556415,0.0058288049788676796,13,recomputed from symbol x 30-minute cell means and counts
2019-07-30,SYMBOL,MRVL,100,6,"[0.2,0.4)",34824,0.006468274235013379,0.0029864461291063634,13,recomputed from symbol x 30-minute cell means and counts
2019-07-30,SYMBOL,MSFT,100,6,"[0.2,0.4)",30359,0.009365981429684731,0.03899996706083863,13,recomputed from symbol x 30-minute cell means and counts
2019-07-30,SYMBOL,MU,100,6,"[0.2,0.4)",27643,0.015656780205591282,0.014216980790796948,13,recomputed from symbol x 30-minute cell means and counts
2019-07-30,SYMBOL,NFLX,100,6,"[0.2,0.4)",28226,0.007823888053801466,0.032027208956281444,13,recomputed from symbol x 30-minute cell means and counts
2019-07-30,SYMBOL,NVDA,100,6,"[0.2,0.4)",34827,0.008909316418840242,0.04128980388778821,13,recomputed from symbol x 30-minute cell means and counts
2019-07-30,SYMBOL,NWL,100,6,"[0.2,0.4)",37989,0.01022989367888944,0.0037116007265260995,13,recomputed from symbol x 30-minute cell means and counts
2019-07-30,SYMBOL,NXPI,100,6,"[0.2,0.4)",37112,0.0029013472372125156,0.016571459366242724,13,recomputed from symbol x 30-minute cell means and counts
2019-07-30,SYMBOL,ON,100,6,"[0.2,0.4)",33177,0.006443415074156289,0.004913042167766827,13,recomputed from symbol x 30-minute cell means and counts
2019-07-30,SYMBOL,PAYX,100,6,"[0.2,0.4)",27959,0.006214683636340244,0.010944597446260597,13,recomputed from symbol x 30-minute cell means and counts
2019-07-30,SYMBOL,PEP,100,6,"[0.2,0.4)",42699,0.005502796638776621,0.026066184219770954,13,recomputed from symbol x 30-minute cell means and counts
2019-07-30,SYMBOL,PTEN,100,6,"[0.2,0.4)",30826,0.027019150135062807,0.0060663076623629405,13,recomputed from symbol x 30-minute cell means and counts
2019-07-30,SYMBOL,PYPL,100,6,"[0.2,0.4)",39515,0.008960413924504062,0.029204099708971278,13,recomputed from symbol x 30-minute cell means and counts
2019-07-30,SYMBOL,QCOM,100,6,"[0.2,0.4)",39775,0.005113915216240922,0.012269013199245758,13,recomputed from symbol x 30-minute cell means and counts
2019-07-30,SYMBOL,ROKU,100,6,"[0.2,0.4)",26370,0.004751395372264893,0.018278346605991657,13,recomputed from symbol x 30-minute cell means and counts
2019-07-30,SYMBOL,ROST,100,6,"[0.2,0.4)",33567,0.002049476885797724,0.011499389281139215,13,recomputed from symbol x 30-minute cell means and counts
2019-07-30,SYMBOL,SBUX,100,6,"[0.2,0.4)",37648,0.005916549775494548,0.015087122821929451,13,recomputed from symbol x 30-minute cell means and counts
2019-07-30,SYMBOL,SSNC,100,6,"[0.2,0.4)",32257,0.015431838711954025,0.02644387264779738,13,recomputed from symbol x 30-minute cell means and counts
2019-07-30,SYMBOL,STLD,100,6,"[0.2,0.4)",41185,0.00804757037121679,0.006628626927279349,13,recomputed from symbol x 30-minute cell means and counts
2019-07-30,SYMBOL,TER,100,6,"[0.2,0.4)",42377,0.008030979267689005,0.012813554522500412,13,recomputed from symbol x 30-minute cell means and counts
2019-07-30,SYMBOL,TMUS,100,6,"[0.2,0.4)",34494,0.008033952051476133,0.01797414043021975,13,recomputed from symbol x 30-minute cell means and counts
2019-07-30,SYMBOL,TSLA,100,6,"[0.2,0.4)",25350,0.009251478987450195,0.04347140039447732,13,recomputed from symbol x 30-minute cell means and counts
2019-07-30,SYMBOL,TXN,100,6,"[0.2,0.4)",33570,0.008382994945041473,0.02963955913017575,13,recomputed from symbol x 30-minute cell means and counts
2019-07-30,SYMBOL,WBA,100,6,"[0.2,0.4)",33136,0.007056031838411988,0.009958957025591502,13,recomputed from symbol x 30-minute cell means and counts
2019-07-30,SYMBOL,WDC,100,6,"[0.2,0.4)",40900,0.013309733315318603,0.0158679706601467,13,recomputed from symbol x 30-minute cell means and counts
2019-07-30,SYMBOL,XEL,100,6,"[0.2,0.4)",31105,0.011621999880486105,0.012023790387397525,13,recomputed from symbol x 30-minute cell means and counts
2019-07-30,SYMBOL,XLNX,100,6,"[0.2,0.4)",28886,0.01271684539187675,0.025652565256525654,13,recomputed from symbol x 30-minute cell means and counts
2019-07-30,SYMBOL,ZION,100,6,"[0.2,0.4)",31527,0.017521030132938497,0.017255051225933328,13,recomputed from symbol x 30-minute cell means and counts
2019-07-30,SYMBOL,AABA,100,7,"[0.4,0.6)",27272,0.0055761012287215425,0.008176884716925785,13,recomputed from symbol x 30-minute cell means and counts
2019-07-30,SYMBOL,AAL,100,7,"[0.4,0.6)",25393,0.01896822744078143,0.009293899893671484,13,recomputed from symbol x 30-minute cell means and counts
2019-07-30,SYMBOL,AAPL,100,7,"[0.4,0.6)",22603,0.010583659300987465,0.07114099898243596,13,recomputed from symbol x 30-minute cell means and counts
2019-07-30,SYMBOL,ADBE,100,7,"[0.4,0.6)",17303,0.005890618851920232,0.022770617811940126,13,recomputed from symbol x 30-minute cell means and counts
2019-07-30,SYMBOL,ADI,100,7,"[0.4,0.6)",16877,0.01068299168756931,0.026189488653196657,13,recomputed from symbol x 30-minute cell means and counts
2019-07-30,SYMBOL,ALXN,100,7,"[0.4,0.6)",16272,0.012451947834287772,0.022123893805309734,13,recomputed from symbol x 30-minute cell means and counts
2019-07-30,SYMBOL,AMAT,100,7,"[0.4,0.6)",34208,0.010441516849262008,0.010406922357343312,13,recomputed from symbol x 30-minute cell means and counts
2019-07-30,SYMBOL,AMD,100,7,"[0.4,0.6)",24307,0.028510804810360967,0.013329493561525487,13,recomputed from symbol x 30-minute cell means and counts
2019-07-30,SYMBOL,AMTD,100,7,"[0.4,0.6)",22651,0.011770369959090183,0.008741335923358792,13,recomputed from symbol x 30-minute cell means and counts
2019-07-30,SYMBOL,AMZN,100,7,"[0.4,0.6)",12397,0.003549274639066856,0.03904170363797693,13,recomputed from symbol x 30-minute cell means and counts
2019-07-30,SYMBOL,ATVI,100,7,"[0.4,0.6)",22860,0.02182285772116687,0.017760279965004375,13,recomputed from symbol x 30-minute cell means and counts
2019-07-30,SYMBOL,BYND,100,7,"[0.4,0.6)",17278,0.032945671089580866,0.05208936219469846,13,recomputed from symbol x 30-minute cell means and counts
2019-07-30,SYMBOL,CMCSA,100,7,"[0.4,0.6)",30073,0.009642360259810107,0.005187377381704519,13,recomputed from symbol x 30-minute cell means and counts
2019-07-30,SYMBOL,CRZO,100,7,"[0.4,0.6)",18223,0.06381372645835037,0.007517971793886846,13,recomputed from symbol x 30-minute cell means and counts
2019-07-30,SYMBOL,CSCO,100,7,"[0.4,0.6)",26907,0.010819030633431531,0.007767495447281377,13,recomputed from symbol x 30-minute cell means and counts
2019-07-30,SYMBOL,CSX,100,7,"[0.4,0.6)",20608,0.015157036168026442,0.014508928571428572,13,recomputed from symbol x 30-minute cell means and counts
2019-07-30,SYMBOL,CTSH,100,7,"[0.4,0.6)",25706,0.010839488319336723,0.014938146736170544,13,recomputed from symbol x 30-minute cell means and counts
2019-07-30,SYMBOL,DISCA,100,7,"[0.4,0.6)",26891,0.0074302432554013125,0.0055037001227176375,13,recomputed from symbol x 30-minute cell means and counts
2019-07-30,SYMBOL,DLTR,100,7,"[0.4,0.6)",20671,0.0038152092337971656,0.01311015432248077,13,recomputed from symbol x 30-minute cell means and counts
2019-07-30,SYMBOL,EA,100,7,"[0.4,0.6)",24195,0.013919533281982574,0.02351725563132879,13,recomputed from symbol x 30-minute cell means and counts
2019-07-30,SYMBOL,EBAY,100,7,"[0.4,0.6)",38391,0.006898908274044128,0.004454168945846683,13,recomputed from symbol x 30-minute cell means and counts
2019-07-30,SYMBOL,ETFC,100,7,"[0.4,0.6)",18615,0.018891097658461153,0.013752350255170562,13,recomputed from symbol x 30-minute cell means and counts
2019-07-30,SYMBOL,FB,100,7,"[0.4,0.6)",21853,0.0033578494386324285,0.04452477920651627,13,recomputed from symbol x 30-minute cell means and counts
2019-07-30,SYMBOL,FISV,100,7,"[0.4,0.6)",19488,0.013079317733156074,0.020884646962233168,13,recomputed from symbol x 30-minute cell means and counts
2019-07-30,SYMBOL,FITB,100,7,"[0.4,0.6)",28802,0.010563576170143406,0.0038191792236650234,13,recomputed from symbol x 30-minute cell means and counts
2019-07-30,SYMBOL,GILD,100,7,"[0.4,0.6)",16670,0.019475657130403296,0.022015596880623874,13,recomputed from symbol x 30-minute cell means and counts
2019-07-30,SYMBOL,GOOG,100,7,"[0.4,0.6)",13971,0.0007041628027144025,0.030921193901653425,13,recomputed from symbol x 30-minute cell means and counts
2019-07-30,SYMBOL,GOOGL,100,7,"[0.4,0.6)",11920,0.000828564612057385,0.03204697986577181,13,recomputed from symbol x 30-minute cell means and counts
2019-07-30,SYMBOL,INTC,100,7,"[0.4,0.6)",24125,0.017790198847419857,0.011647668393782383,13,recomputed from symbol x 30-minute cell means and counts
2019-07-30,SYMBOL,KHC,100,7,"[0.4,0.6)",23977,0.012466257137657033,0.005088209534136881,13,recomputed from symbol x 30-minute cell means and counts
2019-07-30,SYMBOL,LRCX,100,7,"[0.4,0.6)",8202,0.00882681319115366,0.019873201658132163,13,recomputed from symbol x 30-minute cell means and counts
2019-07-30,SYMBOL,MAT,100,7,"[0.4,0.6)",31938,0.009691363696620822,0.0030058237835806877,13,recomputed from symbol x 30-minute cell means and counts
2019-07-30,SYMBOL,MCHP,100,7,"[0.4,0.6)",25125,0.008388776200327706,0.016676616915422885,13,recomputed from symbol x 30-minute cell means and counts
2019-07-30,SYMBOL,MDLZ,100,7,"[0.4,0.6)",23350,0.015616442981062404,0.009593147751605996,13,recomputed from symbol x 30-minute cell means and counts
2019-07-30,SYMBOL,MRVL,100,7,"[0.4,0.6)",23656,0.015810498332187135,0.00545316198850186,13,recomputed from symbol x 30-minute cell means and counts
2019-07-30,SYMBOL,MSFT,100,7,"[0.4,0.6)",25396,0.018659663042659404,0.046857772877618525,13,recomputed from symbol x 30-minute cell means and counts
2019-07-30,SYMBOL,MU,100,7,"[0.4,0.6)",23435,0.03177001425928466,0.02103691060379774,13,recomputed from symbol x 30-minute cell means and counts
2019-07-30,SYMBOL,NFLX,100,7,"[0.4,0.6)",12960,0.005314774841162158,0.03587962962962963,13,recomputed from symbol x 30-minute cell means and counts
2019-07-30,SYMBOL,NVDA,100,7,"[0.4,0.6)",19704,0.015014691389507265,0.04242793341453512,13,recomputed from symbol x 30-minute cell means and counts
2019-07-30,SYMBOL,NWL,100,7,"[0.4,0.6)",26895,0.029849766585702323,0.006283695854248001,13,recomputed from symbol x 30-minute cell means and counts
2019-07-30,SYMBOL,NXPI,100,7,"[0.4,0.6)",23043,0.013140939068412459,0.01970229570802413,13,recomputed from symbol x 30-minute cell means and counts
2019-07-30,SYMBOL,ON,100,7,"[0.4,0.6)",30035,0.013628407454994726,0.005127351423339437,13,recomputed from symbol x 30-minute cell means and counts
2019-07-30,SYMBOL,PAYX,100,7,"[0.4,0.6)",22200,0.007713712201462135,0.012027027027027027,13,recomputed from symbol x 30-minute cell means and counts
2019-07-30,SYMBOL,PEP,100,7,"[0.4,0.6)",26228,0.010790458302709121,0.02768034161964313,13,recomputed from symbol x 30-minute cell means and counts
2019-07-30,SYMBOL,PTEN,100,7,"[0.4,0.6)",22408,0.060108377502799584,0.008612995358800429,13,recomputed from symbol x 30-minute cell means and counts
2019-07-30,SYMBOL,PYPL,100,7,"[0.4,0.6)",25346,0.011238165136850276,0.027696677976801073,13,recomputed from symbol x 30-minute cell means and counts
2019-07-30,SYMBOL,QCOM,100,7,"[0.4,0.6)",36348,0.010173072593039224,0.014196104324859689,13,recomputed from symbol x 30-minute cell means and counts
2019-07-30,SYMBOL,ROKU,100,7,"[0.4,0.6)",14143,0.006645594188619653,0.01887859718588701,13,recomputed from symbol x 30-minute cell means and counts
2019-07-30,SYMBOL,ROST,100,7,"[0.4,0.6)",24725,0.005428974430770797,0.012214357937310415,13,recomputed from symbol x 30-minute cell means and counts
2019-07-30,SYMBOL,SBUX,100,7,"[0.4,0.6)",23763,0.00777065162480502,0.015991246896435635,13,recomputed from symbol x 30-minute cell means and counts
2019-07-30,SYMBOL,SSNC,100,7,"[0.4,0.6)",22537,0.02097295169457519,0.02347251186937037,13,recomputed from symbol x 30-minute cell means and counts
2019-07-30,SYMBOL,STLD,100,7,"[0.4,0.6)",27361,0.01364170495915067,0.008588867365958847,13,recomputed from symbol x 30-minute cell means and counts
2019-07-30,SYMBOL,TER,100,7,"[0.4,0.6)",23906,0.014593725098552718,0.01418054045009621,13,recomputed from symbol x 30-minute cell means and counts
2019-07-30,SYMBOL,TMUS,100,7,"[0.4,0.6)",21431,0.013932617758854644,0.020531006485931595,13,recomputed from symbol x 30-minute cell means and counts
2019-07-30,SYMBOL,TSLA,100,7,"[0.4,0.6)",18381,0.016145487049187456,0.045427343452478106,13,recomputed from symbol x 30-minute cell means and counts
2019-07-30,SYMBOL,TXN,100,7,"[0.4,0.6)",15557,0.013664553164976027,0.032975509416982705,13,recomputed from symbol x 30-minute cell means and counts
2019-07-30,SYMBOL,WBA,100,7,"[0.4,0.6)",21615,0.013339325205860054,0.011889891279204257,13,recomputed from symbol x 30-minute cell means and counts
2019-07-30,SYMBOL,WDC,100,7,"[0.4,0.6)",27258,0.02149662251902463,0.01735270379338176,13,recomputed from symbol x 30-minute cell means and counts
2019-07-30,SYMBOL,XEL,100,7,"[0.4,0.6)",21854,0.020337694363503724,0.016839022604557517,13,recomputed from symbol x 30-minute cell means and counts
2019-07-30,SYMBOL,XLNX,100,7,"[0.4,0.6)",12338,0.012548744562553768,0.02804344302155941,13,recomputed from symbol x 30-minute cell means and counts
2019-07-30,SYMBOL,ZION,100,7,"[0.4,0.6)",24603,0.01844540432798704,0.017030443441856682,13,recomputed from symbol x 30-minute cell means and counts
2019-07-30,SYMBOL,AABA,100,8,"[0.6,0.8)",28661,0.008634958235684527,0.011164997732109836,13,recomputed from symbol x 30-minute cell means and counts
2019-07-30,SYMBOL,AAL,100,8,"[0.6,0.8)",16696,0.035936852255733495,0.013895543842836608,13,recomputed from symbol x 30-minute cell means and counts
2019-07-30,SYMBOL,AAPL,100,8,"[0.6,0.8)",16521,0.020005841559254296,0.09115670964227347,13,recomputed from symbol x 30-minute cell means and counts
2019-07-30,SYMBOL,ADBE,100,8,"[0.6,0.8)",13372,0.011482222789673972,0.02998803469937182,13,recomputed from symbol x 30-minute cell means and counts
2019-07-30,SYMBOL,ADI,100,8,"[0.6,0.8)",8088,0.011658932276726005,0.032393669634025714,13,recomputed from symbol x 30-minute cell means and counts
2019-07-30,SYMBOL,ALXN,100,8,"[0.6,0.8)",9753,0.019127199075459872,0.02645339895416795,13,recomputed from symbol x 30-minute cell means and counts
2019-07-30,SYMBOL,AMAT,100,8,"[0.6,0.8)",25566,0.023665988647181467,0.01576312289759837,13,recomputed from symbol x 30-minute cell means and counts
2019-07-30,SYMBOL,AMD,100,8,"[0.6,0.8)",18909,0.0595195014710416,0.022899148553598814,13,recomputed from symbol x 30-minute cell means and counts
2019-07-30,SYMBOL,AMTD,100,8,"[0.6,0.8)",18288,0.020027003709751582,0.013943569553805775,13,recomputed from symbol x 30-minute cell means and counts
2019-07-30,SYMBOL,AMZN,100,8,"[0.6,0.8)",10176,0.004726087778100873,0.040880503144654086,13,recomputed from symbol x 30-minute cell means and counts
2019-07-30,SYMBOL,ATVI,100,8,"[0.6,0.8)",14935,0.03352432305253306,0.023167057248074992,13,recomputed from symbol x 30-minute cell means and counts
2019-07-30,SYMBOL,BYND,100,8,"[0.6,0.8)",23351,0.040238395056338194,0.056357329450558866,13,recomputed from symbol x 30-minute cell means and counts
2019-07-30,SYMBOL,CMCSA,100,8,"[0.6,0.8)",18550,0.022622877041284607,0.011051212938005392,13,recomputed from symbol x 30-minute cell means and counts
2019-07-30,SYMBOL,CRZO,100,8,"[0.6,0.8)",7605,0.16834010074673164,0.01814595660749507,13,recomputed from symbol x 30-minute cell means and counts
2019-07-30,SYMBOL,CSCO,100,8,"[0.6,0.8)",16048,0.02765269387710249,0.017634596211365903,13,recomputed from symbol x 30-minute cell means and counts
2019-07-30,SYMBOL,CSX,100,8,"[0.6,0.8)",15971,0.019529653352380702,0.01915972700519692,13,recomputed from symbol x 30-minute cell means and counts
2019-07-30,SYMBOL,CTSH,100,8,"[0.6,0.8)",18112,0.01922240727268449,0.01915856890459364,13,recomputed from symbol x 30-minute cell means and counts
2019-07-30,SYMBOL,DISCA,100,8,"[0.6,0.8)",17532,0.02200435366147516,0.009582477754962354,13,recomputed from symbol x 30-minute cell means and counts
2019-07-30,SYMBOL,DLTR,100,8,"[0.6,0.8)",11823,0.012592127293809601,0.018946121965660152,13,recomputed from symbol x 30-minute cell means and counts
2019-07-30,SYMBOL,EA,100,8,"[0.6,0.8)",15587,0.01905520510901433,0.02810034002694553,13,recomputed from symbol x 30-minute cell means and counts
2019-07-30,SYMBOL,EBAY,100,8,"[0.6,0.8)",23147,0.015781243326298624,0.007733183565904869,13,recomputed from symbol x 30-minute cell means and counts
2019-07-30,SYMBOL,ETFC,100,8,"[0.6,0.8)",13423,0.0276594321489565,0.02011472845116591,13,recomputed from symbol x 30-minute cell means and counts
2019-07-30,SYMBOL,FB,100,8,"[0.6,0.8)",24199,0.0056204570414158,0.05719244596884169,13,recomputed from symbol x 30-minute cell means and counts
2019-07-30,SYMBOL,FISV,100,8,"[0.6,0.8)",13337,0.014107173792093315,0.02451825747919322,13,recomputed from symbol x 30-minute cell means and counts
2019-07-30,SYMBOL,FITB,100,8,"[0.6,0.8)",22303,0.019290901917286243,0.0065462045464735686,13,recomputed from symbol x 30-minute cell means and counts
2019-07-30,SYMBOL,GILD,100,8,"[0.6,0.8)",11155,0.030513534199651825,0.028328103989242494,13,recomputed from symbol x 30-minute cell means and counts
2019-07-30,SYMBOL,GOOG,100,8,"[0.6,0.8)",12514,0.005504933226510075,0.04235256512705769,13,recomputed from symbol x 30-minute cell means and counts
2019-07-30,SYMBOL,GOOGL,100,8,"[0.6,0.8)",13009,-0.0033149571349210473,0.03635944346221846,13,recomputed from symbol x 30-minute cell means and counts
2019-07-30,SYMBOL,INTC,100,8,"[0.6,0.8)",17560,0.02595495217753434,0.017027334851936218,13,recomputed from symbol x 30-minute cell means and counts
2019-07-30,SYMBOL,KHC,100,8,"[0.6,0.8)",9032,0.025742143471754155,0.010407440212577503,13,recomputed from symbol x 30-minute cell means and counts
2019-07-30,SYMBOL,LRCX,100,8,"[0.6,0.8)",13092,0.010905892439949159,0.019095630919645584,13,recomputed from symbol x 30-minute cell means and counts
2019-07-30,SYMBOL,MAT,100,8,"[0.6,0.8)",21829,0.02722298956435066,0.004764304365751981,13,recomputed from symbol x 30-minute cell means and counts
2019-07-30,SYMBOL,MCHP,100,8,"[0.6,0.8)",9768,0.013949951256131852,0.022010647010647012,13,recomputed from symbol x 30-minute cell means and counts
2019-07-30,SYMBOL,MDLZ,100,8,"[0.6,0.8)",11566,0.031372081078028524,0.019712951755144387,13,recomputed from symbol x 30-minute cell means and counts
2019-07-30,SYMBOL,MRVL,100,8,"[0.6,0.8)",15788,0.035470484358345614,0.01045097542437294,13,recomputed from symbol x 30-minute cell means and counts
2019-07-30,SYMBOL,MSFT,100,8,"[0.6,0.8)",22190,0.02769994876469616,0.0583596214511041,13,recomputed from symbol x 30-minute cell means and counts
2019-07-30,SYMBOL,MU,100,8,"[0.6,0.8)",17095,0.06417015499802282,0.036150921322023986,13,recomputed from symbol x 30-minute cell means and counts
2019-07-30,SYMBOL,NFLX,100,8,"[0.6,0.8)",10051,0.00607322697265387,0.037210227838026064,13,recomputed from symbol x 30-minute cell means and counts
2019-07-30,SYMBOL,NVDA,100,8,"[0.6,0.8)",10445,0.016945168999406696,0.04317855433221637,13,recomputed from symbol x 30-minute cell means and counts
2019-07-30,SYMBOL,NWL,100,8,"[0.6,0.8)",18817,0.051596506968399555,0.010150395918584259,13,recomputed from symbol x 30-minute cell means and counts
2019-07-30,SYMBOL,NXPI,100,8,"[0.6,0.8)",14614,0.01625189826094339,0.023744354728342684,13,recomputed from symbol x 30-minute cell means and counts
2019-07-30,SYMBOL,ON,100,8,"[0.6,0.8)",23254,0.03598884130740213,0.009503741291820762,13,recomputed from symbol x 30-minute cell means and counts
2019-07-30,SYMBOL,PAYX,100,8,"[0.6,0.8)",22349,0.01028506175971062,0.01275224842274822,13,recomputed from symbol x 30-minute cell means and counts
2019-07-30,SYMBOL,PEP,100,8,"[0.6,0.8)",17767,0.016012274161196723,0.03512129228344684,13,recomputed from symbol x 30-minute cell means and counts
2019-07-30,SYMBOL,PTEN,100,8,"[0.6,0.8)",10174,0.1582396784535508,0.021525457047375664,13,recomputed from symbol x 30-minute cell means and counts
2019-07-30,SYMBOL,PYPL,100,8,"[0.6,0.8)",15109,0.016953621301039373,0.03375471573234496,13,recomputed from symbol x 30-minute cell means and counts
2019-07-30,SYMBOL,QCOM,100,8,"[0.6,0.8)",30494,0.015915983818379074,0.0189873417721519,13,recomputed from symbol x 30-minute cell means and counts
2019-07-30,SYMBOL,ROKU,100,8,"[0.6,0.8)",13324,0.007455265455348325,0.02169018312818973,13,recomputed from symbol x 30-minute cell means and counts
2019-07-30,SYMBOL,ROST,100,8,"[0.6,0.8)",17114,0.005862493015302458,0.01256281407035176,13,recomputed from symbol x 30-minute cell means and counts
2019-07-30,SYMBOL,SBUX,100,8,"[0.6,0.8)",15607,0.014587588643114182,0.021592874991990772,13,recomputed from symbol x 30-minute cell means and counts
2019-07-30,SYMBOL,SSNC,100,8,"[0.6,0.8)",16556,0.0358054531991525,0.031046146412176855,13,recomputed from symbol x 30-minute cell means and counts
2019-07-30,SYMBOL,STLD,100,8,"[0.6,0.8)",22050,0.027237501301192374,0.011700680272108844,13,recomputed from symbol x 30-minute cell means and counts
2019-07-30,SYMBOL,TER,100,8,"[0.6,0.8)",14361,0.02106973705878788,0.019497249495160504,13,recomputed from symbol x 30-minute cell means and counts
2019-07-30,SYMBOL,TMUS,100,8,"[0.6,0.8)",12386,0.014025716438598361,0.026320038753431294,13,recomputed from symbol x 30-minute cell means and counts
2019-07-30,SYMBOL,TSLA,100,8,"[0.6,0.8)",16706,0.016257107665470855,0.041721537172273435,13,recomputed from symbol x 30-minute cell means and counts
2019-07-30,SYMBOL,TXN,100,8,"[0.6,0.8)",8538,0.01862282115895398,0.04005621925509487,13,recomputed from symbol x 30-minute cell means and counts
2019-07-30,SYMBOL,WBA,100,8,"[0.6,0.8)",14654,0.02583759032282381,0.01917565169919476,13,recomputed from symbol x 30-minute cell means and counts
2019-07-30,SYMBOL,WDC,100,8,"[0.6,0.8)",18358,0.027350799731406163,0.020590478265606275,13,recomputed from symbol x 30-minute cell means and counts
2019-07-30,SYMBOL,XEL,100,8,"[0.6,0.8)",15893,0.03837451912762272,0.029761530233436105,13,recomputed from symbol x 30-minute cell means and counts
2019-07-30,SYMBOL,XLNX,100,8,"[0.6,0.8)",6367,0.011596473074603422,0.03078372860059683,13,recomputed from symbol x 30-minute cell means and counts
2019-07-30,SYMBOL,ZION,100,8,"[0.6,0.8)",21019,0.02187550113273623,0.021694657214900805,13,recomputed from symbol x 30-minute cell means and counts
2019-07-30,SYMBOL,AABA,100,9,"[0.8,1.0]",11353,0.019121697765294227,0.017968818814410287,13,recomputed from symbol x 30-minute cell means and counts
2019-07-30,SYMBOL,AAL,100,9,"[0.8,1.0]",6395,0.0398835119928952,0.015793588741204064,13,recomputed from symbol x 30-minute cell means and counts
2019-07-30,SYMBOL,AAPL,100,9,"[0.8,1.0]",13423,0.028636731723022207,0.11383446323474633,13,recomputed from symbol x 30-minute cell means and counts
2019-07-30,SYMBOL,ADBE,100,9,"[0.8,1.0]",43972,0.005203290477586185,0.020694987719457835,13,recomputed from symbol x 30-minute cell means and counts
2019-07-30,SYMBOL,ADI,100,9,"[0.8,1.0]",10941,0.008365578839813984,0.027236998446211497,13,recomputed from symbol x 30-minute cell means and counts
2019-07-30,SYMBOL,ALXN,100,9,"[0.8,1.0]",16565,0.01624300509574296,0.02040446725022638,13,recomputed from symbol x 30-minute cell means and counts
2019-07-30,SYMBOL,AMAT,100,9,"[0.8,1.0]",10224,0.031217893279494254,0.021028951486697967,13,recomputed from symbol x 30-minute cell means and counts
2019-07-30,SYMBOL,AMD,100,9,"[0.8,1.0]",8607,0.12778132489794872,0.047519460903915414,13,recomputed from symbol x 30-minute cell means and counts
2019-07-30,SYMBOL,AMTD,100,9,"[0.8,1.0]",5463,0.026087456748486875,0.016474464579901153,13,recomputed from symbol x 30-minute cell means and counts
2019-07-30,SYMBOL,AMZN,100,9,"[0.8,1.0]",41704,0.009039139946514972,0.03793401112603108,13,recomputed from symbol x 30-minute cell means and counts
2019-07-30,SYMBOL,ATVI,100,9,"[0.8,1.0]",4222,0.03875392260341382,0.03292278540975841,13,recomputed from symbol x 30-minute cell means and counts
2019-07-30,SYMBOL,BYND,100,9,"[0.8,1.0]",44288,0.04113368444902435,0.05326499277456647,13,recomputed from symbol x 30-minute cell means and counts
2019-07-30,SYMBOL,CMCSA,100,9,"[0.8,1.0]",5565,0.04598566736065367,0.02407906558849955,13,recomputed from symbol x 30-minute cell means and counts
2019-07-30,SYMBOL,CRZO,100,9,"[0.8,1.0]",3095,0.37360306078859984,0.03877221324717286,13,recomputed from symbol x 30-minute cell means and counts
2019-07-30,SYMBOL,CSCO,100,9,"[0.8,1.0]",6304,0.04868424250767921,0.03061548223350254,13,recomputed from symbol x 30-minute cell means and counts
2019-07-30,SYMBOL,CSX,100,9,"[0.8,1.0]",6550,0.017925349373853844,0.014809160305343511,13,recomputed from symbol x 30-minute cell means and counts
2019-07-30,SYMBOL,CTSH,100,9,"[0.8,1.0]",3098,0.03038393060109783,0.025177533892834086,13,recomputed from symbol x 30-minute cell means and counts
2019-07-30,SYMBOL,DISCA,100,9,"[0.8,1.0]",6377,0.034599427577188174,0.015054100674298259,13,recomputed from symbol x 30-minute cell means and counts
2019-07-30,SYMBOL,DLTR,100,9,"[0.8,1.0]",13371,0.00860978875491161,0.015556054147034627,13,recomputed from symbol x 30-minute cell means and counts
2019-07-30,SYMBOL,EA,100,9,"[0.8,1.0]",10545,0.0196398145217588,0.03394973921289711,13,recomputed from symbol x 30-minute cell means and counts
2019-07-30,SYMBOL,EBAY,100,9,"[0.8,1.0]",10123,0.03344713138942837,0.017484935295860912,13,recomputed from symbol x 30-minute cell means and counts
2019-07-30,SYMBOL,ETFC,100,9,"[0.8,1.0]",4299,0.024654138584585074,0.018376366596882996,13,recomputed from symbol x 30-minute cell means and counts
2019-07-30,SYMBOL,FB,100,9,"[0.8,1.0]",39518,0.013801909949598637,0.06753884305885925,13,recomputed from symbol x 30-minute cell means and counts
2019-07-30,SYMBOL,FISV,100,9,"[0.8,1.0]",4260,0.01478762752573255,0.03403755868544601,13,recomputed from symbol x 30-minute cell means and counts
2019-07-30,SYMBOL,FITB,100,9,"[0.8,1.0]",10204,0.04284659695129963,0.012544100352802822,13,recomputed from symbol x 30-minute cell means and counts
2019-07-30,SYMBOL,GILD,100,9,"[0.8,1.0]",6062,0.028873040401986707,0.03002309468822171,13,recomputed from symbol x 30-minute cell means and counts
2019-07-30,SYMBOL,GOOG,100,9,"[0.8,1.0]",65806,0.0015870679407769292,0.0315168829590007,13,recomputed from symbol x 30-minute cell means and counts
2019-07-30,SYMBOL,GOOGL,100,9,"[0.8,1.0]",60676,0.0022776886872120576,0.0310172061441097,13,recomputed from symbol x 30-minute cell means and counts
2019-07-30,SYMBOL,INTC,100,9,"[0.8,1.0]",6791,0.06329910989679059,0.03887498159328523,13,recomputed from symbol x 30-minute cell means and counts
2019-07-30,SYMBOL,KHC,100,9,"[0.8,1.0]",3026,0.05177640619454444,0.01982815598149372,12,recomputed from symbol x 30-minute cell means and counts
2019-07-30,SYMBOL,LRCX,100,9,"[0.8,1.0]",24593,0.008933142331095083,0.017647298011629325,13,recomputed from symbol x 30-minute cell means and counts
2019-07-30,SYMBOL,MAT,100,9,"[0.8,1.0]",11697,0.045693184398551,0.008207232623749679,13,recomputed from symbol x 30-minute cell means and counts
2019-07-30,SYMBOL,MCHP,100,9,"[0.8,1.0]",6649,0.014242046918164771,0.02842532711685968,13,recomputed from symbol x 30-minute cell means and counts
2019-07-30,SYMBOL,MDLZ,100,9,"[0.8,1.0]",3046,0.06269513374868382,0.040380827314510835,13,recomputed from symbol x 30-minute cell means and counts
2019-07-30,SYMBOL,MRVL,100,9,"[0.8,1.0]",7111,0.07326500339693132,0.021515961186893546,13,recomputed from symbol x 30-minute cell means and counts
2019-07-30,SYMBOL,MSFT,100,9,"[0.8,1.0]",11828,0.03556552405116685,0.06695975650997633,13,recomputed from symbol x 30-minute cell means and counts
2019-07-30,SYMBOL,MU,100,9,"[0.8,1.0]",7564,0.09305109856684708,0.05142781597038604,13,recomputed from symbol x 30-minute cell means and counts
2019-07-30,SYMBOL,NFLX,100,9,"[0.8,1.0]",24554,0.011512898537408086,0.030422741712144662,13,recomputed from symbol x 30-minute cell means and counts
2019-07-30,SYMBOL,NVDA,100,9,"[0.8,1.0]",18421,0.01304722548333579,0.04424298355138157,13,recomputed from symbol x 30-minute cell means and counts
2019-07-30,SYMBOL,NWL,100,9,"[0.8,1.0]",7435,0.09574595600787472,0.018022864828513785,13,recomputed from symbol x 30-minute cell means and counts
2019-07-30,SYMBOL,NXPI,100,9,"[0.8,1.0]",12012,0.020991747027192954,0.023976023976023976,13,recomputed from symbol x 30-minute cell means and counts
2019-07-30,SYMBOL,ON,100,9,"[0.8,1.0]",11387,0.06929824661515517,0.02028629138491262,13,recomputed from symbol x 30-minute cell means and counts
2019-07-30,SYMBOL,PAYX,100,9,"[0.8,1.0]",33790,0.006649551847764958,0.008079313406333234,13,recomputed from symbol x 30-minute cell means and counts
2019-07-30,SYMBOL,PEP,100,9,"[0.8,1.0]",8351,0.015821413278094366,0.030894503652257214,13,recomputed from symbol x 30-minute cell means and counts
2019-07-30,SYMBOL,PTEN,100,9,"[0.8,1.0]",3572,0.213105309316586,0.027435610302351622,13,recomputed from symbol x 30-minute cell means and counts
2019-07-30,SYMBOL,PYPL,100,9,"[0.8,1.0]",11655,0.019518760021844682,0.03346203346203346,13,recomputed from symbol x 30-minute cell means and counts
2019-07-30,SYMBOL,QCOM,100,9,"[0.8,1.0]",10894,0.031719513769562974,0.030750872039654854,13,recomputed from symbol x 30-minute cell means and counts
2019-07-30,SYMBOL,ROKU,100,9,"[0.8,1.0]",40463,0.012742512192312616,0.02258853767639572,13,recomputed from symbol x 30-minute cell means and counts
2019-07-30,SYMBOL,ROST,100,9,"[0.8,1.0]",12943,0.009106859298832936,0.01498879703314533,13,recomputed from symbol x 30-minute cell means and counts
2019-07-30,SYMBOL,SBUX,100,9,"[0.8,1.0]",5705,0.026301320376467225,0.03558282208588957,13,recomputed from symbol x 30-minute cell means and counts
2019-07-30,SYMBOL,SSNC,100,9,"[0.8,1.0]",7976,0.07056573226136215,0.03748746238716148,13,recomputed from symbol x 30-minute cell means and counts
2019-07-30,SYMBOL,STLD,100,9,"[0.8,1.0]",5500,0.02603300632130016,0.014,13,recomputed from symbol x 30-minute cell means and counts
2019-07-30,SYMBOL,TER,100,9,"[0.8,1.0]",5782,0.02748307926932737,0.017295053614666205,13,recomputed from symbol x 30-minute cell means and counts
2019-07-30,SYMBOL,TMUS,100,9,"[0.8,1.0]",7672,0.013644582622056211,0.023331595411887382,13,recomputed from symbol x 30-minute cell means and counts
2019-07-30,SYMBOL,TSLA,100,9,"[0.8,1.0]",25753,0.014899202374788376,0.04104376189181843,13,recomputed from symbol x 30-minute cell means and counts
2019-07-30,SYMBOL,TXN,100,9,"[0.8,1.0]",8038,0.01993968674987666,0.03657626275192834,13,recomputed from symbol x 30-minute cell means and counts
2019-07-30,SYMBOL,WBA,100,9,"[0.8,1.0]",6811,0.02629964450718005,0.0214359124944942,13,recomputed from symbol x 30-minute cell means and counts
2019-07-30,SYMBOL,WDC,100,9,"[0.8,1.0]",5193,0.029133459540568587,0.02368573079145003,13,recomputed from symbol x 30-minute cell means and counts
2019-07-30,SYMBOL,XEL,100,9,"[0.8,1.0]",4414,0.03684896639855026,0.02967829632985954,13,recomputed from symbol x 30-minute cell means and counts
2019-07-30,SYMBOL,XLNX,100,9,"[0.8,1.0]",7281,0.020574624321320248,0.029254223320972394,13,recomputed from symbol x 30-minute cell means and counts
2019-07-30,SYMBOL,ZION,100,9,"[0.8,1.0]",10402,0.02350384902321497,0.021534320323014805,13,recomputed from symbol x 30-minute cell means and counts
2019-07-30,SYMBOL,AABA,250,0,"[-1.0,-0.8)",8148,-0.04172531432331808,0.00859106529209622,13,recomputed from symbol x 30-minute cell means and counts
2019-07-30,SYMBOL,AAL,250,0,"[-1.0,-0.8)",5007,-0.1278483206006327,0.003395246654683443,13,recomputed from symbol x 30-minute cell means and counts
2019-07-30,SYMBOL,AAPL,250,0,"[-1.0,-0.8)",17045,-0.04615624378891277,0.07832208858902905,13,recomputed from symbol x 30-minute cell means and counts
2019-07-30,SYMBOL,ADBE,250,0,"[-1.0,-0.8)",31914,-0.019383524096239224,0.02610139750579683,13,recomputed from symbol x 30-minute cell means and counts
2019-07-30,SYMBOL,ADI,250,0,"[-1.0,-0.8)",18633,-0.021216726591639146,0.03585037299415016,13,recomputed from symbol x 30-minute cell means and counts
2019-07-30,SYMBOL,ALXN,250,0,"[-1.0,-0.8)",22081,-0.01813402399167673,0.03256193107196232,13,recomputed from symbol x 30-minute cell means and counts
2019-07-30,SYMBOL,AMAT,250,0,"[-1.0,-0.8)",3063,-0.12063851844552215,0.007835455435847209,13,recomputed from symbol x 30-minute cell means and counts
2019-07-30,SYMBOL,AMD,250,0,"[-1.0,-0.8)",7444,-0.26240805886817964,0.007119828049435787,13,recomputed from symbol x 30-minute cell means and counts
2019-07-30,SYMBOL,AMTD,250,0,"[-1.0,-0.8)",4920,-0.05973687358503419,0.0008130081300813008,13,recomputed from symbol x 30-minute cell means and counts
2019-07-30,SYMBOL,AMZN,250,0,"[-1.0,-0.8)",56622,-0.012181775779953668,0.06282010525943979,13,recomputed from symbol x 30-minute cell means and counts
2019-07-30,SYMBOL,ATVI,250,0,"[-1.0,-0.8)",6106,-0.08103922789424042,0.00982640026203734,13,recomputed from symbol x 30-minute cell means and counts
2019-07-30,SYMBOL,BYND,250,0,"[-1.0,-0.8)",29769,-0.036853496994272726,0.09896200745742215,13,recomputed from symbol x 30-minute cell means and counts
2019-07-30,SYMBOL,CMCSA,250,0,"[-1.0,-0.8)",4809,-0.10569785577786343,0.002079434393844874,13,recomputed from symbol x 30-minute cell means and counts
2019-07-30,SYMBOL,CRZO,250,0,"[-1.0,-0.8)",2256,-0.8700209412168949,0.0035460992907801418,13,recomputed from symbol x 30-minute cell means and counts
2019-07-30,SYMBOL,CSCO,250,0,"[-1.0,-0.8)",4634,-0.11856476587625635,0.002373759171342253,13,recomputed from symbol x 30-minute cell means and counts
2019-07-30,SYMBOL,CSX,250,0,"[-1.0,-0.8)",4595,-0.0506738836150434,0.010663764961915125,13,recomputed from symbol x 30-minute cell means and counts
2019-07-30,SYMBOL,CTSH,250,0,"[-1.0,-0.8)",5004,-0.04495828137170973,0.009592326139088728,13,recomputed from symbol x 30-minute cell means and counts
2019-07-30,SYMBOL,DISCA,250,0,"[-1.0,-0.8)",4358,-0.08544779083716754,0.0052776502983019734,13,recomputed from symbol x 30-minute cell means and counts
2019-07-30,SYMBOL,DLTR,250,0,"[-1.0,-0.8)",14120,-0.023130062971760127,0.012110481586402266,13,recomputed from symbol x 30-minute cell means and counts
2019-07-30,SYMBOL,EA,250,0,"[-1.0,-0.8)",12677,-0.03877226195049895,0.03896821014435592,13,recomputed from symbol x 30-minute cell means and counts
2019-07-30,SYMBOL,EBAY,250,0,"[-1.0,-0.8)",1882,-0.20114537639648325,0.003188097768331562,13,recomputed from symbol x 30-minute cell means and counts
2019-07-30,SYMBOL,ETFC,250,0,"[-1.0,-0.8)",5113,-0.04542539846213998,0.005671816937218854,13,recomputed from symbol x 30-minute cell means and counts
2019-07-30,SYMBOL,FB,250,0,"[-1.0,-0.8)",18174,-0.02521770219309857,0.09436557719819523,13,recomputed from symbol x 30-minute cell means and counts
2019-07-30,SYMBOL,FISV,250,0,"[-1.0,-0.8)",5201,-0.05438882363482041,0.03710824841376658,13,recomputed from symbol x 30-minute cell means and counts
2019-07-30,SYMBOL,FITB,250,0,"[-1.0,-0.8)",1979,-0.2579686306172275,0.00404244567963618,13,recomputed from symbol x 30-minute cell means and counts
2019-07-30,SYMBOL,GILD,250,0,"[-1.0,-0.8)",9855,-0.05621200432818532,0.008726534753932013,13,recomputed from symbol x 30-minute cell means and counts
2019-07-30,SYMBOL,GOOG,250,0,"[-1.0,-0.8)",40537,-0.004561289178423616,0.06394158423168957,13,recomputed from symbol x 30-minute cell means and counts
2019-07-30,SYMBOL,GOOGL,250,0,"[-1.0,-0.8)",49759,-0.004731782529086923,0.047086959143069596,13,recomputed from symbol x 30-minute cell means and counts
2019-07-30,SYMBOL,INTC,250,0,"[-1.0,-0.8)",9325,-0.08565937706995905,0.002680965147453083,13,recomputed from symbol x 30-minute cell means and counts
2019-07-30,SYMBOL,KHC,250,0,"[-1.0,-0.8)",7492,-0.10410426058237145,0.003203416978109984,13,recomputed from symbol x 30-minute cell means and counts
2019-07-30,SYMBOL,LRCX,250,0,"[-1.0,-0.8)",47980,-0.012378138768680397,0.020529387244685286,13,recomputed from symbol x 30-minute cell means and counts
2019-07-30,SYMBOL,MAT,250,0,"[-1.0,-0.8)",6883,-0.10286885964979565,0.001452854859799506,13,recomputed from symbol x 30-minute cell means and counts
2019-07-30,SYMBOL,MCHP,250,0,"[-1.0,-0.8)",11415,-0.028857864421864533,0.019010074463425317,13,recomputed from symbol x 30-minute cell means and counts
2019-07-30,SYMBOL,MDLZ,250,0,"[-1.0,-0.8)",4358,-0.11015372103428064,0.006195502524093621,13,recomputed from symbol x 30-minute cell means and counts
2019-07-30,SYMBOL,MRVL,250,0,"[-1.0,-0.8)",4732,-0.21449295653696293,0.00422654268808115,13,recomputed from symbol x 30-minute cell means and counts
2019-07-30,SYMBOL,MSFT,250,0,"[-1.0,-0.8)",9192,-0.08189635677465779,0.01588337684943429,13,recomputed from symbol x 30-minute cell means and counts
2019-07-30,SYMBOL,MU,250,0,"[-1.0,-0.8)",9189,-0.1694442489510691,0.008597235825443465,13,recomputed from symbol x 30-minute cell means and counts
2019-07-30,SYMBOL,NFLX,250,0,"[-1.0,-0.8)",37523,-0.028470061893952132,0.04642485941955601,13,recomputed from symbol x 30-minute cell means and counts
2019-07-30,SYMBOL,NVDA,250,0,"[-1.0,-0.8)",15063,-0.03271061115346249,0.06632144991037642,13,recomputed from symbol x 30-minute cell means and counts
2019-07-30,SYMBOL,NWL,250,0,"[-1.0,-0.8)",3692,-0.2366261165165307,0.0016251354279523294,13,recomputed from symbol x 30-minute cell means and counts
2019-07-30,SYMBOL,NXPI,250,0,"[-1.0,-0.8)",9230,-0.04561088742246349,0.027302275189599132,13,recomputed from symbol x 30-minute cell means and counts
2019-07-30,SYMBOL,ON,250,0,"[-1.0,-0.8)",9883,-0.13488560667118055,0.0020236770211474247,13,recomputed from symbol x 30-minute cell means and counts
2019-07-30,SYMBOL,PAYX,250,0,"[-1.0,-0.8)",5011,-0.05926311008945907,0.011374975054879265,13,recomputed from symbol x 30-minute cell means and counts
2019-07-30,SYMBOL,PEP,250,0,"[-1.0,-0.8)",7969,-0.03124376007283642,0.02083071903626553,13,recomputed from symbol x 30-minute cell means and counts
2019-07-30,SYMBOL,PTEN,250,0,"[-1.0,-0.8)",7261,-0.06416790499501346,0.003443051921222972,12,recomputed from symbol x 30-minute cell means and counts
2019-07-30,SYMBOL,PYPL,250,0,"[-1.0,-0.8)",6139,-0.06052638055117399,0.047727642938589346,13,recomputed from symbol x 30-minute cell means and counts
2019-07-30,SYMBOL,QCOM,250,0,"[-1.0,-0.8)",1628,-0.1273348210265068,0.012285012285012284,13,recomputed from symbol x 30-minute cell means and counts
2019-07-30,SYMBOL,ROKU,250,0,"[-1.0,-0.8)",43218,-0.029138497496926694,0.0324401869591374,13,recomputed from symbol x 30-minute cell means and counts
2019-07-30,SYMBOL,ROST,250,0,"[-1.0,-0.8)",24086,-0.019782793432298437,0.02254421655733621,13,recomputed from symbol x 30-minute cell means and counts
2019-07-30,SYMBOL,SBUX,250,0,"[-1.0,-0.8)",3729,-0.03123308887236174,0.02038079914186109,13,recomputed from symbol x 30-minute cell means and counts
2019-07-30,SYMBOL,SSNC,250,0,"[-1.0,-0.8)",7171,-0.06418311024889123,0.04936549993027472,13,recomputed from symbol x 30-minute cell means and counts
2019-07-30,SYMBOL,STLD,250,0,"[-1.0,-0.8)",3895,-0.0735978090105069,0.006418485237483954,13,recomputed from symbol x 30-minute cell means and counts
2019-07-30,SYMBOL,TER,250,0,"[-1.0,-0.8)",3338,-0.0981296092325374,0.010485320551228281,13,recomputed from symbol x 30-minute cell means and counts
2019-07-30,SYMBOL,TMUS,250,0,"[-1.0,-0.8)",6457,-0.029902312165538427,0.011460430540498683,13,recomputed from symbol x 30-minute cell means and counts
2019-07-30,SYMBOL,TSLA,250,0,"[-1.0,-0.8)",18930,-0.03499026135814549,0.056788166930797676,13,recomputed from symbol x 30-minute cell means and counts
2019-07-30,SYMBOL,TXN,250,0,"[-1.0,-0.8)",18443,-0.02921975380956936,0.027869652442661173,13,recomputed from symbol x 30-minute cell means and counts
2019-07-30,SYMBOL,WBA,250,0,"[-1.0,-0.8)",7772,-0.04644113903308246,0.00797735460627895,13,recomputed from symbol x 30-minute cell means and counts
2019-07-30,SYMBOL,WDC,250,0,"[-1.0,-0.8)",6236,-0.09424371032893772,0.01042334830019243,13,recomputed from symbol x 30-minute cell means and counts
2019-07-30,SYMBOL,XEL,250,0,"[-1.0,-0.8)",7342,-0.08824524639803004,0.0008172160174339417,13,recomputed from symbol x 30-minute cell means and counts
2019-07-30,SYMBOL,XLNX,250,0,"[-1.0,-0.8)",22455,-0.01499285655068385,0.02177688710754843,13,recomputed from symbol x 30-minute cell means and counts
2019-07-30,SYMBOL,ZION,250,0,"[-1.0,-0.8)",7357,-0.0861983705963699,0.007339948348511621,13,recomputed from symbol x 30-minute cell means and counts
2019-07-30,SYMBOL,AABA,250,1,"[-0.8,-0.6)",16702,-0.030558241946784883,0.009879056400431087,13,recomputed from symbol x 30-minute cell means and counts
2019-07-30,SYMBOL,AAL,250,1,"[-0.8,-0.6)",13554,-0.0877351903257529,0.00405784270326103,13,recomputed from symbol x 30-minute cell means and counts
2019-07-30,SYMBOL,AAPL,250,1,"[-0.8,-0.6)",20951,-0.029211890888233456,0.08873084816953845,13,recomputed from symbol x 30-minute cell means and counts
2019-07-30,SYMBOL,ADBE,250,1,"[-0.8,-0.6)",10622,-0.011018058513432342,0.029749576350969687,13,recomputed from symbol x 30-minute cell means and counts
2019-07-30,SYMBOL,ADI,250,1,"[-0.8,-0.6)",8136,-0.03305737874603436,0.03502949852507375,13,recomputed from symbol x 30-minute cell means and counts
2019-07-30,SYMBOL,ALXN,250,1,"[-0.8,-0.6)",7871,-0.008869799959842835,0.03709820861389913,13,recomputed from symbol x 30-minute cell means and counts
2019-07-30,SYMBOL,AMAT,250,1,"[-0.8,-0.6)",9674,-0.09047511625393427,0.009406657018813314,13,recomputed from symbol x 30-minute cell means and counts
2019-07-30,SYMBOL,AMD,250,1,"[-0.8,-0.6)",21523,-0.09691403148974405,0.005993588254425498,13,recomputed from symbol x 30-minute cell means and counts
2019-07-30,SYMBOL,AMTD,250,1,"[-0.8,-0.6)",19253,-0.04263985702194363,0.0037916168908741494,13,recomputed from symbol x 30-minute cell means and counts
2019-07-30,SYMBOL,AMZN,250,1,"[-0.8,-0.6)",11446,-0.013584321574360866,0.06683557574698584,13,recomputed from symbol x 30-minute cell means and counts
2019-07-30,SYMBOL,ATVI,250,1,"[-0.8,-0.6)",18919,-0.0607619236687461,0.010677097098155293,13,recomputed from symbol x 30-minute cell means and counts
2019-07-30,SYMBOL,BYND,250,1,"[-0.8,-0.6)",15082,-0.08570730980219408,0.08632807319984087,13,recomputed from symbol x 30-minute cell means and counts
2019-07-30,SYMBOL,CMCSA,250,1,"[-0.8,-0.6)",16409,-0.04040585518667907,0.0014016698153452374,13,recomputed from symbol x 30-minute cell means and counts
2019-07-30,SYMBOL,CRZO,250,1,"[-0.8,-0.6)",6181,-0.46729506182643593,0.0017796473062611229,13,recomputed from symbol x 30-minute cell means and counts
2019-07-30,SYMBOL,CSCO,250,1,"[-0.8,-0.6)",12491,-0.06332972557719738,0.0039228244335921866,13,recomputed from symbol x 30-minute cell means and counts
2019-07-30,SYMBOL,CSX,250,1,"[-0.8,-0.6)",15072,-0.04888643394372645,0.009156050955414012,13,recomputed from symbol x 30-minute cell means and counts
2019-07-30,SYMBOL,CTSH,250,1,"[-0.8,-0.6)",11456,-0.03922359774919362,0.006634078212290503,13,recomputed from symbol x 30-minute cell means and counts
2019-07-30,SYMBOL,DISCA,250,1,"[-0.8,-0.6)",14506,-0.07339773046778068,0.0019991727561009236,13,recomputed from symbol x 30-minute cell means and counts
2019-07-30,SYMBOL,DLTR,250,1,"[-0.8,-0.6)",11145,-0.02792658224775418,0.015074024226110363,13,recomputed from symbol x 30-minute cell means and counts
2019-07-30,SYMBOL,EA,250,1,"[-0.8,-0.6)",9411,-0.027631962018139163,0.03102752098608012,13,recomputed from symbol x 30-minute cell means and counts
2019-07-30,SYMBOL,EBAY,250,1,"[-0.8,-0.6)",6999,-0.07773137203300488,0.0020002857551078726,13,recomputed from symbol x 30-minute cell means and counts
2019-07-30,SYMBOL,ETFC,250,1,"[-0.8,-0.6)",17310,-0.06371064680563378,0.005083766608896592,13,recomputed from symbol x 30-minute cell means and counts
2019-07-30,SYMBOL,FB,250,1,"[-0.8,-0.6)",15288,-0.002688572553441139,0.09955520669806384,13,recomputed from symbol x 30-minute cell means and counts
2019-07-30,SYMBOL,FISV,250,1,"[-0.8,-0.6)",17386,-0.03634268308205584,0.029679052110893823,13,recomputed from symbol x 30-minute cell means and counts
2019-07-30,SYMBOL,FITB,250,1,"[-0.8,-0.6)",9876,-0.08284049458521105,0.0022276225192385582,13,recomputed from symbol x 30-minute cell means and counts
2019-07-30,SYMBOL,GILD,250,1,"[-0.8,-0.6)",24784,-0.036953485193869776,0.010006455777921239,13,recomputed from symbol x 30-minute cell means and counts
2019-07-30,SYMBOL,GOOG,250,1,"[-0.8,-0.6)",9890,0.00866867498248906,0.07664307381193125,13,recomputed from symbol x 30-minute cell means and counts
2019-07-30,SYMBOL,GOOGL,250,1,"[-0.8,-0.6)",11324,-0.005786120483315547,0.05316142705757683,13,recomputed from symbol x 30-minute cell means and counts
2019-07-30,SYMBOL,INTC,250,1,"[-0.8,-0.6)",19046,-0.05719829471587234,0.0024152052924498583,13,recomputed from symbol x 30-minute cell means and counts
2019-07-30,SYMBOL,KHC,250,1,"[-0.8,-0.6)",20602,-0.05666861060452385,0.002572565770313562,13,recomputed from symbol x 30-minute cell means and counts
2019-07-30,SYMBOL,LRCX,250,1,"[-0.8,-0.6)",13251,-0.01313382377715194,0.025582974869821147,13,recomputed from symbol x 30-minute cell means and counts
2019-07-30,SYMBOL,MAT,250,1,"[-0.8,-0.6)",15133,-0.05726585879420711,0.0027093107777704357,13,recomputed from symbol x 30-minute cell means and counts
2019-07-30,SYMBOL,MCHP,250,1,"[-0.8,-0.6)",8224,-0.018984723510039457,0.021400778210116732,13,recomputed from symbol x 30-minute cell means and counts
2019-07-30,SYMBOL,MDLZ,250,1,"[-0.8,-0.6)",11408,-0.07794066575495591,0.002717391304347826,13,recomputed from symbol x 30-minute cell means and counts
2019-07-30,SYMBOL,MRVL,250,1,"[-0.8,-0.6)",15727,-0.07014863520771608,0.0030520760475615184,13,recomputed from symbol x 30-minute cell means and counts
2019-07-30,SYMBOL,MSFT,250,1,"[-0.8,-0.6)",18948,-0.05861455353253346,0.016466117796073463,13,recomputed from symbol x 30-minute cell means and counts
2019-07-30,SYMBOL,MU,250,1,"[-0.8,-0.6)",22608,-0.08318132911370481,0.010306086341118188,13,recomputed from symbol x 30-minute cell means and counts
2019-07-30,SYMBOL,NFLX,250,1,"[-0.8,-0.6)",10226,-0.016333191696559522,0.052317621748484255,13,recomputed from symbol x 30-minute cell means and counts
2019-07-30,SYMBOL,NVDA,250,1,"[-0.8,-0.6)",9051,-0.04438053193493793,0.05469008949287372,13,recomputed from symbol x 30-minute cell means and counts
2019-07-30,SYMBOL,NWL,250,1,"[-0.8,-0.6)",13713,-0.15315594299698626,0.003646175162254795,13,recomputed from symbol x 30-minute cell means and counts
2019-07-30,SYMBOL,NXPI,250,1,"[-0.8,-0.6)",11305,-0.018839436806392374,0.025829279080053075,13,recomputed from symbol x 30-minute cell means and counts
2019-07-30,SYMBOL,ON,250,1,"[-0.8,-0.6)",18651,-0.08584339163219135,0.0035923006809286365,13,recomputed from symbol x 30-minute cell means and counts
2019-07-30,SYMBOL,PAYX,250,1,"[-0.8,-0.6)",12251,-0.04447372106520675,0.00816259897151253,13,recomputed from symbol x 30-minute cell means and counts
2019-07-30,SYMBOL,PEP,250,1,"[-0.8,-0.6)",9778,-0.04019593617976577,0.014317856412354264,13,recomputed from symbol x 30-minute cell means and counts
2019-07-30,SYMBOL,PTEN,250,1,"[-0.8,-0.6)",13706,-0.19011612678120368,0.004158762585728878,13,recomputed from symbol x 30-minute cell means and counts
2019-07-30,SYMBOL,PYPL,250,1,"[-0.8,-0.6)",11242,-0.03986903633528005,0.037804661092332326,13,recomputed from symbol x 30-minute cell means and counts
2019-07-30,SYMBOL,QCOM,250,1,"[-0.8,-0.6)",6750,-0.07197127451720062,0.008,13,recomputed from symbol x 30-minute cell means and counts
2019-07-30,SYMBOL,ROKU,250,1,"[-0.8,-0.6)",10929,-0.0013369301780383396,0.03897886357397749,13,recomputed from symbol x 30-minute cell means and counts
2019-07-30,SYMBOL,ROST,250,1,"[-0.8,-0.6)",11848,-0.011686984077347523,0.02261985145172181,13,recomputed from symbol x 30-minute cell means and counts
2019-07-30,SYMBOL,SBUX,250,1,"[-0.8,-0.6)",13723,-0.043786933842009705,0.007724258544050135,13,recomputed from symbol x 30-minute cell means and counts
2019-07-30,SYMBOL,SSNC,250,1,"[-0.8,-0.6)",17858,-0.08579087726999629,0.037966177623474075,13,recomputed from symbol x 30-minute cell means and counts
2019-07-30,SYMBOL,STLD,250,1,"[-0.8,-0.6)",11100,-0.061395687423310835,0.005495495495495496,13,recomputed from symbol x 30-minute cell means and counts
2019-07-30,SYMBOL,TER,250,1,"[-0.8,-0.6)",9383,-0.06063968462818507,0.01406799531066823,13,recomputed from symbol x 30-minute cell means and counts
2019-07-30,SYMBOL,TMUS,250,1,"[-0.8,-0.6)",11914,-0.03522393564680028,0.013681383246600638,13,recomputed from symbol x 30-minute cell means and counts
2019-07-30,SYMBOL,TSLA,250,1,"[-0.8,-0.6)",10769,-0.033080067848448566,0.06202990064072802,13,recomputed from symbol x 30-minute cell means and counts
2019-07-30,SYMBOL,TXN,250,1,"[-0.8,-0.6)",10346,-0.03604816986586724,0.02339068238932921,13,recomputed from symbol x 30-minute cell means and counts
2019-07-30,SYMBOL,WBA,250,1,"[-0.8,-0.6)",16927,-0.04170134519033454,0.0052578720387546525,13,recomputed from symbol x 30-minute cell means and counts
2019-07-30,SYMBOL,WDC,250,1,"[-0.8,-0.6)",10983,-0.05447699439055627,0.011836474551579714,13,recomputed from symbol x 30-minute cell means and counts
2019-07-30,SYMBOL,XEL,250,1,"[-0.8,-0.6)",21023,-0.06943766397861241,0.004043190791038386,13,recomputed from symbol x 30-minute cell means and counts
2019-07-30,SYMBOL,XLNX,250,1,"[-0.8,-0.6)",12034,-0.022066330192036382,0.03058002326740901,13,recomputed from symbol x 30-minute cell means and counts
2019-07-30,SYMBOL,ZION,250,1,"[-0.8,-0.6)",18830,-0.06466547687574073,0.0064259160913436005,13,recomputed from symbol x 30-minute cell means and counts
2019-07-30,SYMBOL,AABA,250,2,"[-0.6,-0.4)",26035,-0.017291819094604234,0.007336278087190321,13,recomputed from symbol x 30-minute cell means and counts
2019-07-30,SYMBOL,AAL,250,2,"[-0.6,-0.4)",22357,-0.04975382275651104,0.006530393165451537,13,recomputed from symbol x 30-minute cell means and counts
2019-07-30,SYMBOL,AAPL,250,2,"[-0.6,-0.4)",26074,-0.01918167658787413,0.09446191608498888,13,recomputed from symbol x 30-minute cell means and counts
2019-07-30,SYMBOL,ADBE,250,2,"[-0.6,-0.4)",12944,-0.011553895999349386,0.032138442521631644,13,recomputed from symbol x 30-minute cell means and counts
2019-07-30,SYMBOL,ADI,250,2,"[-0.6,-0.4)",15744,-0.028923206156255994,0.034171747967479675,13,recomputed from symbol x 30-minute cell means and counts
2019-07-30,SYMBOL,ALXN,250,2,"[-0.6,-0.4)",16913,-0.03191070382404615,0.023354815822148642,13,recomputed from symbol x 30-minute cell means and counts
2019-07-30,SYMBOL,AMAT,250,2,"[-0.6,-0.4)",20382,-0.052675621796257885,0.010597586105387106,13,recomputed from symbol x 30-minute cell means and counts
2019-07-30,SYMBOL,AMD,250,2,"[-0.6,-0.4)",27680,-0.05745323644466483,0.006647398843930636,13,recomputed from symbol x 30-minute cell means and counts
2019-07-30,SYMBOL,AMTD,250,2,"[-0.6,-0.4)",27553,-0.02543351003030197,0.006569157623489275,13,recomputed from symbol x 30-minute cell means and counts
2019-07-30,SYMBOL,AMZN,250,2,"[-0.6,-0.4)",12985,-0.0016605085946123188,0.06707739699653446,13,recomputed from symbol x 30-minute cell means and counts
2019-07-30,SYMBOL,ATVI,250,2,"[-0.6,-0.4)",27420,-0.0445802741160278,0.013202042304886944,13,recomputed from symbol x 30-minute cell means and counts
2019-07-30,SYMBOL,BYND,250,2,"[-0.6,-0.4)",18795,-0.09991509268800132,0.07778664538441074,13,recomputed from symbol x 30-minute cell means and counts
2019-07-30,SYMBOL,CMCSA,250,2,"[-0.6,-0.4)",27769,-0.029021420933523813,0.0018725917389895207,13,recomputed from symbol x 30-minute cell means and counts
2019-07-30,SYMBOL,CRZO,250,2,"[-0.6,-0.4)",18177,-0.14041657305369776,0.002420641469989547,13,recomputed from symbol x 30-minute cell means and counts
2019-07-30,SYMBOL,CSCO,250,2,"[-0.6,-0.4)",20095,-0.044147124222838244,0.0028365264991291367,13,recomputed from symbol x 30-minute cell means and counts
2019-07-30,SYMBOL,CSX,250,2,"[-0.6,-0.4)",31045,-0.030201815203357806,0.01091963279110968,13,recomputed from symbol x 30-minute cell means and counts
2019-07-30,SYMBOL,CTSH,250,2,"[-0.6,-0.4)",23696,-0.03295856391021241,0.008735651586765699,13,recomputed from symbol x 30-minute cell means and counts
2019-07-30,SYMBOL,DISCA,250,2,"[-0.6,-0.4)",26191,-0.028326294971155977,0.004543545492726509,13,recomputed from symbol x 30-minute cell means and counts
2019-07-30,SYMBOL,DLTR,250,2,"[-0.6,-0.4)",18259,-0.015638998972964162,0.018949559121529107,13,recomputed from symbol x 30-minute cell means and counts
2019-07-30,SYMBOL,EA,250,2,"[-0.6,-0.4)",19179,-0.02970541161872764,0.03123207675061265,13,recomputed from symbol x 30-minute cell means and counts
2019-07-30,SYMBOL,EBAY,250,2,"[-0.6,-0.4)",14955,-0.05038054619135166,0.0022066198595787363,13,recomputed from symbol x 30-minute cell means and counts
2019-07-30,SYMBOL,ETFC,250,2,"[-0.6,-0.4)",31342,-0.03863757806520777,0.007083147214600217,13,recomputed from symbol x 30-minute cell means and counts
2019-07-30,SYMBOL,FB,250,2,"[-0.6,-0.4)",12027,-0.02649533209176673,0.0799866965993182,13,recomputed from symbol x 30-minute cell means and counts
2019-07-30,SYMBOL,FISV,250,2,"[-0.6,-0.4)",33543,-0.02740254283512875,0.03216766538473005,13,recomputed from symbol x 30-minute cell means and counts
2019-07-30,SYMBOL,FITB,250,2,"[-0.6,-0.4)",15003,-0.05048900941590551,0.003266013463973872,13,recomputed from symbol x 30-minute cell means and counts
2019-07-30,SYMBOL,GILD,250,2,"[-0.6,-0.4)",31255,-0.023952729500612054,0.015325547912334026,13,recomputed from symbol x 30-minute cell means and counts
2019-07-30,SYMBOL,GOOG,250,2,"[-0.6,-0.4)",8797,0.0010240655343708997,0.07195634875525747,13,recomputed from symbol x 30-minute cell means and counts
2019-07-30,SYMBOL,GOOGL,250,2,"[-0.6,-0.4)",14254,-0.0036576099273523542,0.05310789953697208,13,recomputed from symbol x 30-minute cell means and counts
2019-07-30,SYMBOL,INTC,250,2,"[-0.6,-0.4)",28399,-0.03396087557065864,0.004084650867988309,13,recomputed from symbol x 30-minute cell means and counts
2019-07-30,SYMBOL,KHC,250,2,"[-0.6,-0.4)",33959,-0.016962565045716353,0.003828145705114992,13,recomputed from symbol x 30-minute cell means and counts
2019-07-30,SYMBOL,LRCX,250,2,"[-0.6,-0.4)",17910,-0.00275143476204124,0.025739810161920715,13,recomputed from symbol x 30-minute cell means and counts
2019-07-30,SYMBOL,MAT,250,2,"[-0.6,-0.4)",18957,-0.05320045164116024,0.0023737933217281215,13,recomputed from symbol x 30-minute cell means and counts
2019-07-30,SYMBOL,MCHP,250,2,"[-0.6,-0.4)",19478,-0.02186927825460347,0.020844029161104838,13,recomputed from symbol x 30-minute cell means and counts
2019-07-30,SYMBOL,MDLZ,250,2,"[-0.6,-0.4)",25249,-0.040185034954928894,0.0043170026535704386,13,recomputed from symbol x 30-minute cell means and counts
2019-07-30,SYMBOL,MRVL,250,2,"[-0.6,-0.4)",22276,-0.03698387476074608,0.0020201113305799963,13,recomputed from symbol x 30-minute cell means and counts
2019-07-30,SYMBOL,MSFT,250,2,"[-0.6,-0.4)",23853,-0.04006831449582353,0.027879092776589946,13,recomputed from symbol x 30-minute cell means and counts
2019-07-30,SYMBOL,MU,250,2,"[-0.6,-0.4)",33915,-0.05358440253862181,0.009730207872622734,13,recomputed from symbol x 30-minute cell means and counts
2019-07-30,SYMBOL,NFLX,250,2,"[-0.6,-0.4)",16765,-0.01587586801531348,0.04813599761407695,13,recomputed from symbol x 30-minute cell means and counts
2019-07-30,SYMBOL,NVDA,250,2,"[-0.6,-0.4)",19548,-0.029785808143023944,0.05632289748311848,13,recomputed from symbol x 30-minute cell means and counts
2019-07-30,SYMBOL,NWL,250,2,"[-0.6,-0.4)",24744,-0.08921571198767765,0.004081797607500808,13,recomputed from symbol x 30-minute cell means and counts
2019-07-30,SYMBOL,NXPI,250,2,"[-0.6,-0.4)",24726,-0.020660419283749783,0.027016096416727333,13,recomputed from symbol x 30-minute cell means and counts
2019-07-30,SYMBOL,ON,250,2,"[-0.6,-0.4)",23248,-0.04956851689387254,0.0030970406056434964,13,recomputed from symbol x 30-minute cell means and counts
2019-07-30,SYMBOL,PAYX,250,2,"[-0.6,-0.4)",21150,-0.028554325751942663,0.008794326241134751,13,recomputed from symbol x 30-minute cell means and counts
2019-07-30,SYMBOL,PEP,250,2,"[-0.6,-0.4)",22831,-0.032045882630403554,0.019622443169374972,13,recomputed from symbol x 30-minute cell means and counts
2019-07-30,SYMBOL,PTEN,250,2,"[-0.6,-0.4)",26263,-0.11795027702746086,0.004949929558694742,13,recomputed from symbol x 30-minute cell means and counts
2019-07-30,SYMBOL,PYPL,250,2,"[-0.6,-0.4)",21545,-0.032260787917223685,0.0349036899512648,13,recomputed from symbol x 30-minute cell means and counts
2019-07-30,SYMBOL,QCOM,250,2,"[-0.6,-0.4)",14518,-0.05709005265561719,0.009574321531891444,13,recomputed from symbol x 30-minute cell means and counts
2019-07-30,SYMBOL,ROKU,250,2,"[-0.6,-0.4)",11485,-0.021766117802899353,0.03395733565520244,13,recomputed from symbol x 30-minute cell means and counts
2019-07-30,SYMBOL,ROST,250,2,"[-0.6,-0.4)",18822,-0.04908773985942433,0.021411114653065562,13,recomputed from symbol x 30-minute cell means and counts
2019-07-30,SYMBOL,SBUX,250,2,"[-0.6,-0.4)",23104,-0.027691400486078124,0.013590720221606649,13,recomputed from symbol x 30-minute cell means and counts
2019-07-30,SYMBOL,SSNC,250,2,"[-0.6,-0.4)",30221,-0.05488801306235452,0.04225538532808312,13,recomputed from symbol x 30-minute cell means and counts
2019-07-30,SYMBOL,STLD,250,2,"[-0.6,-0.4)",22289,-0.04465513438169555,0.005024900174974202,13,recomputed from symbol x 30-minute cell means and counts
2019-07-30,SYMBOL,TER,250,2,"[-0.6,-0.4)",23280,-0.0421583054504034,0.01486254295532646,13,recomputed from symbol x 30-minute cell means and counts
2019-07-30,SYMBOL,TMUS,250,2,"[-0.6,-0.4)",27627,-0.026359024630198024,0.015926448763890398,13,recomputed from symbol x 30-minute cell means and counts
2019-07-30,SYMBOL,TSLA,250,2,"[-0.6,-0.4)",25372,-0.02208092153817063,0.05683430553365915,13,recomputed from symbol x 30-minute cell means and counts
2019-07-30,SYMBOL,TXN,250,2,"[-0.6,-0.4)",24106,-0.02185480726103481,0.033311208827677755,13,recomputed from symbol x 30-minute cell means and counts
2019-07-30,SYMBOL,WBA,250,2,"[-0.6,-0.4)",30932,-0.027511959469874895,0.0055929134876503295,13,recomputed from symbol x 30-minute cell means and counts
2019-07-30,SYMBOL,WDC,250,2,"[-0.6,-0.4)",23487,-0.0548642767634424,0.012687869885468557,13,recomputed from symbol x 30-minute cell means and counts
2019-07-30,SYMBOL,XEL,250,2,"[-0.6,-0.4)",29041,-0.04906001956431417,0.005406149925966736,13,recomputed from symbol x 30-minute cell means and counts
2019-07-30,SYMBOL,XLNX,250,2,"[-0.6,-0.4)",22317,-0.022098558338311175,0.025720302908096966,13,recomputed from symbol x 30-minute cell means and counts
2019-07-30,SYMBOL,ZION,250,2,"[-0.6,-0.4)",25731,-0.05545643656851738,0.010026815902996386,13,recomputed from symbol x 30-minute cell means and counts
2019-07-30,SYMBOL,AABA,250,3,"[-0.4,-0.2)",27043,-0.009672240900075573,0.010316902710498095,13,recomputed from symbol x 30-minute cell means and counts
2019-07-30,SYMBOL,AAL,250,3,"[-0.4,-0.2)",32427,-0.030153426596263064,0.0053658987880469975,13,recomputed from symbol x 30-minute cell means and counts
2019-07-30,SYMBOL,AAPL,250,3,"[-0.4,-0.2)",28131,-0.01519301627245126,0.09135828800966905,13,recomputed from symbol x 30-minute cell means and counts
2019-07-30,SYMBOL,ADBE,250,3,"[-0.4,-0.2)",17143,-0.010729488166823713,0.03774135215539871,13,recomputed from symbol x 30-minute cell means and counts
2019-07-30,SYMBOL,ADI,250,3,"[-0.4,-0.2)",31408,-0.016192204948520392,0.04158176260825267,13,recomputed from symbol x 30-minute cell means and counts
2019-07-30,SYMBOL,ALXN,250,3,"[-0.4,-0.2)",27797,-0.017472708475488114,0.028168507392884123,13,recomputed from symbol x 30-minute cell means and counts
2019-07-30,SYMBOL,AMAT,250,3,"[-0.4,-0.2)",25902,-0.03151585431496946,0.01586750057910586,13,recomputed from symbol x 30-minute cell means and counts
2019-07-30,SYMBOL,AMD,250,3,"[-0.4,-0.2)",29585,-0.03038589869356244,0.008179820855163089,13,recomputed from symbol x 30-minute cell means and counts
2019-07-30,SYMBOL,AMTD,250,3,"[-0.4,-0.2)",32891,-0.015555838609139717,0.00805691526557417,13,recomputed from symbol x 30-minute cell means and counts
2019-07-30,SYMBOL,AMZN,250,3,"[-0.4,-0.2)",10176,-0.011427806359576647,0.07163915094339622,13,recomputed from symbol x 30-minute cell means and counts
2019-07-30,SYMBOL,ATVI,250,3,"[-0.4,-0.2)",32088,-0.02666063937009109,0.015083520319122414,13,recomputed from symbol x 30-minute cell means and counts
2019-07-30,SYMBOL,BYND,250,3,"[-0.4,-0.2)",18528,-0.025596189601362937,0.08808290155440414,13,recomputed from symbol x 30-minute cell means and counts
2019-07-30,SYMBOL,CMCSA,250,3,"[-0.4,-0.2)",32686,-0.01679048772789832,0.002202777947745212,13,recomputed from symbol x 30-minute cell means and counts
2019-07-30,SYMBOL,CRZO,250,3,"[-0.4,-0.2)",35513,-0.05391420548814743,0.001971109171289387,13,recomputed from symbol x 30-minute cell means and counts
2019-07-30,SYMBOL,CSCO,250,3,"[-0.4,-0.2)",30813,-0.018751026786097538,0.0035699217862590464,13,recomputed from symbol x 30-minute cell means and counts
2019-07-30,SYMBOL,CSX,250,3,"[-0.4,-0.2)",33085,-0.014139965370700532,0.015414840562188304,13,recomputed from symbol x 30-minute cell means and counts
2019-07-30,SYMBOL,CTSH,250,3,"[-0.4,-0.2)",30059,-0.022400659776232852,0.011444159819022588,13,recomputed from symbol x 30-minute cell means and counts
2019-07-30,SYMBOL,DISCA,250,3,"[-0.4,-0.2)",31666,-0.015216676263388173,0.006252763216067707,13,recomputed from symbol x 30-minute cell means and counts
2019-07-30,SYMBOL,DLTR,250,3,"[-0.4,-0.2)",31616,-0.013369827333324955,0.014233299595141701,13,recomputed from symbol x 30-minute cell means and counts
2019-07-30,SYMBOL,EA,250,3,"[-0.4,-0.2)",28616,-0.01970605777359422,0.03452613922281241,13,recomputed from symbol x 30-minute cell means and counts
2019-07-30,SYMBOL,EBAY,250,3,"[-0.4,-0.2)",23515,-0.022196906195431094,0.003997448437167765,13,recomputed from symbol x 30-minute cell means and counts
2019-07-30,SYMBOL,ETFC,250,3,"[-0.4,-0.2)",33780,-0.017961350822674586,0.011841326228537596,13,recomputed from symbol x 30-minute cell means and counts
2019-07-30,SYMBOL,FB,250,3,"[-0.4,-0.2)",18558,-0.02123214283570453,0.08864101735100766,13,recomputed from symbol x 30-minute cell means and counts
2019-07-30,SYMBOL,FISV,250,3,"[-0.4,-0.2)",34243,-0.007065808729002646,0.03644540490027159,13,recomputed from symbol x 30-minute cell means and counts
2019-07-30,SYMBOL,FITB,250,3,"[-0.4,-0.2)",23133,-0.02148256990658409,0.003025980201443825,13,recomputed from symbol x 30-minute cell means and counts
2019-07-30,SYMBOL,GILD,250,3,"[-0.4,-0.2)",38538,-0.01943898742933539,0.01616586226581556,13,recomputed from symbol x 30-minute cell means and counts
2019-07-30,SYMBOL,GOOG,250,3,"[-0.4,-0.2)",10082,-0.013963252038097623,0.05832176155524697,13,recomputed from symbol x 30-minute cell means and counts
2019-07-30,SYMBOL,GOOGL,250,3,"[-0.4,-0.2)",11405,-0.006150849295820076,0.04690925032880316,13,recomputed from symbol x 30-minute cell means and counts
2019-07-30,SYMBOL,INTC,250,3,"[-0.4,-0.2)",34424,-0.01816632218750693,0.005984197071810365,13,recomputed from symbol x 30-minute cell means and counts
2019-07-30,SYMBOL,KHC,250,3,"[-0.4,-0.2)",37696,-0.010389170440226945,0.004589346349745331,13,recomputed from symbol x 30-minute cell means and counts
2019-07-30,SYMBOL,LRCX,250,3,"[-0.4,-0.2)",27170,-0.011450202768565013,0.027199116672800883,13,recomputed from symbol x 30-minute cell means and counts
2019-07-30,SYMBOL,MAT,250,3,"[-0.4,-0.2)",26153,-0.01909284778923595,0.0034795243375520973,13,recomputed from symbol x 30-minute cell means and counts
2019-07-30,SYMBOL,MCHP,250,3,"[-0.4,-0.2)",32778,-0.015137780857563338,0.023399841357007747,13,recomputed from symbol x 30-minute cell means and counts
2019-07-30,SYMBOL,MDLZ,250,3,"[-0.4,-0.2)",30172,-0.018768553392539113,0.0074572451279331835,13,recomputed from symbol x 30-minute cell means and counts
2019-07-30,SYMBOL,MRVL,250,3,"[-0.4,-0.2)",32718,-0.021408057233233406,0.00238400880249404,13,recomputed from symbol x 30-minute cell means and counts
2019-07-30,SYMBOL,MSFT,250,3,"[-0.4,-0.2)",27665,-0.021409179565166664,0.04247243809868064,13,recomputed from symbol x 30-minute cell means and counts
2019-07-30,SYMBOL,MU,250,3,"[-0.4,-0.2)",34067,-0.026095565905691218,0.012651539613115331,13,recomputed from symbol x 30-minute cell means and counts
2019-07-30,SYMBOL,NFLX,250,3,"[-0.4,-0.2)",25718,-0.0068404369188908775,0.05568084610000778,13,recomputed from symbol x 30-minute cell means and counts
2019-07-30,SYMBOL,NVDA,250,3,"[-0.4,-0.2)",29696,-0.02112439356378986,0.06148976293103448,13,recomputed from symbol x 30-minute cell means and counts
2019-07-30,SYMBOL,NWL,250,3,"[-0.4,-0.2)",31621,-0.0257852108096048,0.005059928528509535,13,recomputed from symbol x 30-minute cell means and counts
2019-07-30,SYMBOL,NXPI,250,3,"[-0.4,-0.2)",30904,-0.01962347697623801,0.02986668392441108,13,recomputed from symbol x 30-minute cell means and counts
2019-07-30,SYMBOL,ON,250,3,"[-0.4,-0.2)",25610,-0.028020376332427134,0.00511518937914877,13,recomputed from symbol x 30-minute cell means and counts
2019-07-30,SYMBOL,PAYX,250,3,"[-0.4,-0.2)",27535,-0.014970307417696912,0.012384238242237153,13,recomputed from symbol x 30-minute cell means and counts
2019-07-30,SYMBOL,PEP,250,3,"[-0.4,-0.2)",29174,-0.02204159396694368,0.031329265784602725,13,recomputed from symbol x 30-minute cell means and counts
2019-07-30,SYMBOL,PTEN,250,3,"[-0.4,-0.2)",37263,-0.04289891106032476,0.004642675039583501,13,recomputed from symbol x 30-minute cell means and counts
2019-07-30,SYMBOL,PYPL,250,3,"[-0.4,-0.2)",29291,-0.016478790054918414,0.0421972619575979,13,recomputed from symbol x 30-minute cell means and counts
2019-07-30,SYMBOL,QCOM,250,3,"[-0.4,-0.2)",23242,-0.027303748033449045,0.013423973840461234,13,recomputed from symbol x 30-minute cell means and counts
2019-07-30,SYMBOL,ROKU,250,3,"[-0.4,-0.2)",16069,-0.03643638342739494,0.03964154583359263,13,recomputed from symbol x 30-minute cell means and counts
2019-07-30,SYMBOL,ROST,250,3,"[-0.4,-0.2)",25387,-0.011733573644868487,0.01953755859298066,13,recomputed from symbol x 30-minute cell means and counts
2019-07-30,SYMBOL,SBUX,250,3,"[-0.4,-0.2)",31568,-0.017564497889976362,0.01783451596553472,13,recomputed from symbol x 30-minute cell means and counts
2019-07-30,SYMBOL,SSNC,250,3,"[-0.4,-0.2)",32799,-0.027683050893291424,0.052166224580017684,13,recomputed from symbol x 30-minute cell means and counts
2019-07-30,SYMBOL,STLD,250,3,"[-0.4,-0.2)",27168,-0.02605082707214131,0.009422850412249705,13,recomputed from symbol x 30-minute cell means and counts
2019-07-30,SYMBOL,TER,250,3,"[-0.4,-0.2)",29583,-0.008568082902517158,0.020450934658418688,13,recomputed from symbol x 30-minute cell means and counts
2019-07-30,SYMBOL,TMUS,250,3,"[-0.4,-0.2)",33878,-0.01427707251308026,0.02255150835350375,13,recomputed from symbol x 30-minute cell means and counts
2019-07-30,SYMBOL,TSLA,250,3,"[-0.4,-0.2)",31474,-0.009563857049285862,0.06700768888606469,13,recomputed from symbol x 30-minute cell means and counts
2019-07-30,SYMBOL,TXN,250,3,"[-0.4,-0.2)",36687,-0.012412771007872811,0.03595278981655627,13,recomputed from symbol x 30-minute cell means and counts
2019-07-30,SYMBOL,WBA,250,3,"[-0.4,-0.2)",33083,-0.01695901616338958,0.010851494725387661,13,recomputed from symbol x 30-minute cell means and counts
2019-07-30,SYMBOL,WDC,250,3,"[-0.4,-0.2)",29913,-0.02608768161383387,0.021027646842509944,13,recomputed from symbol x 30-minute cell means and counts
2019-07-30,SYMBOL,XEL,250,3,"[-0.4,-0.2)",33386,-0.0218985572484986,0.012011022584316779,13,recomputed from symbol x 30-minute cell means and counts
2019-07-30,SYMBOL,XLNX,250,3,"[-0.4,-0.2)",40041,-0.012352038356754759,0.030443795110012238,13,recomputed from symbol x 30-minute cell means and counts
2019-07-30,SYMBOL,ZION,250,3,"[-0.4,-0.2)",30214,-0.022388022605798526,0.01777321771364268,13,recomputed from symbol x 30-minute cell means and counts
2019-07-30,SYMBOL,AABA,250,4,"[-0.2,0.0)",26507,-0.00306851281149059,0.011393216886105556,13,recomputed from symbol x 30-minute cell means and counts
2019-07-30,SYMBOL,AAL,250,4,"[-0.2,0.0)",37156,-0.013018477366011421,0.008585423619334696,13,recomputed from symbol x 30-minute cell means and counts
2019-07-30,SYMBOL,AAPL,250,4,"[-0.2,0.0)",26105,-0.007630656800880169,0.09737598161271788,13,recomputed from symbol x 30-minute cell means and counts
2019-07-30,SYMBOL,ADBE,250,4,"[-0.2,0.0)",20341,-0.005730727180449592,0.04075512511675925,13,recomputed from symbol x 30-minute cell means and counts
2019-07-30,SYMBOL,ADI,250,4,"[-0.2,0.0)",15688,-0.007029580557410173,0.04398266190719021,13,recomputed from symbol x 30-minute cell means and counts
2019-07-30,SYMBOL,ALXN,250,4,"[-0.2,0.0)",21809,-0.004209999454043865,0.02503553578797744,13,recomputed from symbol x 30-minute cell means and counts
2019-07-30,SYMBOL,AMAT,250,4,"[-0.2,0.0)",27654,-0.018367182001888582,0.014789903811383525,13,recomputed from symbol x 30-minute cell means and counts
2019-07-30,SYMBOL,AMD,250,4,"[-0.2,0.0)",32496,-0.016640301054625134,0.009139586410635154,13,recomputed from symbol x 30-minute cell means and counts
2019-07-30,SYMBOL,AMTD,250,4,"[-0.2,0.0)",34612,-0.0026828792795588843,0.009158673292499711,13,recomputed from symbol x 30-minute cell means and counts
2019-07-30,SYMBOL,AMZN,250,4,"[-0.2,0.0)",25008,-0.0034817113949674743,0.07057741522712732,13,recomputed from symbol x 30-minute cell means and counts
2019-07-30,SYMBOL,ATVI,250,4,"[-0.2,0.0)",33791,-0.00807420157048473,0.01583261815276257,13,recomputed from symbol x 30-minute cell means and counts
2019-07-30,SYMBOL,BYND,250,4,"[-0.2,0.0)",13988,-0.026577386896431975,0.08128395767800972,13,recomputed from symbol x 30-minute cell means and counts
2019-07-30,SYMBOL,CMCSA,250,4,"[-0.2,0.0)",32762,-0.007936522933154685,0.0035406873817227275,13,recomputed from symbol x 30-minute cell means and counts
2019-07-30,SYMBOL,CRZO,250,4,"[-0.2,0.0)",49922,-0.00789887501754935,0.0028244060734746203,13,recomputed from symbol x 30-minute cell means and counts
2019-07-30,SYMBOL,CSCO,250,4,"[-0.2,0.0)",38201,-0.007297198259594247,0.004999869113373996,13,recomputed from symbol x 30-minute cell means and counts
2019-07-30,SYMBOL,CSX,250,4,"[-0.2,0.0)",31750,-0.0007567535347825899,0.01622047244094488,13,recomputed from symbol x 30-minute cell means and counts
2019-07-30,SYMBOL,CTSH,250,4,"[-0.2,0.0)",29789,-0.01086376922408869,0.01067508140588808,13,recomputed from symbol x 30-minute cell means and counts
2019-07-30,SYMBOL,DISCA,250,4,"[-0.2,0.0)",33275,-0.008527253725580664,0.00667167543200601,13,recomputed from symbol x 30-minute cell means and counts
2019-07-30,SYMBOL,DLTR,250,4,"[-0.2,0.0)",28017,-0.005926264568625611,0.016668451297426563,13,recomputed from symbol x 30-minute cell means and counts
2019-07-30,SYMBOL,EA,250,4,"[-0.2,0.0)",27205,-0.006381840303614174,0.032420510935489796,13,recomputed from symbol x 30-minute cell means and counts
2019-07-30,SYMBOL,EBAY,250,4,"[-0.2,0.0)",27481,-0.014512049822579833,0.004293875768712929,13,recomputed from symbol x 30-minute cell means and counts
2019-07-30,SYMBOL,ETFC,250,4,"[-0.2,0.0)",35608,-0.003207702568824895,0.015923388002696024,13,recomputed from symbol x 30-minute cell means and counts
2019-07-30,SYMBOL,FB,250,4,"[-0.2,0.0)",19045,-0.017190326535504584,0.08154371226043582,13,recomputed from symbol x 30-minute cell means and counts
2019-07-30,SYMBOL,FISV,250,4,"[-0.2,0.0)",28428,0.0021953492459322274,0.03640776699029126,13,recomputed from symbol x 30-minute cell means and counts
2019-07-30,SYMBOL,FITB,250,4,"[-0.2,0.0)",34668,-0.006206923074701384,0.0027979693088727355,13,recomputed from symbol x 30-minute cell means and counts
2019-07-30,SYMBOL,GILD,250,4,"[-0.2,0.0)",34884,7.656760314724448e-05,0.022589152620112372,13,recomputed from symbol x 30-minute cell means and counts
2019-07-30,SYMBOL,GOOG,250,4,"[-0.2,0.0)",11758,-0.005237851228212029,0.05264500765436299,13,recomputed from symbol x 30-minute cell means and counts
2019-07-30,SYMBOL,GOOGL,250,4,"[-0.2,0.0)",12516,0.0007570242814626813,0.04618088846276766,13,recomputed from symbol x 30-minute cell means and counts
2019-07-30,SYMBOL,INTC,250,4,"[-0.2,0.0)",33159,-0.007741485048201055,0.009198106094876202,13,recomputed from symbol x 30-minute cell means and counts
2019-07-30,SYMBOL,KHC,250,4,"[-0.2,0.0)",36286,0.005275737695247699,0.006310973929339139,13,recomputed from symbol x 30-minute cell means and counts
2019-07-30,SYMBOL,LRCX,250,4,"[-0.2,0.0)",20705,0.001664118450409374,0.027722772277227723,13,recomputed from symbol x 30-minute cell means and counts
2019-07-30,SYMBOL,MAT,250,4,"[-0.2,0.0)",27810,-0.020668768951336458,0.004386911183027688,13,recomputed from symbol x 30-minute cell means and counts
2019-07-30,SYMBOL,MCHP,250,4,"[-0.2,0.0)",23670,-0.008361529324394166,0.022433460076045627,13,recomputed from symbol x 30-minute cell means and counts
2019-07-30,SYMBOL,MDLZ,250,4,"[-0.2,0.0)",37019,-0.006990321656191071,0.007968880844971502,13,recomputed from symbol x 30-minute cell means and counts
2019-07-30,SYMBOL,MRVL,250,4,"[-0.2,0.0)",36875,-0.009538209705029504,0.0021152542372881358,13,recomputed from symbol x 30-minute cell means and counts
2019-07-30,SYMBOL,MSFT,250,4,"[-0.2,0.0)",30073,-0.013061293679263909,0.05087620124364047,13,recomputed from symbol x 30-minute cell means and counts
2019-07-30,SYMBOL,MU,250,4,"[-0.2,0.0)",29994,-0.011219078770174761,0.015436420617456825,13,recomputed from symbol x 30-minute cell means and counts
2019-07-30,SYMBOL,NFLX,250,4,"[-0.2,0.0)",16070,-0.002960795142781163,0.059303049159925326,13,recomputed from symbol x 30-minute cell means and counts
2019-07-30,SYMBOL,NVDA,250,4,"[-0.2,0.0)",28860,-0.002835594593693792,0.0656964656964657,13,recomputed from symbol x 30-minute cell means and counts
2019-07-30,SYMBOL,NWL,250,4,"[-0.2,0.0)",30345,-0.0333501467340997,0.004844290657439446,13,recomputed from symbol x 30-minute cell means and counts
2019-07-30,SYMBOL,NXPI,250,4,"[-0.2,0.0)",27327,-0.003542739249751968,0.02817726058476964,13,recomputed from symbol x 30-minute cell means and counts
2019-07-30,SYMBOL,ON,250,4,"[-0.2,0.0)",27353,-3.167161539529824e-05,0.009322560596643879,13,recomputed from symbol x 30-minute cell means and counts
2019-07-30,SYMBOL,PAYX,250,4,"[-0.2,0.0)",25901,-0.005800523616085595,0.013088297749121656,13,recomputed from symbol x 30-minute cell means and counts
2019-07-30,SYMBOL,PEP,250,4,"[-0.2,0.0)",22912,-0.010021565199762,0.03273393854748603,13,recomputed from symbol x 30-minute cell means and counts
2019-07-30,SYMBOL,PTEN,250,4,"[-0.2,0.0)",38936,0.01165458040117899,0.008038832956646804,13,recomputed from symbol x 30-minute cell means and counts
2019-07-30,SYMBOL,PYPL,250,4,"[-0.2,0.0)",28124,-0.004902243243310245,0.03836580856208221,13,recomputed from symbol x 30-minute cell means and counts
2019-07-30,SYMBOL,QCOM,250,4,"[-0.2,0.0)",31717,-0.02029213808514745,0.01254847558091875,13,recomputed from symbol x 30-minute cell means and counts
2019-07-30,SYMBOL,ROKU,250,4,"[-0.2,0.0)",16150,-0.0005824574117690048,0.03777089783281734,13,recomputed from symbol x 30-minute cell means and counts
2019-07-30,SYMBOL,ROST,250,4,"[-0.2,0.0)",24310,-0.004507350628633942,0.01818181818181818,13,recomputed from symbol x 30-minute cell means and counts
2019-07-30,SYMBOL,SBUX,250,4,"[-0.2,0.0)",34842,-0.004211434827497677,0.019258366339475346,13,recomputed from symbol x 30-minute cell means and counts
2019-07-30,SYMBOL,SSNC,250,4,"[-0.2,0.0)",23756,0.009781956943644279,0.038769153056070045,13,recomputed from symbol x 30-minute cell means and counts
2019-07-30,SYMBOL,STLD,250,4,"[-0.2,0.0)",29385,-0.009879875600956645,0.010209290454313425,13,recomputed from symbol x 30-minute cell means and counts
2019-07-30,SYMBOL,TER,250,4,"[-0.2,0.0)",30755,-0.020222158661471635,0.01463176719232645,13,recomputed from symbol x 30-minute cell means and counts
2019-07-30,SYMBOL,TMUS,250,4,"[-0.2,0.0)",35795,-0.009315785460506076,0.02553429249895237,13,recomputed from symbol x 30-minute cell means and counts
2019-07-30,SYMBOL,TSLA,250,4,"[-0.2,0.0)",25533,0.007311938870145978,0.07300356401519602,13,recomputed from symbol x 30-minute cell means and counts
2019-07-30,SYMBOL,TXN,250,4,"[-0.2,0.0)",22759,-0.009481236115350074,0.03664484379805791,13,recomputed from symbol x 30-minute cell means and counts
2019-07-30,SYMBOL,WBA,250,4,"[-0.2,0.0)",33274,-0.0020137399859588047,0.014365570715874257,13,recomputed from symbol x 30-minute cell means and counts
2019-07-30,SYMBOL,WDC,250,4,"[-0.2,0.0)",28895,-0.003399828788544773,0.020003460806367883,13,recomputed from symbol x 30-minute cell means and counts
2019-07-30,SYMBOL,XEL,250,4,"[-0.2,0.0)",33256,-0.0033379165217771478,0.019334856867933604,13,recomputed from symbol x 30-minute cell means and counts
2019-07-30,SYMBOL,XLNX,250,4,"[-0.2,0.0)",22805,-0.005187875187938032,0.03450997588248191,13,recomputed from symbol x 30-minute cell means and counts
2019-07-30,SYMBOL,ZION,250,4,"[-0.2,0.0)",26584,0.000861499710790443,0.018620222690340055,13,recomputed from symbol x 30-minute cell means and counts
2019-07-30,SYMBOL,AABA,250,5,"[0.0,0.2)",30727,0.00020885145908243607,0.01672795912389755,13,recomputed from symbol x 30-minute cell means and counts
2019-07-30,SYMBOL,AAL,250,5,"[0.0,0.2)",38782,0.008462188608545203,0.012119024289618896,13,recomputed from symbol x 30-minute cell means and counts
2019-07-30,SYMBOL,AAPL,250,5,"[0.0,0.2)",37523,0.007152932790732919,0.1244303493857101,13,recomputed from symbol x 30-minute cell means and counts
2019-07-30,SYMBOL,ADBE,250,5,"[0.0,0.2)",38862,-0.006825195066467879,0.04917400030878493,13,recomputed from symbol x 30-minute cell means and counts
2019-07-30,SYMBOL,ADI,250,5,"[0.0,0.2)",69985,0.005083560601655029,0.05454025862684861,13,recomputed from symbol x 30-minute cell means and counts
2019-07-30,SYMBOL,ALXN,250,5,"[0.0,0.2)",57400,0.00015330416659860245,0.040226480836236936,13,recomputed from symbol x 30-minute cell means and counts
2019-07-30,SYMBOL,AMAT,250,5,"[0.0,0.2)",38002,0.0007526661262945855,0.022709331087837483,13,recomputed from symbol x 30-minute cell means and counts
2019-07-30,SYMBOL,AMD,250,5,"[0.0,0.2)",33048,0.010132527086614149,0.014978213507625272,13,recomputed from symbol x 30-minute cell means and counts
2019-07-30,SYMBOL,AMTD,250,5,"[0.0,0.2)",38095,0.0052282419428767175,0.012626328914555717,13,recomputed from symbol x 30-minute cell means and counts
2019-07-30,SYMBOL,AMZN,250,5,"[0.0,0.2)",38949,0.0005009873872541789,0.08051554597037151,13,recomputed from symbol x 30-minute cell means and counts
2019-07-30,SYMBOL,ATVI,250,5,"[0.0,0.2)",40403,0.01152982531929153,0.024676385416924487,13,recomputed from symbol x 30-minute cell means and counts
2019-07-30,SYMBOL,BYND,250,5,"[0.0,0.2)",29161,-0.03912528771901343,0.10983848290525017,13,recomputed from symbol x 30-minute cell means and counts
2019-07-30,SYMBOL,CMCSA,250,5,"[0.0,0.2)",33033,0.0029007883829457433,0.0057518239336421155,13,recomputed from symbol x 30-minute cell means and counts
2019-07-30,SYMBOL,CRZO,250,5,"[0.0,0.2)",52975,0.018583209725020346,0.004681453515809344,13,recomputed from symbol x 30-minute cell means and counts
2019-07-30,SYMBOL,CSCO,250,5,"[0.0,0.2)",40742,0.0011759944668656966,0.008050660252319474,13,recomputed from symbol x 30-minute cell means and counts
2019-07-30,SYMBOL,CSX,250,5,"[0.0,0.2)",41359,0.009239797366305596,0.02473464058608767,13,recomputed from symbol x 30-minute cell means and counts
2019-07-30,SYMBOL,CTSH,250,5,"[0.0,0.2)",48215,0.0020148998670133952,0.02169449341491237,13,recomputed from symbol x 30-minute cell means and counts
2019-07-30,SYMBOL,DISCA,250,5,"[0.0,0.2)",39792,0.009568303790517154,0.009951749095295536,13,recomputed from symbol x 30-minute cell means and counts
2019-07-30,SYMBOL,DLTR,250,5,"[0.0,0.2)",48360,0.00130365685220096,0.024958643507030604,13,recomputed from symbol x 30-minute cell means and counts
2019-07-30,SYMBOL,EA,250,5,"[0.0,0.2)",47356,-0.0031341355788324097,0.04303572936903455,13,recomputed from symbol x 30-minute cell means and counts
2019-07-30,SYMBOL,EBAY,250,5,"[0.0,0.2)",41514,-0.00010422910632968621,0.006383388736329913,13,recomputed from symbol x 30-minute cell means and counts
2019-07-30,SYMBOL,ETFC,250,5,"[0.0,0.2)",40636,0.006985428774142103,0.019834629392656757,13,recomputed from symbol x 30-minute cell means and counts
2019-07-30,SYMBOL,FB,250,5,"[0.0,0.2)",36564,0.004161508915891481,0.1055956678700361,13,recomputed from symbol x 30-minute cell means and counts
2019-07-30,SYMBOL,FISV,250,5,"[0.0,0.2)",44470,0.010193250112006015,0.04407465707218349,13,recomputed from symbol x 30-minute cell means and counts
2019-07-30,SYMBOL,FITB,250,5,"[0.0,0.2)",45996,0.006725923433356912,0.003543786416210105,13,recomputed from symbol x 30-minute cell means and counts
2019-07-30,SYMBOL,GILD,250,5,"[0.0,0.2)",33245,0.005085599182207507,0.03263648668972778,13,recomputed from symbol x 30-minute cell means and counts
2019-07-30,SYMBOL,GOOG,250,5,"[0.0,0.2)",36373,-0.0026474257583553994,0.06694526159513925,13,recomputed from symbol x 30-minute cell means and counts
2019-07-30,SYMBOL,GOOGL,250,5,"[0.0,0.2)",32386,0.004294326620929061,0.07179027975050947,13,recomputed from symbol x 30-minute cell means and counts
2019-07-30,SYMBOL,INTC,250,5,"[0.0,0.2)",32512,0.009884253888588957,0.014179379921259843,13,recomputed from symbol x 30-minute cell means and counts
2019-07-30,SYMBOL,KHC,250,5,"[0.0,0.2)",34081,0.01764556657910847,0.009946891229717437,13,recomputed from symbol x 30-minute cell means and counts
2019-07-30,SYMBOL,LRCX,250,5,"[0.0,0.2)",44657,0.0041143086779322335,0.04467384732516739,13,recomputed from symbol x 30-minute cell means and counts
2019-07-30,SYMBOL,MAT,250,5,"[0.0,0.2)",37727,0.0018307964001793421,0.005062687200148435,13,recomputed from symbol x 30-minute cell means and counts
2019-07-30,SYMBOL,MCHP,250,5,"[0.0,0.2)",52366,-0.0001944645255279337,0.03357140129091395,13,recomputed from symbol x 30-minute cell means and counts
2019-07-30,SYMBOL,MDLZ,250,5,"[0.0,0.2)",44770,0.0063084684500397115,0.010408755863301318,13,recomputed from symbol x 30-minute cell means and counts
2019-07-30,SYMBOL,MRVL,250,5,"[0.0,0.2)",40291,9.649971130246875e-05,0.005013526594028443,13,recomputed from symbol x 30-minute cell means and counts
2019-07-30,SYMBOL,MSFT,250,5,"[0.0,0.2)",34494,0.0035168064052197266,0.06743201716240506,13,recomputed from symbol x 30-minute cell means and counts
2019-07-30,SYMBOL,MU,250,5,"[0.0,0.2)",28490,0.01117625175421177,0.025412425412425412,13,recomputed from symbol x 30-minute cell means and counts
2019-07-30,SYMBOL,NFLX,250,5,"[0.0,0.2)",51906,0.002146212020159383,0.06577274303548723,13,recomputed from symbol x 30-minute cell means and counts
2019-07-30,SYMBOL,NVDA,250,5,"[0.0,0.2)",48383,0.00626128904210864,0.07967674596449166,13,recomputed from symbol x 30-minute cell means and counts
2019-07-30,SYMBOL,NWL,250,5,"[0.0,0.2)",38749,0.0032497676142618954,0.007277607164055846,13,recomputed from symbol x 30-minute cell means and counts
2019-07-30,SYMBOL,NXPI,250,5,"[0.0,0.2)",43725,0.006416366404979961,0.04157804459691252,13,recomputed from symbol x 30-minute cell means and counts
2019-07-30,SYMBOL,ON,250,5,"[0.0,0.2)",31400,0.006534730309893371,0.01162420382165605,13,recomputed from symbol x 30-minute cell means and counts
2019-07-30,SYMBOL,PAYX,250,5,"[0.0,0.2)",35852,0.0029923795247256166,0.021030904830971774,13,recomputed from symbol x 30-minute cell means and counts
2019-07-30,SYMBOL,PEP,250,5,"[0.0,0.2)",46291,-0.000911793001569903,0.049923311226804344,13,recomputed from symbol x 30-minute cell means and counts
2019-07-30,SYMBOL,PTEN,250,5,"[0.0,0.2)",43590,0.02910307050434978,0.009268180775407203,13,recomputed from symbol x 30-minute cell means and counts
2019-07-30,SYMBOL,PYPL,250,5,"[0.0,0.2)",46032,0.00555875958718792,0.06551963851233925,13,recomputed from symbol x 30-minute cell means and counts
2019-07-30,SYMBOL,QCOM,250,5,"[0.0,0.2)",38632,-0.004910293775985739,0.023659142679643818,13,recomputed from symbol x 30-minute cell means and counts
2019-07-30,SYMBOL,ROKU,250,5,"[0.0,0.2)",41849,0.020360821058805472,0.05046715572654066,13,recomputed from symbol x 30-minute cell means and counts
2019-07-30,SYMBOL,ROST,250,5,"[0.0,0.2)",41196,0.006228783854160138,0.031070977764831538,13,recomputed from symbol x 30-minute cell means and counts
2019-07-30,SYMBOL,SBUX,250,5,"[0.0,0.2)",44311,0.0013923392105687946,0.026833066281510234,13,recomputed from symbol x 30-minute cell means and counts
2019-07-30,SYMBOL,SSNC,250,5,"[0.0,0.2)",42869,0.0010958329069402793,0.06034663743031095,13,recomputed from symbol x 30-minute cell means and counts
2019-07-30,SYMBOL,STLD,250,5,"[0.0,0.2)",44067,-0.0004654540249950066,0.013524859872466925,13,recomputed from symbol x 30-minute cell means and counts
2019-07-30,SYMBOL,TER,250,5,"[0.0,0.2)",51235,0.0015206929915379673,0.020962232848638625,13,recomputed from symbol x 30-minute cell means and counts
2019-07-30,SYMBOL,TMUS,250,5,"[0.0,0.2)",42344,-0.001268053155314285,0.03303891932741357,13,recomputed from symbol x 30-minute cell means and counts
2019-07-30,SYMBOL,TSLA,250,5,"[0.0,0.2)",35730,0.005730288363357168,0.08074447243212986,13,recomputed from symbol x 30-minute cell means and counts
2019-07-30,SYMBOL,TXN,250,5,"[0.0,0.2)",55956,0.008576222087377577,0.05640145828865537,13,recomputed from symbol x 30-minute cell means and counts
2019-07-30,SYMBOL,WBA,250,5,"[0.0,0.2)",35794,0.007373346190762438,0.020590043023970498,13,recomputed from symbol x 30-minute cell means and counts
2019-07-30,SYMBOL,WDC,250,5,"[0.0,0.2)",42777,0.00045491815725260055,0.03027327769595811,13,recomputed from symbol x 30-minute cell means and counts
2019-07-30,SYMBOL,XEL,250,5,"[0.0,0.2)",36684,0.011994663460630845,0.02565151019518046,13,recomputed from symbol x 30-minute cell means and counts
2019-07-30,SYMBOL,XLNX,250,5,"[0.0,0.2)",59475,0.003234306138921756,0.05005464480874317,13,recomputed from symbol x 30-minute cell means and counts
2019-07-30,SYMBOL,ZION,250,5,"[0.0,0.2)",37731,0.00779388071019588,0.031512549362593095,13,recomputed from symbol x 30-minute cell means and counts
2019-07-30,SYMBOL,AABA,250,6,"[0.2,0.4)",31552,0.003609324329387223,0.016512423935091277,13,recomputed from symbol x 30-minute cell means and counts
2019-07-30,SYMBOL,AAL,250,6,"[0.2,0.4)",36231,0.02833782391394041,0.01595318925781789,13,recomputed from symbol x 30-minute cell means and counts
2019-07-30,SYMBOL,AAPL,250,6,"[0.2,0.4)",25622,0.013820810509704146,0.1279369292014675,13,recomputed from symbol x 30-minute cell means and counts
2019-07-30,SYMBOL,ADBE,250,6,"[0.2,0.4)",27525,0.005962484588306888,0.0509355131698456,13,recomputed from symbol x 30-minute cell means and counts
2019-07-30,SYMBOL,ADI,250,6,"[0.2,0.4)",38500,0.019226206036357135,0.06007792207792208,13,recomputed from symbol x 30-minute cell means and counts
2019-07-30,SYMBOL,ALXN,250,6,"[0.2,0.4)",37537,0.008575690558949,0.04265125076591097,13,recomputed from symbol x 30-minute cell means and counts
2019-07-30,SYMBOL,AMAT,250,6,"[0.2,0.4)",39323,0.02157580519039027,0.025099814358009308,13,recomputed from symbol x 30-minute cell means and counts
2019-07-30,SYMBOL,AMD,250,6,"[0.2,0.4)",30399,0.03100192900954777,0.019737491364847527,13,recomputed from symbol x 30-minute cell means and counts
2019-07-30,SYMBOL,AMTD,250,6,"[0.2,0.4)",30274,0.018787492616666294,0.018068309440443946,13,recomputed from symbol x 30-minute cell means and counts
2019-07-30,SYMBOL,AMZN,250,6,"[0.2,0.4)",14536,0.007144268559077708,0.08076499724821133,13,recomputed from symbol x 30-minute cell means and counts
2019-07-30,SYMBOL,ATVI,250,6,"[0.2,0.4)",33254,0.027024484866580423,0.029951284056053407,13,recomputed from symbol x 30-minute cell means and counts
2019-07-30,SYMBOL,BYND,250,6,"[0.2,0.4)",23758,0.009849886983439861,0.10240761006818756,13,recomputed from symbol x 30-minute cell means and counts
2019-07-30,SYMBOL,CMCSA,250,6,"[0.2,0.4)",32342,0.012964775434606895,0.008564714612578073,13,recomputed from symbol x 30-minute cell means and counts
2019-07-30,SYMBOL,CRZO,250,6,"[0.2,0.4)",40051,0.057419412445805944,0.007989812988439739,13,recomputed from symbol x 30-minute cell means and counts
2019-07-30,SYMBOL,CSCO,250,6,"[0.2,0.4)",37764,0.009442398509867122,0.011227624192352506,13,recomputed from symbol x 30-minute cell means and counts
2019-07-30,SYMBOL,CSX,250,6,"[0.2,0.4)",33964,0.020785087326673383,0.02964904016016959,13,recomputed from symbol x 30-minute cell means and counts
2019-07-30,SYMBOL,CTSH,250,6,"[0.2,0.4)",38863,0.017509993688631324,0.02851040835756375,13,recomputed from symbol x 30-minute cell means and counts
2019-07-30,SYMBOL,DISCA,250,6,"[0.2,0.4)",33412,0.01941154753963462,0.011193583143780678,13,recomputed from symbol x 30-minute cell means and counts
2019-07-30,SYMBOL,DLTR,250,6,"[0.2,0.4)",36618,0.0017065515164773196,0.028319405756731662,13,recomputed from symbol x 30-minute cell means and counts
2019-07-30,SYMBOL,EA,250,6,"[0.2,0.4)",39227,0.014055932919267431,0.047722232136028754,13,recomputed from symbol x 30-minute cell means and counts
2019-07-30,SYMBOL,EBAY,250,6,"[0.2,0.4)",45993,0.005234306485281815,0.006848868306046572,13,recomputed from symbol x 30-minute cell means and counts
2019-07-30,SYMBOL,ETFC,250,6,"[0.2,0.4)",33872,0.02427069010476093,0.025005904581955597,13,recomputed from symbol x 30-minute cell means and counts
2019-07-30,SYMBOL,FB,250,6,"[0.2,0.4)",28772,0.008602874386414987,0.10152231336021132,13,recomputed from symbol x 30-minute cell means and counts
2019-07-30,SYMBOL,FISV,250,6,"[0.2,0.4)",33642,0.018715729723574253,0.04345758278342548,13,recomputed from symbol x 30-minute cell means and counts
2019-07-30,SYMBOL,FITB,250,6,"[0.2,0.4)",42034,0.00904040679880819,0.005162487510110863,13,recomputed from symbol x 30-minute cell means and counts
2019-07-30,SYMBOL,GILD,250,6,"[0.2,0.4)",27550,0.02458436783125959,0.03963702359346642,13,recomputed from symbol x 30-minute cell means and counts
2019-07-30,SYMBOL,GOOG,250,6,"[0.2,0.4)",24270,1.967776402505671e-05,0.05488257107540173,13,recomputed from symbol x 30-minute cell means and counts
2019-07-30,SYMBOL,GOOGL,250,6,"[0.2,0.4)",16750,0.006233373849916814,0.06011940298507463,13,recomputed from symbol x 30-minute cell means and counts
2019-07-30,SYMBOL,INTC,250,6,"[0.2,0.4)",28659,0.02048731304029472,0.017446526396594438,13,recomputed from symbol x 30-minute cell means and counts
2019-07-30,SYMBOL,KHC,250,6,"[0.2,0.4)",27847,0.020443832099033173,0.010629511257945201,13,recomputed from symbol x 30-minute cell means and counts
2019-07-30,SYMBOL,LRCX,250,6,"[0.2,0.4)",16438,0.012557810683481913,0.03747414527314759,13,recomputed from symbol x 30-minute cell means and counts
2019-07-30,SYMBOL,MAT,250,6,"[0.2,0.4)",35872,0.01578145788568774,0.0060492863514719,13,recomputed from symbol x 30-minute cell means and counts
2019-07-30,SYMBOL,MCHP,250,6,"[0.2,0.4)",44526,0.015625349595980123,0.037753222836095765,13,recomputed from symbol x 30-minute cell means and counts
2019-07-30,SYMBOL,MDLZ,250,6,"[0.2,0.4)",43062,0.020391478427946582,0.013886953694672797,13,recomputed from symbol x 30-minute cell means and counts
2019-07-30,SYMBOL,MRVL,250,6,"[0.2,0.4)",34824,0.01481333622474,0.0070353779002986444,13,recomputed from symbol x 30-minute cell means and counts
2019-07-30,SYMBOL,MSFT,250,6,"[0.2,0.4)",30359,0.020393045343834876,0.08264435587469943,13,recomputed from symbol x 30-minute cell means and counts
2019-07-30,SYMBOL,MU,250,6,"[0.2,0.4)",27643,0.036769989261931486,0.03205151394566436,13,recomputed from symbol x 30-minute cell means and counts
2019-07-30,SYMBOL,NFLX,250,6,"[0.2,0.4)",28225,0.01489577769863595,0.06859167404782994,13,recomputed from symbol x 30-minute cell means and counts
2019-07-30,SYMBOL,NVDA,250,6,"[0.2,0.4)",34827,0.020974549602626347,0.08970051971171791,13,recomputed from symbol x 30-minute cell means and counts
2019-07-30,SYMBOL,NWL,250,6,"[0.2,0.4)",37989,0.025612140581109444,0.009028929426939378,13,recomputed from symbol x 30-minute cell means and counts
2019-07-30,SYMBOL,NXPI,250,6,"[0.2,0.4)",37112,0.007013256639711146,0.03828950204785514,13,recomputed from symbol x 30-minute cell means and counts
2019-07-30,SYMBOL,ON,250,6,"[0.2,0.4)",33177,0.02046190710349738,0.010881032040268862,13,recomputed from symbol x 30-minute cell means and counts
2019-07-30,SYMBOL,PAYX,250,6,"[0.2,0.4)",27959,0.015166492840179435,0.025322794091348046,13,recomputed from symbol x 30-minute cell means and counts
2019-07-30,SYMBOL,PEP,250,6,"[0.2,0.4)",42699,0.011546011266893976,0.057589170706573926,13,recomputed from symbol x 30-minute cell means and counts
2019-07-30,SYMBOL,PTEN,250,6,"[0.2,0.4)",30825,0.06663747006282512,0.014144363341443634,13,recomputed from symbol x 30-minute cell means and counts
2019-07-30,SYMBOL,PYPL,250,6,"[0.2,0.4)",39515,0.014493833000895556,0.06076173604960142,13,recomputed from symbol x 30-minute cell means and counts
2019-07-30,SYMBOL,QCOM,250,6,"[0.2,0.4)",39775,0.009960443041445997,0.026976744186046512,13,recomputed from symbol x 30-minute cell means and counts
2019-07-30,SYMBOL,ROKU,250,6,"[0.2,0.4)",26370,0.004624674558232669,0.04228289723170269,13,recomputed from symbol x 30-minute cell means and counts
2019-07-30,SYMBOL,ROST,250,6,"[0.2,0.4)",33567,0.005093328624357361,0.026782256382756876,13,recomputed from symbol x 30-minute cell means and counts
2019-07-30,SYMBOL,SBUX,250,6,"[0.2,0.4)",37648,0.013502703345536275,0.03251168720781981,13,recomputed from symbol x 30-minute cell means and counts
2019-07-30,SYMBOL,SSNC,250,6,"[0.2,0.4)",32255,0.019913141641704043,0.05530925437916602,13,recomputed from symbol x 30-minute cell means and counts
2019-07-30,SYMBOL,STLD,250,6,"[0.2,0.4)",41184,0.019964341803655757,0.01570998445998446,13,recomputed from symbol x 30-minute cell means and counts
2019-07-30,SYMBOL,TER,250,6,"[0.2,0.4)",42377,0.019553621481073515,0.02996908700474314,13,recomputed from symbol x 30-minute cell means and counts
2019-07-30,SYMBOL,TMUS,250,6,"[0.2,0.4)",34494,0.01853905902528456,0.04160143793123442,13,recomputed from symbol x 30-minute cell means and counts
2019-07-30,SYMBOL,TSLA,250,6,"[0.2,0.4)",25350,0.022414551491920766,0.0939250493096647,13,recomputed from symbol x 30-minute cell means and counts
2019-07-30,SYMBOL,TXN,250,6,"[0.2,0.4)",33569,0.01667473269068576,0.06503023622985493,13,recomputed from symbol x 30-minute cell means and counts
2019-07-30,SYMBOL,WBA,250,6,"[0.2,0.4)",33136,0.015038160978668499,0.023237566393046836,13,recomputed from symbol x 30-minute cell means and counts
2019-07-30,SYMBOL,WDC,250,6,"[0.2,0.4)",40900,0.02937633638568496,0.03567237163814181,13,recomputed from symbol x 30-minute cell means and counts
2019-07-30,SYMBOL,XEL,250,6,"[0.2,0.4)",31105,0.02837768686371512,0.028452017360552966,13,recomputed from symbol x 30-minute cell means and counts
2019-07-30,SYMBOL,XLNX,250,6,"[0.2,0.4)",28886,0.025615466546460977,0.05507858478155508,13,recomputed from symbol x 30-minute cell means and counts
2019-07-30,SYMBOL,ZION,250,6,"[0.2,0.4)",31527,0.03773005718349537,0.0361277635042979,13,recomputed from symbol x 30-minute cell means and counts
2019-07-30,SYMBOL,AABA,250,7,"[0.4,0.6)",27272,0.013566015808943885,0.018773833968905838,13,recomputed from symbol x 30-minute cell means and counts
2019-07-30,SYMBOL,AAL,250,7,"[0.4,0.6)",25393,0.043731955729299665,0.02091127476076084,13,recomputed from symbol x 30-minute cell means and counts
2019-07-30,SYMBOL,AAPL,250,7,"[0.4,0.6)",22603,0.022941275255630403,0.1430783524310932,13,recomputed from symbol x 30-minute cell means and counts
2019-07-30,SYMBOL,ADBE,250,7,"[0.4,0.6)",17303,0.012815709549802125,0.04993353753684332,13,recomputed from symbol x 30-minute cell means and counts
2019-07-30,SYMBOL,ADI,250,7,"[0.4,0.6)",16877,0.0232808339819705,0.05883747111453457,13,recomputed from symbol x 30-minute cell means and counts
2019-07-30,SYMBOL,ALXN,250,7,"[0.4,0.6)",16272,0.024324264908493327,0.04793510324483776,13,recomputed from symbol x 30-minute cell means and counts
2019-07-30,SYMBOL,AMAT,250,7,"[0.4,0.6)",34208,0.022978837219379683,0.023854069223573433,13,recomputed from symbol x 30-minute cell means and counts
2019-07-30,SYMBOL,AMD,250,7,"[0.4,0.6)",24307,0.06368252323945683,0.029785658452297692,13,recomputed from symbol x 30-minute cell means and counts
2019-07-30,SYMBOL,AMTD,250,7,"[0.4,0.6)",22651,0.028800796148850793,0.020617191293982606,13,recomputed from symbol x 30-minute cell means and counts
2019-07-30,SYMBOL,AMZN,250,7,"[0.4,0.6)",12397,0.00795610636476308,0.08671452770831653,13,recomputed from symbol x 30-minute cell means and counts
2019-07-30,SYMBOL,ATVI,250,7,"[0.4,0.6)",22860,0.048662317915121295,0.03888888888888889,13,recomputed from symbol x 30-minute cell means and counts
2019-07-30,SYMBOL,BYND,250,7,"[0.4,0.6)",17278,0.06280462263234582,0.11095034147470773,13,recomputed from symbol x 30-minute cell means and counts
2019-07-30,SYMBOL,CMCSA,250,7,"[0.4,0.6)",30073,0.024011255269895247,0.012868686196920826,13,recomputed from symbol x 30-minute cell means and counts
2019-07-30,SYMBOL,CRZO,250,7,"[0.4,0.6)",18223,0.14570242151146184,0.01673709049004006,13,recomputed from symbol x 30-minute cell means and counts
2019-07-30,SYMBOL,CSCO,250,7,"[0.4,0.6)",26907,0.026325981816874393,0.01828520459360018,13,recomputed from symbol x 30-minute cell means and counts
2019-07-30,SYMBOL,CSX,250,7,"[0.4,0.6)",20608,0.035309143358644865,0.03411296583850932,13,recomputed from symbol x 30-minute cell means and counts
2019-07-30,SYMBOL,CTSH,250,7,"[0.4,0.6)",25706,0.022780716662684053,0.032560491713996734,13,recomputed from symbol x 30-minute cell means and counts
2019-07-30,SYMBOL,DISCA,250,7,"[0.4,0.6)",26890,0.01653973907731022,0.01223503161026404,13,recomputed from symbol x 30-minute cell means and counts
2019-07-30,SYMBOL,DLTR,250,7,"[0.4,0.6)",20671,0.007580939471465018,0.02907454888491123,13,recomputed from symbol x 30-minute cell means and counts
2019-07-30,SYMBOL,EA,250,7,"[0.4,0.6)",24195,0.029307220452185086,0.05269683818970862,13,recomputed from symbol x 30-minute cell means and counts
2019-07-30,SYMBOL,EBAY,250,7,"[0.4,0.6)",38391,0.018079661108268707,0.011226589565262691,13,recomputed from symbol x 30-minute cell means and counts
2019-07-30,SYMBOL,ETFC,250,7,"[0.4,0.6)",18615,0.04435342086952859,0.031479989255976365,13,recomputed from symbol x 30-minute cell means and counts
2019-07-30,SYMBOL,FB,250,7,"[0.4,0.6)",21853,0.009353806845619112,0.0944035143916167,13,recomputed from symbol x 30-minute cell means and counts
2019-07-30,SYMBOL,FISV,250,7,"[0.4,0.6)",19488,0.02513084539681771,0.04274425287356322,13,recomputed from symbol x 30-minute cell means and counts
2019-07-30,SYMBOL,FITB,250,7,"[0.4,0.6)",28802,0.024512561288412043,0.009235469759044511,13,recomputed from symbol x 30-minute cell means and counts
2019-07-30,SYMBOL,GILD,250,7,"[0.4,0.6)",16670,0.04158851175016461,0.04751049790041992,13,recomputed from symbol x 30-minute cell means and counts
2019-07-30,SYMBOL,GOOG,250,7,"[0.4,0.6)",13971,0.0011547971755494436,0.06270130985613055,13,recomputed from symbol x 30-minute cell means and counts
2019-07-30,SYMBOL,GOOGL,250,7,"[0.4,0.6)",11919,0.002676695647448419,0.06544173168890008,13,recomputed from symbol x 30-minute cell means and counts
2019-07-30,SYMBOL,INTC,250,7,"[0.4,0.6)",24125,0.04116157343721143,0.026528497409326425,13,recomputed from symbol x 30-minute cell means and counts
2019-07-30,SYMBOL,KHC,250,7,"[0.4,0.6)",23977,0.030853898052815854,0.012345164115610794,13,recomputed from symbol x 30-minute cell means and counts
2019-07-30,SYMBOL,LRCX,250,7,"[0.4,0.6)",8202,0.019537275225120297,0.043404047793221164,13,recomputed from symbol x 30-minute cell means and counts
2019-07-30,SYMBOL,MAT,250,7,"[0.4,0.6)",31937,0.022116057765346867,0.006919873500955005,13,recomputed from symbol x 30-minute cell means and counts
2019-07-30,SYMBOL,MCHP,250,7,"[0.4,0.6)",25124,0.018282602635600578,0.03757363477153319,13,recomputed from symbol x 30-minute cell means and counts
2019-07-30,SYMBOL,MDLZ,250,7,"[0.4,0.6)",23350,0.03723308331706029,0.022698072805139188,13,recomputed from symbol x 30-minute cell means and counts
2019-07-30,SYMBOL,MRVL,250,7,"[0.4,0.6)",23656,0.03815343387432505,0.013231315522489009,13,recomputed from symbol x 30-minute cell means and counts
2019-07-30,SYMBOL,MSFT,250,7,"[0.4,0.6)",25396,0.038440194564750764,0.09383367459442432,13,recomputed from symbol x 30-minute cell means and counts
2019-07-30,SYMBOL,MU,250,7,"[0.4,0.6)",23435,0.07029679298197407,0.04668231278002987,13,recomputed from symbol x 30-minute cell means and counts
2019-07-30,SYMBOL,NFLX,250,7,"[0.4,0.6)",12960,0.01051231563942116,0.07438271604938272,13,recomputed from symbol x 30-minute cell means and counts
2019-07-30,SYMBOL,NVDA,250,7,"[0.4,0.6)",19704,0.03464716939400039,0.09333130328867235,13,recomputed from symbol x 30-minute cell means and counts
2019-07-30,SYMBOL,NWL,250,7,"[0.4,0.6)",26894,0.06553822236760731,0.014352643712352198,13,recomputed from symbol x 30-minute cell means and counts
2019-07-30,SYMBOL,NXPI,250,7,"[0.4,0.6)",23043,0.03058493796443223,0.04482923230482142,13,recomputed from symbol x 30-minute cell means and counts
2019-07-30,SYMBOL,ON,250,7,"[0.4,0.6)",30035,0.0324151871663591,0.01218578325287165,13,recomputed from symbol x 30-minute cell means and counts
2019-07-30,SYMBOL,PAYX,250,7,"[0.4,0.6)",22200,0.018322426370672277,0.027882882882882883,13,recomputed from symbol x 30-minute cell means and counts
2019-07-30,SYMBOL,PEP,250,7,"[0.4,0.6)",26227,0.024821880445354168,0.06165402066572616,13,recomputed from symbol x 30-minute cell means and counts
2019-07-30,SYMBOL,PTEN,250,7,"[0.4,0.6)",22408,0.15598643070797713,0.02217957872188504,13,recomputed from symbol x 30-minute cell means and counts
2019-07-30,SYMBOL,PYPL,250,7,"[0.4,0.6)",25346,0.023189035327989715,0.06068018622267814,13,recomputed from symbol x 30-minute cell means and counts
2019-07-30,SYMBOL,QCOM,250,7,"[0.4,0.6)",36348,0.02148560937106629,0.030538131396500495,13,recomputed from symbol x 30-minute cell means and counts
2019-07-30,SYMBOL,ROKU,250,7,"[0.4,0.6)",14141,0.01026631625232598,0.04285411215614172,13,recomputed from symbol x 30-minute cell means and counts
2019-07-30,SYMBOL,ROST,250,7,"[0.4,0.6)",24725,0.012761865410693856,0.02916076845298281,13,recomputed from symbol x 30-minute cell means and counts
2019-07-30,SYMBOL,SBUX,250,7,"[0.4,0.6)",23763,0.016647787280332126,0.033960358540588306,13,recomputed from symbol x 30-minute cell means and counts
2019-07-30,SYMBOL,SSNC,250,7,"[0.4,0.6)",22537,0.05114463338116901,0.049962284243688156,13,recomputed from symbol x 30-minute cell means and counts
2019-07-30,SYMBOL,STLD,250,7,"[0.4,0.6)",27360,0.029009442236165556,0.019371345029239765,13,recomputed from symbol x 30-minute cell means and counts
2019-07-30,SYMBOL,TER,250,7,"[0.4,0.6)",23906,0.031176143053395174,0.03325524972810173,13,recomputed from symbol x 30-minute cell means and counts
2019-07-30,SYMBOL,TMUS,250,7,"[0.4,0.6)",21431,0.028110844784914144,0.04549484391768933,13,recomputed from symbol x 30-minute cell means and counts
2019-07-30,SYMBOL,TSLA,250,7,"[0.4,0.6)",18381,0.03776283283632758,0.09809041945487187,13,recomputed from symbol x 30-minute cell means and counts
2019-07-30,SYMBOL,TXN,250,7,"[0.4,0.6)",15556,0.029262031910581313,0.07199794291591669,13,recomputed from symbol x 30-minute cell means and counts
2019-07-30,SYMBOL,WBA,250,7,"[0.4,0.6)",21615,0.030573537179835273,0.02794355771455008,13,recomputed from symbol x 30-minute cell means and counts
2019-07-30,SYMBOL,WDC,250,7,"[0.4,0.6)",27258,0.0505655387875549,0.0395847090762345,13,recomputed from symbol x 30-minute cell means and counts
2019-07-30,SYMBOL,XEL,250,7,"[0.4,0.6)",21854,0.048970786658081335,0.039123272627436624,13,recomputed from symbol x 30-minute cell means and counts
2019-07-30,SYMBOL,XLNX,250,7,"[0.4,0.6)",12338,0.029266688670171372,0.058923650510617605,13,recomputed from symbol x 30-minute cell means and counts
2019-07-30,SYMBOL,ZION,250,7,"[0.4,0.6)",24603,0.04117358141263675,0.03593057757184083,13,recomputed from symbol x 30-minute cell means and counts
2019-07-30,SYMBOL,AABA,250,8,"[0.6,0.8)",28659,0.020505943119977225,0.025192784116682368,13,recomputed from symbol x 30-minute cell means and counts
2019-07-30,SYMBOL,AAL,250,8,"[0.6,0.8)",16696,0.08460995033704669,0.03186391950167705,13,recomputed from symbol x 30-minute cell means and counts
2019-07-30,SYMBOL,AAPL,250,8,"[0.6,0.8)",16521,0.03636020111529679,0.17529205253919256,13,recomputed from symbol x 30-minute cell means and counts
2019-07-30,SYMBOL,ADBE,250,8,"[0.6,0.8)",13372,0.022905325425124048,0.062294346395453185,13,recomputed from symbol x 30-minute cell means and counts
2019-07-30,SYMBOL,ADI,250,8,"[0.6,0.8)",8088,0.027208681353740948,0.07084569732937686,13,recomputed from symbol x 30-minute cell means and counts
2019-07-30,SYMBOL,ALXN,250,8,"[0.6,0.8)",9753,0.038189204038258984,0.058648620937147546,13,recomputed from symbol x 30-minute cell means and counts
2019-07-30,SYMBOL,AMAT,250,8,"[0.6,0.8)",25566,0.055699118829842215,0.03578972072283502,13,recomputed from symbol x 30-minute cell means and counts
2019-07-30,SYMBOL,AMD,250,8,"[0.6,0.8)",18909,0.12880024052453046,0.05013485641757893,13,recomputed from symbol x 30-minute cell means and counts
2019-07-30,SYMBOL,AMTD,250,8,"[0.6,0.8)",18288,0.04854882552515803,0.03198818897637795,13,recomputed from symbol x 30-minute cell means and counts
2019-07-30,SYMBOL,AMZN,250,8,"[0.6,0.8)",10176,0.012949445590401747,0.08824685534591195,13,recomputed from symbol x 30-minute cell means and counts
2019-07-30,SYMBOL,ATVI,250,8,"[0.6,0.8)",14935,0.07919677596927129,0.05336457984599933,13,recomputed from symbol x 30-minute cell means and counts
2019-07-30,SYMBOL,BYND,250,8,"[0.6,0.8)",23351,0.10975687253141315,0.11982356216007879,13,recomputed from symbol x 30-minute cell means and counts
2019-07-30,SYMBOL,CMCSA,250,8,"[0.6,0.8)",18550,0.0514386504486886,0.02495956873315364,13,recomputed from symbol x 30-minute cell means and counts
2019-07-30,SYMBOL,CRZO,250,8,"[0.6,0.8)",7605,0.33495883339725774,0.035897435897435895,13,recomputed from symbol x 30-minute cell means and counts
2019-07-30,SYMBOL,CSCO,250,8,"[0.6,0.8)",16047,0.06316855223132657,0.03888577304169004,13,recomputed from symbol x 30-minute cell means and counts
2019-07-30,SYMBOL,CSX,250,8,"[0.6,0.8)",15971,0.04573445239591655,0.04420512178323211,13,recomputed from symbol x 30-minute cell means and counts
2019-07-30,SYMBOL,CTSH,250,8,"[0.6,0.8)",18112,0.04073071733196085,0.04301015901060071,13,recomputed from symbol x 30-minute cell means and counts
2019-07-30,SYMBOL,DISCA,250,8,"[0.6,0.8)",17531,0.048814612666808914,0.02161884661456848,13,recomputed from symbol x 30-minute cell means and counts
2019-07-30,SYMBOL,DLTR,250,8,"[0.6,0.8)",11823,0.025271760550769747,0.04110631819335194,13,recomputed from symbol x 30-minute cell means and counts
2019-07-30,SYMBOL,EA,250,8,"[0.6,0.8)",15587,0.0452849210979711,0.06377109129402707,13,recomputed from symbol x 30-minute cell means and counts
2019-07-30,SYMBOL,EBAY,250,8,"[0.6,0.8)",23147,0.04065616304799126,0.019138549272043892,13,recomputed from symbol x 30-minute cell means and counts
2019-07-30,SYMBOL,ETFC,250,8,"[0.6,0.8)",13423,0.06329867962015409,0.04812635029427103,13,recomputed from symbol x 30-minute cell means and counts
2019-07-30,SYMBOL,FB,250,8,"[0.6,0.8)",24199,0.0065843125905245365,0.11562461258729699,13,recomputed from symbol x 30-minute cell means and counts
2019-07-30,SYMBOL,FISV,250,8,"[0.6,0.8)",13337,0.02958036663650778,0.054210092224638226,13,recomputed from symbol x 30-minute cell means and counts
2019-07-30,SYMBOL,FITB,250,8,"[0.6,0.8)",22303,0.046491184694501995,0.015379096982468726,13,recomputed from symbol x 30-minute cell means and counts
2019-07-30,SYMBOL,GILD,250,8,"[0.6,0.8)",11155,0.06764046170689075,0.05835948005378754,13,recomputed from symbol x 30-minute cell means and counts
2019-07-30,SYMBOL,GOOG,250,8,"[0.6,0.8)",12514,0.008569989887473872,0.07735336423206009,13,recomputed from symbol x 30-minute cell means and counts
2019-07-30,SYMBOL,GOOGL,250,8,"[0.6,0.8)",13009,-0.007415649441528104,0.07087401030056115,13,recomputed from symbol x 30-minute cell means and counts
2019-07-30,SYMBOL,INTC,250,8,"[0.6,0.8)",17559,0.05473730425484611,0.037075004271313855,13,recomputed from symbol x 30-minute cell means and counts
2019-07-30,SYMBOL,KHC,250,8,"[0.6,0.8)",9032,0.058847584008537,0.02336138175376439,13,recomputed from symbol x 30-minute cell means and counts
2019-07-30,SYMBOL,LRCX,250,8,"[0.6,0.8)",13092,0.022589757637878533,0.04246868316529178,13,recomputed from symbol x 30-minute cell means and counts
2019-07-30,SYMBOL,MAT,250,8,"[0.6,0.8)",21829,0.06765212124291482,0.01177332905767557,13,recomputed from symbol x 30-minute cell means and counts
2019-07-30,SYMBOL,MCHP,250,8,"[0.6,0.8)",9768,0.02725717397277029,0.04791154791154791,13,recomputed from symbol x 30-minute cell means and counts
2019-07-30,SYMBOL,MDLZ,250,8,"[0.6,0.8)",11566,0.0700495777226187,0.04262493515476396,13,recomputed from symbol x 30-minute cell means and counts
2019-07-30,SYMBOL,MRVL,250,8,"[0.6,0.8)",15788,0.08226069978650444,0.024005573853559666,13,recomputed from symbol x 30-minute cell means and counts
2019-07-30,SYMBOL,MSFT,250,8,"[0.6,0.8)",22190,0.05658209058093079,0.11825146462370437,13,recomputed from symbol x 30-minute cell means and counts
2019-07-30,SYMBOL,MU,250,8,"[0.6,0.8)",17095,0.14078290887867786,0.07698157355952033,13,recomputed from symbol x 30-minute cell means and counts
2019-07-30,SYMBOL,NFLX,250,8,"[0.6,0.8)",10051,0.012971703359326632,0.07501741120286538,13,recomputed from symbol x 30-minute cell means and counts
2019-07-30,SYMBOL,NVDA,250,8,"[0.6,0.8)",10445,0.035495860094999,0.09248444231689804,13,recomputed from symbol x 30-minute cell means and counts
2019-07-30,SYMBOL,NWL,250,8,"[0.6,0.8)",18816,0.11716617230756753,0.022161989795918366,13,recomputed from symbol x 30-minute cell means and counts
2019-07-30,SYMBOL,NXPI,250,8,"[0.6,0.8)",14614,0.03558682463833746,0.05426303544546326,13,recomputed from symbol x 30-minute cell means and counts
2019-07-30,SYMBOL,ON,250,8,"[0.6,0.8)",23254,0.08776416802761058,0.02145867377655457,13,recomputed from symbol x 30-minute cell means and counts
2019-07-30,SYMBOL,PAYX,250,8,"[0.6,0.8)",22349,0.021992325316051962,0.028949841156203856,13,recomputed from symbol x 30-minute cell means and counts
2019-07-30,SYMBOL,PEP,250,8,"[0.6,0.8)",17766,0.033552550033555166,0.07491838342902173,13,recomputed from symbol x 30-minute cell means and counts
2019-07-30,SYMBOL,PTEN,250,8,"[0.6,0.8)",10174,0.34927239553010225,0.047867112246903876,13,recomputed from symbol x 30-minute cell means and counts
2019-07-30,SYMBOL,PYPL,250,8,"[0.6,0.8)",15109,0.03440083897960392,0.07214243166324708,13,recomputed from symbol x 30-minute cell means and counts
2019-07-30,SYMBOL,QCOM,250,8,"[0.6,0.8)",30494,0.03700491015095003,0.04312323735816882,13,recomputed from symbol x 30-minute cell means and counts
2019-07-30,SYMBOL,ROKU,250,8,"[0.6,0.8)",13324,0.02009305106076132,0.048784148904232966,13,recomputed from symbol x 30-minute cell means and counts
2019-07-30,SYMBOL,ROST,250,8,"[0.6,0.8)",17114,0.011781235706016283,0.02816407619492813,13,recomputed from symbol x 30-minute cell means and counts
2019-07-30,SYMBOL,SBUX,250,8,"[0.6,0.8)",15607,0.03309243038691021,0.04690203113987313,13,recomputed from symbol x 30-minute cell means and counts
2019-07-30,SYMBOL,SSNC,250,8,"[0.6,0.8)",16556,0.07006696081875775,0.06499154385117178,13,recomputed from symbol x 30-minute cell means and counts
2019-07-30,SYMBOL,STLD,250,8,"[0.6,0.8)",22050,0.06741585152489799,0.027709750566893423,13,recomputed from symbol x 30-minute cell means and counts
2019-07-30,SYMBOL,TER,250,8,"[0.6,0.8)",14361,0.052728223569063946,0.045609637211893324,13,recomputed from symbol x 30-minute cell means and counts
2019-07-30,SYMBOL,TMUS,250,8,"[0.6,0.8)",12386,0.03474806816747688,0.059179719037623126,13,recomputed from symbol x 30-minute cell means and counts
2019-07-30,SYMBOL,TSLA,250,8,"[0.6,0.8)",16706,0.028680045339185778,0.08709445708128816,13,recomputed from symbol x 30-minute cell means and counts
2019-07-30,SYMBOL,TXN,250,8,"[0.6,0.8)",8538,0.043954861844052305,0.08772546263762006,13,recomputed from symbol x 30-minute cell means and counts
2019-07-30,SYMBOL,WBA,250,8,"[0.6,0.8)",14654,0.05935496928927126,0.04312815613484373,13,recomputed from symbol x 30-minute cell means and counts
2019-07-30,SYMBOL,WDC,250,8,"[0.6,0.8)",18357,0.06689875872818195,0.04788364111782971,13,recomputed from symbol x 30-minute cell means and counts
2019-07-30,SYMBOL,XEL,250,8,"[0.6,0.8)",15893,0.08840166264931056,0.06701063361228214,13,recomputed from symbol x 30-minute cell means and counts
2019-07-30,SYMBOL,XLNX,250,8,"[0.6,0.8)",6367,0.028159665587709673,0.0673786712737553,13,recomputed from symbol x 30-minute cell means and counts
2019-07-30,SYMBOL,ZION,250,8,"[0.6,0.8)",21019,0.05553911645267595,0.04800418668823445,13,recomputed from symbol x 30-minute cell means and counts
2019-07-30,SYMBOL,AABA,250,9,"[0.8,1.0]",11353,0.04428578442669562,0.04078217211309786,13,recomputed from symbol x 30-minute cell means and counts
2019-07-30,SYMBOL,AAL,250,9,"[0.8,1.0]",6395,0.08818264620857746,0.0364347146207975,13,recomputed from symbol x 30-minute cell means and counts
2019-07-30,SYMBOL,AAPL,250,9,"[0.8,1.0]",13423,0.05150344246929185,0.2123966326454593,13,recomputed from symbol x 30-minute cell means and counts
2019-07-30,SYMBOL,ADBE,250,9,"[0.8,1.0]",43972,0.012158873840457564,0.04830346584189939,13,recomputed from symbol x 30-minute cell means and counts
2019-07-30,SYMBOL,ADI,250,9,"[0.8,1.0]",10939,0.01570873420856827,0.059237590273333945,13,recomputed from symbol x 30-minute cell means and counts
2019-07-30,SYMBOL,ALXN,250,9,"[0.8,1.0]",16565,0.037719581021378845,0.0451554482342288,13,recomputed from symbol x 30-minute cell means and counts
2019-07-30,SYMBOL,AMAT,250,9,"[0.8,1.0]",10224,0.07101582524152429,0.04714397496087637,13,recomputed from symbol x 30-minute cell means and counts
2019-07-30,SYMBOL,AMD,250,9,"[0.8,1.0]",8607,0.2659939893574281,0.09887301034042059,13,recomputed from symbol x 30-minute cell means and counts
2019-07-30,SYMBOL,AMTD,250,9,"[0.8,1.0]",5461,0.059712713235377655,0.03772202893242996,13,recomputed from symbol x 30-minute cell means and counts
2019-07-30,SYMBOL,AMZN,250,9,"[0.8,1.0]",41703,0.020007508646337612,0.08215236313934249,13,recomputed from symbol x 30-minute cell means and counts
2019-07-30,SYMBOL,ATVI,250,9,"[0.8,1.0]",4222,0.0890878010055907,0.07129322595926102,13,recomputed from symbol x 30-minute cell means and counts
2019-07-30,SYMBOL,BYND,250,9,"[0.8,1.0]",44288,0.1014459648222065,0.1139360549132948,13,recomputed from symbol x 30-minute cell means and counts
2019-07-30,SYMBOL,CMCSA,250,9,"[0.8,1.0]",5565,0.10200244909133979,0.05786163522012579,13,recomputed from symbol x 30-minute cell means and counts
2019-07-30,SYMBOL,CRZO,250,9,"[0.8,1.0]",3095,0.7786314421978828,0.08109854604200323,13,recomputed from symbol x 30-minute cell means and counts
2019-07-30,SYMBOL,CSCO,250,9,"[0.8,1.0]",6304,0.10785834802324094,0.06741751269035533,13,recomputed from symbol x 30-minute cell means and counts
2019-07-30,SYMBOL,CSX,250,9,"[0.8,1.0]",6549,0.03882350860105833,0.030844403725759657,13,recomputed from symbol x 30-minute cell means and counts
2019-07-30,SYMBOL,CTSH,250,9,"[0.8,1.0]",3098,0.05954141704169606,0.05035506778566817,13,recomputed from symbol x 30-minute cell means and counts
2019-07-30,SYMBOL,DISCA,250,9,"[0.8,1.0]",6377,0.08846789074108596,0.03449898071193351,13,recomputed from symbol x 30-minute cell means and counts
2019-07-30,SYMBOL,DLTR,250,9,"[0.8,1.0]",13369,0.015413473439168462,0.03365995960804847,13,recomputed from symbol x 30-minute cell means and counts
2019-07-30,SYMBOL,EA,250,9,"[0.8,1.0]",10545,0.03135258491257459,0.06922712185870081,13,recomputed from symbol x 30-minute cell means and counts
2019-07-30,SYMBOL,EBAY,250,9,"[0.8,1.0]",10121,0.07527167881186472,0.038336132793202256,13,recomputed from symbol x 30-minute cell means and counts
2019-07-30,SYMBOL,ETFC,250,9,"[0.8,1.0]",4299,0.05505639765256503,0.041404977901837635,13,recomputed from symbol x 30-minute cell means and counts
2019-07-30,SYMBOL,FB,250,9,"[0.8,1.0]",39518,0.026477553726775037,0.13371122020345158,13,recomputed from symbol x 30-minute cell means and counts
2019-07-30,SYMBOL,FISV,250,9,"[0.8,1.0]",4260,0.028653190239494395,0.07042253521126761,13,recomputed from symbol x 30-minute cell means and counts
2019-07-30,SYMBOL,FITB,250,9,"[0.8,1.0]",10204,0.08924376362914994,0.029302234417875342,13,recomputed from symbol x 30-minute cell means and counts
2019-07-30,SYMBOL,GILD,250,9,"[0.8,1.0]",6062,0.06743702483192918,0.06664467172550313,13,recomputed from symbol x 30-minute cell means and counts
2019-07-30,SYMBOL,GOOG,250,9,"[0.8,1.0]",65806,0.0039748290600505635,0.0662097681062517,13,recomputed from symbol x 30-minute cell means and counts
2019-07-30,SYMBOL,GOOGL,250,9,"[0.8,1.0]",60676,0.005323475614417023,0.06350121959259016,13,recomputed from symbol x 30-minute cell means and counts
2019-07-30,SYMBOL,INTC,250,9,"[0.8,1.0]",6790,0.14291354126361402,0.08276877761413844,13,recomputed from symbol x 30-minute cell means and counts
2019-07-30,SYMBOL,KHC,250,9,"[0.8,1.0]",3026,0.10200453434885533,0.040978189028420355,12,recomputed from symbol x 30-minute cell means and counts
2019-07-30,SYMBOL,LRCX,250,9,"[0.8,1.0]",24593,0.020933367652779252,0.03972675151465864,13,recomputed from symbol x 30-minute cell means and counts
2019-07-30,SYMBOL,MAT,250,9,"[0.8,1.0]",11697,0.10859853992851878,0.01889373343592374,13,recomputed from symbol x 30-minute cell means and counts
2019-07-30,SYMBOL,MCHP,250,9,"[0.8,1.0]",6649,0.0244171403103044,0.05624906000902391,13,recomputed from symbol x 30-minute cell means and counts
2019-07-30,SYMBOL,MDLZ,250,9,"[0.8,1.0]",3044,0.14517235329054032,0.09198423127463863,13,recomputed from symbol x 30-minute cell means and counts
2019-07-30,SYMBOL,MRVL,250,9,"[0.8,1.0]",7111,0.16561151300196136,0.047250738292785824,13,recomputed from symbol x 30-minute cell means and counts
2019-07-30,SYMBOL,MSFT,250,9,"[0.8,1.0]",11828,0.07404737490725993,0.13933040243490025,13,recomputed from symbol x 30-minute cell means and counts
2019-07-30,SYMBOL,MU,250,9,"[0.8,1.0]",7562,0.20098668221789232,0.10896588204178789,13,recomputed from symbol x 30-minute cell means and counts
2019-07-30,SYMBOL,NFLX,250,9,"[0.8,1.0]",24554,0.027695056071346102,0.06821699112160952,13,recomputed from symbol x 30-minute cell means and counts
2019-07-30,SYMBOL,NVDA,250,9,"[0.8,1.0]",18421,0.025999315511351345,0.09201454861299603,13,recomputed from symbol x 30-minute cell means and counts
2019-07-30,SYMBOL,NWL,250,9,"[0.8,1.0]",7435,0.22463896962405053,0.041156691324815066,13,recomputed from symbol x 30-minute cell means and counts
2019-07-30,SYMBOL,NXPI,250,9,"[0.8,1.0]",12012,0.04651795346767475,0.049700299700299704,13,recomputed from symbol x 30-minute cell means and counts
2019-07-30,SYMBOL,ON,250,9,"[0.8,1.0]",11387,0.16481291170523082,0.04628084657943269,13,recomputed from symbol x 30-minute cell means and counts
2019-07-30,SYMBOL,PAYX,250,9,"[0.8,1.0]",33790,0.01534824751121259,0.01908848771825984,13,recomputed from symbol x 30-minute cell means and counts
2019-07-30,SYMBOL,PEP,250,9,"[0.8,1.0]",8351,0.03954022743076411,0.07041072925398156,13,recomputed from symbol x 30-minute cell means and counts
2019-07-30,SYMBOL,PTEN,250,9,"[0.8,1.0]",3572,0.5168777754966248,0.06494960806270997,13,recomputed from symbol x 30-minute cell means and counts
2019-07-30,SYMBOL,PYPL,250,9,"[0.8,1.0]",11655,0.04606954941213617,0.07361647361647361,13,recomputed from symbol x 30-minute cell means and counts
2019-07-30,SYMBOL,QCOM,250,9,"[0.8,1.0]",10894,0.06780352251823395,0.06489810905085368,13,recomputed from symbol x 30-minute cell means and counts
2019-07-30,SYMBOL,ROKU,250,9,"[0.8,1.0]",40463,0.02705603779486223,0.04932901663247905,13,recomputed from symbol x 30-minute cell means and counts
2019-07-30,SYMBOL,ROST,250,9,"[0.8,1.0]",12943,0.019600852203730184,0.033763424244765514,13,recomputed from symbol x 30-minute cell means and counts
2019-07-30,SYMBOL,SBUX,250,9,"[0.8,1.0]",5703,0.05314263591176059,0.06908644573031737,13,recomputed from symbol x 30-minute cell means and counts
2019-07-30,SYMBOL,SSNC,250,9,"[0.8,1.0]",7976,0.13848128208634608,0.07710631895687062,13,recomputed from symbol x 30-minute cell means and counts
2019-07-30,SYMBOL,STLD,250,9,"[0.8,1.0]",5500,0.05540068099715493,0.031636363636363636,13,recomputed from symbol x 30-minute cell means and counts
2019-07-30,SYMBOL,TER,250,9,"[0.8,1.0]",5780,0.07318142852568708,0.04204152249134948,13,recomputed from symbol x 30-minute cell means and counts
2019-07-30,SYMBOL,TMUS,250,9,"[0.8,1.0]",7672,0.019720777535152636,0.04770594369134515,13,recomputed from symbol x 30-minute cell means and counts
2019-07-30,SYMBOL,TSLA,250,9,"[0.8,1.0]",25753,0.0363039723987492,0.08969828757814624,13,recomputed from symbol x 30-minute cell means and counts
2019-07-30,SYMBOL,TXN,250,9,"[0.8,1.0]",8038,0.04196343986393059,0.07775566061209256,13,recomputed from symbol x 30-minute cell means and counts
2019-07-30,SYMBOL,WBA,250,9,"[0.8,1.0]",6811,0.06403033812304038,0.04903832036411687,13,recomputed from symbol x 30-minute cell means and counts
2019-07-30,SYMBOL,WDC,250,9,"[0.8,1.0]",5192,0.05862459143155896,0.04911402157164869,13,recomputed from symbol x 30-minute cell means and counts
2019-07-30,SYMBOL,XEL,250,9,"[0.8,1.0]",4414,0.09607078887836178,0.07045763479836882,13,recomputed from symbol x 30-minute cell means and counts
2019-07-30,SYMBOL,XLNX,250,9,"[0.8,1.0]",7280,0.047529677706924116,0.060164835164835166,13,recomputed from symbol x 30-minute cell means and counts
2019-07-30,SYMBOL,ZION,250,9,"[0.8,1.0]",10402,0.05336336381525701,0.04835608536819842,13,recomputed from symbol x 30-minute cell means and counts
2019-07-30,SYMBOL,AABA,500,0,"[-1.0,-0.8)",8148,-0.07061147829540582,0.017795778105056455,13,recomputed from symbol x 30-minute cell means and counts
2019-07-30,SYMBOL,AAL,500,0,"[-1.0,-0.8)",5005,-0.223264066846697,0.006593406593406593,13,recomputed from symbol x 30-minute cell means and counts
2019-07-30,SYMBOL,AAPL,500,0,"[-1.0,-0.8)",17045,-0.06332159454467955,0.1291874449985333,13,recomputed from symbol x 30-minute cell means and counts
2019-07-30,SYMBOL,ADBE,500,0,"[-1.0,-0.8)",31914,-0.03734538247979822,0.046092623926803286,13,recomputed from symbol x 30-minute cell means and counts
2019-07-30,SYMBOL,ADI,500,0,"[-1.0,-0.8)",18633,-0.03747702282593266,0.06649492835292223,13,recomputed from symbol x 30-minute cell means and counts
2019-07-30,SYMBOL,ALXN,500,0,"[-1.0,-0.8)",22080,-0.02721319622427657,0.058288043478260866,13,recomputed from symbol x 30-minute cell means and counts
2019-07-30,SYMBOL,AMAT,500,0,"[-1.0,-0.8)",3063,-0.21335343017789846,0.01665034280117532,13,recomputed from symbol x 30-minute cell means and counts
2019-07-30,SYMBOL,AMD,500,0,"[-1.0,-0.8)",7443,-0.4405839010766801,0.01397286040575037,13,recomputed from symbol x 30-minute cell means and counts
2019-07-30,SYMBOL,AMTD,500,0,"[-1.0,-0.8)",4920,-0.10098491738724515,0.0020325203252032522,13,recomputed from symbol x 30-minute cell means and counts
2019-07-30,SYMBOL,AMZN,500,0,"[-1.0,-0.8)",56621,-0.021233890543207855,0.10916444428745518,13,recomputed from symbol x 30-minute cell means and counts
2019-07-30,SYMBOL,ATVI,500,0,"[-1.0,-0.8)",6104,-0.14597524895893013,0.0163826998689384,13,recomputed from symbol x 30-minute cell means and counts
2019-07-30,SYMBOL,BYND,500,0,"[-1.0,-0.8)",29769,-0.08459698761361244,0.1586549766535658,13,recomputed from symbol x 30-minute cell means and counts
2019-07-30,SYMBOL,CMCSA,500,0,"[-1.0,-0.8)",4809,-0.19081526795155443,0.0031191515907673115,13,recomputed from symbol x 30-minute cell means and counts
2019-07-30,SYMBOL,CRZO,500,0,"[-1.0,-0.8)",2254,-1.4501104056570735,0.0075421472937000885,13,recomputed from symbol x 30-minute cell means and counts
2019-07-30,SYMBOL,CSCO,500,0,"[-1.0,-0.8)",4634,-0.2253265091839874,0.002373759171342253,13,recomputed from symbol x 30-minute cell means and counts
2019-07-30,SYMBOL,CSX,500,0,"[-1.0,-0.8)",4593,-0.08506116280751942,0.021119094273895057,13,recomputed from symbol x 30-minute cell means and counts
2019-07-30,SYMBOL,CTSH,500,0,"[-1.0,-0.8)",5002,-0.0893125439800772,0.018592562974810076,13,recomputed from symbol x 30-minute cell means and counts
2019-07-30,SYMBOL,DISCA,500,0,"[-1.0,-0.8)",4358,-0.14860366303311295,0.008949059201468563,13,recomputed from symbol x 30-minute cell means and counts
2019-07-30,SYMBOL,DLTR,500,0,"[-1.0,-0.8)",14120,-0.04214648377920683,0.02188385269121813,13,recomputed from symbol x 30-minute cell means and counts
2019-07-30,SYMBOL,EA,500,0,"[-1.0,-0.8)",12677,-0.061275169973899264,0.06918040545870474,13,recomputed from symbol x 30-minute cell means and counts
2019-07-30,SYMBOL,EBAY,500,0,"[-1.0,-0.8)",1882,-0.3624425265664882,0.007438894792773645,13,recomputed from symbol x 30-minute cell means and counts
2019-07-30,SYMBOL,ETFC,500,0,"[-1.0,-0.8)",5112,-0.07741530484436823,0.01056338028169014,13,recomputed from symbol x 30-minute cell means and counts
2019-07-30,SYMBOL,FB,500,0,"[-1.0,-0.8)",18174,-0.04182377243128575,0.15059975789589525,13,recomputed from symbol x 30-minute cell means and counts
2019-07-30,SYMBOL,FISV,500,0,"[-1.0,-0.8)",5199,-0.08003829521934765,0.06385843431429121,13,recomputed from symbol x 30-minute cell means and counts
2019-07-30,SYMBOL,FITB,500,0,"[-1.0,-0.8)",1979,-0.4539603375015143,0.007074279939363315,13,recomputed from symbol x 30-minute cell means and counts
2019-07-30,SYMBOL,GILD,500,0,"[-1.0,-0.8)",9855,-0.10387521803167372,0.014408929477422628,13,recomputed from symbol x 30-minute cell means and counts
2019-07-30,SYMBOL,GOOG,500,0,"[-1.0,-0.8)",40537,-0.00862090431640285,0.10548387892542616,13,recomputed from symbol x 30-minute cell means and counts
2019-07-30,SYMBOL,GOOGL,500,0,"[-1.0,-0.8)",49759,-0.009002332944955187,0.08227657308225647,13,recomputed from symbol x 30-minute cell means and counts
2019-07-30,SYMBOL,INTC,500,0,"[-1.0,-0.8)",9325,-0.15771104749981263,0.004075067024128686,13,recomputed from symbol x 30-minute cell means and counts
2019-07-30,SYMBOL,KHC,500,0,"[-1.0,-0.8)",7492,-0.19469717698687866,0.005472504004271223,13,recomputed from symbol x 30-minute cell means and counts
2019-07-30,SYMBOL,LRCX,500,0,"[-1.0,-0.8)",47980,-0.02590371199129223,0.037453105460608586,13,recomputed from symbol x 30-minute cell means and counts
2019-07-30,SYMBOL,MAT,500,0,"[-1.0,-0.8)",6883,-0.2117946272618234,0.0027604242336190616,13,recomputed from symbol x 30-minute cell means and counts
2019-07-30,SYMBOL,MCHP,500,0,"[-1.0,-0.8)",11415,-0.05430690972260932,0.036180464301357865,13,recomputed from symbol x 30-minute cell means and counts
2019-07-30,SYMBOL,MDLZ,500,0,"[-1.0,-0.8)",4358,-0.19069903063194202,0.01101422670949977,13,recomputed from symbol x 30-minute cell means and counts
2019-07-30,SYMBOL,MRVL,500,0,"[-1.0,-0.8)",4732,-0.369671516315673,0.009298393913778529,13,recomputed from symbol x 30-minute cell means and counts
2019-07-30,SYMBOL,MSFT,500,0,"[-1.0,-0.8)",9192,-0.1317991466983647,0.026000870322019146,13,recomputed from symbol x 30-minute cell means and counts
2019-07-30,SYMBOL,MU,500,0,"[-1.0,-0.8)",9189,-0.274468611381378,0.014582653172271193,13,recomputed from symbol x 30-minute cell means and counts
2019-07-30,SYMBOL,NFLX,500,0,"[-1.0,-0.8)",37523,-0.048511688512541305,0.08568078245342857,13,recomputed from symbol x 30-minute cell means and counts
2019-07-30,SYMBOL,NVDA,500,0,"[-1.0,-0.8)",15063,-0.055084626028311885,0.11365597822478922,13,recomputed from symbol x 30-minute cell means and counts
2019-07-30,SYMBOL,NWL,500,0,"[-1.0,-0.8)",3692,-0.4216549834993265,0.0021668472372697724,13,recomputed from symbol x 30-minute cell means and counts
2019-07-30,SYMBOL,NXPI,500,0,"[-1.0,-0.8)",9230,-0.07524634151520734,0.05189599133261105,13,recomputed from symbol x 30-minute cell means and counts
2019-07-30,SYMBOL,ON,500,0,"[-1.0,-0.8)",9883,-0.22073489350972478,0.004148537893352221,13,recomputed from symbol x 30-minute cell means and counts
2019-07-30,SYMBOL,PAYX,500,0,"[-1.0,-0.8)",5009,-0.10873285000803562,0.021361549211419445,13,recomputed from symbol x 30-minute cell means and counts
2019-07-30,SYMBOL,PEP,500,0,"[-1.0,-0.8)",7969,-0.05172302096816613,0.039402685405948046,13,recomputed from symbol x 30-minute cell means and counts
2019-07-30,SYMBOL,PTEN,500,0,"[-1.0,-0.8)",7261,-0.12312094131919442,0.006886103842445944,12,recomputed from symbol x 30-minute cell means and counts
2019-07-30,SYMBOL,PYPL,500,0,"[-1.0,-0.8)",6139,-0.07171810478200197,0.07672259325623065,13,recomputed from symbol x 30-minute cell means and counts
2019-07-30,SYMBOL,QCOM,500,0,"[-1.0,-0.8)",1626,-0.21878062795302378,0.019065190651906518,13,recomputed from symbol x 30-minute cell means and counts
2019-07-30,SYMBOL,ROKU,500,0,"[-1.0,-0.8)",43218,-0.050041239103382096,0.05902633162108381,13,recomputed from symbol x 30-minute cell means and counts
2019-07-30,SYMBOL,ROST,500,0,"[-1.0,-0.8)",24085,-0.0333586688800944,0.04210089267178742,13,recomputed from symbol x 30-minute cell means and counts
2019-07-30,SYMBOL,SBUX,500,0,"[-1.0,-0.8)",3729,-0.04155273490567155,0.035398230088495575,13,recomputed from symbol x 30-minute cell means and counts
2019-07-30,SYMBOL,SSNC,500,0,"[-1.0,-0.8)",7171,-0.1153837537070628,0.07795286570910612,13,recomputed from symbol x 30-minute cell means and counts
2019-07-30,SYMBOL,STLD,500,0,"[-1.0,-0.8)",3895,-0.1334312290527089,0.013093709884467265,13,recomputed from symbol x 30-minute cell means and counts
2019-07-30,SYMBOL,TER,500,0,"[-1.0,-0.8)",3338,-0.1721353233039129,0.02067106051527861,13,recomputed from symbol x 30-minute cell means and counts
2019-07-30,SYMBOL,TMUS,500,0,"[-1.0,-0.8)",6457,-0.058940070211213495,0.02230137834907852,13,recomputed from symbol x 30-minute cell means and counts
2019-07-30,SYMBOL,TSLA,500,0,"[-1.0,-0.8)",18930,-0.054142952049559406,0.09904912836767037,13,recomputed from symbol x 30-minute cell means and counts
2019-07-30,SYMBOL,TXN,500,0,"[-1.0,-0.8)",18443,-0.051251968988490354,0.05411267147427208,13,recomputed from symbol x 30-minute cell means and counts
2019-07-30,SYMBOL,WBA,500,0,"[-1.0,-0.8)",7771,-0.082175863063745,0.015956762321451552,13,recomputed from symbol x 30-minute cell means and counts
2019-07-30,SYMBOL,WDC,500,0,"[-1.0,-0.8)",6236,-0.15820173165062593,0.01860166773572803,13,recomputed from symbol x 30-minute cell means and counts
2019-07-30,SYMBOL,XEL,500,0,"[-1.0,-0.8)",7342,-0.1603470117267748,0.001770634704440207,13,recomputed from symbol x 30-minute cell means and counts
2019-07-30,SYMBOL,XLNX,500,0,"[-1.0,-0.8)",22455,-0.027317375731717716,0.04123803161879314,13,recomputed from symbol x 30-minute cell means and counts
2019-07-30,SYMBOL,ZION,500,0,"[-1.0,-0.8)",7357,-0.1470353589590046,0.014000271849938834,13,recomputed from symbol x 30-minute cell means and counts
2019-07-30,SYMBOL,AABA,500,1,"[-0.8,-0.6)",16702,-0.05366301587949526,0.016884205484373128,13,recomputed from symbol x 30-minute cell means and counts
2019-07-30,SYMBOL,AAL,500,1,"[-0.8,-0.6)",13554,-0.14834140780507876,0.008410801239486499,13,recomputed from symbol x 30-minute cell means and counts
2019-07-30,SYMBOL,AAPL,500,1,"[-0.8,-0.6)",20951,-0.03952335889860301,0.14748699346093266,13,recomputed from symbol x 30-minute cell means and counts
2019-07-30,SYMBOL,ADBE,500,1,"[-0.8,-0.6)",10622,-0.02085978760431545,0.051402749011485595,13,recomputed from symbol x 30-minute cell means and counts
2019-07-30,SYMBOL,ADI,500,1,"[-0.8,-0.6)",8136,-0.06626500397730131,0.06084070796460177,13,recomputed from symbol x 30-minute cell means and counts
2019-07-30,SYMBOL,ALXN,500,1,"[-0.8,-0.6)",7870,-0.014274649778345487,0.0650571791613723,13,recomputed from symbol x 30-minute cell means and counts
2019-07-30,SYMBOL,AMAT,500,1,"[-0.8,-0.6)",9674,-0.14989069187988643,0.019743642753773,13,recomputed from symbol x 30-minute cell means and counts
2019-07-30,SYMBOL,AMD,500,1,"[-0.8,-0.6)",21523,-0.16254747887612142,0.010918552246434047,13,recomputed from symbol x 30-minute cell means and counts
2019-07-30,SYMBOL,AMTD,500,1,"[-0.8,-0.6)",19253,-0.07660257943245069,0.00789487352620371,13,recomputed from symbol x 30-minute cell means and counts
2019-07-30,SYMBOL,AMZN,500,1,"[-0.8,-0.6)",11446,-0.023518437128784188,0.11628516512318714,13,recomputed from symbol x 30-minute cell means and counts
2019-07-30,SYMBOL,ATVI,500,1,"[-0.8,-0.6)",18919,-0.11123415067058656,0.019821343622813046,13,recomputed from symbol x 30-minute cell means and counts
2019-07-30,SYMBOL,BYND,500,1,"[-0.8,-0.6)",15082,-0.13042031212931776,0.1469301153693144,13,recomputed from symbol x 30-minute cell means and counts
2019-07-30,SYMBOL,CMCSA,500,1,"[-0.8,-0.6)",16409,-0.07825249472384523,0.003290876957767079,13,recomputed from symbol x 30-minute cell means and counts
2019-07-30,SYMBOL,CRZO,500,1,"[-0.8,-0.6)",6181,-0.8400738176414639,0.003882866850024268,13,recomputed from symbol x 30-minute cell means and counts
2019-07-30,SYMBOL,CSCO,500,1,"[-0.8,-0.6)",12491,-0.10941993703491722,0.007045072452165559,13,recomputed from symbol x 30-minute cell means and counts
2019-07-30,SYMBOL,CSX,500,1,"[-0.8,-0.6)",15072,-0.0864189547425306,0.016587048832271762,13,recomputed from symbol x 30-minute cell means and counts
2019-07-30,SYMBOL,CTSH,500,1,"[-0.8,-0.6)",11456,-0.06642828142926013,0.012569832402234637,13,recomputed from symbol x 30-minute cell means and counts
2019-07-30,SYMBOL,DISCA,500,1,"[-0.8,-0.6)",14506,-0.13404738326968776,0.0035847235626637252,13,recomputed from symbol x 30-minute cell means and counts
2019-07-30,SYMBOL,DLTR,500,1,"[-0.8,-0.6)",11145,-0.04827641963744816,0.028532974427994618,13,recomputed from symbol x 30-minute cell means and counts
2019-07-30,SYMBOL,EA,500,1,"[-0.8,-0.6)",9411,-0.04311473613945131,0.05525448942726596,13,recomputed from symbol x 30-minute cell means and counts
2019-07-30,SYMBOL,EBAY,500,1,"[-0.8,-0.6)",6999,-0.1461706031201686,0.0034290612944706386,13,recomputed from symbol x 30-minute cell means and counts
2019-07-30,SYMBOL,ETFC,500,1,"[-0.8,-0.6)",17310,-0.11203920828132255,0.009532062391681109,13,recomputed from symbol x 30-minute cell means and counts
2019-07-30,SYMBOL,FB,500,1,"[-0.8,-0.6)",15288,-0.0014516748293010053,0.16110675039246466,13,recomputed from symbol x 30-minute cell means and counts
2019-07-30,SYMBOL,FISV,500,1,"[-0.8,-0.6)",17386,-0.06237682728954992,0.05216841136546647,13,recomputed from symbol x 30-minute cell means and counts
2019-07-30,SYMBOL,FITB,500,1,"[-0.8,-0.6)",9876,-0.15494178962784771,0.004050222762251924,13,recomputed from symbol x 30-minute cell means and counts
2019-07-30,SYMBOL,GILD,500,1,"[-0.8,-0.6)",24784,-0.0662349085987884,0.01884280180761782,13,recomputed from symbol x 30-minute cell means and counts
2019-07-30,SYMBOL,GOOG,500,1,"[-0.8,-0.6)",9890,0.02193044923298641,0.12770475227502529,13,recomputed from symbol x 30-minute cell means and counts
2019-07-30,SYMBOL,GOOGL,500,1,"[-0.8,-0.6)",11324,-0.009539735858127637,0.09007417873542918,13,recomputed from symbol x 30-minute cell means and counts
2019-07-30,SYMBOL,INTC,500,1,"[-0.8,-0.6)",19046,-0.09660763774275667,0.005040428436417096,13,recomputed from symbol x 30-minute cell means and counts
2019-07-30,SYMBOL,KHC,500,1,"[-0.8,-0.6)",20602,-0.10418254521249301,0.005096592563828754,13,recomputed from symbol x 30-minute cell means and counts
2019-07-30,SYMBOL,LRCX,500,1,"[-0.8,-0.6)",13251,-0.02294347809198784,0.04527960153950645,13,recomputed from symbol x 30-minute cell means and counts
2019-07-30,SYMBOL,MAT,500,1,"[-0.8,-0.6)",15133,-0.10902559257015268,0.005088217802154233,13,recomputed from symbol x 30-minute cell means and counts
2019-07-30,SYMBOL,MCHP,500,1,"[-0.8,-0.6)",8222,-0.02961158081146088,0.03867672099245926,13,recomputed from symbol x 30-minute cell means and counts
2019-07-30,SYMBOL,MDLZ,500,1,"[-0.8,-0.6)",11408,-0.14988838858265027,0.00447054698457223,13,recomputed from symbol x 30-minute cell means and counts
2019-07-30,SYMBOL,MRVL,500,1,"[-0.8,-0.6)",15727,-0.12220186806531601,0.005277548165575126,13,recomputed from symbol x 30-minute cell means and counts
2019-07-30,SYMBOL,MSFT,500,1,"[-0.8,-0.6)",18947,-0.09689888087729323,0.03193117643954188,13,recomputed from symbol x 30-minute cell means and counts
2019-07-30,SYMBOL,MU,500,1,"[-0.8,-0.6)",22608,-0.13703067497905905,0.01720629865534324,13,recomputed from symbol x 30-minute cell means and counts
2019-07-30,SYMBOL,NFLX,500,1,"[-0.8,-0.6)",10226,-0.031076325864654777,0.09074907099550167,13,recomputed from symbol x 30-minute cell means and counts
2019-07-30,SYMBOL,NVDA,500,1,"[-0.8,-0.6)",9051,-0.07729441218910368,0.09402275991603137,13,recomputed from symbol x 30-minute cell means and counts
2019-07-30,SYMBOL,NWL,500,1,"[-0.8,-0.6)",13713,-0.29260015369443937,0.0059068037628527675,13,recomputed from symbol x 30-minute cell means and counts
2019-07-30,SYMBOL,NXPI,500,1,"[-0.8,-0.6)",11304,-0.03232843338947556,0.04856687898089172,13,recomputed from symbol x 30-minute cell means and counts
2019-07-30,SYMBOL,ON,500,1,"[-0.8,-0.6)",18651,-0.1538594734840665,0.0066484370811216555,13,recomputed from symbol x 30-minute cell means and counts
2019-07-30,SYMBOL,PAYX,500,1,"[-0.8,-0.6)",12251,-0.07642552817795152,0.016733327891600685,13,recomputed from symbol x 30-minute cell means and counts
2019-07-30,SYMBOL,PEP,500,1,"[-0.8,-0.6)",9778,-0.06720872161200159,0.026999386377582327,13,recomputed from symbol x 30-minute cell means and counts
2019-07-30,SYMBOL,PTEN,500,1,"[-0.8,-0.6)",13706,-0.3738441190005706,0.007587917700277251,13,recomputed from symbol x 30-minute cell means and counts
2019-07-30,SYMBOL,PYPL,500,1,"[-0.8,-0.6)",11242,-0.06684169909152839,0.06698096424123821,13,recomputed from symbol x 30-minute cell means and counts
2019-07-30,SYMBOL,QCOM,500,1,"[-0.8,-0.6)",6750,-0.12155301532921968,0.015259259259259259,13,recomputed from symbol x 30-minute cell means and counts
2019-07-30,SYMBOL,ROKU,500,1,"[-0.8,-0.6)",10929,-0.0038504646882252572,0.07164424924512765,13,recomputed from symbol x 30-minute cell means and counts
2019-07-30,SYMBOL,ROST,500,1,"[-0.8,-0.6)",11847,-0.02317328846302678,0.0407698151430742,13,recomputed from symbol x 30-minute cell means and counts
2019-07-30,SYMBOL,SBUX,500,1,"[-0.8,-0.6)",13723,-0.07441878789612497,0.015084165269984698,13,recomputed from symbol x 30-minute cell means and counts
2019-07-30,SYMBOL,SSNC,500,1,"[-0.8,-0.6)",17858,-0.14554831551829941,0.06462089819688654,13,recomputed from symbol x 30-minute cell means and counts
2019-07-30,SYMBOL,STLD,500,1,"[-0.8,-0.6)",11100,-0.11494936033412143,0.0109009009009009,13,recomputed from symbol x 30-minute cell means and counts
2019-07-30,SYMBOL,TER,500,1,"[-0.8,-0.6)",9383,-0.1021971848808117,0.02675050623467974,13,recomputed from symbol x 30-minute cell means and counts
2019-07-30,SYMBOL,TMUS,500,1,"[-0.8,-0.6)",11914,-0.05932006449012603,0.02702702702702703,13,recomputed from symbol x 30-minute cell means and counts
2019-07-30,SYMBOL,TSLA,500,1,"[-0.8,-0.6)",10767,-0.05810607156127323,0.10495031113587815,13,recomputed from symbol x 30-minute cell means and counts
2019-07-30,SYMBOL,TXN,500,1,"[-0.8,-0.6)",10346,-0.06390900426829965,0.042045234873381014,13,recomputed from symbol x 30-minute cell means and counts
2019-07-30,SYMBOL,WBA,500,1,"[-0.8,-0.6)",16927,-0.0753021265834054,0.009570508654811839,13,recomputed from symbol x 30-minute cell means and counts
2019-07-30,SYMBOL,WDC,500,1,"[-0.8,-0.6)",10983,-0.09086519696288538,0.022307202039515615,13,recomputed from symbol x 30-minute cell means and counts
2019-07-30,SYMBOL,XEL,500,1,"[-0.8,-0.6)",21023,-0.1247167882170589,0.008086381582076772,13,recomputed from symbol x 30-minute cell means and counts
2019-07-30,SYMBOL,XLNX,500,1,"[-0.8,-0.6)",12034,-0.03434244467161295,0.05476150905766994,13,recomputed from symbol x 30-minute cell means and counts
2019-07-30,SYMBOL,ZION,500,1,"[-0.8,-0.6)",18830,-0.11205780526392649,0.011895910780669145,13,recomputed from symbol x 30-minute cell means and counts
2019-07-30,SYMBOL,AABA,500,2,"[-0.6,-0.4)",26035,-0.030161542846210084,0.013481851353946611,13,recomputed from symbol x 30-minute cell means and counts
2019-07-30,SYMBOL,AAL,500,2,"[-0.6,-0.4)",22357,-0.09180368203332366,0.012881871449657824,13,recomputed from symbol x 30-minute cell means and counts
2019-07-30,SYMBOL,AAPL,500,2,"[-0.6,-0.4)",26074,-0.028702695124137617,0.15118508859400168,13,recomputed from symbol x 30-minute cell means and counts
2019-07-30,SYMBOL,ADBE,500,2,"[-0.6,-0.4)",12944,-0.01601235490817259,0.05701483312731768,13,recomputed from symbol x 30-minute cell means and counts
2019-07-30,SYMBOL,ADI,500,2,"[-0.6,-0.4)",15744,-0.05595226647385313,0.0625635162601626,13,recomputed from symbol x 30-minute cell means and counts
2019-07-30,SYMBOL,ALXN,500,2,"[-0.6,-0.4)",16913,-0.05820897910015986,0.04357594749600899,13,recomputed from symbol x 30-minute cell means and counts
2019-07-30,SYMBOL,AMAT,500,2,"[-0.6,-0.4)",20382,-0.09533214564412794,0.020606417427141595,13,recomputed from symbol x 30-minute cell means and counts
2019-07-30,SYMBOL,AMD,500,2,"[-0.6,-0.4)",27680,-0.10135280256929426,0.012608381502890174,13,recomputed from symbol x 30-minute cell means and counts
2019-07-30,SYMBOL,AMTD,500,2,"[-0.6,-0.4)",27553,-0.04656895144649527,0.012376147787899684,13,recomputed from symbol x 30-minute cell means and counts
2019-07-30,SYMBOL,AMZN,500,2,"[-0.6,-0.4)",12985,-0.004727520117328908,0.1169811320754717,13,recomputed from symbol x 30-minute cell means and counts
2019-07-30,SYMBOL,ATVI,500,2,"[-0.6,-0.4)",27420,-0.08173428958215304,0.024179431072210066,13,recomputed from symbol x 30-minute cell means and counts
2019-07-30,SYMBOL,BYND,500,2,"[-0.6,-0.4)",18795,-0.14734165249716955,0.13056664006384677,13,recomputed from symbol x 30-minute cell means and counts
2019-07-30,SYMBOL,CMCSA,500,2,"[-0.6,-0.4)",27769,-0.04985465589239847,0.0036731607187871365,13,recomputed from symbol x 30-minute cell means and counts
2019-07-30,SYMBOL,CRZO,500,2,"[-0.6,-0.4)",18177,-0.2574338902995329,0.004676239203388898,13,recomputed from symbol x 30-minute cell means and counts
2019-07-30,SYMBOL,CSCO,500,2,"[-0.6,-0.4)",20095,-0.08263476052430176,0.00592187111221697,13,recomputed from symbol x 30-minute cell means and counts
2019-07-30,SYMBOL,CSX,500,2,"[-0.6,-0.4)",31045,-0.05600688181017155,0.020550813335480755,13,recomputed from symbol x 30-minute cell means and counts
2019-07-30,SYMBOL,CTSH,500,2,"[-0.6,-0.4)",23696,-0.05442977217475681,0.016120864280891288,13,recomputed from symbol x 30-minute cell means and counts
2019-07-30,SYMBOL,DISCA,500,2,"[-0.6,-0.4)",26191,-0.05039595162116131,0.008361650948799206,13,recomputed from symbol x 30-minute cell means and counts
2019-07-30,SYMBOL,DLTR,500,2,"[-0.6,-0.4)",18259,-0.02736231655141951,0.034886905087901855,13,recomputed from symbol x 30-minute cell means and counts
2019-07-30,SYMBOL,EA,500,2,"[-0.6,-0.4)",19177,-0.04856865758312043,0.055796005631746366,13,recomputed from symbol x 30-minute cell means and counts
2019-07-30,SYMBOL,EBAY,500,2,"[-0.6,-0.4)",14953,-0.0979427795924208,0.0038119440914866584,13,recomputed from symbol x 30-minute cell means and counts
2019-07-30,SYMBOL,ETFC,500,2,"[-0.6,-0.4)",31342,-0.07876980679743094,0.01352817305851573,13,recomputed from symbol x 30-minute cell means and counts
2019-07-30,SYMBOL,FB,500,2,"[-0.6,-0.4)",12027,-0.036049200616355075,0.1332834455807766,13,recomputed from symbol x 30-minute cell means and counts
2019-07-30,SYMBOL,FISV,500,2,"[-0.6,-0.4)",33543,-0.04309213832893692,0.05956533404883284,13,recomputed from symbol x 30-minute cell means and counts
2019-07-30,SYMBOL,FITB,500,2,"[-0.6,-0.4)",15003,-0.09481287487250983,0.006065453575951477,13,recomputed from symbol x 30-minute cell means and counts
2019-07-30,SYMBOL,GILD,500,2,"[-0.6,-0.4)",31255,-0.042849050678457,0.028219484882418815,13,recomputed from symbol x 30-minute cell means and counts
2019-07-30,SYMBOL,GOOG,500,2,"[-0.6,-0.4)",8797,0.0021026335695602414,0.12151869955666704,13,recomputed from symbol x 30-minute cell means and counts
2019-07-30,SYMBOL,GOOGL,500,2,"[-0.6,-0.4)",14254,-0.00891952262126339,0.0936579205836958,13,recomputed from symbol x 30-minute cell means and counts
2019-07-30,SYMBOL,INTC,500,2,"[-0.6,-0.4)",28399,-0.06107576559192635,0.007570689108771436,13,recomputed from symbol x 30-minute cell means and counts
2019-07-30,SYMBOL,KHC,500,2,"[-0.6,-0.4)",33959,-0.03379049096562008,0.006979004093171177,13,recomputed from symbol x 30-minute cell means and counts
2019-07-30,SYMBOL,LRCX,500,2,"[-0.6,-0.4)",17910,-0.002290661960823585,0.04500279173646008,13,recomputed from symbol x 30-minute cell means and counts
2019-07-30,SYMBOL,MAT,500,2,"[-0.6,-0.4)",18957,-0.1036265824812905,0.0041145750909954105,13,recomputed from symbol x 30-minute cell means and counts
2019-07-30,SYMBOL,MCHP,500,2,"[-0.6,-0.4)",19478,-0.043997312273892523,0.03814560016428791,13,recomputed from symbol x 30-minute cell means and counts
2019-07-30,SYMBOL,MDLZ,500,2,"[-0.6,-0.4)",25249,-0.0723087104260414,0.008317161075686166,13,recomputed from symbol x 30-minute cell means and counts
2019-07-30,SYMBOL,MRVL,500,2,"[-0.6,-0.4)",22276,-0.07264061384792708,0.003950439935356437,13,recomputed from symbol x 30-minute cell means and counts
2019-07-30,SYMBOL,MSFT,500,2,"[-0.6,-0.4)",23852,-0.06748656915045016,0.04796243501593158,13,recomputed from symbol x 30-minute cell means and counts
2019-07-30,SYMBOL,MU,500,2,"[-0.6,-0.4)",33915,-0.09810473870408583,0.016954150081085067,13,recomputed from symbol x 30-minute cell means and counts
2019-07-30,SYMBOL,NFLX,500,2,"[-0.6,-0.4)",16764,-0.02493298282538812,0.0860773085182534,13,recomputed from symbol x 30-minute cell means and counts
2019-07-30,SYMBOL,NVDA,500,2,"[-0.6,-0.4)",19548,-0.049339813454118954,0.09827092285655821,13,recomputed from symbol x 30-minute cell means and counts
2019-07-30,SYMBOL,NWL,500,2,"[-0.6,-0.4)",24744,-0.16585302362540683,0.0082848367280957,13,recomputed from symbol x 30-minute cell means and counts
2019-07-30,SYMBOL,NXPI,500,2,"[-0.6,-0.4)",24725,-0.0332288293276807,0.049180990899898885,13,recomputed from symbol x 30-minute cell means and counts
2019-07-30,SYMBOL,ON,500,2,"[-0.6,-0.4)",23248,-0.09490997655508195,0.005591878871300757,13,recomputed from symbol x 30-minute cell means and counts
2019-07-30,SYMBOL,PAYX,500,2,"[-0.6,-0.4)",21150,-0.053133707114145265,0.017257683215130024,13,recomputed from symbol x 30-minute cell means and counts
2019-07-30,SYMBOL,PEP,500,2,"[-0.6,-0.4)",22831,-0.05534724580187411,0.03613507949717489,13,recomputed from symbol x 30-minute cell means and counts
2019-07-30,SYMBOL,PTEN,500,2,"[-0.6,-0.4)",26263,-0.2215430807260277,0.009633324448844382,13,recomputed from symbol x 30-minute cell means and counts
2019-07-30,SYMBOL,PYPL,500,2,"[-0.6,-0.4)",21545,-0.05047914440572663,0.06033882571362265,13,recomputed from symbol x 30-minute cell means and counts
2019-07-30,SYMBOL,QCOM,500,2,"[-0.6,-0.4)",14518,-0.1001321100050596,0.017220002755200442,13,recomputed from symbol x 30-minute cell means and counts
2019-07-30,SYMBOL,ROKU,500,2,"[-0.6,-0.4)",11485,-0.047238536448285635,0.06094906399651719,13,recomputed from symbol x 30-minute cell means and counts
2019-07-30,SYMBOL,ROST,500,2,"[-0.6,-0.4)",18822,-0.11447473082047392,0.039581340983954945,13,recomputed from symbol x 30-minute cell means and counts
2019-07-30,SYMBOL,SBUX,500,2,"[-0.6,-0.4)",23104,-0.044255113605812316,0.024844182825484763,13,recomputed from symbol x 30-minute cell means and counts
2019-07-30,SYMBOL,SSNC,500,2,"[-0.6,-0.4)",30221,-0.10488166255972386,0.07326031567453095,13,recomputed from symbol x 30-minute cell means and counts
2019-07-30,SYMBOL,STLD,500,2,"[-0.6,-0.4)",22289,-0.08499463524759161,0.009825474449279914,13,recomputed from symbol x 30-minute cell means and counts
2019-07-30,SYMBOL,TER,500,2,"[-0.6,-0.4)",23280,-0.09068966127701641,0.026331615120274914,13,recomputed from symbol x 30-minute cell means and counts
2019-07-30,SYMBOL,TMUS,500,2,"[-0.6,-0.4)",27627,-0.04869604112228008,0.030405038549245304,13,recomputed from symbol x 30-minute cell means and counts
2019-07-30,SYMBOL,TSLA,500,2,"[-0.6,-0.4)",25372,-0.035975753686630293,0.09916443323348573,13,recomputed from symbol x 30-minute cell means and counts
2019-07-30,SYMBOL,TXN,500,2,"[-0.6,-0.4)",24106,-0.03579576040767173,0.06023396664730772,13,recomputed from symbol x 30-minute cell means and counts
2019-07-30,SYMBOL,WBA,500,2,"[-0.6,-0.4)",30932,-0.051639742034535724,0.010862537178326652,13,recomputed from symbol x 30-minute cell means and counts
2019-07-30,SYMBOL,WDC,500,2,"[-0.6,-0.4)",23487,-0.10501021805326058,0.022991442074338998,13,recomputed from symbol x 30-minute cell means and counts
2019-07-30,SYMBOL,XEL,500,2,"[-0.6,-0.4)",29040,-0.08709558432218785,0.011363636363636364,13,recomputed from symbol x 30-minute cell means and counts
2019-07-30,SYMBOL,XLNX,500,2,"[-0.6,-0.4)",22317,-0.041997806338814794,0.045973921225971236,13,recomputed from symbol x 30-minute cell means and counts
2019-07-30,SYMBOL,ZION,500,2,"[-0.6,-0.4)",25730,-0.09523053542677179,0.018305479984453945,13,recomputed from symbol x 30-minute cell means and counts
2019-07-30,SYMBOL,AABA,500,3,"[-0.4,-0.2)",27043,-0.01659787374104735,0.018710941833376474,13,recomputed from symbol x 30-minute cell means and counts
2019-07-30,SYMBOL,AAL,500,3,"[-0.4,-0.2)",32427,-0.059114124576636715,0.01008418910167453,13,recomputed from symbol x 30-minute cell means and counts
2019-07-30,SYMBOL,AAPL,500,3,"[-0.4,-0.2)",28130,-0.02437697890927433,0.14720938499822253,13,recomputed from symbol x 30-minute cell means and counts
2019-07-30,SYMBOL,ADBE,500,3,"[-0.4,-0.2)",17142,-0.019168867668211496,0.06556994516392486,13,recomputed from symbol x 30-minute cell means and counts
2019-07-30,SYMBOL,ADI,500,3,"[-0.4,-0.2)",31408,-0.02394086705312945,0.07418492103922568,13,recomputed from symbol x 30-minute cell means and counts
2019-07-30,SYMBOL,ALXN,500,3,"[-0.4,-0.2)",27797,-0.021884744339385177,0.05068892326510055,13,recomputed from symbol x 30-minute cell means and counts
2019-07-30,SYMBOL,AMAT,500,3,"[-0.4,-0.2)",25901,-0.05463507053847571,0.02903362804524922,13,recomputed from symbol x 30-minute cell means and counts
2019-07-30,SYMBOL,AMD,500,3,"[-0.4,-0.2)",29585,-0.05555943958820152,0.01487240155484198,13,recomputed from symbol x 30-minute cell means and counts
2019-07-30,SYMBOL,AMTD,500,3,"[-0.4,-0.2)",32891,-0.030126514672863345,0.015080113100848256,13,recomputed from symbol x 30-minute cell means and counts
2019-07-30,SYMBOL,AMZN,500,3,"[-0.4,-0.2)",10176,-0.02373473949597873,0.1186124213836478,13,recomputed from symbol x 30-minute cell means and counts
2019-07-30,SYMBOL,ATVI,500,3,"[-0.4,-0.2)",32088,-0.043368082444318896,0.028858140114684617,13,recomputed from symbol x 30-minute cell means and counts
2019-07-30,SYMBOL,BYND,500,3,"[-0.4,-0.2)",18528,-0.04064788176020244,0.14691278065630398,13,recomputed from symbol x 30-minute cell means and counts
2019-07-30,SYMBOL,CMCSA,500,3,"[-0.4,-0.2)",32686,-0.03156913380826226,0.004589120724469192,13,recomputed from symbol x 30-minute cell means and counts
2019-07-30,SYMBOL,CRZO,500,3,"[-0.4,-0.2)",35513,-0.10374125230450983,0.004195646664601695,13,recomputed from symbol x 30-minute cell means and counts
2019-07-30,SYMBOL,CSCO,500,3,"[-0.4,-0.2)",30813,-0.035959752014610054,0.0060364132022198425,13,recomputed from symbol x 30-minute cell means and counts
2019-07-30,SYMBOL,CSX,500,3,"[-0.4,-0.2)",33085,-0.027984840894765106,0.029288197068157776,13,recomputed from symbol x 30-minute cell means and counts
2019-07-30,SYMBOL,CTSH,500,3,"[-0.4,-0.2)",30059,-0.03823239699448768,0.021790478725173826,13,recomputed from symbol x 30-minute cell means and counts
2019-07-30,SYMBOL,DISCA,500,3,"[-0.4,-0.2)",31666,-0.028707610877926153,0.01114760310743384,13,recomputed from symbol x 30-minute cell means and counts
2019-07-30,SYMBOL,DLTR,500,3,"[-0.4,-0.2)",31616,-0.022442548414164407,0.026758603238866398,13,recomputed from symbol x 30-minute cell means and counts
2019-07-30,SYMBOL,EA,500,3,"[-0.4,-0.2)",28616,-0.03794662335505857,0.05979172490914174,13,recomputed from symbol x 30-minute cell means and counts
2019-07-30,SYMBOL,EBAY,500,3,"[-0.4,-0.2)",23515,-0.04130522567060382,0.0075271103550924945,13,recomputed from symbol x 30-minute cell means and counts
2019-07-30,SYMBOL,ETFC,500,3,"[-0.4,-0.2)",33780,-0.034214062073867374,0.021995263469508586,13,recomputed from symbol x 30-minute cell means and counts
2019-07-30,SYMBOL,FB,500,3,"[-0.4,-0.2)",18558,-0.030291861998121446,0.14241836404785,13,recomputed from symbol x 30-minute cell means and counts
2019-07-30,SYMBOL,FISV,500,3,"[-0.4,-0.2)",34243,-0.007003086366006761,0.06594048418654908,13,recomputed from symbol x 30-minute cell means and counts
2019-07-30,SYMBOL,FITB,500,3,"[-0.4,-0.2)",23133,-0.03873682051468044,0.006095188691479705,13,recomputed from symbol x 30-minute cell means and counts
2019-07-30,SYMBOL,GILD,500,3,"[-0.4,-0.2)",38538,-0.034224665452933,0.029269811614510352,13,recomputed from symbol x 30-minute cell means and counts
2019-07-30,SYMBOL,GOOG,500,3,"[-0.4,-0.2)",10082,-0.02566963710604715,0.09769886927196984,13,recomputed from symbol x 30-minute cell means and counts
2019-07-30,SYMBOL,GOOGL,500,3,"[-0.4,-0.2)",11405,-0.009877666506666407,0.08057869355545813,13,recomputed from symbol x 30-minute cell means and counts
2019-07-30,SYMBOL,INTC,500,3,"[-0.4,-0.2)",34424,-0.03337121546760205,0.011619800139437602,13,recomputed from symbol x 30-minute cell means and counts
2019-07-30,SYMBOL,KHC,500,3,"[-0.4,-0.2)",37694,-0.015072012691464406,0.00970976813285934,13,recomputed from symbol x 30-minute cell means and counts
2019-07-30,SYMBOL,LRCX,500,3,"[-0.4,-0.2)",27169,-0.01949151907542741,0.04810629761860945,13,recomputed from symbol x 30-minute cell means and counts
2019-07-30,SYMBOL,MAT,500,3,"[-0.4,-0.2)",26153,-0.04348346055071336,0.006576683363285283,13,recomputed from symbol x 30-minute cell means and counts
2019-07-30,SYMBOL,MCHP,500,3,"[-0.4,-0.2)",32778,-0.027408546977078358,0.043016657514186346,13,recomputed from symbol x 30-minute cell means and counts
2019-07-30,SYMBOL,MDLZ,500,3,"[-0.4,-0.2)",30172,-0.03660317996041964,0.0130916081134827,13,recomputed from symbol x 30-minute cell means and counts
2019-07-30,SYMBOL,MRVL,500,3,"[-0.4,-0.2)",32718,-0.04310615564866086,0.00473745338957149,13,recomputed from symbol x 30-minute cell means and counts
2019-07-30,SYMBOL,MSFT,500,3,"[-0.4,-0.2)",27665,-0.035247235505636486,0.07128140249412615,13,recomputed from symbol x 30-minute cell means and counts
2019-07-30,SYMBOL,MU,500,3,"[-0.4,-0.2)",34067,-0.047387790819202184,0.022338333284410133,13,recomputed from symbol x 30-minute cell means and counts
2019-07-30,SYMBOL,NFLX,500,3,"[-0.4,-0.2)",25718,-0.012043856460381207,0.10047437592347772,13,recomputed from symbol x 30-minute cell means and counts
2019-07-30,SYMBOL,NVDA,500,3,"[-0.4,-0.2)",29696,-0.03415383474905333,0.10816271551724138,13,recomputed from symbol x 30-minute cell means and counts
2019-07-30,SYMBOL,NWL,500,3,"[-0.4,-0.2)",31621,-0.05013538078724789,0.009329243224439454,13,recomputed from symbol x 30-minute cell means and counts
2019-07-30,SYMBOL,NXPI,500,3,"[-0.4,-0.2)",30904,-0.02945728189789999,0.05339114677711623,13,recomputed from symbol x 30-minute cell means and counts
2019-07-30,SYMBOL,ON,500,3,"[-0.4,-0.2)",25610,-0.049713743603448296,0.009996095275283093,13,recomputed from symbol x 30-minute cell means and counts
2019-07-30,SYMBOL,PAYX,500,3,"[-0.4,-0.2)",27535,-0.025604412855287202,0.02426003268567278,13,recomputed from symbol x 30-minute cell means and counts
2019-07-30,SYMBOL,PEP,500,3,"[-0.4,-0.2)",29174,-0.03872553382484893,0.05758552135463083,13,recomputed from symbol x 30-minute cell means and counts
2019-07-30,SYMBOL,PTEN,500,3,"[-0.4,-0.2)",37263,-0.07351217647907006,0.00920484126345168,13,recomputed from symbol x 30-minute cell means and counts
2019-07-30,SYMBOL,PYPL,500,3,"[-0.4,-0.2)",29291,-0.023456183643747398,0.07125055477791813,13,recomputed from symbol x 30-minute cell means and counts
2019-07-30,SYMBOL,QCOM,500,3,"[-0.4,-0.2)",23242,-0.050673855039874593,0.024868772050598054,13,recomputed from symbol x 30-minute cell means and counts
2019-07-30,SYMBOL,ROKU,500,3,"[-0.4,-0.2)",16068,-0.06676622427849738,0.07082399800846403,13,recomputed from symbol x 30-minute cell means and counts
2019-07-30,SYMBOL,ROST,500,3,"[-0.4,-0.2)",25387,-0.021072748915378203,0.03742072714381376,13,recomputed from symbol x 30-minute cell means and counts
2019-07-30,SYMBOL,SBUX,500,3,"[-0.4,-0.2)",31568,-0.03132970975896035,0.030030410542321338,13,recomputed from symbol x 30-minute cell means and counts
2019-07-30,SYMBOL,SSNC,500,3,"[-0.4,-0.2)",32799,-0.037148630124024674,0.08744169029543583,13,recomputed from symbol x 30-minute cell means and counts
2019-07-30,SYMBOL,STLD,500,3,"[-0.4,-0.2)",27168,-0.049842627444803646,0.018219964664310955,13,recomputed from symbol x 30-minute cell means and counts
2019-07-30,SYMBOL,TER,500,3,"[-0.4,-0.2)",29583,-0.01359339053412502,0.0370145015718487,13,recomputed from symbol x 30-minute cell means and counts
2019-07-30,SYMBOL,TMUS,500,3,"[-0.4,-0.2)",33878,-0.023744365496747757,0.04283015526300254,13,recomputed from symbol x 30-minute cell means and counts
2019-07-30,SYMBOL,TSLA,500,3,"[-0.4,-0.2)",31474,-0.014858550115185998,0.11870115015568405,13,recomputed from symbol x 30-minute cell means and counts
2019-07-30,SYMBOL,TXN,500,3,"[-0.4,-0.2)",36687,-0.01880673161690125,0.06574535939161011,13,recomputed from symbol x 30-minute cell means and counts
2019-07-30,SYMBOL,WBA,500,3,"[-0.4,-0.2)",33083,-0.029207256687951162,0.02031254722969501,13,recomputed from symbol x 30-minute cell means and counts
2019-07-30,SYMBOL,WDC,500,3,"[-0.4,-0.2)",29913,-0.04474556729423164,0.0379099388225855,13,recomputed from symbol x 30-minute cell means and counts
2019-07-30,SYMBOL,XEL,500,3,"[-0.4,-0.2)",33385,-0.04228118418111797,0.022824621836153962,13,recomputed from symbol x 30-minute cell means and counts
2019-07-30,SYMBOL,XLNX,500,3,"[-0.4,-0.2)",40041,-0.02071565704842178,0.05581778676856222,13,recomputed from symbol x 30-minute cell means and counts
2019-07-30,SYMBOL,ZION,500,3,"[-0.4,-0.2)",30213,-0.03867642228378383,0.032469466785820675,13,recomputed from symbol x 30-minute cell means and counts
2019-07-30,SYMBOL,AABA,500,4,"[-0.2,0.0)",26507,-0.003869920623843482,0.020258799562379748,13,recomputed from symbol x 30-minute cell means and counts
2019-07-30,SYMBOL,AAL,500,4,"[-0.2,0.0)",37156,-0.028148983077733943,0.015798256001722466,13,recomputed from symbol x 30-minute cell means and counts
2019-07-30,SYMBOL,AAPL,500,4,"[-0.2,0.0)",26105,-0.010385365213637287,0.15763263742578051,13,recomputed from symbol x 30-minute cell means and counts
2019-07-30,SYMBOL,ADBE,500,4,"[-0.2,0.0)",20341,-0.010022193750187182,0.07275945135440735,13,recomputed from symbol x 30-minute cell means and counts
2019-07-30,SYMBOL,ADI,500,4,"[-0.2,0.0)",15688,-0.0092311004145391,0.07846761856195819,13,recomputed from symbol x 30-minute cell means and counts
2019-07-30,SYMBOL,ALXN,500,4,"[-0.2,0.0)",21809,-0.002134938208949391,0.04741161905635288,13,recomputed from symbol x 30-minute cell means and counts
2019-07-30,SYMBOL,AMAT,500,4,"[-0.2,0.0)",27653,-0.03232061987746082,0.027085668824359022,13,recomputed from symbol x 30-minute cell means and counts
2019-07-30,SYMBOL,AMD,500,4,"[-0.2,0.0)",32496,-0.030625518732385528,0.017202117183653373,13,recomputed from symbol x 30-minute cell means and counts
2019-07-30,SYMBOL,AMTD,500,4,"[-0.2,0.0)",34612,-0.00539493991311101,0.01762394545244424,13,recomputed from symbol x 30-minute cell means and counts
2019-07-30,SYMBOL,AMZN,500,4,"[-0.2,0.0)",25008,-0.006869861770523158,0.11972168905950097,13,recomputed from symbol x 30-minute cell means and counts
2019-07-30,SYMBOL,ATVI,500,4,"[-0.2,0.0)",33791,-0.014067506198189342,0.028380337959811784,13,recomputed from symbol x 30-minute cell means and counts
2019-07-30,SYMBOL,BYND,500,4,"[-0.2,0.0)",13988,-0.04293627515840026,0.14104947097512152,13,recomputed from symbol x 30-minute cell means and counts
2019-07-30,SYMBOL,CMCSA,500,4,"[-0.2,0.0)",32760,-0.013273653915659121,0.0068986568986568984,13,recomputed from symbol x 30-minute cell means and counts
2019-07-30,SYMBOL,CRZO,500,4,"[-0.2,0.0)",49922,-0.010704182856386945,0.005929249629421898,13,recomputed from symbol x 30-minute cell means and counts
2019-07-30,SYMBOL,CSCO,500,4,"[-0.2,0.0)",38201,-0.014022997411981696,0.009031177194314285,13,recomputed from symbol x 30-minute cell means and counts
2019-07-30,SYMBOL,CSX,500,4,"[-0.2,0.0)",31750,-0.0015918905753788985,0.03083464566929134,13,recomputed from symbol x 30-minute cell means and counts
2019-07-30,SYMBOL,CTSH,500,4,"[-0.2,0.0)",29789,-0.01857019209094212,0.02037664909866058,13,recomputed from symbol x 30-minute cell means and counts
2019-07-30,SYMBOL,DISCA,500,4,"[-0.2,0.0)",33275,-0.016512387098001412,0.013072877535687453,13,recomputed from symbol x 30-minute cell means and counts
2019-07-30,SYMBOL,DLTR,500,4,"[-0.2,0.0)",28017,-0.011933293913852039,0.029731948459863655,13,recomputed from symbol x 30-minute cell means and counts
2019-07-30,SYMBOL,EA,500,4,"[-0.2,0.0)",27205,-0.011025028256365666,0.05693806285609263,13,recomputed from symbol x 30-minute cell means and counts
2019-07-30,SYMBOL,EBAY,500,4,"[-0.2,0.0)",27481,-0.026609023161917586,0.007714420872602889,13,recomputed from symbol x 30-minute cell means and counts
2019-07-30,SYMBOL,ETFC,500,4,"[-0.2,0.0)",35608,-0.003814297763183395,0.03035834643900247,13,recomputed from symbol x 30-minute cell means and counts
2019-07-30,SYMBOL,FB,500,4,"[-0.2,0.0)",19045,-0.030105729122179393,0.13735888684694145,13,recomputed from symbol x 30-minute cell means and counts
2019-07-30,SYMBOL,FISV,500,4,"[-0.2,0.0)",28428,0.002072467370527747,0.06405656395103419,13,recomputed from symbol x 30-minute cell means and counts
2019-07-30,SYMBOL,FITB,500,4,"[-0.2,0.0)",34668,-0.009927107386348624,0.004990192684896735,13,recomputed from symbol x 30-minute cell means and counts
2019-07-30,SYMBOL,GILD,500,4,"[-0.2,0.0)",34884,-0.0018346719653108052,0.03964568283453732,13,recomputed from symbol x 30-minute cell means and counts
2019-07-30,SYMBOL,GOOG,500,4,"[-0.2,0.0)",11757,-0.010065379290898317,0.09032916560347028,13,recomputed from symbol x 30-minute cell means and counts
2019-07-30,SYMBOL,GOOGL,500,4,"[-0.2,0.0)",12516,-0.0011562240078149988,0.07989773090444231,13,recomputed from symbol x 30-minute cell means and counts
2019-07-30,SYMBOL,INTC,500,4,"[-0.2,0.0)",33159,-0.016094669612937557,0.0164962755209747,13,recomputed from symbol x 30-minute cell means and counts
2019-07-30,SYMBOL,KHC,500,4,"[-0.2,0.0)",36286,0.011600585800675096,0.012456594829961969,13,recomputed from symbol x 30-minute cell means and counts
2019-07-30,SYMBOL,LRCX,500,4,"[-0.2,0.0)",20705,0.002170986514309126,0.05013281815986477,13,recomputed from symbol x 30-minute cell means and counts
2019-07-30,SYMBOL,MAT,500,4,"[-0.2,0.0)",27810,-0.0408579057174293,0.007766990291262136,13,recomputed from symbol x 30-minute cell means and counts
2019-07-30,SYMBOL,MCHP,500,4,"[-0.2,0.0)",23670,-0.013860373845521438,0.0427545416138572,13,recomputed from symbol x 30-minute cell means and counts
2019-07-30,SYMBOL,MDLZ,500,4,"[-0.2,0.0)",37019,-0.01422070540273823,0.015667630135876173,13,recomputed from symbol x 30-minute cell means and counts
2019-07-30,SYMBOL,MRVL,500,4,"[-0.2,0.0)",36875,-0.016604966192730403,0.004393220338983051,13,recomputed from symbol x 30-minute cell means and counts
2019-07-30,SYMBOL,MSFT,500,4,"[-0.2,0.0)",30073,-0.021256177840533956,0.09044657998869418,13,recomputed from symbol x 30-minute cell means and counts
2019-07-30,SYMBOL,MU,500,4,"[-0.2,0.0)",29994,-0.0210121337188008,0.027205441088217642,13,recomputed from symbol x 30-minute cell means and counts
2019-07-30,SYMBOL,NFLX,500,4,"[-0.2,0.0)",16069,-0.010647979366459587,0.10430020536436617,13,recomputed from symbol x 30-minute cell means and counts
2019-07-30,SYMBOL,NVDA,500,4,"[-0.2,0.0)",28860,-0.005966464033039263,0.11517671517671518,13,recomputed from symbol x 30-minute cell means and counts
2019-07-30,SYMBOL,NWL,500,4,"[-0.2,0.0)",30345,-0.054683753807318033,0.00932608337452628,13,recomputed from symbol x 30-minute cell means and counts
2019-07-30,SYMBOL,NXPI,500,4,"[-0.2,0.0)",27327,0.0004953615857901625,0.05148753979580634,13,recomputed from symbol x 30-minute cell means and counts
2019-07-30,SYMBOL,ON,500,4,"[-0.2,0.0)",27352,-0.010311434956871651,0.015209125475285171,13,recomputed from symbol x 30-minute cell means and counts
2019-07-30,SYMBOL,PAYX,500,4,"[-0.2,0.0)",25901,-0.011155746612837497,0.024516427937145285,13,recomputed from symbol x 30-minute cell means and counts
2019-07-30,SYMBOL,PEP,500,4,"[-0.2,0.0)",22912,-0.018093059945060722,0.05970670391061453,13,recomputed from symbol x 30-minute cell means and counts
2019-07-30,SYMBOL,PTEN,500,4,"[-0.2,0.0)",38936,0.01912656649931858,0.014793507294020958,13,recomputed from symbol x 30-minute cell means and counts
2019-07-30,SYMBOL,PYPL,500,4,"[-0.2,0.0)",28124,-0.009767501206880205,0.06802019627364529,13,recomputed from symbol x 30-minute cell means and counts
2019-07-30,SYMBOL,QCOM,500,4,"[-0.2,0.0)",31717,-0.03320348727341148,0.0237096825046505,13,recomputed from symbol x 30-minute cell means and counts
2019-07-30,SYMBOL,ROKU,500,4,"[-0.2,0.0)",16150,-0.002838653043696755,0.0665015479876161,13,recomputed from symbol x 30-minute cell means and counts
2019-07-30,SYMBOL,ROST,500,4,"[-0.2,0.0)",24310,-0.006027600246415321,0.03525298231180584,13,recomputed from symbol x 30-minute cell means and counts
2019-07-30,SYMBOL,SBUX,500,4,"[-0.2,0.0)",34842,-0.009124505708729603,0.03269043108891568,13,recomputed from symbol x 30-minute cell means and counts
2019-07-30,SYMBOL,SSNC,500,4,"[-0.2,0.0)",23756,0.02217419452539978,0.06663579727226805,13,recomputed from symbol x 30-minute cell means and counts
2019-07-30,SYMBOL,STLD,500,4,"[-0.2,0.0)",29385,-0.018245606931959344,0.01854687765866939,13,recomputed from symbol x 30-minute cell means and counts
2019-07-30,SYMBOL,TER,500,4,"[-0.2,0.0)",30755,-0.036362520246423564,0.02620712079336693,13,recomputed from symbol x 30-minute cell means and counts
2019-07-30,SYMBOL,TMUS,500,4,"[-0.2,0.0)",35795,-0.01689135182052039,0.046738371280905154,13,recomputed from symbol x 30-minute cell means and counts
2019-07-30,SYMBOL,TSLA,500,4,"[-0.2,0.0)",25533,0.00915188538219526,0.12501468687580777,13,recomputed from symbol x 30-minute cell means and counts
2019-07-30,SYMBOL,TXN,500,4,"[-0.2,0.0)",22758,-0.019119982607744522,0.06476843307847789,13,recomputed from symbol x 30-minute cell means and counts
2019-07-30,SYMBOL,WBA,500,4,"[-0.2,0.0)",33274,-0.003564566784039164,0.027468894632445753,13,recomputed from symbol x 30-minute cell means and counts
2019-07-30,SYMBOL,WDC,500,4,"[-0.2,0.0)",28895,-0.0036771896327319575,0.03799965391936321,13,recomputed from symbol x 30-minute cell means and counts
2019-07-30,SYMBOL,XEL,500,4,"[-0.2,0.0)",33256,-0.0054309861893575865,0.03647462112100072,13,recomputed from symbol x 30-minute cell means and counts
2019-07-30,SYMBOL,XLNX,500,4,"[-0.2,0.0)",22805,-0.008154684002005827,0.06191624643718483,13,recomputed from symbol x 30-minute cell means and counts
2019-07-30,SYMBOL,ZION,500,4,"[-0.2,0.0)",26584,-0.0002586721584734485,0.03193650315979536,13,recomputed from symbol x 30-minute cell means and counts
2019-07-30,SYMBOL,AABA,500,5,"[0.0,0.2)",30727,0.0020053916199082302,0.029745826146385913,13,recomputed from symbol x 30-minute cell means and counts
2019-07-30,SYMBOL,AAL,500,5,"[0.0,0.2)",38782,0.019482913298098092,0.023258212572843072,13,recomputed from symbol x 30-minute cell means and counts
2019-07-30,SYMBOL,AAPL,500,5,"[0.0,0.2)",37523,0.010425356624397938,0.19044319484049782,13,recomputed from symbol x 30-minute cell means and counts
2019-07-30,SYMBOL,ADBE,500,5,"[0.0,0.2)",38862,-0.0118688962992052,0.08378364469147238,13,recomputed from symbol x 30-minute cell means and counts
2019-07-30,SYMBOL,ADI,500,5,"[0.0,0.2)",69984,0.009744783739078574,0.09580761316872428,13,recomputed from symbol x 30-minute cell means and counts
2019-07-30,SYMBOL,ALXN,500,5,"[0.0,0.2)",57400,-8.739775325778432e-05,0.07047038327526133,13,recomputed from symbol x 30-minute cell means and counts
2019-07-30,SYMBOL,AMAT,500,5,"[0.0,0.2)",38002,0.0005961066060653204,0.04033998210620494,13,recomputed from symbol x 30-minute cell means and counts
2019-07-30,SYMBOL,AMD,500,5,"[0.0,0.2)",33047,0.01883385230630098,0.02681030048113293,13,recomputed from symbol x 30-minute cell means and counts
2019-07-30,SYMBOL,AMTD,500,5,"[0.0,0.2)",38095,0.010563835343251877,0.023625147657172857,13,recomputed from symbol x 30-minute cell means and counts
2019-07-30,SYMBOL,AMZN,500,5,"[0.0,0.2)",38949,0.002778276036998703,0.1413900228503941,13,recomputed from symbol x 30-minute cell means and counts
2019-07-30,SYMBOL,ATVI,500,5,"[0.0,0.2)",40403,0.02408215667258288,0.04507091057594733,13,recomputed from symbol x 30-minute cell means and counts
2019-07-30,SYMBOL,BYND,500,5,"[0.0,0.2)",29161,-0.07566179242013826,0.17516546071808237,13,recomputed from symbol x 30-minute cell means and counts
2019-07-30,SYMBOL,CMCSA,500,5,"[0.0,0.2)",33033,0.006659498949616474,0.011473375109738747,13,recomputed from symbol x 30-minute cell means and counts
2019-07-30,SYMBOL,CRZO,500,5,"[0.0,0.2)",52975,0.03785597464114554,0.009419537517697026,13,recomputed from symbol x 30-minute cell means and counts
2019-07-30,SYMBOL,CSCO,500,5,"[0.0,0.2)",40742,0.003928894436849211,0.014947719797751707,13,recomputed from symbol x 30-minute cell means and counts
2019-07-30,SYMBOL,CSX,500,5,"[0.0,0.2)",41359,0.019038295993151454,0.0441258250924829,13,recomputed from symbol x 30-minute cell means and counts
2019-07-30,SYMBOL,CTSH,500,5,"[0.0,0.2)",48215,0.002807066053148994,0.039240900134812816,13,recomputed from symbol x 30-minute cell means and counts
2019-07-30,SYMBOL,DISCA,500,5,"[0.0,0.2)",39792,0.01568290538214084,0.017867913148371533,13,recomputed from symbol x 30-minute cell means and counts
2019-07-30,SYMBOL,DLTR,500,5,"[0.0,0.2)",48360,0.0013623982070150998,0.043879239040529365,13,recomputed from symbol x 30-minute cell means and counts
2019-07-30,SYMBOL,EA,500,5,"[0.0,0.2)",47356,-0.005625740166894185,0.07477405186248838,13,recomputed from symbol x 30-minute cell means and counts
2019-07-30,SYMBOL,EBAY,500,5,"[0.0,0.2)",41514,-0.0028055414773540677,0.011851423616129498,13,recomputed from symbol x 30-minute cell means and counts
2019-07-30,SYMBOL,ETFC,500,5,"[0.0,0.2)",40636,0.015412207102843634,0.03755290875086131,13,recomputed from symbol x 30-minute cell means and counts
2019-07-30,SYMBOL,FB,500,5,"[0.0,0.2)",36564,0.009523755533013689,0.17331254786128433,13,recomputed from symbol x 30-minute cell means and counts
2019-07-30,SYMBOL,FISV,500,5,"[0.0,0.2)",44470,0.016896890115544908,0.07434225320440746,13,recomputed from symbol x 30-minute cell means and counts
2019-07-30,SYMBOL,FITB,500,5,"[0.0,0.2)",45994,0.004852846987315788,0.006653041701091446,13,recomputed from symbol x 30-minute cell means and counts
2019-07-30,SYMBOL,GILD,500,5,"[0.0,0.2)",33245,0.00852625360344026,0.05802376297187547,13,recomputed from symbol x 30-minute cell means and counts
2019-07-30,SYMBOL,GOOG,500,5,"[0.0,0.2)",36373,-0.004836981074654449,0.11030159733868529,13,recomputed from symbol x 30-minute cell means and counts
2019-07-30,SYMBOL,GOOGL,500,5,"[0.0,0.2)",32386,0.009062330279643538,0.12233681220280368,13,recomputed from symbol x 30-minute cell means and counts
2019-07-30,SYMBOL,INTC,500,5,"[0.0,0.2)",32512,0.017113940836128404,0.025344488188976378,13,recomputed from symbol x 30-minute cell means and counts
2019-07-30,SYMBOL,KHC,500,5,"[0.0,0.2)",34081,0.031246756388720574,0.01816261259939556,13,recomputed from symbol x 30-minute cell means and counts
2019-07-30,SYMBOL,LRCX,500,5,"[0.0,0.2)",44657,0.008432217388274056,0.07817363459256108,13,recomputed from symbol x 30-minute cell means and counts
2019-07-30,SYMBOL,MAT,500,5,"[0.0,0.2)",37725,0.005598845908466437,0.009728296885354539,13,recomputed from symbol x 30-minute cell means and counts
2019-07-30,SYMBOL,MCHP,500,5,"[0.0,0.2)",52366,0.0010549946307626058,0.0610892563877325,13,recomputed from symbol x 30-minute cell means and counts
2019-07-30,SYMBOL,MDLZ,500,5,"[0.0,0.2)",44769,0.013087579875105379,0.019544774285778107,13,recomputed from symbol x 30-minute cell means and counts
2019-07-30,SYMBOL,MRVL,500,5,"[0.0,0.2)",40291,0.00019619624407783565,0.0096299421707081,13,recomputed from symbol x 30-minute cell means and counts
2019-07-30,SYMBOL,MSFT,500,5,"[0.0,0.2)",34494,0.005110098495617213,0.11303415086681742,13,recomputed from symbol x 30-minute cell means and counts
2019-07-30,SYMBOL,MU,500,5,"[0.0,0.2)",28490,0.021039352721605606,0.04338364338364338,13,recomputed from symbol x 30-minute cell means and counts
2019-07-30,SYMBOL,NFLX,500,5,"[0.0,0.2)",51906,0.0031052218204021768,0.11457249643586483,13,recomputed from symbol x 30-minute cell means and counts
2019-07-30,SYMBOL,NVDA,500,5,"[0.0,0.2)",48381,0.008703048301263986,0.13410223021434034,13,recomputed from symbol x 30-minute cell means and counts
2019-07-30,SYMBOL,NWL,500,5,"[0.0,0.2)",38749,0.005809019573544123,0.013574543859196367,13,recomputed from symbol x 30-minute cell means and counts
2019-07-30,SYMBOL,NXPI,500,5,"[0.0,0.2)",43725,0.011481915122785182,0.07224699828473413,13,recomputed from symbol x 30-minute cell means and counts
2019-07-30,SYMBOL,ON,500,5,"[0.0,0.2)",31399,0.014153036145921869,0.019968788814930413,13,recomputed from symbol x 30-minute cell means and counts
2019-07-30,SYMBOL,PAYX,500,5,"[0.0,0.2)",35852,0.006325662801085633,0.0388820707352449,13,recomputed from symbol x 30-minute cell means and counts
2019-07-30,SYMBOL,PEP,500,5,"[0.0,0.2)",46291,-0.0019294489428176628,0.08824609535330842,13,recomputed from symbol x 30-minute cell means and counts
2019-07-30,SYMBOL,PTEN,500,5,"[0.0,0.2)",43590,0.06255362955466627,0.018169304886441844,13,recomputed from symbol x 30-minute cell means and counts
2019-07-30,SYMBOL,PYPL,500,5,"[0.0,0.2)",46032,0.005069413030410666,0.10714285714285714,13,recomputed from symbol x 30-minute cell means and counts
2019-07-30,SYMBOL,QCOM,500,5,"[0.0,0.2)",38632,-0.008675391299985265,0.04304721474425347,13,recomputed from symbol x 30-minute cell means and counts
2019-07-30,SYMBOL,ROKU,500,5,"[0.0,0.2)",41849,0.036078943773598854,0.0911610791177806,13,recomputed from symbol x 30-minute cell means and counts
2019-07-30,SYMBOL,ROST,500,5,"[0.0,0.2)",41196,0.012078319870912863,0.05692300223322653,13,recomputed from symbol x 30-minute cell means and counts
2019-07-30,SYMBOL,SBUX,500,5,"[0.0,0.2)",44311,0.0024017389439252696,0.04718918552955248,13,recomputed from symbol x 30-minute cell means and counts
2019-07-30,SYMBOL,SSNC,500,5,"[0.0,0.2)",42869,0.01832785839469319,0.10172852177564207,13,recomputed from symbol x 30-minute cell means and counts
2019-07-30,SYMBOL,STLD,500,5,"[0.0,0.2)",44067,0.002473760079143998,0.025778927542151723,13,recomputed from symbol x 30-minute cell means and counts
2019-07-30,SYMBOL,TER,500,5,"[0.0,0.2)",51235,0.00498924550398671,0.03858690348394652,13,recomputed from symbol x 30-minute cell means and counts
2019-07-30,SYMBOL,TMUS,500,5,"[0.0,0.2)",42342,-0.001756665714630232,0.06107411081195976,13,recomputed from symbol x 30-minute cell means and counts
2019-07-30,SYMBOL,TSLA,500,5,"[0.0,0.2)",35730,0.011555350734728444,0.1404701931150294,13,recomputed from symbol x 30-minute cell means and counts
2019-07-30,SYMBOL,TXN,500,5,"[0.0,0.2)",55956,0.01352335139123747,0.09855958252913002,13,recomputed from symbol x 30-minute cell means and counts
2019-07-30,SYMBOL,WBA,500,5,"[0.0,0.2)",35794,0.011748341719531517,0.038945074593507295,13,recomputed from symbol x 30-minute cell means and counts
2019-07-30,SYMBOL,WDC,500,5,"[0.0,0.2)",42777,-0.00048045105816764676,0.05460878509479393,13,recomputed from symbol x 30-minute cell means and counts
2019-07-30,SYMBOL,XEL,500,5,"[0.0,0.2)",36684,0.022011310700540413,0.04623269000109039,13,recomputed from symbol x 30-minute cell means and counts
2019-07-30,SYMBOL,XLNX,500,5,"[0.0,0.2)",59475,0.0015155707311610203,0.08443883984867591,13,recomputed from symbol x 30-minute cell means and counts
2019-07-30,SYMBOL,ZION,500,5,"[0.0,0.2)",37731,0.008106117633230051,0.05234422623307095,13,recomputed from symbol x 30-minute cell means and counts
2019-07-30,SYMBOL,AABA,500,6,"[0.2,0.4)",31552,0.007219012760562901,0.028334178498985802,13,recomputed from symbol x 30-minute cell means and counts
2019-07-30,SYMBOL,AAL,500,6,"[0.2,0.4)",36231,0.054772507324775725,0.029808727332946924,13,recomputed from symbol x 30-minute cell means and counts
2019-07-30,SYMBOL,AAPL,500,6,"[0.2,0.4)",25621,0.018849293624906702,0.1971429686585223,13,recomputed from symbol x 30-minute cell means and counts
2019-07-30,SYMBOL,ADBE,500,6,"[0.2,0.4)",27524,0.007856351890664966,0.08716029646853655,13,recomputed from symbol x 30-minute cell means and counts
2019-07-30,SYMBOL,ADI,500,6,"[0.2,0.4)",38500,0.03479563648979385,0.10483116883116883,13,recomputed from symbol x 30-minute cell means and counts
2019-07-30,SYMBOL,ALXN,500,6,"[0.2,0.4)",37537,0.013900087400367753,0.07640461411407411,13,recomputed from symbol x 30-minute cell means and counts
2019-07-30,SYMBOL,AMAT,500,6,"[0.2,0.4)",39323,0.04026730502030403,0.045291559647025914,13,recomputed from symbol x 30-minute cell means and counts
2019-07-30,SYMBOL,AMD,500,6,"[0.2,0.4)",30399,0.05912847493666521,0.03588933846508109,13,recomputed from symbol x 30-minute cell means and counts
2019-07-30,SYMBOL,AMTD,500,6,"[0.2,0.4)",30274,0.03095086895546148,0.03237101142894893,13,recomputed from symbol x 30-minute cell means and counts
2019-07-30,SYMBOL,AMZN,500,6,"[0.2,0.4)",14536,0.009959388067986843,0.13470005503577326,13,recomputed from symbol x 30-minute cell means and counts
2019-07-30,SYMBOL,ATVI,500,6,"[0.2,0.4)",33254,0.05034503664967243,0.052053888254044625,13,recomputed from symbol x 30-minute cell means and counts
2019-07-30,SYMBOL,BYND,500,6,"[0.2,0.4)",23756,0.01995994419732626,0.17010439467923893,13,recomputed from symbol x 30-minute cell means and counts
2019-07-30,SYMBOL,CMCSA,500,6,"[0.2,0.4)",32342,0.02438288162254563,0.016294601447034814,13,recomputed from symbol x 30-minute cell means and counts
2019-07-30,SYMBOL,CRZO,500,6,"[0.2,0.4)",40051,0.11752636632485704,0.015380390002746498,13,recomputed from symbol x 30-minute cell means and counts
2019-07-30,SYMBOL,CSCO,500,6,"[0.2,0.4)",37764,0.017910576259075946,0.021687321258341278,13,recomputed from symbol x 30-minute cell means and counts
2019-07-30,SYMBOL,CSX,500,6,"[0.2,0.4)",33964,0.03606339691735707,0.05340949240372159,13,recomputed from symbol x 30-minute cell means and counts
2019-07-30,SYMBOL,CTSH,500,6,"[0.2,0.4)",38863,0.03135627199120508,0.05035638010446955,13,recomputed from symbol x 30-minute cell means and counts
2019-07-30,SYMBOL,DISCA,500,6,"[0.2,0.4)",33412,0.037222388057413035,0.020351969352328504,13,recomputed from symbol x 30-minute cell means and counts
2019-07-30,SYMBOL,DLTR,500,6,"[0.2,0.4)",36618,0.0021440419400237704,0.04959309629144137,13,recomputed from symbol x 30-minute cell means and counts
2019-07-30,SYMBOL,EA,500,6,"[0.2,0.4)",39227,0.024392997414427523,0.08310602391210135,13,recomputed from symbol x 30-minute cell means and counts
2019-07-30,SYMBOL,EBAY,500,6,"[0.2,0.4)",45993,0.011000500941357936,0.013154175635422781,13,recomputed from symbol x 30-minute cell means and counts
2019-07-30,SYMBOL,ETFC,500,6,"[0.2,0.4)",33872,0.04380115105765689,0.046144307982994806,13,recomputed from symbol x 30-minute cell means and counts
2019-07-30,SYMBOL,FB,500,6,"[0.2,0.4)",28772,0.013076079706107892,0.16081607118031419,13,recomputed from symbol x 30-minute cell means and counts
2019-07-30,SYMBOL,FISV,500,6,"[0.2,0.4)",33642,0.033126658141510244,0.07567921051067118,13,recomputed from symbol x 30-minute cell means and counts
2019-07-30,SYMBOL,FITB,500,6,"[0.2,0.4)",42034,0.01908197498868318,0.010039491839939097,13,recomputed from symbol x 30-minute cell means and counts
2019-07-30,SYMBOL,GILD,500,6,"[0.2,0.4)",27549,0.043562038833421954,0.06867762895204908,13,recomputed from symbol x 30-minute cell means and counts
2019-07-30,SYMBOL,GOOG,500,6,"[0.2,0.4)",24270,0.0002367575004003049,0.09456118665018541,13,recomputed from symbol x 30-minute cell means and counts
2019-07-30,SYMBOL,GOOGL,500,6,"[0.2,0.4)",16749,0.006766975435333627,0.09857304913726192,13,recomputed from symbol x 30-minute cell means and counts
2019-07-30,SYMBOL,INTC,500,6,"[0.2,0.4)",28659,0.03785147581535056,0.032310966886492896,13,recomputed from symbol x 30-minute cell means and counts
2019-07-30,SYMBOL,KHC,500,6,"[0.2,0.4)",27847,0.04116890970867027,0.019643049520594678,13,recomputed from symbol x 30-minute cell means and counts
2019-07-30,SYMBOL,LRCX,500,6,"[0.2,0.4)",16438,0.022277242815332093,0.0638155493369023,13,recomputed from symbol x 30-minute cell means and counts
2019-07-30,SYMBOL,MAT,500,6,"[0.2,0.4)",35872,0.028843712503627196,0.010704727921498661,13,recomputed from symbol x 30-minute cell means and counts
2019-07-30,SYMBOL,MCHP,500,6,"[0.2,0.4)",44526,0.029895433174580172,0.06827471589633023,13,recomputed from symbol x 30-minute cell means and counts
2019-07-30,SYMBOL,MDLZ,500,6,"[0.2,0.4)",43062,0.03719571027801802,0.026287678231387304,13,recomputed from symbol x 30-minute cell means and counts
2019-07-30,SYMBOL,MRVL,500,6,"[0.2,0.4)",34824,0.02941253450638175,0.013123133471169309,13,recomputed from symbol x 30-minute cell means and counts
2019-07-30,SYMBOL,MSFT,500,6,"[0.2,0.4)",30359,0.03693833532527037,0.1397608616884614,13,recomputed from symbol x 30-minute cell means and counts
2019-07-30,SYMBOL,MU,500,6,"[0.2,0.4)",27643,0.06332196098020314,0.055529428788481716,13,recomputed from symbol x 30-minute cell means and counts
2019-07-30,SYMBOL,NFLX,500,6,"[0.2,0.4)",28225,0.02506700634534006,0.1154295837023915,13,recomputed from symbol x 30-minute cell means and counts
2019-07-30,SYMBOL,NVDA,500,6,"[0.2,0.4)",34827,0.038172215740170067,0.15513825480230856,13,recomputed from symbol x 30-minute cell means and counts
2019-07-30,SYMBOL,NWL,500,6,"[0.2,0.4)",37989,0.04748443568847057,0.016925952249335335,13,recomputed from symbol x 30-minute cell means and counts
2019-07-30,SYMBOL,NXPI,500,6,"[0.2,0.4)",37112,0.008659311591306876,0.06650140116404397,13,recomputed from symbol x 30-minute cell means and counts
2019-07-30,SYMBOL,ON,500,6,"[0.2,0.4)",33177,0.03631651608124777,0.01935075504114296,13,recomputed from symbol x 30-minute cell means and counts
2019-07-30,SYMBOL,PAYX,500,6,"[0.2,0.4)",27959,0.026476635060650948,0.04638935584248364,13,recomputed from symbol x 30-minute cell means and counts
2019-07-30,SYMBOL,PEP,500,6,"[0.2,0.4)",42699,0.019478061021403096,0.09937000866530832,13,recomputed from symbol x 30-minute cell means and counts
2019-07-30,SYMBOL,PTEN,500,6,"[0.2,0.4)",30823,0.14051184265779784,0.027284819777438924,13,recomputed from symbol x 30-minute cell means and counts
2019-07-30,SYMBOL,PYPL,500,6,"[0.2,0.4)",39515,0.02073454197699339,0.1032266228014678,13,recomputed from symbol x 30-minute cell means and counts
2019-07-30,SYMBOL,QCOM,500,6,"[0.2,0.4)",39775,0.016789545897490418,0.0476681332495286,13,recomputed from symbol x 30-minute cell means and counts
2019-07-30,SYMBOL,ROKU,500,6,"[0.2,0.4)",26370,0.02072082289950523,0.078839590443686,13,recomputed from symbol x 30-minute cell means and counts
2019-07-30,SYMBOL,ROST,500,6,"[0.2,0.4)",33567,0.008462399647390498,0.04757648881341794,13,recomputed from symbol x 30-minute cell means and counts
2019-07-30,SYMBOL,SBUX,500,6,"[0.2,0.4)",37648,0.024079517744358073,0.055487675308117296,13,recomputed from symbol x 30-minute cell means and counts
2019-07-30,SYMBOL,SSNC,500,6,"[0.2,0.4)",32253,0.04125195587712199,0.0936036957802375,13,recomputed from symbol x 30-minute cell means and counts
2019-07-30,SYMBOL,STLD,500,6,"[0.2,0.4)",41184,0.03727001151201701,0.029938811188811188,13,recomputed from symbol x 30-minute cell means and counts
2019-07-30,SYMBOL,TER,500,6,"[0.2,0.4)",42376,0.03806509993645477,0.053568057390976025,13,recomputed from symbol x 30-minute cell means and counts
2019-07-30,SYMBOL,TMUS,500,6,"[0.2,0.4)",34494,0.03473651687870954,0.07560735200324695,13,recomputed from symbol x 30-minute cell means and counts
2019-07-30,SYMBOL,TSLA,500,6,"[0.2,0.4)",25350,0.03721050717010065,0.15854043392504932,13,recomputed from symbol x 30-minute cell means and counts
2019-07-30,SYMBOL,TXN,500,6,"[0.2,0.4)",33569,0.027753726399443086,0.11042926509577289,13,recomputed from symbol x 30-minute cell means and counts
2019-07-30,SYMBOL,WBA,500,6,"[0.2,0.4)",33136,0.027355464397493853,0.042129406084017385,13,recomputed from symbol x 30-minute cell means and counts
2019-07-30,SYMBOL,WDC,500,6,"[0.2,0.4)",40900,0.05155250246775471,0.06281173594132029,13,recomputed from symbol x 30-minute cell means and counts
2019-07-30,SYMBOL,XEL,500,6,"[0.2,0.4)",31105,0.056180702152981904,0.054396399292718216,13,recomputed from symbol x 30-minute cell means and counts
2019-07-30,SYMBOL,XLNX,500,6,"[0.2,0.4)",28886,0.04729583321503801,0.09565187287959565,13,recomputed from symbol x 30-minute cell means and counts
2019-07-30,SYMBOL,ZION,500,6,"[0.2,0.4)",31527,0.06929427567772177,0.06362800139562914,13,recomputed from symbol x 30-minute cell means and counts
2019-07-30,SYMBOL,AABA,500,7,"[0.4,0.6)",27272,0.026536176065854504,0.034394250513347026,13,recomputed from symbol x 30-minute cell means and counts
2019-07-30,SYMBOL,AAL,500,7,"[0.4,0.6)",25393,0.07898824258500939,0.037175599574685934,13,recomputed from symbol x 30-minute cell means and counts
2019-07-30,SYMBOL,AAPL,500,7,"[0.4,0.6)",22603,0.03725220868069371,0.2203689775693492,13,recomputed from symbol x 30-minute cell means and counts
2019-07-30,SYMBOL,ADBE,500,7,"[0.4,0.6)",17303,0.024605754895726428,0.08929087441484136,13,recomputed from symbol x 30-minute cell means and counts
2019-07-30,SYMBOL,ADI,500,7,"[0.4,0.6)",16877,0.040246827724442324,0.10072880251229484,13,recomputed from symbol x 30-minute cell means and counts
2019-07-30,SYMBOL,ALXN,500,7,"[0.4,0.6)",16272,0.04940858075620502,0.08745083579154375,13,recomputed from symbol x 30-minute cell means and counts
2019-07-30,SYMBOL,AMAT,500,7,"[0.4,0.6)",34208,0.04256173547521108,0.043907857811038356,13,recomputed from symbol x 30-minute cell means and counts
2019-07-30,SYMBOL,AMD,500,7,"[0.4,0.6)",24307,0.11767675813645971,0.05401736125395976,13,recomputed from symbol x 30-minute cell means and counts
2019-07-30,SYMBOL,AMTD,500,7,"[0.4,0.6)",22651,0.059327114036786234,0.03999823407355084,13,recomputed from symbol x 30-minute cell means and counts
2019-07-30,SYMBOL,AMZN,500,7,"[0.4,0.6)",12397,0.011761601798244183,0.15084294587400177,13,recomputed from symbol x 30-minute cell means and counts
2019-07-30,SYMBOL,ATVI,500,7,"[0.4,0.6)",22860,0.08550324136503726,0.06749781277340332,13,recomputed from symbol x 30-minute cell means and counts
2019-07-30,SYMBOL,BYND,500,7,"[0.4,0.6)",17278,0.09676595737428656,0.18462785044565344,13,recomputed from symbol x 30-minute cell means and counts
2019-07-30,SYMBOL,CMCSA,500,7,"[0.4,0.6)",30073,0.045417238002454015,0.024540285305755995,13,recomputed from symbol x 30-minute cell means and counts
2019-07-30,SYMBOL,CRZO,500,7,"[0.4,0.6)",18223,0.27075412431323476,0.030785271360368766,13,recomputed from symbol x 30-minute cell means and counts
2019-07-30,SYMBOL,CSCO,500,7,"[0.4,0.6)",26907,0.05003067095347834,0.034749321737837735,13,recomputed from symbol x 30-minute cell means and counts
2019-07-30,SYMBOL,CSX,500,7,"[0.4,0.6)",20608,0.06301214957251126,0.062208850931677016,13,recomputed from symbol x 30-minute cell means and counts
2019-07-30,SYMBOL,CTSH,500,7,"[0.4,0.6)",25706,0.03812018049827097,0.056679374465105424,13,recomputed from symbol x 30-minute cell means and counts
2019-07-30,SYMBOL,DISCA,500,7,"[0.4,0.6)",26888,0.029778869777731653,0.022686700386789646,13,recomputed from symbol x 30-minute cell means and counts
2019-07-30,SYMBOL,DLTR,500,7,"[0.4,0.6)",20671,0.01307198852639454,0.05161820908519182,13,recomputed from symbol x 30-minute cell means and counts
2019-07-30,SYMBOL,EA,500,7,"[0.4,0.6)",24195,0.05309843635184629,0.09386236825790453,13,recomputed from symbol x 30-minute cell means and counts
2019-07-30,SYMBOL,EBAY,500,7,"[0.4,0.6)",38391,0.033291346891875725,0.02029121408663489,13,recomputed from symbol x 30-minute cell means and counts
2019-07-30,SYMBOL,ETFC,500,7,"[0.4,0.6)",18615,0.0763973701778292,0.05549288208434058,13,recomputed from symbol x 30-minute cell means and counts
2019-07-30,SYMBOL,FB,500,7,"[0.4,0.6)",21852,0.013299924446433188,0.1549057294526817,13,recomputed from symbol x 30-minute cell means and counts
2019-07-30,SYMBOL,FISV,500,7,"[0.4,0.6)",19488,0.04391402916520932,0.07414819376026273,13,recomputed from symbol x 30-minute cell means and counts
2019-07-30,SYMBOL,FITB,500,7,"[0.4,0.6)",28802,0.04610217538908715,0.017429345184362198,13,recomputed from symbol x 30-minute cell means and counts
2019-07-30,SYMBOL,GILD,500,7,"[0.4,0.6)",16670,0.07028439636708164,0.08266346730653869,13,recomputed from symbol x 30-minute cell means and counts
2019-07-30,SYMBOL,GOOG,500,7,"[0.4,0.6)",13971,0.00118068661416757,0.1050032209576981,13,recomputed from symbol x 30-minute cell means and counts
2019-07-30,SYMBOL,GOOGL,500,7,"[0.4,0.6)",11919,0.007160668634925276,0.11167044215118718,13,recomputed from symbol x 30-minute cell means and counts
2019-07-30,SYMBOL,INTC,500,7,"[0.4,0.6)",24124,0.0676685903123156,0.04621953241585144,13,recomputed from symbol x 30-minute cell means and counts
2019-07-30,SYMBOL,KHC,500,7,"[0.4,0.6)",23977,0.057350215101657706,0.02264670309046169,13,recomputed from symbol x 30-minute cell means and counts
2019-07-30,SYMBOL,LRCX,500,7,"[0.4,0.6)",8201,0.03797630411526762,0.07706377271064505,13,recomputed from symbol x 30-minute cell means and counts
2019-07-30,SYMBOL,MAT,500,7,"[0.4,0.6)",31937,0.04184583044382089,0.01293170930268967,13,recomputed from symbol x 30-minute cell means and counts
2019-07-30,SYMBOL,MCHP,500,7,"[0.4,0.6)",25124,0.03182956634708849,0.06818181818181818,13,recomputed from symbol x 30-minute cell means and counts
2019-07-30,SYMBOL,MDLZ,500,7,"[0.4,0.6)",23350,0.07286976344069782,0.043897216274089934,13,recomputed from symbol x 30-minute cell means and counts
2019-07-30,SYMBOL,MRVL,500,7,"[0.4,0.6)",23656,0.07969149196313208,0.025617179573892458,13,recomputed from symbol x 30-minute cell means and counts
2019-07-30,SYMBOL,MSFT,500,7,"[0.4,0.6)",25396,0.06370737745590446,0.15258308395022838,13,recomputed from symbol x 30-minute cell means and counts
2019-07-30,SYMBOL,MU,500,7,"[0.4,0.6)",23435,0.12059307181812284,0.07953915084275656,13,recomputed from symbol x 30-minute cell means and counts
2019-07-30,SYMBOL,NFLX,500,7,"[0.4,0.6)",12960,0.017459761105293844,0.12530864197530864,13,recomputed from symbol x 30-minute cell means and counts
2019-07-30,SYMBOL,NVDA,500,7,"[0.4,0.6)",19704,0.05864535643137958,0.15666869671132766,13,recomputed from symbol x 30-minute cell means and counts
2019-07-30,SYMBOL,NWL,500,7,"[0.4,0.6)",26892,0.12997218383558978,0.02643908969210174,13,recomputed from symbol x 30-minute cell means and counts
2019-07-30,SYMBOL,NXPI,500,7,"[0.4,0.6)",23043,0.05100585983087478,0.0794601397387493,13,recomputed from symbol x 30-minute cell means and counts
2019-07-30,SYMBOL,ON,500,7,"[0.4,0.6)",30035,0.061139021250021644,0.022074246712169135,13,recomputed from symbol x 30-minute cell means and counts
2019-07-30,SYMBOL,PAYX,500,7,"[0.4,0.6)",22200,0.03562679225528562,0.05261261261261261,13,recomputed from symbol x 30-minute cell means and counts
2019-07-30,SYMBOL,PEP,500,7,"[0.4,0.6)",26226,0.04268401839486214,0.10706932052161977,13,recomputed from symbol x 30-minute cell means and counts
2019-07-30,SYMBOL,PTEN,500,7,"[0.4,0.6)",22408,0.27375134467142304,0.03936094252052838,13,recomputed from symbol x 30-minute cell means and counts
2019-07-30,SYMBOL,PYPL,500,7,"[0.4,0.6)",25345,0.041116625469190454,0.10609587689879661,13,recomputed from symbol x 30-minute cell means and counts
2019-07-30,SYMBOL,QCOM,500,7,"[0.4,0.6)",36348,0.03923961929989239,0.05612413337735226,13,recomputed from symbol x 30-minute cell means and counts
2019-07-30,SYMBOL,ROKU,500,7,"[0.4,0.6)",14140,0.031591950262115566,0.07715700141442716,13,recomputed from symbol x 30-minute cell means and counts
2019-07-30,SYMBOL,ROST,500,7,"[0.4,0.6)",24725,0.02299031781113666,0.053791708796764405,13,recomputed from symbol x 30-minute cell means and counts
2019-07-30,SYMBOL,SBUX,500,7,"[0.4,0.6)",23763,0.026420023933643094,0.057568488827168286,13,recomputed from symbol x 30-minute cell means and counts
2019-07-30,SYMBOL,SSNC,500,7,"[0.4,0.6)",22537,0.08239029901508071,0.08466078005058349,13,recomputed from symbol x 30-minute cell means and counts
2019-07-30,SYMBOL,STLD,500,7,"[0.4,0.6)",27358,0.053736171480838785,0.035199941516192705,13,recomputed from symbol x 30-minute cell means and counts
2019-07-30,SYMBOL,TER,500,7,"[0.4,0.6)",23906,0.05188519740956384,0.05864636492930645,13,recomputed from symbol x 30-minute cell means and counts
2019-07-30,SYMBOL,TMUS,500,7,"[0.4,0.6)",21431,0.0497723827837763,0.08007092529513322,13,recomputed from symbol x 30-minute cell means and counts
2019-07-30,SYMBOL,TSLA,500,7,"[0.4,0.6)",18381,0.062438772138765294,0.166693868668734,13,recomputed from symbol x 30-minute cell means and counts
2019-07-30,SYMBOL,TXN,500,7,"[0.4,0.6)",15555,0.051733472637714814,0.12105432336869174,13,recomputed from symbol x 30-minute cell means and counts
2019-07-30,SYMBOL,WBA,500,7,"[0.4,0.6)",21614,0.05472754742155642,0.050615341908022575,13,recomputed from symbol x 30-minute cell means and counts
2019-07-30,SYMBOL,WDC,500,7,"[0.4,0.6)",27257,0.08818698841919223,0.06911985911875848,13,recomputed from symbol x 30-minute cell means and counts
2019-07-30,SYMBOL,XEL,500,7,"[0.4,0.6)",21854,0.08608751674687709,0.07101674750617736,13,recomputed from symbol x 30-minute cell means and counts
2019-07-30,SYMBOL,XLNX,500,7,"[0.4,0.6)",12338,0.05896290140110238,0.10228562165667045,13,recomputed from symbol x 30-minute cell means and counts
2019-07-30,SYMBOL,ZION,500,7,"[0.4,0.6)",24603,0.07045864460987032,0.06145592000975491,13,recomputed from symbol x 30-minute cell means and counts
2019-07-30,SYMBOL,AABA,500,8,"[0.6,0.8)",28657,0.03506886441796549,0.042886554768468435,13,recomputed from symbol x 30-minute cell means and counts
2019-07-30,SYMBOL,AAL,500,8,"[0.6,0.8)",16696,0.15491798672884002,0.056061332055582176,13,recomputed from symbol x 30-minute cell means and counts
2019-07-30,SYMBOL,AAPL,500,8,"[0.6,0.8)",16521,0.05514895269826166,0.261666969311785,13,recomputed from symbol x 30-minute cell means and counts
2019-07-30,SYMBOL,ADBE,500,8,"[0.6,0.8)",13372,0.045070473694209384,0.10843553694286569,13,recomputed from symbol x 30-minute cell means and counts
2019-07-30,SYMBOL,ADI,500,8,"[0.6,0.8)",8088,0.038133864295618235,0.11411968348170129,13,recomputed from symbol x 30-minute cell means and counts
2019-07-30,SYMBOL,ALXN,500,8,"[0.6,0.8)",9753,0.07721855493309583,0.10776171434430432,13,recomputed from symbol x 30-minute cell means and counts
2019-07-30,SYMBOL,AMAT,500,8,"[0.6,0.8)",25566,0.09752364227593267,0.06356097942579989,13,recomputed from symbol x 30-minute cell means and counts
2019-07-30,SYMBOL,AMD,500,8,"[0.6,0.8)",18909,0.2253002602266379,0.08688984081654239,13,recomputed from symbol x 30-minute cell means and counts
2019-07-30,SYMBOL,AMTD,500,8,"[0.6,0.8)",18288,0.08663599238399342,0.056594488188976375,13,recomputed from symbol x 30-minute cell means and counts
2019-07-30,SYMBOL,AMZN,500,8,"[0.6,0.8)",10176,0.024936877806457168,0.1513364779874214,13,recomputed from symbol x 30-minute cell means and counts
2019-07-30,SYMBOL,ATVI,500,8,"[0.6,0.8)",14935,0.14371928471883563,0.09454301975225979,13,recomputed from symbol x 30-minute cell means and counts
2019-07-30,SYMBOL,BYND,500,8,"[0.6,0.8)",23351,0.15285626538922653,0.19288253179735343,13,recomputed from symbol x 30-minute cell means and counts
2019-07-30,SYMBOL,CMCSA,500,8,"[0.6,0.8)",18550,0.09170456352259593,0.0444743935309973,13,recomputed from symbol x 30-minute cell means and counts
2019-07-30,SYMBOL,CRZO,500,8,"[0.6,0.8)",7605,0.5699080790758603,0.062195923734385275,13,recomputed from symbol x 30-minute cell means and counts
2019-07-30,SYMBOL,CSCO,500,8,"[0.6,0.8)",16045,0.11640611531467741,0.06924275475225927,13,recomputed from symbol x 30-minute cell means and counts
2019-07-30,SYMBOL,CSX,500,8,"[0.6,0.8)",15971,0.08082416210451629,0.07713981591634839,13,recomputed from symbol x 30-minute cell means and counts
2019-07-30,SYMBOL,CTSH,500,8,"[0.6,0.8)",18112,0.07258279619626569,0.07442579505300354,13,recomputed from symbol x 30-minute cell means and counts
2019-07-30,SYMBOL,DISCA,500,8,"[0.6,0.8)",17531,0.08846755574076075,0.037761679310934916,13,recomputed from symbol x 30-minute cell means and counts
2019-07-30,SYMBOL,DLTR,500,8,"[0.6,0.8)",11823,0.04152381958054435,0.07096337646959316,13,recomputed from symbol x 30-minute cell means and counts
2019-07-30,SYMBOL,EA,500,8,"[0.6,0.8)",15587,0.08197315301201927,0.1080387502405851,13,recomputed from symbol x 30-minute cell means and counts
2019-07-30,SYMBOL,EBAY,500,8,"[0.6,0.8)",23147,0.07686293887881918,0.036073789259947295,13,recomputed from symbol x 30-minute cell means and counts
2019-07-30,SYMBOL,ETFC,500,8,"[0.6,0.8)",13423,0.11631842855990471,0.0841838635178425,13,recomputed from symbol x 30-minute cell means and counts
2019-07-30,SYMBOL,FB,500,8,"[0.6,0.8)",24199,0.008499925385536677,0.18335468407785446,13,recomputed from symbol x 30-minute cell means and counts
2019-07-30,SYMBOL,FISV,500,8,"[0.6,0.8)",13337,0.04551686796459505,0.08870060733298343,13,recomputed from symbol x 30-minute cell means and counts
2019-07-30,SYMBOL,FITB,500,8,"[0.6,0.8)",22303,0.088008203271504,0.028606017127740663,13,recomputed from symbol x 30-minute cell means and counts
2019-07-30,SYMBOL,GILD,500,8,"[0.6,0.8)",11154,0.11165390371399925,0.09673659673659674,13,recomputed from symbol x 30-minute cell means and counts
2019-07-30,SYMBOL,GOOG,500,8,"[0.6,0.8)",12513,0.013878144187175293,0.12642851434508112,13,recomputed from symbol x 30-minute cell means and counts
2019-07-30,SYMBOL,GOOGL,500,8,"[0.6,0.8)",13009,-0.016159243842470757,0.11453609039895457,13,recomputed from symbol x 30-minute cell means and counts
2019-07-30,SYMBOL,INTC,500,8,"[0.6,0.8)",17558,0.10480891414744556,0.06515548467934844,13,recomputed from symbol x 30-minute cell means and counts
2019-07-30,SYMBOL,KHC,500,8,"[0.6,0.8)",9032,0.11261713426919824,0.04384410983170948,13,recomputed from symbol x 30-minute cell means and counts
2019-07-30,SYMBOL,LRCX,500,8,"[0.6,0.8)",13092,0.04453162198702458,0.07653528872593951,13,recomputed from symbol x 30-minute cell means and counts
2019-07-30,SYMBOL,MAT,500,8,"[0.6,0.8)",21829,0.135141157777372,0.02290530945073068,13,recomputed from symbol x 30-minute cell means and counts
2019-07-30,SYMBOL,MCHP,500,8,"[0.6,0.8)",9768,0.04390845830376084,0.08445945945945946,13,recomputed from symbol x 30-minute cell means and counts
2019-07-30,SYMBOL,MDLZ,500,8,"[0.6,0.8)",11566,0.12365891371510462,0.07539339443195574,13,recomputed from symbol x 30-minute cell means and counts
2019-07-30,SYMBOL,MRVL,500,8,"[0.6,0.8)",15786,0.14414997050536535,0.04231597618142658,13,recomputed from symbol x 30-minute cell means and counts
2019-07-30,SYMBOL,MSFT,500,8,"[0.6,0.8)",22190,0.0903556764515309,0.19179810725552052,13,recomputed from symbol x 30-minute cell means and counts
2019-07-30,SYMBOL,MU,500,8,"[0.6,0.8)",17095,0.25284210549142844,0.12921906990348056,13,recomputed from symbol x 30-minute cell means and counts
2019-07-30,SYMBOL,NFLX,500,8,"[0.6,0.8)",10051,0.020193283932503865,0.12953934931847577,13,recomputed from symbol x 30-minute cell means and counts
2019-07-30,SYMBOL,NVDA,500,8,"[0.6,0.8)",10445,0.06082185899144214,0.15911919578745812,13,recomputed from symbol x 30-minute cell means and counts
2019-07-30,SYMBOL,NWL,500,8,"[0.6,0.8)",18816,0.20602627893035508,0.039647108843537414,13,recomputed from symbol x 30-minute cell means and counts
2019-07-30,SYMBOL,NXPI,500,8,"[0.6,0.8)",14614,0.06984826450726721,0.09600383194197346,13,recomputed from symbol x 30-minute cell means and counts
2019-07-30,SYMBOL,ON,500,8,"[0.6,0.8)",23254,0.15575739159735377,0.03818697858432958,13,recomputed from symbol x 30-minute cell means and counts
2019-07-30,SYMBOL,PAYX,500,8,"[0.6,0.8)",22349,0.03918545592513424,0.05275403821200054,13,recomputed from symbol x 30-minute cell means and counts
2019-07-30,SYMBOL,PEP,500,8,"[0.6,0.8)",17765,0.05608703764498888,0.12541514213340837,13,recomputed from symbol x 30-minute cell means and counts
2019-07-30,SYMBOL,PTEN,500,8,"[0.6,0.8)",10174,0.6028938876497552,0.08423432278356595,13,recomputed from symbol x 30-minute cell means and counts
2019-07-30,SYMBOL,PYPL,500,8,"[0.6,0.8)",15109,0.05841005605718398,0.12217883380766431,13,recomputed from symbol x 30-minute cell means and counts
2019-07-30,SYMBOL,QCOM,500,8,"[0.6,0.8)",30494,0.06543942033411863,0.07578540040663737,13,recomputed from symbol x 30-minute cell means and counts
2019-07-30,SYMBOL,ROKU,500,8,"[0.6,0.8)",13324,0.029427293237355764,0.0860102071450015,13,recomputed from symbol x 30-minute cell means and counts
2019-07-30,SYMBOL,ROST,500,8,"[0.6,0.8)",17114,0.02320446047017239,0.05177048030851934,13,recomputed from symbol x 30-minute cell means and counts
2019-07-30,SYMBOL,SBUX,500,8,"[0.6,0.8)",15607,0.05610960053627653,0.0774652399564298,13,recomputed from symbol x 30-minute cell means and counts
2019-07-30,SYMBOL,SSNC,500,8,"[0.6,0.8)",16556,0.10843883707172544,0.11041314327132158,13,recomputed from symbol x 30-minute cell means and counts
2019-07-30,SYMBOL,STLD,500,8,"[0.6,0.8)",22050,0.1255077908260752,0.0508843537414966,13,recomputed from symbol x 30-minute cell means and counts
2019-07-30,SYMBOL,TER,500,8,"[0.6,0.8)",14361,0.10832357585500703,0.0802868880997145,13,recomputed from symbol x 30-minute cell means and counts
2019-07-30,SYMBOL,TMUS,500,8,"[0.6,0.8)",12386,0.0588175931789947,0.10229291135152592,13,recomputed from symbol x 30-minute cell means and counts
2019-07-30,SYMBOL,TSLA,500,8,"[0.6,0.8)",16706,0.04994890574839934,0.14743206033760325,13,recomputed from symbol x 30-minute cell means and counts
2019-07-30,SYMBOL,TXN,500,8,"[0.6,0.8)",8538,0.07805705532993581,0.1500351370344343,13,recomputed from symbol x 30-minute cell means and counts
2019-07-30,SYMBOL,WBA,500,8,"[0.6,0.8)",14654,0.10891528928102535,0.07990992220554115,13,recomputed from symbol x 30-minute cell means and counts
2019-07-30,SYMBOL,WDC,500,8,"[0.6,0.8)",18356,0.11944318742150963,0.08286118980169972,13,recomputed from symbol x 30-minute cell means and counts
2019-07-30,SYMBOL,XEL,500,8,"[0.6,0.8)",15893,0.1589922026743907,0.11590008179701755,13,recomputed from symbol x 30-minute cell means and counts
2019-07-30,SYMBOL,XLNX,500,8,"[0.6,0.8)",6367,0.03953560886286446,0.1137113240144495,13,recomputed from symbol x 30-minute cell means and counts
2019-07-30,SYMBOL,ZION,500,8,"[0.6,0.8)",21019,0.10937873454760674,0.0854940767876683,13,recomputed from symbol x 30-minute cell means and counts
2019-07-30,SYMBOL,AABA,500,9,"[0.8,1.0]",11353,0.07729628420942923,0.06896855456707478,13,recomputed from symbol x 30-minute cell means and counts
2019-07-30,SYMBOL,AAL,500,9,"[0.8,1.0]",6395,0.1625539069999653,0.06473807662236122,13,recomputed from symbol x 30-minute cell means and counts
2019-07-30,SYMBOL,AAPL,500,9,"[0.8,1.0]",13423,0.07574533543088154,0.30693585636593906,13,recomputed from symbol x 30-minute cell means and counts
2019-07-30,SYMBOL,ADBE,500,9,"[0.8,1.0]",43972,0.024238470307062745,0.08662330574001638,13,recomputed from symbol x 30-minute cell means and counts
2019-07-30,SYMBOL,ADI,500,9,"[0.8,1.0]",10938,0.030201247153017984,0.10303528981532273,13,recomputed from symbol x 30-minute cell means and counts
2019-07-30,SYMBOL,ALXN,500,9,"[0.8,1.0]",16565,0.06718043566577714,0.07932387564141262,13,recomputed from symbol x 30-minute cell means and counts
2019-07-30,SYMBOL,AMAT,500,9,"[0.8,1.0]",10224,0.12759013433178454,0.08421361502347417,13,recomputed from symbol x 30-minute cell means and counts
2019-07-30,SYMBOL,AMD,500,9,"[0.8,1.0]",8607,0.4263472300560837,0.15801092134309283,13,recomputed from symbol x 30-minute cell means and counts
2019-07-30,SYMBOL,AMTD,500,9,"[0.8,1.0]",5459,0.09747182121860345,0.06704524638212127,13,recomputed from symbol x 30-minute cell means and counts
2019-07-30,SYMBOL,AMZN,500,9,"[0.8,1.0]",41702,0.035704727252183044,0.14270298786628938,13,recomputed from symbol x 30-minute cell means and counts
2019-07-30,SYMBOL,ATVI,500,9,"[0.8,1.0]",4222,0.12681367311473143,0.10966366650876362,13,recomputed from symbol x 30-minute cell means and counts
2019-07-30,SYMBOL,BYND,500,9,"[0.8,1.0]",44288,0.16711454173432921,0.18903540462427745,13,recomputed from symbol x 30-minute cell means and counts
2019-07-30,SYMBOL,CMCSA,500,9,"[0.8,1.0]",5565,0.1776359084481499,0.09865229110512129,13,recomputed from symbol x 30-minute cell means and counts
2019-07-30,SYMBOL,CRZO,500,9,"[0.8,1.0]",3095,1.2993887172569558,0.13376413570274637,13,recomputed from symbol x 30-minute cell means and counts
2019-07-30,SYMBOL,CSCO,500,9,"[0.8,1.0]",6304,0.20970308722048847,0.12420685279187817,13,recomputed from symbol x 30-minute cell means and counts
2019-07-30,SYMBOL,CSX,500,9,"[0.8,1.0]",6549,0.07316081889586916,0.05787143075278668,13,recomputed from symbol x 30-minute cell means and counts
2019-07-30,SYMBOL,CTSH,500,9,"[0.8,1.0]",3098,0.11461018825285353,0.09360877985797289,13,recomputed from symbol x 30-minute cell means and counts
2019-07-30,SYMBOL,DISCA,500,9,"[0.8,1.0]",6377,0.16217335098231309,0.06147091108671789,13,recomputed from symbol x 30-minute cell means and counts
2019-07-30,SYMBOL,DLTR,500,9,"[0.8,1.0]",13367,0.029690769764465073,0.06149472581731129,13,recomputed from symbol x 30-minute cell means and counts
2019-07-30,SYMBOL,EA,500,9,"[0.8,1.0]",10545,0.0495733090462194,0.11588430535798958,13,recomputed from symbol x 30-minute cell means and counts
2019-07-30,SYMBOL,EBAY,500,9,"[0.8,1.0]",10121,0.1377723747274525,0.06738464578598953,13,recomputed from symbol x 30-minute cell means and counts
2019-07-30,SYMBOL,ETFC,500,9,"[0.8,1.0]",4298,0.1106087721020968,0.0781758957654723,13,recomputed from symbol x 30-minute cell means and counts
2019-07-30,SYMBOL,FB,500,9,"[0.8,1.0]",39517,0.040164193731300694,0.21135207632158312,13,recomputed from symbol x 30-minute cell means and counts
2019-07-30,SYMBOL,FISV,500,9,"[0.8,1.0]",4260,0.042071320123515776,0.11619718309859155,13,recomputed from symbol x 30-minute cell means and counts
2019-07-30,SYMBOL,FITB,500,9,"[0.8,1.0]",10204,0.15376067064594448,0.05047040376323011,13,recomputed from symbol x 30-minute cell means and counts
2019-07-30,SYMBOL,GILD,500,9,"[0.8,1.0]",6062,0.13249506528760607,0.11497855493236556,13,recomputed from symbol x 30-minute cell means and counts
2019-07-30,SYMBOL,GOOG,500,9,"[0.8,1.0]",65806,0.006979269083596448,0.115445400115491,13,recomputed from symbol x 30-minute cell means and counts
2019-07-30,SYMBOL,GOOGL,500,9,"[0.8,1.0]",60675,0.008674540640851524,0.10660074165636588,13,recomputed from symbol x 30-minute cell means and counts
2019-07-30,SYMBOL,INTC,500,9,"[0.8,1.0]",6790,0.23341384967226694,0.13799705449189986,13,recomputed from symbol x 30-minute cell means and counts
2019-07-30,SYMBOL,KHC,500,9,"[0.8,1.0]",3026,0.17210249052249432,0.0680766688697951,12,recomputed from symbol x 30-minute cell means and counts
2019-07-30,SYMBOL,LRCX,500,9,"[0.8,1.0]",24593,0.03958404868585477,0.07103647379335583,13,recomputed from symbol x 30-minute cell means and counts
2019-07-30,SYMBOL,MAT,500,9,"[0.8,1.0]",11697,0.18629880056245068,0.03171753441053261,13,recomputed from symbol x 30-minute cell means and counts
2019-07-30,SYMBOL,MCHP,500,9,"[0.8,1.0]",6649,0.044719972472779645,0.09790946006918333,13,recomputed from symbol x 30-minute cell means and counts
2019-07-30,SYMBOL,MDLZ,500,9,"[0.8,1.0]",3043,0.25129747549405507,0.14788038120276042,13,recomputed from symbol x 30-minute cell means and counts
2019-07-30,SYMBOL,MRVL,500,9,"[0.8,1.0]",7111,0.2833360222351231,0.07889185768527633,13,recomputed from symbol x 30-minute cell means and counts
2019-07-30,SYMBOL,MSFT,500,9,"[0.8,1.0]",11828,0.12148970944789926,0.22210010145417652,13,recomputed from symbol x 30-minute cell means and counts
2019-07-30,SYMBOL,MU,500,9,"[0.8,1.0]",7560,0.3197403463894728,0.17685185185185184,13,recomputed from symbol x 30-minute cell means and counts
2019-07-30,SYMBOL,NFLX,500,9,"[0.8,1.0]",24554,0.04929530550359738,0.11945100594607803,13,recomputed from symbol x 30-minute cell means and counts
2019-07-30,SYMBOL,NVDA,500,9,"[0.8,1.0]",18421,0.04307000227319024,0.15444329840942403,13,recomputed from symbol x 30-minute cell means and counts
2019-07-30,SYMBOL,NWL,500,9,"[0.8,1.0]",7435,0.41733804515487166,0.07222595830531271,13,recomputed from symbol x 30-minute cell means and counts
2019-07-30,SYMBOL,NXPI,500,9,"[0.8,1.0]",12012,0.08096390646763575,0.08541458541458541,13,recomputed from symbol x 30-minute cell means and counts
2019-07-30,SYMBOL,ON,500,9,"[0.8,1.0]",11387,0.2907878034535897,0.07868622112935804,13,recomputed from symbol x 30-minute cell means and counts
2019-07-30,SYMBOL,PAYX,500,9,"[0.8,1.0]",33790,0.029675182413511567,0.035661438295353655,13,recomputed from symbol x 30-minute cell means and counts
2019-07-30,SYMBOL,PEP,500,9,"[0.8,1.0]",8351,0.07023424550724977,0.12345826847084182,13,recomputed from symbol x 30-minute cell means and counts
2019-07-30,SYMBOL,PTEN,500,9,"[0.8,1.0]",3572,1.0027874011341962,0.11926091825307951,13,recomputed from symbol x 30-minute cell means and counts
2019-07-30,SYMBOL,PYPL,500,9,"[0.8,1.0]",11654,0.07588502666503012,0.12450660717350266,13,recomputed from symbol x 30-minute cell means and counts
2019-07-30,SYMBOL,QCOM,500,9,"[0.8,1.0]",10894,0.11073997425271412,0.10941802827244354,13,recomputed from symbol x 30-minute cell means and counts
2019-07-30,SYMBOL,ROKU,500,9,"[0.8,1.0]",40463,0.04423228336435858,0.08610335368114079,13,recomputed from symbol x 30-minute cell means and counts
2019-07-30,SYMBOL,ROST,500,9,"[0.8,1.0]",12943,0.0354833264425679,0.05987792629220428,13,recomputed from symbol x 30-minute cell means and counts
2019-07-30,SYMBOL,SBUX,500,9,"[0.8,1.0]",5701,0.08756210681242475,0.11208559901771618,13,recomputed from symbol x 30-minute cell means and counts
2019-07-30,SYMBOL,SSNC,500,9,"[0.8,1.0]",7976,0.23504685143470286,0.1272567703109328,13,recomputed from symbol x 30-minute cell means and counts
2019-07-30,SYMBOL,STLD,500,9,"[0.8,1.0]",5500,0.09815924128619108,0.056,13,recomputed from symbol x 30-minute cell means and counts
2019-07-30,SYMBOL,TER,500,9,"[0.8,1.0]",5779,0.13692164679963112,0.07613774009344178,13,recomputed from symbol x 30-minute cell means and counts
2019-07-30,SYMBOL,TMUS,500,9,"[0.8,1.0]",7672,0.0488597808155203,0.08224713242961418,13,recomputed from symbol x 30-minute cell means and counts
2019-07-30,SYMBOL,TSLA,500,9,"[0.8,1.0]",25753,0.05697437470995588,0.15384615384615385,13,recomputed from symbol x 30-minute cell means and counts
2019-07-30,SYMBOL,TXN,500,9,"[0.8,1.0]",8038,0.06739423061209135,0.12963423737248073,13,recomputed from symbol x 30-minute cell means and counts
2019-07-30,SYMBOL,WBA,500,9,"[0.8,1.0]",6811,0.12029283502836652,0.08633093525179857,13,recomputed from symbol x 30-minute cell means and counts
2019-07-30,SYMBOL,WDC,500,9,"[0.8,1.0]",5192,0.10225950586731518,0.08551617873651772,13,recomputed from symbol x 30-minute cell means and counts
2019-07-30,SYMBOL,XEL,500,9,"[0.8,1.0]",4414,0.1704441451302577,0.11984594472134119,13,recomputed from symbol x 30-minute cell means and counts
2019-07-30,SYMBOL,XLNX,500,9,"[0.8,1.0]",7278,0.08378654161089887,0.10318768892552899,13,recomputed from symbol x 30-minute cell means and counts
2019-07-30,SYMBOL,ZION,500,9,"[0.8,1.0]",10402,0.1080291912753269,0.08373389732743704,13,recomputed from symbol x 30-minute cell means and counts
2019-07-30,SYMBOL,AABA,1000,0,"[-1.0,-0.8)",8148,-0.112589048531691,0.03276877761413844,13,recomputed from symbol x 30-minute cell means and counts
2019-07-30,SYMBOL,AAL,1000,0,"[-1.0,-0.8)",5000,-0.3439143706321716,0.013,13,recomputed from symbol x 30-minute cell means and counts
2019-07-30,SYMBOL,AAPL,1000,0,"[-1.0,-0.8)",17045,-0.076019534531595,0.19624523320621884,13,recomputed from symbol x 30-minute cell means and counts
2019-07-30,SYMBOL,ADBE,1000,0,"[-1.0,-0.8)",31914,-0.06740695949833651,0.08037225042301184,13,recomputed from symbol x 30-minute cell means and counts
2019-07-30,SYMBOL,ADI,1000,0,"[-1.0,-0.8)",18633,-0.06183395829330235,0.11603069822358182,13,recomputed from symbol x 30-minute cell means and counts
2019-07-30,SYMBOL,ALXN,1000,0,"[-1.0,-0.8)",22080,-0.03498600140834848,0.09904891304347826,13,recomputed from symbol x 30-minute cell means and counts
2019-07-30,SYMBOL,AMAT,1000,0,"[-1.0,-0.8)",3063,-0.36546419373610967,0.031015344433561867,13,recomputed from symbol x 30-minute cell means and counts
2019-07-30,SYMBOL,AMD,1000,0,"[-1.0,-0.8)",7443,-0.6654198934486376,0.023377670294236194,13,recomputed from symbol x 30-minute cell means and counts
2019-07-30,SYMBOL,AMTD,1000,0,"[-1.0,-0.8)",4920,-0.19090401521785472,0.00426829268292683,13,recomputed from symbol x 30-minute cell means and counts
2019-07-30,SYMBOL,AMZN,1000,0,"[-1.0,-0.8)",56619,-0.03525017176944149,0.18352496511771665,13,recomputed from symbol x 30-minute cell means and counts
2019-07-30,SYMBOL,ATVI,1000,0,"[-1.0,-0.8)",6099,-0.24596929528670616,0.030988686669945892,13,recomputed from symbol x 30-minute cell means and counts
2019-07-30,SYMBOL,BYND,1000,0,"[-1.0,-0.8)",29769,-0.11856550397074513,0.23631966139272398,13,recomputed from symbol x 30-minute cell means and counts
2019-07-30,SYMBOL,CMCSA,1000,0,"[-1.0,-0.8)",4809,-0.33289251436089545,0.0047826991058432106,13,recomputed from symbol x 30-minute cell means and counts
2019-07-30,SYMBOL,CRZO,1000,0,"[-1.0,-0.8)",2253,-2.1275535950489273,0.013315579227696404,13,recomputed from symbol x 30-minute cell means and counts
2019-07-30,SYMBOL,CSCO,1000,0,"[-1.0,-0.8)",4634,-0.3829029227414417,0.004100129477772983,13,recomputed from symbol x 30-minute cell means and counts
2019-07-30,SYMBOL,CSX,1000,0,"[-1.0,-0.8)",4593,-0.13787859237040928,0.04136729806226867,13,recomputed from symbol x 30-minute cell means and counts
2019-07-30,SYMBOL,CTSH,1000,0,"[-1.0,-0.8)",4997,-0.14662015831706665,0.03542125275165099,13,recomputed from symbol x 30-minute cell means and counts
2019-07-30,SYMBOL,DISCA,1000,0,"[-1.0,-0.8)",4358,-0.2310403620720785,0.016062413951353834,13,recomputed from symbol x 30-minute cell means and counts
2019-07-30,SYMBOL,DLTR,1000,0,"[-1.0,-0.8)",14120,-0.07707056207503206,0.038526912181303115,13,recomputed from symbol x 30-minute cell means and counts
2019-07-30,SYMBOL,EA,1000,0,"[-1.0,-0.8)",12677,-0.09053293288275958,0.11706239646604086,13,recomputed from symbol x 30-minute cell means and counts
2019-07-30,SYMBOL,EBAY,1000,0,"[-1.0,-0.8)",1879,-0.5735145161417078,0.011708355508249068,13,recomputed from symbol x 30-minute cell means and counts
2019-07-30,SYMBOL,ETFC,1000,0,"[-1.0,-0.8)",5112,-0.1303018181350123,0.02093114241001565,13,recomputed from symbol x 30-minute cell means and counts
2019-07-30,SYMBOL,FB,1000,0,"[-1.0,-0.8)",18174,-0.03934776390249532,0.23627159678661824,13,recomputed from symbol x 30-minute cell means and counts
2019-07-30,SYMBOL,FISV,1000,0,"[-1.0,-0.8)",5199,-0.11645688041743693,0.10713598768994037,13,recomputed from symbol x 30-minute cell means and counts
2019-07-30,SYMBOL,FITB,1000,0,"[-1.0,-0.8)",1979,-0.7254501101102053,0.01414855987872663,13,recomputed from symbol x 30-minute cell means and counts
2019-07-30,SYMBOL,GILD,1000,0,"[-1.0,-0.8)",9855,-0.18680247558306343,0.025773718924403857,13,recomputed from symbol x 30-minute cell means and counts
2019-07-30,SYMBOL,GOOG,1000,0,"[-1.0,-0.8)",40537,-0.015622903453635309,0.1619014727286183,13,recomputed from symbol x 30-minute cell means and counts
2019-07-30,SYMBOL,GOOGL,1000,0,"[-1.0,-0.8)",49759,-0.009906927279575636,0.13400590847886815,13,recomputed from symbol x 30-minute cell means and counts
2019-07-30,SYMBOL,INTC,1000,0,"[-1.0,-0.8)",9325,-0.26854851353264364,0.007506702412868633,13,recomputed from symbol x 30-minute cell means and counts
2019-07-30,SYMBOL,KHC,1000,0,"[-1.0,-0.8)",7492,-0.331124802213013,0.009076348104644954,13,recomputed from symbol x 30-minute cell means and counts
2019-07-30,SYMBOL,LRCX,1000,0,"[-1.0,-0.8)",47980,-0.04474004063446256,0.066902876198416,13,recomputed from symbol x 30-minute cell means and counts
2019-07-30,SYMBOL,MAT,1000,0,"[-1.0,-0.8)",6883,-0.4014356128355107,0.006537846869097777,13,recomputed from symbol x 30-minute cell means and counts
2019-07-30,SYMBOL,MCHP,1000,0,"[-1.0,-0.8)",11415,-0.10040188968259935,0.0659658344283837,13,recomputed from symbol x 30-minute cell means and counts
2019-07-30,SYMBOL,MDLZ,1000,0,"[-1.0,-0.8)",4358,-0.30961371519905867,0.017668655346489214,13,recomputed from symbol x 30-minute cell means and counts
2019-07-30,SYMBOL,MRVL,1000,0,"[-1.0,-0.8)",4732,-0.57935506269172,0.01944209636517329,13,recomputed from symbol x 30-minute cell means and counts
2019-07-30,SYMBOL,MSFT,1000,0,"[-1.0,-0.8)",9192,-0.20077319750586628,0.04503916449086162,13,recomputed from symbol x 30-minute cell means and counts
2019-07-30,SYMBOL,MU,1000,0,"[-1.0,-0.8)",9189,-0.4330758104024404,0.02187397975840679,13,recomputed from symbol x 30-minute cell means and counts
2019-07-30,SYMBOL,NFLX,1000,0,"[-1.0,-0.8)",37523,-0.08361173434706158,0.14585720757935133,13,recomputed from symbol x 30-minute cell means and counts
2019-07-30,SYMBOL,NVDA,1000,0,"[-1.0,-0.8)",15063,-0.08896132621253573,0.1834295956980681,13,recomputed from symbol x 30-minute cell means and counts
2019-07-30,SYMBOL,NWL,1000,0,"[-1.0,-0.8)",3692,-0.7365439416657031,0.005417118093174431,13,recomputed from symbol x 30-minute cell means and counts
2019-07-30,SYMBOL,NXPI,1000,0,"[-1.0,-0.8)",9230,-0.11423586319288478,0.08981581798483207,13,recomputed from symbol x 30-minute cell means and counts
2019-07-30,SYMBOL,ON,1000,0,"[-1.0,-0.8)",9883,-0.3706376184447869,0.00890417889304867,13,recomputed from symbol x 30-minute cell means and counts
2019-07-30,SYMBOL,PAYX,1000,0,"[-1.0,-0.8)",5009,-0.1940044797592521,0.03573567578358954,13,recomputed from symbol x 30-minute cell means and counts
2019-07-30,SYMBOL,PEP,1000,0,"[-1.0,-0.8)",7969,-0.08272648015484814,0.06788806625674489,13,recomputed from symbol x 30-minute cell means and counts
2019-07-30,SYMBOL,PTEN,1000,0,"[-1.0,-0.8)",7261,-0.2879394759259725,0.010742321994215672,12,recomputed from symbol x 30-minute cell means and counts
2019-07-30,SYMBOL,PYPL,1000,0,"[-1.0,-0.8)",6139,-0.056267048908107194,0.12542759407069556,13,recomputed from symbol x 30-minute cell means and counts
2019-07-30,SYMBOL,QCOM,1000,0,"[-1.0,-0.8)",1621,-0.3415466759176919,0.033312769895126465,13,recomputed from symbol x 30-minute cell means and counts
2019-07-30,SYMBOL,ROKU,1000,0,"[-1.0,-0.8)",43218,-0.0812791319681817,0.10349854227405247,13,recomputed from symbol x 30-minute cell means and counts
2019-07-30,SYMBOL,ROST,1000,0,"[-1.0,-0.8)",24085,-0.10136827841719726,0.07245173344405231,13,recomputed from symbol x 30-minute cell means and counts
2019-07-30,SYMBOL,SBUX,1000,0,"[-1.0,-0.8)",3729,-0.06292287230523606,0.053901850362027354,13,recomputed from symbol x 30-minute cell means and counts
2019-07-30,SYMBOL,SSNC,1000,0,"[-1.0,-0.8)",7171,-0.2826466831248635,0.11211825407892902,13,recomputed from symbol x 30-minute cell means and counts
2019-07-30,SYMBOL,STLD,1000,0,"[-1.0,-0.8)",3895,-0.242842670735713,0.02490372272143774,13,recomputed from symbol x 30-minute cell means and counts
2019-07-30,SYMBOL,TER,1000,0,"[-1.0,-0.8)",3338,-0.27475831117938565,0.040143798681845415,13,recomputed from symbol x 30-minute cell means and counts
2019-07-30,SYMBOL,TMUS,1000,0,"[-1.0,-0.8)",6457,-0.09942984238523106,0.04289917918538021,13,recomputed from symbol x 30-minute cell means and counts
2019-07-30,SYMBOL,TSLA,1000,0,"[-1.0,-0.8)",18930,-0.07512467077294167,0.16487057580559958,13,recomputed from symbol x 30-minute cell means and counts
2019-07-30,SYMBOL,TXN,1000,0,"[-1.0,-0.8)",18443,-0.08120412096596911,0.09716423575340237,13,recomputed from symbol x 30-minute cell means and counts
2019-07-30,SYMBOL,WBA,1000,0,"[-1.0,-0.8)",7766,-0.13484292757317726,0.03219160442956477,13,recomputed from symbol x 30-minute cell means and counts
2019-07-30,SYMBOL,WDC,1000,0,"[-1.0,-0.8)",6234,-0.2726865621151586,0.03368623676612127,13,recomputed from symbol x 30-minute cell means and counts
2019-07-30,SYMBOL,XEL,1000,0,"[-1.0,-0.8)",7342,-0.2830433963397906,0.005311904113320621,13,recomputed from symbol x 30-minute cell means and counts
2019-07-30,SYMBOL,XLNX,1000,0,"[-1.0,-0.8)",22455,-0.04989399375376152,0.07214428857715431,13,recomputed from symbol x 30-minute cell means and counts
2019-07-30,SYMBOL,ZION,1000,0,"[-1.0,-0.8)",7357,-0.24319731453538704,0.025825744189207557,13,recomputed from symbol x 30-minute cell means and counts
2019-07-30,SYMBOL,AABA,1000,1,"[-0.8,-0.6)",16702,-0.08458429981799714,0.031193868997724822,13,recomputed from symbol x 30-minute cell means and counts
2019-07-30,SYMBOL,AAL,1000,1,"[-0.8,-0.6)",13554,-0.2658014681744896,0.015862476021838573,13,recomputed from symbol x 30-minute cell means and counts
2019-07-30,SYMBOL,AAPL,1000,1,"[-0.8,-0.6)",20951,-0.04895749566171068,0.22051453391246242,13,recomputed from symbol x 30-minute cell means and counts
2019-07-30,SYMBOL,ADBE,1000,1,"[-0.8,-0.6)",10622,-0.03629185866499279,0.08821314253436265,13,recomputed from symbol x 30-minute cell means and counts
2019-07-30,SYMBOL,ADI,1000,1,"[-0.8,-0.6)",8136,-0.100926989720605,0.11197148475909538,13,recomputed from symbol x 30-minute cell means and counts
2019-07-30,SYMBOL,ALXN,1000,1,"[-0.8,-0.6)",7869,-0.020185379772783764,0.11043334604142839,13,recomputed from symbol x 30-minute cell means and counts
2019-07-30,SYMBOL,AMAT,1000,1,"[-0.8,-0.6)",9674,-0.2319358152891699,0.03928054579284681,13,recomputed from symbol x 30-minute cell means and counts
2019-07-30,SYMBOL,AMD,1000,1,"[-0.8,-0.6)",21522,-0.2693462032177736,0.022163367716754947,13,recomputed from symbol x 30-minute cell means and counts
2019-07-30,SYMBOL,AMTD,1000,1,"[-0.8,-0.6)",19253,-0.1279863526540899,0.017244065859865994,13,recomputed from symbol x 30-minute cell means and counts
2019-07-30,SYMBOL,AMZN,1000,1,"[-0.8,-0.6)",11446,-0.033579163475112805,0.19194478420408875,13,recomputed from symbol x 30-minute cell means and counts
2019-07-30,SYMBOL,ATVI,1000,1,"[-0.8,-0.6)",18919,-0.18716951110687005,0.03705269834557852,13,recomputed from symbol x 30-minute cell means and counts
2019-07-30,SYMBOL,BYND,1000,1,"[-0.8,-0.6)",15082,-0.18161601664422125,0.22735711444105555,13,recomputed from symbol x 30-minute cell means and counts
2019-07-30,SYMBOL,CMCSA,1000,1,"[-0.8,-0.6)",16409,-0.13868833492672403,0.007495886403802791,13,recomputed from symbol x 30-minute cell means and counts
2019-07-30,SYMBOL,CRZO,1000,1,"[-0.8,-0.6)",6177,-1.4170150886524528,0.007446980734984621,13,recomputed from symbol x 30-minute cell means and counts
2019-07-30,SYMBOL,CSCO,1000,1,"[-0.8,-0.6)",12491,-0.1987248127697734,0.012809222640301017,13,recomputed from symbol x 30-minute cell means and counts
2019-07-30,SYMBOL,CSX,1000,1,"[-0.8,-0.6)",15072,-0.15477976243697786,0.030520169851380043,13,recomputed from symbol x 30-minute cell means and counts
2019-07-30,SYMBOL,CTSH,1000,1,"[-0.8,-0.6)",11456,-0.10533643489464202,0.02479050279329609,13,recomputed from symbol x 30-minute cell means and counts
2019-07-30,SYMBOL,DISCA,1000,1,"[-0.8,-0.6)",14506,-0.23737179117006843,0.006824762167379016,13,recomputed from symbol x 30-minute cell means and counts
2019-07-30,SYMBOL,DLTR,1000,1,"[-0.8,-0.6)",11145,-0.09402519260729948,0.0534768954688201,13,recomputed from symbol x 30-minute cell means and counts
2019-07-30,SYMBOL,EA,1000,1,"[-0.8,-0.6)",9411,-0.06669029155505626,0.09754542556582722,13,recomputed from symbol x 30-minute cell means and counts
2019-07-30,SYMBOL,EBAY,1000,1,"[-0.8,-0.6)",6997,-0.26565722197962943,0.00600257253108475,13,recomputed from symbol x 30-minute cell means and counts
2019-07-30,SYMBOL,ETFC,1000,1,"[-0.8,-0.6)",17310,-0.17095237134303198,0.01923743500866551,13,recomputed from symbol x 30-minute cell means and counts
2019-07-30,SYMBOL,FB,1000,1,"[-0.8,-0.6)",15287,0.010684302057567678,0.24792307189114934,13,recomputed from symbol x 30-minute cell means and counts
2019-07-30,SYMBOL,FISV,1000,1,"[-0.8,-0.6)",17385,-0.10429149809362287,0.08858211101524302,13,recomputed from symbol x 30-minute cell means and counts
2019-07-30,SYMBOL,FITB,1000,1,"[-0.8,-0.6)",9876,-0.303725505391805,0.008302956662616445,13,recomputed from symbol x 30-minute cell means and counts
2019-07-30,SYMBOL,GILD,1000,1,"[-0.8,-0.6)",24784,-0.11690260044234733,0.035587475790832795,13,recomputed from symbol x 30-minute cell means and counts
2019-07-30,SYMBOL,GOOG,1000,1,"[-0.8,-0.6)",9890,0.045555637654056444,0.1820020222446916,13,recomputed from symbol x 30-minute cell means and counts
2019-07-30,SYMBOL,GOOGL,1000,1,"[-0.8,-0.6)",11324,-0.010462953597544065,0.14579653832567996,13,recomputed from symbol x 30-minute cell means and counts
2019-07-30,SYMBOL,INTC,1000,1,"[-0.8,-0.6)",19046,-0.165845182094581,0.009503307781161398,13,recomputed from symbol x 30-minute cell means and counts
2019-07-30,SYMBOL,KHC,1000,1,"[-0.8,-0.6)",20602,-0.18405948625746404,0.01014464615085914,13,recomputed from symbol x 30-minute cell means and counts
2019-07-30,SYMBOL,LRCX,1000,1,"[-0.8,-0.6)",13247,-0.043021270401920386,0.07820638635162679,13,recomputed from symbol x 30-minute cell means and counts
2019-07-30,SYMBOL,MAT,1000,1,"[-0.8,-0.6)",15133,-0.20286780828557752,0.009185224344148549,13,recomputed from symbol x 30-minute cell means and counts
2019-07-30,SYMBOL,MCHP,1000,1,"[-0.8,-0.6)",8222,-0.039431699876279556,0.0673801994648504,13,recomputed from symbol x 30-minute cell means and counts
2019-07-30,SYMBOL,MDLZ,1000,1,"[-0.8,-0.6)",11408,-0.2536252399888229,0.010606591865357643,13,recomputed from symbol x 30-minute cell means and counts
2019-07-30,SYMBOL,MRVL,1000,1,"[-0.8,-0.6)",15727,-0.21765004318138098,0.009029058307369492,13,recomputed from symbol x 30-minute cell means and counts
2019-07-30,SYMBOL,MSFT,1000,1,"[-0.8,-0.6)",18947,-0.14527466148727897,0.05752889639520768,13,recomputed from symbol x 30-minute cell means and counts
2019-07-30,SYMBOL,MU,1000,1,"[-0.8,-0.6)",22608,-0.2179512392521242,0.029900920028308565,13,recomputed from symbol x 30-minute cell means and counts
2019-07-30,SYMBOL,NFLX,1000,1,"[-0.8,-0.6)",10223,-0.0474600662713903,0.15181453585053312,13,recomputed from symbol x 30-minute cell means and counts
2019-07-30,SYMBOL,NVDA,1000,1,"[-0.8,-0.6)",9051,-0.13172545621453327,0.15578389128273118,13,recomputed from symbol x 30-minute cell means and counts
2019-07-30,SYMBOL,NWL,1000,1,"[-0.8,-0.6)",13713,-0.5200827940456335,0.008969590899146795,13,recomputed from symbol x 30-minute cell means and counts
2019-07-30,SYMBOL,NXPI,1000,1,"[-0.8,-0.6)",11299,-0.04369540676489078,0.08398973360474378,13,recomputed from symbol x 30-minute cell means and counts
2019-07-30,SYMBOL,ON,1000,1,"[-0.8,-0.6)",18651,-0.2677781505563241,0.011849230604257145,13,recomputed from symbol x 30-minute cell means and counts
2019-07-30,SYMBOL,PAYX,1000,1,"[-0.8,-0.6)",12249,-0.12291986406146288,0.034778349253000246,13,recomputed from symbol x 30-minute cell means and counts
2019-07-30,SYMBOL,PEP,1000,1,"[-0.8,-0.6)",9778,-0.10501025251375187,0.05287379832276539,13,recomputed from symbol x 30-minute cell means and counts
2019-07-30,SYMBOL,PTEN,1000,1,"[-0.8,-0.6)",13706,-0.7076693617930538,0.015029913906318401,13,recomputed from symbol x 30-minute cell means and counts
2019-07-30,SYMBOL,PYPL,1000,1,"[-0.8,-0.6)",11242,-0.1060287947094625,0.11412560042697029,13,recomputed from symbol x 30-minute cell means and counts
2019-07-30,SYMBOL,QCOM,1000,1,"[-0.8,-0.6)",6750,-0.19678433824468541,0.029925925925925925,13,recomputed from symbol x 30-minute cell means and counts
2019-07-30,SYMBOL,ROKU,1000,1,"[-0.8,-0.6)",10929,-0.01564844635335947,0.12425656510202214,13,recomputed from symbol x 30-minute cell means and counts
2019-07-30,SYMBOL,ROST,1000,1,"[-0.8,-0.6)",11846,-0.06712719240080721,0.0709100118183353,13,recomputed from symbol x 30-minute cell means and counts
2019-07-30,SYMBOL,SBUX,1000,1,"[-0.8,-0.6)",13723,-0.11701093350782049,0.03191721926692414,13,recomputed from symbol x 30-minute cell means and counts
2019-07-30,SYMBOL,SSNC,1000,1,"[-0.8,-0.6)",17858,-0.2527367627150749,0.10225109194758651,13,recomputed from symbol x 30-minute cell means and counts
2019-07-30,SYMBOL,STLD,1000,1,"[-0.8,-0.6)",11100,-0.2077397388488323,0.022072072072072072,13,recomputed from symbol x 30-minute cell means and counts
2019-07-30,SYMBOL,TER,1000,1,"[-0.8,-0.6)",9383,-0.1568463867653106,0.04945113503143984,13,recomputed from symbol x 30-minute cell means and counts
2019-07-30,SYMBOL,TMUS,1000,1,"[-0.8,-0.6)",11913,-0.09498780410435662,0.049189960547301265,13,recomputed from symbol x 30-minute cell means and counts
2019-07-30,SYMBOL,TSLA,1000,1,"[-0.8,-0.6)",10766,-0.09400851487664957,0.17415939067434516,13,recomputed from symbol x 30-minute cell means and counts
2019-07-30,SYMBOL,TXN,1000,1,"[-0.8,-0.6)",10346,-0.10760916278368265,0.07423158708679684,13,recomputed from symbol x 30-minute cell means and counts
2019-07-30,SYMBOL,WBA,1000,1,"[-0.8,-0.6)",16927,-0.13263863594848788,0.017959473031251845,13,recomputed from symbol x 30-minute cell means and counts
2019-07-30,SYMBOL,WDC,1000,1,"[-0.8,-0.6)",10983,-0.132954777437601,0.04206500956022945,13,recomputed from symbol x 30-minute cell means and counts
2019-07-30,SYMBOL,XEL,1000,1,"[-0.8,-0.6)",21023,-0.20619516067782054,0.018265708985396947,13,recomputed from symbol x 30-minute cell means and counts
2019-07-30,SYMBOL,XLNX,1000,1,"[-0.8,-0.6)",12034,-0.05893021028006574,0.09290344025261758,13,recomputed from symbol x 30-minute cell means and counts
2019-07-30,SYMBOL,ZION,1000,1,"[-0.8,-0.6)",18830,-0.19385979400944722,0.020817843866171002,13,recomputed from symbol x 30-minute cell means and counts
2019-07-30,SYMBOL,AABA,1000,2,"[-0.6,-0.4)",26035,-0.054704937150525525,0.02419819473785289,13,recomputed from symbol x 30-minute cell means and counts
2019-07-30,SYMBOL,AAL,1000,2,"[-0.6,-0.4)",22357,-0.1560863750791509,0.024287695129042358,13,recomputed from symbol x 30-minute cell means and counts
2019-07-30,SYMBOL,AAPL,1000,2,"[-0.6,-0.4)",26074,-0.04384115120871645,0.22206028994400553,13,recomputed from symbol x 30-minute cell means and counts
2019-07-30,SYMBOL,ADBE,1000,2,"[-0.6,-0.4)",12944,-0.02722113738838026,0.09935105067985167,13,recomputed from symbol x 30-minute cell means and counts
2019-07-30,SYMBOL,ADI,1000,2,"[-0.6,-0.4)",15744,-0.0892154902003978,0.11356707317073171,13,recomputed from symbol x 30-minute cell means and counts
2019-07-30,SYMBOL,ALXN,1000,2,"[-0.6,-0.4)",16912,-0.10683929003852656,0.07592242194891201,13,recomputed from symbol x 30-minute cell means and counts
2019-07-30,SYMBOL,AMAT,1000,2,"[-0.6,-0.4)",20381,-0.15668240993941568,0.04052794269172268,13,recomputed from symbol x 30-minute cell means and counts
2019-07-30,SYMBOL,AMD,1000,2,"[-0.6,-0.4)",27680,-0.16338706774088,0.022507225433526012,13,recomputed from symbol x 30-minute cell means and counts
2019-07-30,SYMBOL,AMTD,1000,2,"[-0.6,-0.4)",27553,-0.07543670633797706,0.023772365985555113,13,recomputed from symbol x 30-minute cell means and counts
2019-07-30,SYMBOL,AMZN,1000,2,"[-0.6,-0.4)",12983,-0.002471795677191844,0.1957945005006547,13,recomputed from symbol x 30-minute cell means and counts
2019-07-30,SYMBOL,ATVI,1000,2,"[-0.6,-0.4)",27420,-0.13270214607383454,0.04613420860685631,13,recomputed from symbol x 30-minute cell means and counts
2019-07-30,SYMBOL,BYND,1000,2,"[-0.6,-0.4)",18795,-0.1729870956727056,0.2051609470603884,13,recomputed from symbol x 30-minute cell means and counts
2019-07-30,SYMBOL,CMCSA,1000,2,"[-0.6,-0.4)",27767,-0.08980511390304662,0.00709475276407246,13,recomputed from symbol x 30-minute cell means and counts
2019-07-30,SYMBOL,CRZO,1000,2,"[-0.6,-0.4)",18177,-0.48292650785318675,0.009792595037684987,13,recomputed from symbol x 30-minute cell means and counts
2019-07-30,SYMBOL,CSCO,1000,2,"[-0.6,-0.4)",20095,-0.15273139658304077,0.01114705150534959,13,recomputed from symbol x 30-minute cell means and counts
2019-07-30,SYMBOL,CSX,1000,2,"[-0.6,-0.4)",31045,-0.09795708819698223,0.039265582219358997,13,recomputed from symbol x 30-minute cell means and counts
2019-07-30,SYMBOL,CTSH,1000,2,"[-0.6,-0.4)",23696,-0.09290708308935085,0.029540850776502363,13,recomputed from symbol x 30-minute cell means and counts
2019-07-30,SYMBOL,DISCA,1000,2,"[-0.6,-0.4)",26191,-0.09100475443637975,0.015654232369898057,13,recomputed from symbol x 30-minute cell means and counts
2019-07-30,SYMBOL,DLTR,1000,2,"[-0.6,-0.4)",18259,-0.04048403821225769,0.06232542855578071,13,recomputed from symbol x 30-minute cell means and counts
2019-07-30,SYMBOL,EA,1000,2,"[-0.6,-0.4)",19177,-0.08405774166320819,0.09725191635813735,13,recomputed from symbol x 30-minute cell means and counts
2019-07-30,SYMBOL,EBAY,1000,2,"[-0.6,-0.4)",14953,-0.17267517223012477,0.007490135758710627,13,recomputed from symbol x 30-minute cell means and counts
2019-07-30,SYMBOL,ETFC,1000,2,"[-0.6,-0.4)",31341,-0.13555355802088523,0.02606808972272742,13,recomputed from symbol x 30-minute cell means and counts
2019-07-30,SYMBOL,FB,1000,2,"[-0.6,-0.4)",12026,-0.044039701322103206,0.20031598203891568,13,recomputed from symbol x 30-minute cell means and counts
2019-07-30,SYMBOL,FISV,1000,2,"[-0.6,-0.4)",33540,-0.06146102308445056,0.09940369707811568,13,recomputed from symbol x 30-minute cell means and counts
2019-07-30,SYMBOL,FITB,1000,2,"[-0.6,-0.4)",15003,-0.16072775794292843,0.010664533759914684,13,recomputed from symbol x 30-minute cell means and counts
2019-07-30,SYMBOL,GILD,1000,2,"[-0.6,-0.4)",31253,-0.07034761752028909,0.05173903305282693,13,recomputed from symbol x 30-minute cell means and counts
2019-07-30,SYMBOL,GOOG,1000,2,"[-0.6,-0.4)",8797,0.015012740499816511,0.19074684551551666,13,recomputed from symbol x 30-minute cell means and counts
2019-07-30,SYMBOL,GOOGL,1000,2,"[-0.6,-0.4)",14252,-0.024358607230563194,0.1501543642997474,13,recomputed from symbol x 30-minute cell means and counts
2019-07-30,SYMBOL,INTC,1000,2,"[-0.6,-0.4)",28399,-0.10434397740776956,0.013838515440684531,13,recomputed from symbol x 30-minute cell means and counts
2019-07-30,SYMBOL,KHC,1000,2,"[-0.6,-0.4)",33959,-0.05989613765477959,0.012927353573426779,13,recomputed from symbol x 30-minute cell means and counts
2019-07-30,SYMBOL,LRCX,1000,2,"[-0.6,-0.4)",17909,0.0006041944399704864,0.07705622871182087,13,recomputed from symbol x 30-minute cell means and counts
2019-07-30,SYMBOL,MAT,1000,2,"[-0.6,-0.4)",18957,-0.19222441598471945,0.007859893443055335,13,recomputed from symbol x 30-minute cell means and counts
2019-07-30,SYMBOL,MCHP,1000,2,"[-0.6,-0.4)",19478,-0.07573715533817534,0.07002772358558373,13,recomputed from symbol x 30-minute cell means and counts
2019-07-30,SYMBOL,MDLZ,1000,2,"[-0.6,-0.4)",25249,-0.13082061405394158,0.015168917580894293,13,recomputed from symbol x 30-minute cell means and counts
2019-07-30,SYMBOL,MRVL,1000,2,"[-0.6,-0.4)",22276,-0.13530584057757233,0.007272400790087987,13,recomputed from symbol x 30-minute cell means and counts
2019-07-30,SYMBOL,MSFT,1000,2,"[-0.6,-0.4)",23852,-0.09897871591861708,0.08703672647995975,13,recomputed from symbol x 30-minute cell means and counts
2019-07-30,SYMBOL,MU,1000,2,"[-0.6,-0.4)",33915,-0.17363145598861895,0.029131652661064426,13,recomputed from symbol x 30-minute cell means and counts
2019-07-30,SYMBOL,NFLX,1000,2,"[-0.6,-0.4)",16763,-0.04688978655657023,0.1447234981805166,13,recomputed from symbol x 30-minute cell means and counts
2019-07-30,SYMBOL,NVDA,1000,2,"[-0.6,-0.4)",19545,-0.07990639814180192,0.1614735226400614,13,recomputed from symbol x 30-minute cell means and counts
2019-07-30,SYMBOL,NWL,1000,2,"[-0.6,-0.4)",24744,-0.29853909141108553,0.014346912382799872,13,recomputed from symbol x 30-minute cell means and counts
2019-07-30,SYMBOL,NXPI,1000,2,"[-0.6,-0.4)",24725,-0.04988564644833787,0.08452982810920122,13,recomputed from symbol x 30-minute cell means and counts
2019-07-30,SYMBOL,ON,1000,2,"[-0.6,-0.4)",23248,-0.16646391440488023,0.01028045423262216,13,recomputed from symbol x 30-minute cell means and counts
2019-07-30,SYMBOL,PAYX,1000,2,"[-0.6,-0.4)",21147,-0.09517068985692659,0.03201399725729418,13,recomputed from symbol x 30-minute cell means and counts
2019-07-30,SYMBOL,PEP,1000,2,"[-0.6,-0.4)",22831,-0.08889936923192285,0.06675134685296308,13,recomputed from symbol x 30-minute cell means and counts
2019-07-30,SYMBOL,PTEN,1000,2,"[-0.6,-0.4)",26263,-0.38814055067665965,0.019533183566233864,13,recomputed from symbol x 30-minute cell means and counts
2019-07-30,SYMBOL,PYPL,1000,2,"[-0.6,-0.4)",21545,-0.07170593331739337,0.10480389881643072,13,recomputed from symbol x 30-minute cell means and counts
2019-07-30,SYMBOL,QCOM,1000,2,"[-0.6,-0.4)",14518,-0.16033364883926163,0.03485328557652569,13,recomputed from symbol x 30-minute cell means and counts
2019-07-30,SYMBOL,ROKU,1000,2,"[-0.6,-0.4)",11485,-0.07341184272265819,0.10239442751414889,13,recomputed from symbol x 30-minute cell means and counts
2019-07-30,SYMBOL,ROST,1000,2,"[-0.6,-0.4)",18818,-0.13226846004282455,0.0698799022212775,13,recomputed from symbol x 30-minute cell means and counts
2019-07-30,SYMBOL,SBUX,1000,2,"[-0.6,-0.4)",23104,-0.07042586173439125,0.04345567867036011,13,recomputed from symbol x 30-minute cell means and counts
2019-07-30,SYMBOL,SSNC,1000,2,"[-0.6,-0.4)",30221,-0.15515686938789566,0.12124019721385791,13,recomputed from symbol x 30-minute cell means and counts
2019-07-30,SYMBOL,STLD,1000,2,"[-0.6,-0.4)",22289,-0.15001192830004587,0.018619049755484767,13,recomputed from symbol x 30-minute cell means and counts
2019-07-30,SYMBOL,TER,1000,2,"[-0.6,-0.4)",23280,-0.17130495521313546,0.04737972508591065,13,recomputed from symbol x 30-minute cell means and counts
2019-07-30,SYMBOL,TMUS,1000,2,"[-0.6,-0.4)",27627,-0.0833122970943373,0.055525391826836065,13,recomputed from symbol x 30-minute cell means and counts
2019-07-30,SYMBOL,TSLA,1000,2,"[-0.6,-0.4)",25371,-0.0454577911762787,0.16692286468802964,13,recomputed from symbol x 30-minute cell means and counts
2019-07-30,SYMBOL,TXN,1000,2,"[-0.6,-0.4)",24106,-0.052578108742960476,0.10491164025553804,13,recomputed from symbol x 30-minute cell means and counts
2019-07-30,SYMBOL,WBA,1000,2,"[-0.6,-0.4)",30932,-0.08901492885394499,0.02191904823483771,13,recomputed from symbol x 30-minute cell means and counts
2019-07-30,SYMBOL,WDC,1000,2,"[-0.6,-0.4)",23487,-0.18224036763615498,0.04215097713628816,13,recomputed from symbol x 30-minute cell means and counts
2019-07-30,SYMBOL,XEL,1000,2,"[-0.6,-0.4)",29040,-0.15617551391036058,0.02324380165289256,13,recomputed from symbol x 30-minute cell means and counts
2019-07-30,SYMBOL,XLNX,1000,2,"[-0.6,-0.4)",22316,-0.06855272765996358,0.08074923821473383,13,recomputed from symbol x 30-minute cell means and counts
2019-07-30,SYMBOL,ZION,1000,2,"[-0.6,-0.4)",25730,-0.158395435251339,0.03253012048192771,13,recomputed from symbol x 30-minute cell means and counts
2019-07-30,SYMBOL,AABA,1000,3,"[-0.4,-0.2)",27043,-0.028359646778313343,0.03316939688644011,13,recomputed from symbol x 30-minute cell means and counts
2019-07-30,SYMBOL,AAL,1000,3,"[-0.4,-0.2)",32427,-0.0985134828247643,0.01976747771918463,13,recomputed from symbol x 30-minute cell means and counts
2019-07-30,SYMBOL,AAPL,1000,3,"[-0.4,-0.2)",28129,-0.03658447304741277,0.22009314230864943,13,recomputed from symbol x 30-minute cell means and counts
2019-07-30,SYMBOL,ADBE,1000,3,"[-0.4,-0.2)",17142,-0.029890272193062947,0.11165558277913895,13,recomputed from symbol x 30-minute cell means and counts
2019-07-30,SYMBOL,ADI,1000,3,"[-0.4,-0.2)",31408,-0.03332718893016441,0.12907539480387162,13,recomputed from symbol x 30-minute cell means and counts
2019-07-30,SYMBOL,ALXN,1000,3,"[-0.4,-0.2)",27797,-0.02975901847894009,0.08929021117386768,13,recomputed from symbol x 30-minute cell means and counts
2019-07-30,SYMBOL,AMAT,1000,3,"[-0.4,-0.2)",25900,-0.09689726048915083,0.05115830115830116,13,recomputed from symbol x 30-minute cell means and counts
2019-07-30,SYMBOL,AMD,1000,3,"[-0.4,-0.2)",29585,-0.09489305510963361,0.028054757478451917,13,recomputed from symbol x 30-minute cell means and counts
2019-07-30,SYMBOL,AMTD,1000,3,"[-0.4,-0.2)",32891,-0.06106850103747576,0.027332704995287466,13,recomputed from symbol x 30-minute cell means and counts
2019-07-30,SYMBOL,AMZN,1000,3,"[-0.4,-0.2)",10176,-0.043012588968392135,0.18671383647798742,13,recomputed from symbol x 30-minute cell means and counts
2019-07-30,SYMBOL,ATVI,1000,3,"[-0.4,-0.2)",32088,-0.07347331788438242,0.05272999252056844,13,recomputed from symbol x 30-minute cell means and counts
2019-07-30,SYMBOL,BYND,1000,3,"[-0.4,-0.2)",18528,-0.048677966721671184,0.22571243523316062,13,recomputed from symbol x 30-minute cell means and counts
2019-07-30,SYMBOL,CMCSA,1000,3,"[-0.4,-0.2)",32684,-0.061382957799477555,0.009178803084077836,13,recomputed from symbol x 30-minute cell means and counts
2019-07-30,SYMBOL,CRZO,1000,3,"[-0.4,-0.2)",35513,-0.1875816819380006,0.008785515163461268,13,recomputed from symbol x 30-minute cell means and counts
2019-07-30,SYMBOL,CSCO,1000,3,"[-0.4,-0.2)",30813,-0.06925533767282427,0.011423749716028948,13,recomputed from symbol x 30-minute cell means and counts
2019-07-30,SYMBOL,CSX,1000,3,"[-0.4,-0.2)",33083,-0.04599449876372134,0.055043375751896745,13,recomputed from symbol x 30-minute cell means and counts
2019-07-30,SYMBOL,CTSH,1000,3,"[-0.4,-0.2)",30059,-0.06413955522942255,0.03972188030207259,13,recomputed from symbol x 30-minute cell means and counts
2019-07-30,SYMBOL,DISCA,1000,3,"[-0.4,-0.2)",31666,-0.0531742458905784,0.019863576075285796,13,recomputed from symbol x 30-minute cell means and counts
2019-07-30,SYMBOL,DLTR,1000,3,"[-0.4,-0.2)",31616,-0.03640898344623536,0.04744433198380567,13,recomputed from symbol x 30-minute cell means and counts
2019-07-30,SYMBOL,EA,1000,3,"[-0.4,-0.2)",28616,-0.05918719270832885,0.10190103438635728,13,recomputed from symbol x 30-minute cell means and counts
2019-07-30,SYMBOL,EBAY,1000,3,"[-0.4,-0.2)",23515,-0.07905667468433351,0.013778439294067616,13,recomputed from symbol x 30-minute cell means and counts
2019-07-30,SYMBOL,ETFC,1000,3,"[-0.4,-0.2)",33780,-0.05965499163662068,0.040438129070455894,13,recomputed from symbol x 30-minute cell means and counts
2019-07-30,SYMBOL,FB,1000,3,"[-0.4,-0.2)",18556,-0.04142128649515231,0.2158870446216857,13,recomputed from symbol x 30-minute cell means and counts
2019-07-30,SYMBOL,FISV,1000,3,"[-0.4,-0.2)",34243,-0.015429488940101512,0.11097158543351926,13,recomputed from symbol x 30-minute cell means and counts
2019-07-30,SYMBOL,FITB,1000,3,"[-0.4,-0.2)",23133,-0.06997989824926869,0.01136903989971037,13,recomputed from symbol x 30-minute cell means and counts
2019-07-30,SYMBOL,GILD,1000,3,"[-0.4,-0.2)",38537,-0.056248439465115506,0.052417157536912576,13,recomputed from symbol x 30-minute cell means and counts
2019-07-30,SYMBOL,GOOG,1000,3,"[-0.4,-0.2)",10082,-0.05267995905018035,0.15026780400714143,13,recomputed from symbol x 30-minute cell means and counts
2019-07-30,SYMBOL,GOOGL,1000,3,"[-0.4,-0.2)",11405,-0.013210184996925597,0.1355545813239807,13,recomputed from symbol x 30-minute cell means and counts
2019-07-30,SYMBOL,INTC,1000,3,"[-0.4,-0.2)",34424,-0.05905905628263909,0.020537996746455962,13,recomputed from symbol x 30-minute cell means and counts
2019-07-30,SYMBOL,KHC,1000,3,"[-0.4,-0.2)",37689,-0.024524684675260654,0.019660909018546526,13,recomputed from symbol x 30-minute cell means and counts
2019-07-30,SYMBOL,LRCX,1000,3,"[-0.4,-0.2)",27169,-0.03213730978555071,0.08277816629246568,13,recomputed from symbol x 30-minute cell means and counts
2019-07-30,SYMBOL,MAT,1000,3,"[-0.4,-0.2)",26153,-0.0733321356289301,0.011509195885749245,13,recomputed from symbol x 30-minute cell means and counts
2019-07-30,SYMBOL,MCHP,1000,3,"[-0.4,-0.2)",32778,-0.043623608978841044,0.07471474769662578,13,recomputed from symbol x 30-minute cell means and counts
2019-07-30,SYMBOL,MDLZ,1000,3,"[-0.4,-0.2)",30172,-0.07127187359472113,0.024923770383136683,13,recomputed from symbol x 30-minute cell means and counts
2019-07-30,SYMBOL,MRVL,1000,3,"[-0.4,-0.2)",32718,-0.0846877577828198,0.008863622470811175,13,recomputed from symbol x 30-minute cell means and counts
2019-07-30,SYMBOL,MSFT,1000,3,"[-0.4,-0.2)",27664,-0.057220819375508436,0.1174812030075188,13,recomputed from symbol x 30-minute cell means and counts
2019-07-30,SYMBOL,MU,1000,3,"[-0.4,-0.2)",34067,-0.07966551265749586,0.039921331493821,13,recomputed from symbol x 30-minute cell means and counts
2019-07-30,SYMBOL,NFLX,1000,3,"[-0.4,-0.2)",25718,-0.021715986033612883,0.16587604012753712,13,recomputed from symbol x 30-minute cell means and counts
2019-07-30,SYMBOL,NVDA,1000,3,"[-0.4,-0.2)",29696,-0.05819983309002368,0.17312095905172414,13,recomputed from symbol x 30-minute cell means and counts
2019-07-30,SYMBOL,NWL,1000,3,"[-0.4,-0.2)",31621,-0.09920766218567909,0.01701400967711331,13,recomputed from symbol x 30-minute cell means and counts
2019-07-30,SYMBOL,NXPI,1000,3,"[-0.4,-0.2)",30904,-0.04622616084331587,0.09529510742945897,13,recomputed from symbol x 30-minute cell means and counts
2019-07-30,SYMBOL,ON,1000,3,"[-0.4,-0.2)",25610,-0.09296810561816518,0.017415072237407264,13,recomputed from symbol x 30-minute cell means and counts
2019-07-30,SYMBOL,PAYX,1000,3,"[-0.4,-0.2)",27535,-0.04309913867481482,0.04536045033593608,13,recomputed from symbol x 30-minute cell means and counts
2019-07-30,SYMBOL,PEP,1000,3,"[-0.4,-0.2)",29174,-0.06411313588929617,0.10190580654006992,13,recomputed from symbol x 30-minute cell means and counts
2019-07-30,SYMBOL,PTEN,1000,3,"[-0.4,-0.2)",37263,-0.15217552885540736,0.017148377747363337,13,recomputed from symbol x 30-minute cell means and counts
2019-07-30,SYMBOL,PYPL,1000,3,"[-0.4,-0.2)",29291,-0.02799088178565424,0.1202417124714076,13,recomputed from symbol x 30-minute cell means and counts
2019-07-30,SYMBOL,QCOM,1000,3,"[-0.4,-0.2)",23242,-0.0782718087327982,0.04883400740039583,13,recomputed from symbol x 30-minute cell means and counts
2019-07-30,SYMBOL,ROKU,1000,3,"[-0.4,-0.2)",16068,-0.10498454433814608,0.12229275578790141,13,recomputed from symbol x 30-minute cell means and counts
2019-07-30,SYMBOL,ROST,1000,3,"[-0.4,-0.2)",25387,-0.03700913121369053,0.06869657698822232,13,recomputed from symbol x 30-minute cell means and counts
2019-07-30,SYMBOL,SBUX,1000,3,"[-0.4,-0.2)",31568,-0.05078496308350587,0.05077927014698429,13,recomputed from symbol x 30-minute cell means and counts
2019-07-30,SYMBOL,SSNC,1000,3,"[-0.4,-0.2)",32799,-0.05582474239490618,0.13927253879691454,13,recomputed from symbol x 30-minute cell means and counts
2019-07-30,SYMBOL,STLD,1000,3,"[-0.4,-0.2)",27168,-0.08386096132324637,0.03360571260306243,13,recomputed from symbol x 30-minute cell means and counts
2019-07-30,SYMBOL,TER,1000,3,"[-0.4,-0.2)",29583,-0.02640670606855712,0.06493594294020215,13,recomputed from symbol x 30-minute cell means and counts
2019-07-30,SYMBOL,TMUS,1000,3,"[-0.4,-0.2)",33876,-0.0334857085446763,0.07760656511984886,13,recomputed from symbol x 30-minute cell means and counts
2019-07-30,SYMBOL,TSLA,1000,3,"[-0.4,-0.2)",31471,-0.017453587889777387,0.19824600425788821,13,recomputed from symbol x 30-minute cell means and counts
2019-07-30,SYMBOL,TXN,1000,3,"[-0.4,-0.2)",36687,-0.02151339937998716,0.11341892223403385,13,recomputed from symbol x 30-minute cell means and counts
2019-07-30,SYMBOL,WBA,1000,3,"[-0.4,-0.2)",33083,-0.04912295994200665,0.03790466402684158,13,recomputed from symbol x 30-minute cell means and counts
2019-07-30,SYMBOL,WDC,1000,3,"[-0.4,-0.2)",29913,-0.06149027322099269,0.07134021997124995,13,recomputed from symbol x 30-minute cell means and counts
2019-07-30,SYMBOL,XEL,1000,3,"[-0.4,-0.2)",33384,-0.08102022848796593,0.04121734962856458,13,recomputed from symbol x 30-minute cell means and counts
2019-07-30,SYMBOL,XLNX,1000,3,"[-0.4,-0.2)",40040,-0.029869049332001348,0.0992007992007992,13,recomputed from symbol x 30-minute cell means and counts
2019-07-30,SYMBOL,ZION,1000,3,"[-0.4,-0.2)",30208,-0.06044947600260503,0.05740201271186441,13,recomputed from symbol x 30-minute cell means and counts
2019-07-30,SYMBOL,AABA,1000,4,"[-0.2,0.0)",26507,-0.006701440843447667,0.035500056588825595,13,recomputed from symbol x 30-minute cell means and counts
2019-07-30,SYMBOL,AAL,1000,4,"[-0.2,0.0)",37156,-0.05339788461427076,0.029174292173538594,13,recomputed from symbol x 30-minute cell means and counts
2019-07-30,SYMBOL,AAPL,1000,4,"[-0.2,0.0)",26105,-0.012215659937920686,0.23834514460831258,13,recomputed from symbol x 30-minute cell means and counts
2019-07-30,SYMBOL,ADBE,1000,4,"[-0.2,0.0)",20340,-0.02128787122762074,0.12168141592920353,13,recomputed from symbol x 30-minute cell means and counts
2019-07-30,SYMBOL,ADI,1000,4,"[-0.2,0.0)",15688,-0.009206231305454532,0.13494390617032126,13,recomputed from symbol x 30-minute cell means and counts
2019-07-30,SYMBOL,ALXN,1000,4,"[-0.2,0.0)",21807,0.0033766831310086064,0.08644013390195808,13,recomputed from symbol x 30-minute cell means and counts
2019-07-30,SYMBOL,AMAT,1000,4,"[-0.2,0.0)",27653,-0.05331446247170149,0.050012656854590824,13,recomputed from symbol x 30-minute cell means and counts
2019-07-30,SYMBOL,AMD,1000,4,"[-0.2,0.0)",32495,-0.056526446522226846,0.032035697799661485,13,recomputed from symbol x 30-minute cell means and counts
2019-07-30,SYMBOL,AMTD,1000,4,"[-0.2,0.0)",34612,-0.005623521328688798,0.034843406910897955,13,recomputed from symbol x 30-minute cell means and counts
2019-07-30,SYMBOL,AMZN,1000,4,"[-0.2,0.0)",25008,-0.010005422023506936,0.19329814459373001,13,recomputed from symbol x 30-minute cell means and counts
2019-07-30,SYMBOL,ATVI,1000,4,"[-0.2,0.0)",33791,-0.02664712068684685,0.04930306886449055,13,recomputed from symbol x 30-minute cell means and counts
2019-07-30,SYMBOL,BYND,1000,4,"[-0.2,0.0)",13988,-0.05881448206405214,0.2271947383471547,13,recomputed from symbol x 30-minute cell means and counts
2019-07-30,SYMBOL,CMCSA,1000,4,"[-0.2,0.0)",32759,-0.02553771851012484,0.013126163802313868,13,recomputed from symbol x 30-minute cell means and counts
2019-07-30,SYMBOL,CRZO,1000,4,"[-0.2,0.0)",49922,-0.039534411709839984,0.010796843075197307,13,recomputed from symbol x 30-minute cell means and counts
2019-07-30,SYMBOL,CSCO,1000,4,"[-0.2,0.0)",38201,-0.027995960232986897,0.017434098583806706,13,recomputed from symbol x 30-minute cell means and counts
2019-07-30,SYMBOL,CSX,1000,4,"[-0.2,0.0)",31750,-0.006518457972158598,0.05631496062992126,13,recomputed from symbol x 30-minute cell means and counts
2019-07-30,SYMBOL,CTSH,1000,4,"[-0.2,0.0)",29789,-0.027865848090978477,0.039645506730672395,13,recomputed from symbol x 30-minute cell means and counts
2019-07-30,SYMBOL,DISCA,1000,4,"[-0.2,0.0)",33275,-0.02683833690445554,0.02503380916604057,13,recomputed from symbol x 30-minute cell means and counts
2019-07-30,SYMBOL,DLTR,1000,4,"[-0.2,0.0)",28017,-0.019886042036787066,0.05343184495127958,13,recomputed from symbol x 30-minute cell means and counts
2019-07-30,SYMBOL,EA,1000,4,"[-0.2,0.0)",27204,-0.01834351562950615,0.10013233348037054,13,recomputed from symbol x 30-minute cell means and counts
2019-07-30,SYMBOL,EBAY,1000,4,"[-0.2,0.0)",27481,-0.047059093620539325,0.014264400858775153,13,recomputed from symbol x 30-minute cell means and counts
2019-07-30,SYMBOL,ETFC,1000,4,"[-0.2,0.0)",35608,-0.008171235288402735,0.053920467310716695,13,recomputed from symbol x 30-minute cell means and counts
2019-07-30,SYMBOL,FB,1000,4,"[-0.2,0.0)",19045,-0.04324639284820436,0.2186400630086637,13,recomputed from symbol x 30-minute cell means and counts
2019-07-30,SYMBOL,FISV,1000,4,"[-0.2,0.0)",28428,0.001457784060177562,0.10443928521176304,13,recomputed from symbol x 30-minute cell means and counts
2019-07-30,SYMBOL,FITB,1000,4,"[-0.2,0.0)",34668,-0.01965811727257959,0.009403484481366102,13,recomputed from symbol x 30-minute cell means and counts
2019-07-30,SYMBOL,GILD,1000,4,"[-0.2,0.0)",34884,-0.003174288830766983,0.06897144822841417,13,recomputed from symbol x 30-minute cell means and counts
2019-07-30,SYMBOL,GOOG,1000,4,"[-0.2,0.0)",11757,-0.014595420132985659,0.1424683167474696,13,recomputed from symbol x 30-minute cell means and counts
2019-07-30,SYMBOL,GOOGL,1000,4,"[-0.2,0.0)",12516,-0.0030567921318897196,0.12416107382550336,13,recomputed from symbol x 30-minute cell means and counts
2019-07-30,SYMBOL,INTC,1000,4,"[-0.2,0.0)",33159,-0.02480445398439231,0.03109261437317169,13,recomputed from symbol x 30-minute cell means and counts
2019-07-30,SYMBOL,KHC,1000,4,"[-0.2,0.0)",36286,0.02196873284645146,0.02290139447720884,13,recomputed from symbol x 30-minute cell means and counts
2019-07-30,SYMBOL,LRCX,1000,4,"[-0.2,0.0)",20705,0.008957143161383782,0.08819125815020526,13,recomputed from symbol x 30-minute cell means and counts
2019-07-30,SYMBOL,MAT,1000,4,"[-0.2,0.0)",27810,-0.07274119228992647,0.013016900395541172,13,recomputed from symbol x 30-minute cell means and counts
2019-07-30,SYMBOL,MCHP,1000,4,"[-0.2,0.0)",23670,-0.02305861582069091,0.07663709336713138,13,recomputed from symbol x 30-minute cell means and counts
2019-07-30,SYMBOL,MDLZ,1000,4,"[-0.2,0.0)",37019,-0.02618620402036434,0.02971447094735136,13,recomputed from symbol x 30-minute cell means and counts
2019-07-30,SYMBOL,MRVL,1000,4,"[-0.2,0.0)",36875,-0.03809180989346262,0.008027118644067797,13,recomputed from symbol x 30-minute cell means and counts
2019-07-30,SYMBOL,MSFT,1000,4,"[-0.2,0.0)",30072,-0.031881229542185884,0.14920856610800745,13,recomputed from symbol x 30-minute cell means and counts
2019-07-30,SYMBOL,MU,1000,4,"[-0.2,0.0)",29994,-0.025388587254035026,0.05071014202840568,13,recomputed from symbol x 30-minute cell means and counts
2019-07-30,SYMBOL,NFLX,1000,4,"[-0.2,0.0)",16069,-0.018787700799489424,0.1735640052274566,13,recomputed from symbol x 30-minute cell means and counts
2019-07-30,SYMBOL,NVDA,1000,4,"[-0.2,0.0)",28859,-0.002827185414685806,0.18753248553310925,13,recomputed from symbol x 30-minute cell means and counts
2019-07-30,SYMBOL,NWL,1000,4,"[-0.2,0.0)",30345,-0.0877022055900751,0.018685121107266434,13,recomputed from symbol x 30-minute cell means and counts
2019-07-30,SYMBOL,NXPI,1000,4,"[-0.2,0.0)",27327,0.0101419247592255,0.08786182164159988,13,recomputed from symbol x 30-minute cell means and counts
2019-07-30,SYMBOL,ON,1000,4,"[-0.2,0.0)",27348,-0.025590735768930107,0.025742284627760712,13,recomputed from symbol x 30-minute cell means and counts
2019-07-30,SYMBOL,PAYX,1000,4,"[-0.2,0.0)",25901,-0.019367229365035883,0.04555808656036447,13,recomputed from symbol x 30-minute cell means and counts
2019-07-30,SYMBOL,PEP,1000,4,"[-0.2,0.0)",22912,-0.033102465136621836,0.10439944134078212,13,recomputed from symbol x 30-minute cell means and counts
2019-07-30,SYMBOL,PTEN,1000,4,"[-0.2,0.0)",38936,0.047501540683685985,0.029047667967947402,13,recomputed from symbol x 30-minute cell means and counts
2019-07-30,SYMBOL,PYPL,1000,4,"[-0.2,0.0)",28124,-0.022600857071263778,0.11299957331816242,13,recomputed from symbol x 30-minute cell means and counts
2019-07-30,SYMBOL,QCOM,1000,4,"[-0.2,0.0)",31717,-0.05733852356857395,0.044171895198158714,13,recomputed from symbol x 30-minute cell means and counts
2019-07-30,SYMBOL,ROKU,1000,4,"[-0.2,0.0)",16150,0.002893746004385107,0.11535603715170278,13,recomputed from symbol x 30-minute cell means and counts
2019-07-30,SYMBOL,ROST,1000,4,"[-0.2,0.0)",24310,-0.009089928055093986,0.0648704236939531,13,recomputed from symbol x 30-minute cell means and counts
2019-07-30,SYMBOL,SBUX,1000,4,"[-0.2,0.0)",34842,-0.01978724923098815,0.05355605303943516,13,recomputed from symbol x 30-minute cell means and counts
2019-07-30,SYMBOL,SSNC,1000,4,"[-0.2,0.0)",23756,0.04801357873342398,0.10919346691362182,13,recomputed from symbol x 30-minute cell means and counts
2019-07-30,SYMBOL,STLD,1000,4,"[-0.2,0.0)",29385,-0.03822211862239218,0.034643525608303555,13,recomputed from symbol x 30-minute cell means and counts
2019-07-30,SYMBOL,TER,1000,4,"[-0.2,0.0)",30755,-0.05998438149230342,0.0480572264672411,13,recomputed from symbol x 30-minute cell means and counts
2019-07-30,SYMBOL,TMUS,1000,4,"[-0.2,0.0)",35795,-0.02754174448754771,0.08121245984075988,13,recomputed from symbol x 30-minute cell means and counts
2019-07-30,SYMBOL,TSLA,1000,4,"[-0.2,0.0)",25533,0.022192964312150915,0.20119061606548388,13,recomputed from symbol x 30-minute cell means and counts
2019-07-30,SYMBOL,TXN,1000,4,"[-0.2,0.0)",22758,-0.04174491675245352,0.10976359961332278,13,recomputed from symbol x 30-minute cell means and counts
2019-07-30,SYMBOL,WBA,1000,4,"[-0.2,0.0)",33274,-0.008052495617616303,0.05012923002945242,13,recomputed from symbol x 30-minute cell means and counts
2019-07-30,SYMBOL,WDC,1000,4,"[-0.2,0.0)",28895,-0.004646863120921159,0.0698390725038934,13,recomputed from symbol x 30-minute cell means and counts
2019-07-30,SYMBOL,XEL,1000,4,"[-0.2,0.0)",33252,-0.006647895900161777,0.06568025983399495,13,recomputed from symbol x 30-minute cell means and counts
2019-07-30,SYMBOL,XLNX,1000,4,"[-0.2,0.0)",22805,-0.012122830511367888,0.10616092962069722,13,recomputed from symbol x 30-minute cell means and counts
2019-07-30,SYMBOL,ZION,1000,4,"[-0.2,0.0)",26584,0.0011372153537660128,0.05544688534456816,13,recomputed from symbol x 30-minute cell means and counts
2019-07-30,SYMBOL,AABA,1000,5,"[0.0,0.2)",30727,0.002678026238043976,0.04943535001789957,13,recomputed from symbol x 30-minute cell means and counts
2019-07-30,SYMBOL,AAL,1000,5,"[0.0,0.2)",38782,0.026277017764903522,0.042700221752359345,13,recomputed from symbol x 30-minute cell means and counts
2019-07-30,SYMBOL,AAPL,1000,5,"[0.0,0.2)",37523,0.01617856011542418,0.2697279002211977,13,recomputed from symbol x 30-minute cell means and counts
2019-07-30,SYMBOL,ADBE,1000,5,"[0.0,0.2)",38859,-0.02490106480671474,0.13669934892817623,13,recomputed from symbol x 30-minute cell means and counts
2019-07-30,SYMBOL,ADI,1000,5,"[0.0,0.2)",69983,0.01134040899306577,0.15858136976122772,13,recomputed from symbol x 30-minute cell means and counts
2019-07-30,SYMBOL,ALXN,1000,5,"[0.0,0.2)",57400,-0.007073145703986962,0.1155226480836237,13,recomputed from symbol x 30-minute cell means and counts
2019-07-30,SYMBOL,AMAT,1000,5,"[0.0,0.2)",38002,0.0038603259496868022,0.06699647386979633,13,recomputed from symbol x 30-minute cell means and counts
2019-07-30,SYMBOL,AMD,1000,5,"[0.0,0.2)",33046,0.03868798581406574,0.04950674816921866,13,recomputed from symbol x 30-minute cell means and counts
2019-07-30,SYMBOL,AMTD,1000,5,"[0.0,0.2)",38095,0.0188188787504262,0.04331277070481691,13,recomputed from symbol x 30-minute cell means and counts
2019-07-30,SYMBOL,AMZN,1000,5,"[0.0,0.2)",38949,0.004532872257247908,0.2305835836606845,13,recomputed from symbol x 30-minute cell means and counts
2019-07-30,SYMBOL,ATVI,1000,5,"[0.0,0.2)",40403,0.04613318152496479,0.07930104200183155,13,recomputed from symbol x 30-minute cell means and counts
2019-07-30,SYMBOL,BYND,1000,5,"[0.0,0.2)",29161,-0.1015709609019119,0.2579129659476698,13,recomputed from symbol x 30-minute cell means and counts
2019-07-30,SYMBOL,CMCSA,1000,5,"[0.0,0.2)",33033,0.014047664033833588,0.023037568492113948,13,recomputed from symbol x 30-minute cell means and counts
2019-07-30,SYMBOL,CRZO,1000,5,"[0.0,0.2)",52975,0.07304783513715887,0.018839075035394053,13,recomputed from symbol x 30-minute cell means and counts
2019-07-30,SYMBOL,CSCO,1000,5,"[0.0,0.2)",40742,0.009958310554096727,0.028054587403662068,13,recomputed from symbol x 30-minute cell means and counts
2019-07-30,SYMBOL,CSX,1000,5,"[0.0,0.2)",41359,0.038560111383055665,0.07773398776566165,13,recomputed from symbol x 30-minute cell means and counts
2019-07-30,SYMBOL,CTSH,1000,5,"[0.0,0.2)",48215,-0.0009631365052424664,0.0661205019184901,13,recomputed from symbol x 30-minute cell means and counts
2019-07-30,SYMBOL,DISCA,1000,5,"[0.0,0.2)",39792,0.022013950318541448,0.030684559710494573,13,recomputed from symbol x 30-minute cell means and counts
2019-07-30,SYMBOL,DLTR,1000,5,"[0.0,0.2)",48358,0.00132275052429345,0.07543736300095123,13,recomputed from symbol x 30-minute cell means and counts
2019-07-30,SYMBOL,EA,1000,5,"[0.0,0.2)",47352,-0.010223359346621382,0.12301486737624599,13,recomputed from symbol x 30-minute cell means and counts
2019-07-30,SYMBOL,EBAY,1000,5,"[0.0,0.2)",41514,-0.00794211160805251,0.022763405116346294,13,recomputed from symbol x 30-minute cell means and counts
2019-07-30,SYMBOL,ETFC,1000,5,"[0.0,0.2)",40634,0.029511331696324198,0.06634837820544372,13,recomputed from symbol x 30-minute cell means and counts
2019-07-30,SYMBOL,FB,1000,5,"[0.0,0.2)",36564,0.018471971983142006,0.26063887977245376,13,recomputed from symbol x 30-minute cell means and counts
2019-07-30,SYMBOL,FISV,1000,5,"[0.0,0.2)",44470,0.028745066978193172,0.12001349224196087,13,recomputed from symbol x 30-minute cell means and counts
2019-07-30,SYMBOL,FITB,1000,5,"[0.0,0.2)",45989,0.006598919355933318,0.013459740372697818,13,recomputed from symbol x 30-minute cell means and counts
2019-07-30,SYMBOL,GILD,1000,5,"[0.0,0.2)",33245,0.01967421013316744,0.09839073544893968,13,recomputed from symbol x 30-minute cell means and counts
2019-07-30,SYMBOL,GOOG,1000,5,"[0.0,0.2)",36372,-0.010717036137204745,0.1640547674034972,13,recomputed from symbol x 30-minute cell means and counts
2019-07-30,SYMBOL,GOOGL,1000,5,"[0.0,0.2)",32386,0.012312314329595377,0.18214660655838943,13,recomputed from symbol x 30-minute cell means and counts
2019-07-30,SYMBOL,INTC,1000,5,"[0.0,0.2)",32512,0.034880970733049584,0.04690575787401575,13,recomputed from symbol x 30-minute cell means and counts
2019-07-30,SYMBOL,KHC,1000,5,"[0.0,0.2)",34081,0.0520982633562268,0.03218802265191749,13,recomputed from symbol x 30-minute cell means and counts
2019-07-30,SYMBOL,LRCX,1000,5,"[0.0,0.2)",44657,0.008614439959969937,0.12902792395369148,13,recomputed from symbol x 30-minute cell means and counts
2019-07-30,SYMBOL,MAT,1000,5,"[0.0,0.2)",37721,0.0075982334233237955,0.01757641631982185,13,recomputed from symbol x 30-minute cell means and counts
2019-07-30,SYMBOL,MCHP,1000,5,"[0.0,0.2)",52366,6.545453003664562e-05,0.10531642668907307,13,recomputed from symbol x 30-minute cell means and counts
2019-07-30,SYMBOL,MDLZ,1000,5,"[0.0,0.2)",44768,0.023849576735620076,0.036030200142959254,13,recomputed from symbol x 30-minute cell means and counts
2019-07-30,SYMBOL,MRVL,1000,5,"[0.0,0.2)",40291,0.0007773357789102414,0.01851530118388722,13,recomputed from symbol x 30-minute cell means and counts
2019-07-30,SYMBOL,MSFT,1000,5,"[0.0,0.2)",34493,0.008711900510747321,0.1799785463717276,13,recomputed from symbol x 30-minute cell means and counts
2019-07-30,SYMBOL,MU,1000,5,"[0.0,0.2)",28490,0.03196781010492177,0.07342927342927343,13,recomputed from symbol x 30-minute cell means and counts
2019-07-30,SYMBOL,NFLX,1000,5,"[0.0,0.2)",51906,0.008812792587143852,0.18629830848071513,13,recomputed from symbol x 30-minute cell means and counts
2019-07-30,SYMBOL,NVDA,1000,5,"[0.0,0.2)",48381,0.017862798043151475,0.21206672040677124,13,recomputed from symbol x 30-minute cell means and counts
2019-07-30,SYMBOL,NWL,1000,5,"[0.0,0.2)",38749,0.007573804103708866,0.025110325427752975,13,recomputed from symbol x 30-minute cell means and counts
2019-07-30,SYMBOL,NXPI,1000,5,"[0.0,0.2)",43725,0.014463385533713968,0.11807890222984563,13,recomputed from symbol x 30-minute cell means and counts
2019-07-30,SYMBOL,ON,1000,5,"[0.0,0.2)",31398,0.022638291270499458,0.03433339703165807,13,recomputed from symbol x 30-minute cell means and counts
2019-07-30,SYMBOL,PAYX,1000,5,"[0.0,0.2)",35852,0.010580896948858335,0.06892223585852951,13,recomputed from symbol x 30-minute cell means and counts
2019-07-30,SYMBOL,PEP,1000,5,"[0.0,0.2)",46291,-0.002904435049261458,0.1460327061415826,13,recomputed from symbol x 30-minute cell means and counts
2019-07-30,SYMBOL,PTEN,1000,5,"[0.0,0.2)",43587,0.12881472814894565,0.03354211117993897,13,recomputed from symbol x 30-minute cell means and counts
2019-07-30,SYMBOL,PYPL,1000,5,"[0.0,0.2)",46029,0.009286070897397953,0.16361424319450782,13,recomputed from symbol x 30-minute cell means and counts
2019-07-30,SYMBOL,QCOM,1000,5,"[0.0,0.2)",38632,-0.013489253170978063,0.07356595568440671,13,recomputed from symbol x 30-minute cell means and counts
2019-07-30,SYMBOL,ROKU,1000,5,"[0.0,0.2)",41849,0.061037446679076304,0.15453176897894813,13,recomputed from symbol x 30-minute cell means and counts
2019-07-30,SYMBOL,ROST,1000,5,"[0.0,0.2)",41196,0.024305631955053773,0.09699970870958345,13,recomputed from symbol x 30-minute cell means and counts
2019-07-30,SYMBOL,SBUX,1000,5,"[0.0,0.2)",44311,0.005313278118911016,0.0788066168671436,13,recomputed from symbol x 30-minute cell means and counts
2019-07-30,SYMBOL,SSNC,1000,5,"[0.0,0.2)",42869,0.04448764743780238,0.15785299400499195,13,recomputed from symbol x 30-minute cell means and counts
2019-07-30,SYMBOL,STLD,1000,5,"[0.0,0.2)",44067,0.01291039155740249,0.047927020219211657,13,recomputed from symbol x 30-minute cell means and counts
2019-07-30,SYMBOL,TER,1000,5,"[0.0,0.2)",51235,0.006551972913709491,0.06727822777398262,13,recomputed from symbol x 30-minute cell means and counts
2019-07-30,SYMBOL,TMUS,1000,5,"[0.0,0.2)",42340,-0.007407610081083435,0.10533774208786018,13,recomputed from symbol x 30-minute cell means and counts
2019-07-30,SYMBOL,TSLA,1000,5,"[0.0,0.2)",35730,0.022126300419841597,0.2253288553036664,13,recomputed from symbol x 30-minute cell means and counts
2019-07-30,SYMBOL,TXN,1000,5,"[0.0,0.2)",55956,0.020454125399372747,0.159982843662878,13,recomputed from symbol x 30-minute cell means and counts
2019-07-30,SYMBOL,WBA,1000,5,"[0.0,0.2)",35794,0.02087186824351561,0.07059842431692462,13,recomputed from symbol x 30-minute cell means and counts
2019-07-30,SYMBOL,WDC,1000,5,"[0.0,0.2)",42777,-0.002828440737651291,0.09196530846015383,13,recomputed from symbol x 30-minute cell means and counts
2019-07-30,SYMBOL,XEL,1000,5,"[0.0,0.2)",36684,0.040169848024149704,0.08180678224839166,13,recomputed from symbol x 30-minute cell means and counts
2019-07-30,SYMBOL,XLNX,1000,5,"[0.0,0.2)",59475,-0.00016357636942789303,0.13708280790248004,13,recomputed from symbol x 30-minute cell means and counts
2019-07-30,SYMBOL,ZION,1000,5,"[0.0,0.2)",37731,0.012562479513707767,0.08796480347724682,13,recomputed from symbol x 30-minute cell means and counts
2019-07-30,SYMBOL,AABA,1000,6,"[0.2,0.4)",31552,0.012870027558995188,0.0483329107505071,13,recomputed from symbol x 30-minute cell means and counts
2019-07-30,SYMBOL,AAL,1000,6,"[0.2,0.4)",36231,0.10290812781413074,0.05398691728078165,13,recomputed from symbol x 30-minute cell means and counts
2019-07-30,SYMBOL,AAPL,1000,6,"[0.2,0.4)",25620,0.028770386361917605,0.28204527712724436,13,recomputed from symbol x 30-minute cell means and counts
2019-07-30,SYMBOL,ADBE,1000,6,"[0.2,0.4)",27523,0.012962574051597049,0.14620499218835156,13,recomputed from symbol x 30-minute cell means and counts
2019-07-30,SYMBOL,ADI,1000,6,"[0.2,0.4)",38500,0.055841207406737585,0.17122077922077922,13,recomputed from symbol x 30-minute cell means and counts
2019-07-30,SYMBOL,ALXN,1000,6,"[0.2,0.4)",37537,0.02378467111365601,0.12664837360471,13,recomputed from symbol x 30-minute cell means and counts
2019-07-30,SYMBOL,AMAT,1000,6,"[0.2,0.4)",39323,0.06948415593346947,0.07835109223609592,13,recomputed from symbol x 30-minute cell means and counts
2019-07-30,SYMBOL,AMD,1000,6,"[0.2,0.4)",30399,0.11048869034691765,0.06615349189118062,13,recomputed from symbol x 30-minute cell means and counts
2019-07-30,SYMBOL,AMTD,1000,6,"[0.2,0.4)",30274,0.05246070941877293,0.057078681376758936,13,recomputed from symbol x 30-minute cell means and counts
2019-07-30,SYMBOL,AMZN,1000,6,"[0.2,0.4)",14536,0.019253984702716186,0.21814804623004952,13,recomputed from symbol x 30-minute cell means and counts
2019-07-30,SYMBOL,ATVI,1000,6,"[0.2,0.4)",33254,0.09016729180163412,0.0887111324953389,13,recomputed from symbol x 30-minute cell means and counts
2019-07-30,SYMBOL,BYND,1000,6,"[0.2,0.4)",23751,0.02023708015651453,0.2557366005641868,13,recomputed from symbol x 30-minute cell means and counts
2019-07-30,SYMBOL,CMCSA,1000,6,"[0.2,0.4)",32342,0.05067493061019438,0.032001731494650916,13,recomputed from symbol x 30-minute cell means and counts
2019-07-30,SYMBOL,CRZO,1000,6,"[0.2,0.4)",40051,0.22031837972802099,0.029062944745449553,13,recomputed from symbol x 30-minute cell means and counts
2019-07-30,SYMBOL,CSCO,1000,6,"[0.2,0.4)",37764,0.03933948375653216,0.040911979663171276,13,recomputed from symbol x 30-minute cell means and counts
2019-07-30,SYMBOL,CSX,1000,6,"[0.2,0.4)",33964,0.06589359318447709,0.0935402190554705,13,recomputed from symbol x 30-minute cell means and counts
2019-07-30,SYMBOL,CTSH,1000,6,"[0.2,0.4)",38863,0.05350039111289706,0.0867663330159792,13,recomputed from symbol x 30-minute cell means and counts
2019-07-30,SYMBOL,DISCA,1000,6,"[0.2,0.4)",33412,0.06622587786054206,0.036453968634023705,13,recomputed from symbol x 30-minute cell means and counts
2019-07-30,SYMBOL,DLTR,1000,6,"[0.2,0.4)",36617,-0.001658262078133143,0.0841685555889341,13,recomputed from symbol x 30-minute cell means and counts
2019-07-30,SYMBOL,EA,1000,6,"[0.2,0.4)",39227,0.03327559681778933,0.13314808677696485,13,recomputed from symbol x 30-minute cell means and counts
2019-07-30,SYMBOL,EBAY,1000,6,"[0.2,0.4)",45993,0.02326979633621011,0.025329941512838912,13,recomputed from symbol x 30-minute cell means and counts
2019-07-30,SYMBOL,ETFC,1000,6,"[0.2,0.4)",33872,0.08040335471400913,0.08236891828058573,13,recomputed from symbol x 30-minute cell means and counts
2019-07-30,SYMBOL,FB,1000,6,"[0.2,0.4)",28772,0.01816264281418896,0.24141526484081746,13,recomputed from symbol x 30-minute cell means and counts
2019-07-30,SYMBOL,FISV,1000,6,"[0.2,0.4)",33642,0.051471879763478764,0.12371440461328102,13,recomputed from symbol x 30-minute cell means and counts
2019-07-30,SYMBOL,FITB,1000,6,"[0.2,0.4)",42034,0.03371953329815592,0.018056811152876242,13,recomputed from symbol x 30-minute cell means and counts
2019-07-30,SYMBOL,GILD,1000,6,"[0.2,0.4)",27549,0.06960299599949143,0.11339794547896476,13,recomputed from symbol x 30-minute cell means and counts
2019-07-30,SYMBOL,GOOG,1000,6,"[0.2,0.4)",24269,-0.00113506865489615,0.14932630104248218,13,recomputed from symbol x 30-minute cell means and counts
2019-07-30,SYMBOL,GOOGL,1000,6,"[0.2,0.4)",16749,0.006680675166552796,0.15421816227834498,13,recomputed from symbol x 30-minute cell means and counts
2019-07-30,SYMBOL,INTC,1000,6,"[0.2,0.4)",28659,0.06988462679608842,0.060330088279423565,13,recomputed from symbol x 30-minute cell means and counts
2019-07-30,SYMBOL,KHC,1000,6,"[0.2,0.4)",27847,0.07353088435533552,0.034833195676374475,13,recomputed from symbol x 30-minute cell means and counts
2019-07-30,SYMBOL,LRCX,1000,6,"[0.2,0.4)",16438,0.03619655954520884,0.10962404185424017,13,recomputed from symbol x 30-minute cell means and counts
2019-07-30,SYMBOL,MAT,1000,6,"[0.2,0.4)",35871,0.051696106892440835,0.01934710490368264,13,recomputed from symbol x 30-minute cell means and counts
2019-07-30,SYMBOL,MCHP,1000,6,"[0.2,0.4)",44526,0.05008723513807927,0.11617931096438036,13,recomputed from symbol x 30-minute cell means and counts
2019-07-30,SYMBOL,MDLZ,1000,6,"[0.2,0.4)",43062,0.06698529114100224,0.04758255538525846,13,recomputed from symbol x 30-minute cell means and counts
2019-07-30,SYMBOL,MRVL,1000,6,"[0.2,0.4)",34824,0.05969652671143567,0.025499655410062026,13,recomputed from symbol x 30-minute cell means and counts
2019-07-30,SYMBOL,MSFT,1000,6,"[0.2,0.4)",30359,0.05517725511369837,0.21150235515003787,13,recomputed from symbol x 30-minute cell means and counts
2019-07-30,SYMBOL,MU,1000,6,"[0.2,0.4)",27643,0.11893123508392374,0.0955395579351011,13,recomputed from symbol x 30-minute cell means and counts
2019-07-30,SYMBOL,NFLX,1000,6,"[0.2,0.4)",28225,0.04215487354671776,0.1883436669619132,13,recomputed from symbol x 30-minute cell means and counts
2019-07-30,SYMBOL,NVDA,1000,6,"[0.2,0.4)",34826,0.06543970833279691,0.24214667202664675,13,recomputed from symbol x 30-minute cell means and counts
2019-07-30,SYMBOL,NWL,1000,6,"[0.2,0.4)",37989,0.08849725965143251,0.031245886967280003,13,recomputed from symbol x 30-minute cell means and counts
2019-07-30,SYMBOL,NXPI,1000,6,"[0.2,0.4)",37112,0.014289247567899321,0.10974886829057987,13,recomputed from symbol x 30-minute cell means and counts
2019-07-30,SYMBOL,ON,1000,6,"[0.2,0.4)",33177,0.07383514401364881,0.03390903336648883,13,recomputed from symbol x 30-minute cell means and counts
2019-07-30,SYMBOL,PAYX,1000,6,"[0.2,0.4)",27959,0.04617306871805423,0.08065381451410995,13,recomputed from symbol x 30-minute cell means and counts
2019-07-30,SYMBOL,PEP,1000,6,"[0.2,0.4)",42699,0.027253439476452108,0.15855172252277572,13,recomputed from symbol x 30-minute cell means and counts
2019-07-30,SYMBOL,PTEN,1000,6,"[0.2,0.4)",30821,0.31651180885314695,0.052950910093767234,13,recomputed from symbol x 30-minute cell means and counts
2019-07-30,SYMBOL,PYPL,1000,6,"[0.2,0.4)",39515,0.024965380136535,0.1667214981652537,13,recomputed from symbol x 30-minute cell means and counts
2019-07-30,SYMBOL,QCOM,1000,6,"[0.2,0.4)",39775,0.025744070561706908,0.07969830295411691,13,recomputed from symbol x 30-minute cell means and counts
2019-07-30,SYMBOL,ROKU,1000,6,"[0.2,0.4)",26369,0.033760521506516344,0.13493116917592626,13,recomputed from symbol x 30-minute cell means and counts
2019-07-30,SYMBOL,ROST,1000,6,"[0.2,0.4)",33567,0.013264283696345172,0.08436857628027528,13,recomputed from symbol x 30-minute cell means and counts
2019-07-30,SYMBOL,SBUX,1000,6,"[0.2,0.4)",37648,0.03878253717980788,0.08882277943051424,13,recomputed from symbol x 30-minute cell means and counts
2019-07-30,SYMBOL,SSNC,1000,6,"[0.2,0.4)",32248,0.060560224860115516,0.14664475316298686,13,recomputed from symbol x 30-minute cell means and counts
2019-07-30,SYMBOL,STLD,1000,6,"[0.2,0.4)",41184,0.06325857827863957,0.054098679098679096,13,recomputed from symbol x 30-minute cell means and counts
2019-07-30,SYMBOL,TER,1000,6,"[0.2,0.4)",42375,0.06893141711356014,0.0919646017699115,13,recomputed from symbol x 30-minute cell means and counts
2019-07-30,SYMBOL,TMUS,1000,6,"[0.2,0.4)",34494,0.05695678998458114,0.1277903403490462,13,recomputed from symbol x 30-minute cell means and counts
2019-07-30,SYMBOL,TSLA,1000,6,"[0.2,0.4)",25350,0.05605708733877016,0.25242603550295856,13,recomputed from symbol x 30-minute cell means and counts
2019-07-30,SYMBOL,TXN,1000,6,"[0.2,0.4)",33569,0.041574476569142566,0.17259971997974322,13,recomputed from symbol x 30-minute cell means and counts
2019-07-30,SYMBOL,WBA,1000,6,"[0.2,0.4)",33136,0.04495261936933737,0.07547682279092226,13,recomputed from symbol x 30-minute cell means and counts
2019-07-30,SYMBOL,WDC,1000,6,"[0.2,0.4)",40897,0.08539435946685159,0.10739174022544441,13,recomputed from symbol x 30-minute cell means and counts
2019-07-30,SYMBOL,XEL,1000,6,"[0.2,0.4)",31105,0.10279939432578002,0.09850506349461502,13,recomputed from symbol x 30-minute cell means and counts
2019-07-30,SYMBOL,XLNX,1000,6,"[0.2,0.4)",28885,0.07340571748791463,0.15215509780162714,13,recomputed from symbol x 30-minute cell means and counts
2019-07-30,SYMBOL,ZION,1000,6,"[0.2,0.4)",31527,0.11684392342298375,0.10619469026548672,13,recomputed from symbol x 30-minute cell means and counts
2019-07-30,SYMBOL,AABA,1000,7,"[0.4,0.6)",27270,0.04546630839572357,0.05925925925925926,13,recomputed from symbol x 30-minute cell means and counts
2019-07-30,SYMBOL,AAL,1000,7,"[0.4,0.6)",25393,0.13926301615895337,0.06659315559406136,13,recomputed from symbol x 30-minute cell means and counts
2019-07-30,SYMBOL,AAPL,1000,7,"[0.4,0.6)",22602,0.05222062886805569,0.30479603574904873,13,recomputed from symbol x 30-minute cell means and counts
2019-07-30,SYMBOL,ADBE,1000,7,"[0.4,0.6)",17303,0.034935915461683634,0.1491070912558516,13,recomputed from symbol x 30-minute cell means and counts
2019-07-30,SYMBOL,ADI,1000,7,"[0.4,0.6)",16876,0.06994554827276296,0.1642569329224935,13,recomputed from symbol x 30-minute cell means and counts
2019-07-30,SYMBOL,ALXN,1000,7,"[0.4,0.6)",16272,0.08845283350776313,0.14958210422812193,13,recomputed from symbol x 30-minute cell means and counts
2019-07-30,SYMBOL,AMAT,1000,7,"[0.4,0.6)",34208,0.07398101625227002,0.07784728718428438,13,recomputed from symbol x 30-minute cell means and counts
2019-07-30,SYMBOL,AMD,1000,7,"[0.4,0.6)",24305,0.21112191788921186,0.09475416580950421,13,recomputed from symbol x 30-minute cell means and counts
2019-07-30,SYMBOL,AMTD,1000,7,"[0.4,0.6)",22649,0.10483159581642972,0.07059914345004195,13,recomputed from symbol x 30-minute cell means and counts
2019-07-30,SYMBOL,AMZN,1000,7,"[0.4,0.6)",12397,0.01776726572826412,0.2432846656449141,13,recomputed from symbol x 30-minute cell means and counts
2019-07-30,SYMBOL,ATVI,1000,7,"[0.4,0.6)",22860,0.1366173577329514,0.11054243219597551,13,recomputed from symbol x 30-minute cell means and counts
2019-07-30,SYMBOL,BYND,1000,7,"[0.4,0.6)",17278,0.17283998403212222,0.28313462206273876,13,recomputed from symbol x 30-minute cell means and counts
2019-07-30,SYMBOL,CMCSA,1000,7,"[0.4,0.6)",30073,0.08885683358672912,0.046387124663319255,13,recomputed from symbol x 30-minute cell means and counts
2019-07-30,SYMBOL,CRZO,1000,7,"[0.4,0.6)",18223,0.5220463615161675,0.0576743675574823,13,recomputed from symbol x 30-minute cell means and counts
2019-07-30,SYMBOL,CSCO,1000,7,"[0.4,0.6)",26904,0.09376355571439143,0.06411685994647635,13,recomputed from symbol x 30-minute cell means and counts
2019-07-30,SYMBOL,CSX,1000,7,"[0.4,0.6)",20608,0.10872562156457986,0.11063664596273291,13,recomputed from symbol x 30-minute cell means and counts
2019-07-30,SYMBOL,CTSH,1000,7,"[0.4,0.6)",25706,0.06431246705345724,0.09593091107134522,13,recomputed from symbol x 30-minute cell means and counts
2019-07-30,SYMBOL,DISCA,1000,7,"[0.4,0.6)",26888,0.06014642210738782,0.04053853019934543,13,recomputed from symbol x 30-minute cell means and counts
2019-07-30,SYMBOL,DLTR,1000,7,"[0.4,0.6)",20671,0.014597285939176429,0.08267621305210197,13,recomputed from symbol x 30-minute cell means and counts
2019-07-30,SYMBOL,EA,1000,7,"[0.4,0.6)",24195,0.10118535428432474,0.15519735482537714,13,recomputed from symbol x 30-minute cell means and counts
2019-07-30,SYMBOL,EBAY,1000,7,"[0.4,0.6)",38391,0.062105070827050204,0.037196217863561774,13,recomputed from symbol x 30-minute cell means and counts
2019-07-30,SYMBOL,ETFC,1000,7,"[0.4,0.6)",18615,0.13251337946149697,0.09691109320440505,13,recomputed from symbol x 30-minute cell means and counts
2019-07-30,SYMBOL,FB,1000,7,"[0.4,0.6)",21852,0.016758633211170517,0.2384678747940692,13,recomputed from symbol x 30-minute cell means and counts
2019-07-30,SYMBOL,FISV,1000,7,"[0.4,0.6)",19487,0.07728895222925997,0.12095242982501155,13,recomputed from symbol x 30-minute cell means and counts
2019-07-30,SYMBOL,FITB,1000,7,"[0.4,0.6)",28802,0.08705859814706043,0.03340045830150684,13,recomputed from symbol x 30-minute cell means and counts
2019-07-30,SYMBOL,GILD,1000,7,"[0.4,0.6)",16669,0.11463065826511674,0.13246145539624452,13,recomputed from symbol x 30-minute cell means and counts
2019-07-30,SYMBOL,GOOG,1000,7,"[0.4,0.6)",13970,0.0019428168084144421,0.1589835361488905,13,recomputed from symbol x 30-minute cell means and counts
2019-07-30,SYMBOL,GOOGL,1000,7,"[0.4,0.6)",11919,0.016124431990891537,0.17484688312777918,13,recomputed from symbol x 30-minute cell means and counts
2019-07-30,SYMBOL,INTC,1000,7,"[0.4,0.6)",24119,0.11447765545305504,0.08242464447116381,13,recomputed from symbol x 30-minute cell means and counts
2019-07-30,SYMBOL,KHC,1000,7,"[0.4,0.6)",23977,0.1062489983565854,0.0408725028151979,13,recomputed from symbol x 30-minute cell means and counts
2019-07-30,SYMBOL,LRCX,1000,7,"[0.4,0.6)",8201,0.08107504290773322,0.13217900256066334,13,recomputed from symbol x 30-minute cell means and counts
2019-07-30,SYMBOL,MAT,1000,7,"[0.4,0.6)",31937,0.07587734628015587,0.023702915114130946,13,recomputed from symbol x 30-minute cell means and counts
2019-07-30,SYMBOL,MCHP,1000,7,"[0.4,0.6)",25124,0.060304189049558,0.12040280210157618,13,recomputed from symbol x 30-minute cell means and counts
2019-07-30,SYMBOL,MDLZ,1000,7,"[0.4,0.6)",23350,0.13366120534739606,0.0795289079229122,13,recomputed from symbol x 30-minute cell means and counts
2019-07-30,SYMBOL,MRVL,1000,7,"[0.4,0.6)",23656,0.15606045678111802,0.048359824146094015,13,recomputed from symbol x 30-minute cell means and counts
2019-07-30,SYMBOL,MSFT,1000,7,"[0.4,0.6)",25396,0.0998212062626265,0.23511576626240352,13,recomputed from symbol x 30-minute cell means and counts
2019-07-30,SYMBOL,MU,1000,7,"[0.4,0.6)",23435,0.21053504656951819,0.13142735225090676,13,recomputed from symbol x 30-minute cell means and counts
2019-07-30,SYMBOL,NFLX,1000,7,"[0.4,0.6)",12960,0.018053038077957835,0.19614197530864197,13,recomputed from symbol x 30-minute cell means and counts
2019-07-30,SYMBOL,NVDA,1000,7,"[0.4,0.6)",19704,0.09473767065470702,0.24629516849370686,13,recomputed from symbol x 30-minute cell means and counts
2019-07-30,SYMBOL,NWL,1000,7,"[0.4,0.6)",26890,0.2435654592673634,0.0480104127928598,13,recomputed from symbol x 30-minute cell means and counts
2019-07-30,SYMBOL,NXPI,1000,7,"[0.4,0.6)",23043,0.08175274373026858,0.13049516122032723,13,recomputed from symbol x 30-minute cell means and counts
2019-07-30,SYMBOL,ON,1000,7,"[0.4,0.6)",30035,0.11887651358227057,0.04015315465290494,13,recomputed from symbol x 30-minute cell means and counts
2019-07-30,SYMBOL,PAYX,1000,7,"[0.4,0.6)",22200,0.06319387852340132,0.09495495495495496,13,recomputed from symbol x 30-minute cell means and counts
2019-07-30,SYMBOL,PEP,1000,7,"[0.4,0.6)",26223,0.07174144030135551,0.1760286771155093,13,recomputed from symbol x 30-minute cell means and counts
2019-07-30,SYMBOL,PTEN,1000,7,"[0.4,0.6)",22408,0.49471647781544353,0.07180471260264192,13,recomputed from symbol x 30-minute cell means and counts
2019-07-30,SYMBOL,PYPL,1000,7,"[0.4,0.6)",25343,0.06209879069232726,0.16683107761512056,13,recomputed from symbol x 30-minute cell means and counts
2019-07-30,SYMBOL,QCOM,1000,7,"[0.4,0.6)",36348,0.06841651283108625,0.09956531308462639,13,recomputed from symbol x 30-minute cell means and counts
2019-07-30,SYMBOL,ROKU,1000,7,"[0.4,0.6)",14136,0.04870135095297245,0.13065930956423316,13,recomputed from symbol x 30-minute cell means and counts
2019-07-30,SYMBOL,ROST,1000,7,"[0.4,0.6)",24725,0.03840028619621593,0.09585439838220425,13,recomputed from symbol x 30-minute cell means and counts
2019-07-30,SYMBOL,SBUX,1000,7,"[0.4,0.6)",23763,0.04205113929294152,0.09565290577789,13,recomputed from symbol x 30-minute cell means and counts
2019-07-30,SYMBOL,SSNC,1000,7,"[0.4,0.6)",22537,0.1215500445709088,0.13471180725029952,13,recomputed from symbol x 30-minute cell means and counts
2019-07-30,SYMBOL,STLD,1000,7,"[0.4,0.6)",27358,0.08921978994632065,0.06093281672636889,13,recomputed from symbol x 30-minute cell means and counts
2019-07-30,SYMBOL,TER,1000,7,"[0.4,0.6)",23904,0.09783993065706298,0.0997322623828648,13,recomputed from symbol x 30-minute cell means and counts
2019-07-30,SYMBOL,TMUS,1000,7,"[0.4,0.6)",21431,0.08454530112336539,0.13634454761793663,13,recomputed from symbol x 30-minute cell means and counts
2019-07-30,SYMBOL,TSLA,1000,7,"[0.4,0.6)",18381,0.09255219799790249,0.2595070997225396,13,recomputed from symbol x 30-minute cell means and counts
2019-07-30,SYMBOL,TXN,1000,7,"[0.4,0.6)",15554,0.0866364066381143,0.1913977111996914,13,recomputed from symbol x 30-minute cell means and counts
2019-07-30,SYMBOL,WBA,1000,7,"[0.4,0.6)",21614,0.09302777244963742,0.0882761173313593,13,recomputed from symbol x 30-minute cell means and counts
2019-07-30,SYMBOL,WDC,1000,7,"[0.4,0.6)",27257,0.15672213651509664,0.11619033642733977,13,recomputed from symbol x 30-minute cell means and counts
2019-07-30,SYMBOL,XEL,1000,7,"[0.4,0.6)",21854,0.15159060286124976,0.12226594673743937,13,recomputed from symbol x 30-minute cell means and counts
2019-07-30,SYMBOL,XLNX,1000,7,"[0.4,0.6)",12336,0.10052135169757324,0.16601815823605706,13,recomputed from symbol x 30-minute cell means and counts
2019-07-30,SYMBOL,ZION,1000,7,"[0.4,0.6)",24603,0.12041008875088319,0.10189814250294679,13,recomputed from symbol x 30-minute cell means and counts
2019-07-30,SYMBOL,AABA,1000,8,"[0.6,0.8)",28654,0.06070167383728618,0.0720667271585119,13,recomputed from symbol x 30-minute cell means and counts
2019-07-30,SYMBOL,AAL,1000,8,"[0.6,0.8)",16696,0.2739457332693794,0.09930522280785817,13,recomputed from symbol x 30-minute cell means and counts
2019-07-30,SYMBOL,AAPL,1000,8,"[0.6,0.8)",16520,0.06910976618257764,0.3535714285714286,13,recomputed from symbol x 30-minute cell means and counts
2019-07-30,SYMBOL,ADBE,1000,8,"[0.6,0.8)",13372,0.08854387423751812,0.18561172599461562,13,recomputed from symbol x 30-minute cell means and counts
2019-07-30,SYMBOL,ADI,1000,8,"[0.6,0.8)",8086,0.07234585448093353,0.18686618847390551,13,recomputed from symbol x 30-minute cell means and counts
2019-07-30,SYMBOL,ALXN,1000,8,"[0.6,0.8)",9752,0.14373954706706896,0.18303937653814603,13,recomputed from symbol x 30-minute cell means and counts
2019-07-30,SYMBOL,AMAT,1000,8,"[0.6,0.8)",25563,0.155972271941989,0.1051519774674334,13,recomputed from symbol x 30-minute cell means and counts
2019-07-30,SYMBOL,AMD,1000,8,"[0.6,0.8)",18909,0.362213916790921,0.13818816436617484,13,recomputed from symbol x 30-minute cell means and counts
2019-07-30,SYMBOL,AMTD,1000,8,"[0.6,0.8)",18285,0.14821164125883746,0.09614438063986874,13,recomputed from symbol x 30-minute cell means and counts
2019-07-30,SYMBOL,AMZN,1000,8,"[0.6,0.8)",10176,0.040314190109654285,0.24272798742138366,13,recomputed from symbol x 30-minute cell means and counts
2019-07-30,SYMBOL,ATVI,1000,8,"[0.6,0.8)",14935,0.23217250740484208,0.1519919651824573,13,recomputed from symbol x 30-minute cell means and counts
2019-07-30,SYMBOL,BYND,1000,8,"[0.6,0.8)",23351,0.22531434353168994,0.284184831484733,13,recomputed from symbol x 30-minute cell means and counts
2019-07-30,SYMBOL,CMCSA,1000,8,"[0.6,0.8)",18550,0.1596759877564772,0.07671159029649596,13,recomputed from symbol x 30-minute cell means and counts
2019-07-30,SYMBOL,CRZO,1000,8,"[0.6,0.8)",7605,0.9847191287058894,0.10979618671926364,13,recomputed from symbol x 30-minute cell means and counts
2019-07-30,SYMBOL,CSCO,1000,8,"[0.6,0.8)",16043,0.20175685061411555,0.11836938228510877,13,recomputed from symbol x 30-minute cell means and counts
2019-07-30,SYMBOL,CSX,1000,8,"[0.6,0.8)",15968,0.13799649935760694,0.1289453907815631,13,recomputed from symbol x 30-minute cell means and counts
2019-07-30,SYMBOL,CTSH,1000,8,"[0.6,0.8)",18112,0.11968919768758356,0.12058303886925795,13,recomputed from symbol x 30-minute cell means and counts
2019-07-30,SYMBOL,DISCA,1000,8,"[0.6,0.8)",17526,0.15368992187491728,0.06299212598425197,13,recomputed from symbol x 30-minute cell means and counts
2019-07-30,SYMBOL,DLTR,1000,8,"[0.6,0.8)",11823,0.06746568848596131,0.11849784318700837,13,recomputed from symbol x 30-minute cell means and counts
2019-07-30,SYMBOL,EA,1000,8,"[0.6,0.8)",15587,0.1422031946757992,0.17572335920959775,13,recomputed from symbol x 30-minute cell means and counts
2019-07-30,SYMBOL,EBAY,1000,8,"[0.6,0.8)",23147,0.13888088120658976,0.06575366138160453,13,recomputed from symbol x 30-minute cell means and counts
2019-07-30,SYMBOL,ETFC,1000,8,"[0.6,0.8)",13422,0.20276749286827822,0.14185665325584862,13,recomputed from symbol x 30-minute cell means and counts
2019-07-30,SYMBOL,FB,1000,8,"[0.6,0.8)",24199,0.008007335663580728,0.26286210173974134,13,recomputed from symbol x 30-minute cell means and counts
2019-07-30,SYMBOL,FISV,1000,8,"[0.6,0.8)",13337,0.07816992397428837,0.13796206043338083,13,recomputed from symbol x 30-minute cell means and counts
2019-07-30,SYMBOL,FITB,1000,8,"[0.6,0.8)",22303,0.16064462991315184,0.05044164462179976,13,recomputed from symbol x 30-minute cell means and counts
2019-07-30,SYMBOL,GILD,1000,8,"[0.6,0.8)",11153,0.18732829261422532,0.1567291311754685,13,recomputed from symbol x 30-minute cell means and counts
2019-07-30,SYMBOL,GOOG,1000,8,"[0.6,0.8)",12513,0.01729729034088169,0.1953967873411652,13,recomputed from symbol x 30-minute cell means and counts
2019-07-30,SYMBOL,GOOGL,1000,8,"[0.6,0.8)",13009,-0.031281459585458755,0.17664693673610576,13,recomputed from symbol x 30-minute cell means and counts
2019-07-30,SYMBOL,INTC,1000,8,"[0.6,0.8)",17558,0.1764881749341341,0.1108896229638911,13,recomputed from symbol x 30-minute cell means and counts
2019-07-30,SYMBOL,KHC,1000,8,"[0.6,0.8)",9032,0.20090974596773659,0.07772364924712134,13,recomputed from symbol x 30-minute cell means and counts
2019-07-30,SYMBOL,LRCX,1000,8,"[0.6,0.8)",13092,0.08653023075727814,0.13611365719523372,13,recomputed from symbol x 30-minute cell means and counts
2019-07-30,SYMBOL,MAT,1000,8,"[0.6,0.8)",21829,0.24479816612962937,0.03939713225525677,13,recomputed from symbol x 30-minute cell means and counts
2019-07-30,SYMBOL,MCHP,1000,8,"[0.6,0.8)",9763,0.0653672613997959,0.1386868790330841,13,recomputed from symbol x 30-minute cell means and counts
2019-07-30,SYMBOL,MDLZ,1000,8,"[0.6,0.8)",11562,0.2188455626649482,0.12869745718733783,13,recomputed from symbol x 30-minute cell means and counts
2019-07-30,SYMBOL,MRVL,1000,8,"[0.6,0.8)",15781,0.24075605267090275,0.07230213547937393,13,recomputed from symbol x 30-minute cell means and counts
2019-07-30,SYMBOL,MSFT,1000,8,"[0.6,0.8)",22188,0.1360908308562898,0.2817288624481702,13,recomputed from symbol x 30-minute cell means and counts
2019-07-30,SYMBOL,MU,1000,8,"[0.6,0.8)",17095,0.40322109753362406,0.2050892073705762,13,recomputed from symbol x 30-minute cell means and counts
2019-07-30,SYMBOL,NFLX,1000,8,"[0.6,0.8)",10051,0.014981016423284513,0.2118197194309024,13,recomputed from symbol x 30-minute cell means and counts
2019-07-30,SYMBOL,NVDA,1000,8,"[0.6,0.8)",10445,0.09468643000503657,0.25409286740067016,13,recomputed from symbol x 30-minute cell means and counts
2019-07-30,SYMBOL,NWL,1000,8,"[0.6,0.8)",18813,0.35071368599688235,0.06803805878913517,13,recomputed from symbol x 30-minute cell means and counts
2019-07-30,SYMBOL,NXPI,1000,8,"[0.6,0.8)",14614,0.11257526126567978,0.15656220062953333,13,recomputed from symbol x 30-minute cell means and counts
2019-07-30,SYMBOL,ON,1000,8,"[0.6,0.8)",23254,0.28359847688260714,0.06446202803818697,13,recomputed from symbol x 30-minute cell means and counts
2019-07-30,SYMBOL,PAYX,1000,8,"[0.6,0.8)",22349,0.06271574740879456,0.09051859143585843,13,recomputed from symbol x 30-minute cell means and counts
2019-07-30,SYMBOL,PEP,1000,8,"[0.6,0.8)",17763,0.09063377865013263,0.19996622192197264,13,recomputed from symbol x 30-minute cell means and counts
2019-07-30,SYMBOL,PTEN,1000,8,"[0.6,0.8)",10174,0.9554225320499211,0.13475525850206407,13,recomputed from symbol x 30-minute cell means and counts
2019-07-30,SYMBOL,PYPL,1000,8,"[0.6,0.8)",15109,0.09169085114628217,0.195843536964723,13,recomputed from symbol x 30-minute cell means and counts
2019-07-30,SYMBOL,QCOM,1000,8,"[0.6,0.8)",30494,0.1081727284728218,0.12474585164294616,13,recomputed from symbol x 30-minute cell means and counts
2019-07-30,SYMBOL,ROKU,1000,8,"[0.6,0.8)",13324,0.06102427621479687,0.15168117682377663,13,recomputed from symbol x 30-minute cell means and counts
2019-07-30,SYMBOL,ROST,1000,8,"[0.6,0.8)",17114,0.03774144020999468,0.0868879280121538,13,recomputed from symbol x 30-minute cell means and counts
2019-07-30,SYMBOL,SBUX,1000,8,"[0.6,0.8)",15603,0.08577628403621278,0.124783695443184,13,recomputed from symbol x 30-minute cell means and counts
2019-07-30,SYMBOL,SSNC,1000,8,"[0.6,0.8)",16556,0.16399727931314115,0.17733752114037207,13,recomputed from symbol x 30-minute cell means and counts
2019-07-30,SYMBOL,STLD,1000,8,"[0.6,0.8)",22050,0.2326685488791693,0.0908390022675737,13,recomputed from symbol x 30-minute cell means and counts
2019-07-30,SYMBOL,TER,1000,8,"[0.6,0.8)",14361,0.1938008251698865,0.13731634287305897,13,recomputed from symbol x 30-minute cell means and counts
2019-07-30,SYMBOL,TMUS,1000,8,"[0.6,0.8)",12386,0.08085137520490122,0.16284514774745681,13,recomputed from symbol x 30-minute cell means and counts
2019-07-30,SYMBOL,TSLA,1000,8,"[0.6,0.8)",16706,0.07898558067744554,0.24236801149287682,13,recomputed from symbol x 30-minute cell means and counts
2019-07-30,SYMBOL,TXN,1000,8,"[0.6,0.8)",8534,0.12415334994756061,0.2337707991563159,13,recomputed from symbol x 30-minute cell means and counts
2019-07-30,SYMBOL,WBA,1000,8,"[0.6,0.8)",14654,0.19439128639591624,0.13996178517810837,13,recomputed from symbol x 30-minute cell means and counts
2019-07-30,SYMBOL,WDC,1000,8,"[0.6,0.8)",18356,0.1932893831256065,0.13276312922205274,13,recomputed from symbol x 30-minute cell means and counts
2019-07-30,SYMBOL,XEL,1000,8,"[0.6,0.8)",15893,0.2688900730439327,0.1873151702007173,13,recomputed from symbol x 30-minute cell means and counts
2019-07-30,SYMBOL,XLNX,1000,8,"[0.6,0.8)",6367,0.08135420968661002,0.18548767080257578,13,recomputed from symbol x 30-minute cell means and counts
2019-07-30,SYMBOL,ZION,1000,8,"[0.6,0.8)",21019,0.19561912502569398,0.14444074408868166,13,recomputed from symbol x 30-minute cell means and counts
2019-07-30,SYMBOL,AABA,1000,9,"[0.8,1.0]",11353,0.13224538819732976,0.11389060160310051,13,recomputed from symbol x 30-minute cell means and counts
2019-07-30,SYMBOL,AAL,1000,9,"[0.8,1.0]",6395,0.24862269825819788,0.10430023455824863,13,recomputed from symbol x 30-minute cell means and counts
2019-07-30,SYMBOL,AAPL,1000,9,"[0.8,1.0]",13422,0.0918089426291218,0.3949485918641037,13,recomputed from symbol x 30-minute cell means and counts
2019-07-30,SYMBOL,ADBE,1000,9,"[0.8,1.0]",43972,0.046724256537098975,0.15098244337305558,13,recomputed from symbol x 30-minute cell means and counts
2019-07-30,SYMBOL,ADI,1000,9,"[0.8,1.0]",10937,0.04608125964095673,0.1675962329706501,13,recomputed from symbol x 30-minute cell means and counts
2019-07-30,SYMBOL,ALXN,1000,9,"[0.8,1.0]",16565,0.11077194129128921,0.13425897977663748,13,recomputed from symbol x 30-minute cell means and counts
2019-07-30,SYMBOL,AMAT,1000,9,"[0.8,1.0]",10224,0.22229484677408037,0.14368153364632238,13,recomputed from symbol x 30-minute cell means and counts
2019-07-30,SYMBOL,AMD,1000,9,"[0.8,1.0]",8607,0.6129848644599636,0.23074241896131056,13,recomputed from symbol x 30-minute cell means and counts
2019-07-30,SYMBOL,AMTD,1000,9,"[0.8,1.0]",5459,0.16577139177434194,0.1133907309030958,13,recomputed from symbol x 30-minute cell means and counts
2019-07-30,SYMBOL,AMZN,1000,9,"[0.8,1.0]",41701,0.0587066766136371,0.2336155008273183,13,recomputed from symbol x 30-minute cell means and counts
2019-07-30,SYMBOL,ATVI,1000,9,"[0.8,1.0]",4222,0.2024262060152304,0.17669351018474658,13,recomputed from symbol x 30-minute cell means and counts
2019-07-30,SYMBOL,BYND,1000,9,"[0.8,1.0]",44288,0.22927683106868532,0.2858336343930636,13,recomputed from symbol x 30-minute cell means and counts
2019-07-30,SYMBOL,CMCSA,1000,9,"[0.8,1.0]",5565,0.27906069924782123,0.15651392632524708,13,recomputed from symbol x 30-minute cell means and counts
2019-07-30,SYMBOL,CRZO,1000,9,"[0.8,1.0]",3095,2.1935207514847614,0.2148626817447496,13,recomputed from symbol x 30-minute cell means and counts
2019-07-30,SYMBOL,CSCO,1000,9,"[0.8,1.0]",6304,0.35841990026839193,0.2085977157360406,13,recomputed from symbol x 30-minute cell means and counts
2019-07-30,SYMBOL,CSX,1000,9,"[0.8,1.0]",6549,0.125668085081957,0.09680867307985952,13,recomputed from symbol x 30-minute cell means and counts
2019-07-30,SYMBOL,CTSH,1000,9,"[0.8,1.0]",3098,0.203740292302711,0.1549386701097482,13,recomputed from symbol x 30-minute cell means and counts
2019-07-30,SYMBOL,DISCA,1000,9,"[0.8,1.0]",6377,0.28146813038058355,0.10600595891485025,13,recomputed from symbol x 30-minute cell means and counts
2019-07-30,SYMBOL,DLTR,1000,9,"[0.8,1.0]",13365,0.05327959160344502,0.1063973063973064,13,recomputed from symbol x 30-minute cell means and counts
2019-07-30,SYMBOL,EA,1000,9,"[0.8,1.0]",10545,0.062136851017256946,0.18824087245139876,13,recomputed from symbol x 30-minute cell means and counts
2019-07-30,SYMBOL,EBAY,1000,9,"[0.8,1.0]",10121,0.22668029907227694,0.10779567236439087,13,recomputed from symbol x 30-minute cell means and counts
2019-07-30,SYMBOL,ETFC,1000,9,"[0.8,1.0]",4297,0.19277004710679724,0.13800325808703748,13,recomputed from symbol x 30-minute cell means and counts
2019-07-30,SYMBOL,FB,1000,9,"[0.8,1.0]",39516,0.04910613269802409,0.303320174106691,13,recomputed from symbol x 30-minute cell means and counts
2019-07-30,SYMBOL,FISV,1000,9,"[0.8,1.0]",4260,0.04066762079095616,0.17629107981220657,13,recomputed from symbol x 30-minute cell means and counts
2019-07-30,SYMBOL,FITB,1000,9,"[0.8,1.0]",10204,0.2707975236797557,0.08673069384555077,13,recomputed from symbol x 30-minute cell means and counts
2019-07-30,SYMBOL,GILD,1000,9,"[0.8,1.0]",6062,0.2198671717350336,0.17815902342461234,13,recomputed from symbol x 30-minute cell means and counts
2019-07-30,SYMBOL,GOOG,1000,9,"[0.8,1.0]",65804,0.014299366904977325,0.186113306181995,13,recomputed from symbol x 30-minute cell means and counts
2019-07-30,SYMBOL,GOOGL,1000,9,"[0.8,1.0]",60672,0.014568922156197872,0.16632054324894516,13,recomputed from symbol x 30-minute cell means and counts
2019-07-30,SYMBOL,INTC,1000,9,"[0.8,1.0]",6790,0.36386859874311006,0.21266568483063328,13,recomputed from symbol x 30-minute cell means and counts
2019-07-30,SYMBOL,KHC,1000,9,"[0.8,1.0]",3026,0.23065753871056707,0.09881031064111037,12,recomputed from symbol x 30-minute cell means and counts
2019-07-30,SYMBOL,LRCX,1000,9,"[0.8,1.0]",24593,0.07046563639732131,0.12109136746228602,13,recomputed from symbol x 30-minute cell means and counts
2019-07-30,SYMBOL,MAT,1000,9,"[0.8,1.0]",11697,0.34598942590573106,0.05497136017782337,13,recomputed from symbol x 30-minute cell means and counts
2019-07-30,SYMBOL,MCHP,1000,9,"[0.8,1.0]",6649,0.07116071256161956,0.15746728831403217,13,recomputed from symbol x 30-minute cell means and counts
2019-07-30,SYMBOL,MDLZ,1000,9,"[0.8,1.0]",3043,0.3968464978188619,0.22313506408149852,13,recomputed from symbol x 30-minute cell means and counts
2019-07-30,SYMBOL,MRVL,1000,9,"[0.8,1.0]",7111,0.4913628464458596,0.13022078469976092,13,recomputed from symbol x 30-minute cell means and counts
2019-07-30,SYMBOL,MSFT,1000,9,"[0.8,1.0]",11828,0.18502988838891463,0.32871153195806563,13,recomputed from symbol x 30-minute cell means and counts
2019-07-30,SYMBOL,MU,1000,9,"[0.8,1.0]",7555,0.48896400245272664,0.27094639311714097,13,recomputed from symbol x 30-minute cell means and counts
2019-07-30,SYMBOL,NFLX,1000,9,"[0.8,1.0]",24553,0.08992551866094484,0.1996904655235613,13,recomputed from symbol x 30-minute cell means and counts
2019-07-30,SYMBOL,NVDA,1000,9,"[0.8,1.0]",18421,0.06884745836005551,0.24352641007545736,13,recomputed from symbol x 30-minute cell means and counts
2019-07-30,SYMBOL,NWL,1000,9,"[0.8,1.0]",7435,0.7307254065582235,0.12199058507061197,13,recomputed from symbol x 30-minute cell means and counts
2019-07-30,SYMBOL,NXPI,1000,9,"[0.8,1.0]",12012,0.13955843397777476,0.14027639027639027,13,recomputed from symbol x 30-minute cell means and counts
2019-07-30,SYMBOL,ON,1000,9,"[0.8,1.0]",11387,0.48239312425702013,0.12883112321067886,13,recomputed from symbol x 30-minute cell means and counts
2019-07-30,SYMBOL,PAYX,1000,9,"[0.8,1.0]",33790,0.05373005406960259,0.06422018348623854,13,recomputed from symbol x 30-minute cell means and counts
2019-07-30,SYMBOL,PEP,1000,9,"[0.8,1.0]",8351,0.12603600426514466,0.20656208837264997,13,recomputed from symbol x 30-minute cell means and counts
2019-07-30,SYMBOL,PTEN,1000,9,"[0.8,1.0]",3572,1.8682590956650549,0.20464725643896978,13,recomputed from symbol x 30-minute cell means and counts
2019-07-30,SYMBOL,PYPL,1000,9,"[0.8,1.0]",11654,0.12284011187798084,0.2042217264458555,13,recomputed from symbol x 30-minute cell means and counts
2019-07-30,SYMBOL,QCOM,1000,9,"[0.8,1.0]",10894,0.16401824037241283,0.16853313750688453,13,recomputed from symbol x 30-minute cell means and counts
2019-07-30,SYMBOL,ROKU,1000,9,"[0.8,1.0]",40463,0.07141299869876135,0.1443293873415219,13,recomputed from symbol x 30-minute cell means and counts
2019-07-30,SYMBOL,ROST,1000,9,"[0.8,1.0]",12943,0.06480670619082766,0.10638955419918103,13,recomputed from symbol x 30-minute cell means and counts
2019-07-30,SYMBOL,SBUX,1000,9,"[0.8,1.0]",5700,0.131075117169765,0.1668421052631579,13,recomputed from symbol x 30-minute cell means and counts
2019-07-30,SYMBOL,SSNC,1000,9,"[0.8,1.0]",7976,0.4149997475797099,0.20586760280842528,13,recomputed from symbol x 30-minute cell means and counts
2019-07-30,SYMBOL,STLD,1000,9,"[0.8,1.0]",5495,0.14504993656095969,0.09062784349408554,13,recomputed from symbol x 30-minute cell means and counts
2019-07-30,SYMBOL,TER,1000,9,"[0.8,1.0]",5777,0.20860442853993313,0.1346719750735676,13,recomputed from symbol x 30-minute cell means and counts
2019-07-30,SYMBOL,TMUS,1000,9,"[0.8,1.0]",7672,0.0835303738480191,0.1386861313868613,13,recomputed from symbol x 30-minute cell means and counts
2019-07-30,SYMBOL,TSLA,1000,9,"[0.8,1.0]",25753,0.0875399883004599,0.2469615190463247,13,recomputed from symbol x 30-minute cell means and counts
2019-07-30,SYMBOL,TXN,1000,9,"[0.8,1.0]",8038,0.11307306674084992,0.20577258024384176,13,recomputed from symbol x 30-minute cell means and counts
2019-07-30,SYMBOL,WBA,1000,9,"[0.8,1.0]",6811,0.2204647239233635,0.148583174276905,13,recomputed from symbol x 30-minute cell means and counts
2019-07-30,SYMBOL,WDC,1000,9,"[0.8,1.0]",5192,0.1636051144594404,0.1440677966101695,13,recomputed from symbol x 30-minute cell means and counts
2019-07-30,SYMBOL,XEL,1000,9,"[0.8,1.0]",4414,0.2861489544883809,0.19234254644313548,13,recomputed from symbol x 30-minute cell means and counts
2019-07-30,SYMBOL,XLNX,1000,9,"[0.8,1.0]",7278,0.1458507361615808,0.17243748282495192,13,recomputed from symbol x 30-minute cell means and counts
2019-07-30,SYMBOL,ZION,1000,9,"[0.8,1.0]",10402,0.19949996336174342,0.14131897711978467,13,recomputed from symbol x 30-minute cell means and counts
