imbalance_bin,spread_class,price_band,observations,mean_oracle_gross_bps,mean_oracle_net_structural_floor_bps,mean_oracle_net_accessible_fixed_bps,mean_oracle_net_accessible_tiered_bps,prob_oracle_net_structural_floor_positive,prob_oracle_net_accessible_fixed_positive,prob_oracle_net_accessible_tiered_positive,mean_oracle_net_structural_floor_bps_signal_defined,mean_oracle_net_accessible_fixed_bps_signal_defined,mean_oracle_net_accessible_tiered_bps_signal_defined,observations_signal_defined,share_of_valid_states,share_of_signal_defined_observations,horizon_ms,delay_ms,oracle_trade_fraction,oracle_buy_fraction,cost_ledger_id,label,note
"[-1.0,-0.8)",ONE_TICK,5-25,2938,0.0,0.0,0.0,0.0,0.0,0.0,0.0,0.0,0.0,0.0,2938,0.0020582877959927142,0.0021918323285570088,100,0,0.0,0.9805990469707284,M2-COST-LEDGER-v1,ORACLE_UPPER_BOUND,"ORACLE_UPPER_BOUND uses future information by construction: at each decision instant it takes max(0, net_long, net_short) from the realised future bid/ask. It bounds what any causal side choice at these instants could have earned; it is not a strategy, not achievable, and must never enter model training, a backtest or a promotion decision."
"[-1.0,-0.8)",ONE_TICK,25-50,6607,0.0020326033547731935,0.0006173716103576805,0.0,0.0,0.0007567731194187983,0.0,0.0,0.0006173716103576805,0.0,0.0,6607,0.0046286955303348745,0.004929011638793791,100,0,0.0007567731194187983,0.972302103829272,M2-COST-LEDGER-v1,ORACLE_UPPER_BOUND,"ORACLE_UPPER_BOUND uses future information by construction: at each decision instant it takes max(0, net_long, net_short) from the realised future bid/ask. It bounds what any causal side choice at these instants could have earned; it is not a strategy, not achievable, and must never enter model training, a backtest or a promotion decision."
"[-1.0,-0.8)",ONE_TICK,50-100,8932,0.0014171870905337462,0.0006266111572787119,3.464404114810078e-08,0.00018686385862409384,0.0006717420510523958,0.00011195700850873264,0.0002239140170174653,0.0006266111572787119,3.464404114810078e-08,0.00018686385862409384,8932,0.006257531175563963,0.006663528372590607,100,0,0.0006717420510523958,0.9674205105239588,M2-COST-LEDGER-v1,ORACLE_UPPER_BOUND,"ORACLE_UPPER_BOUND uses future information by construction: at each decision instant it takes max(0, net_long, net_short) from the realised future bid/ask. It bounds what any causal side choice at these instants could have earned; it is not a strategy, not achievable, and must never enter model training, a backtest or a promotion decision."
"[-1.0,-0.8)",ONE_TICK,100-200,5687,0.005021083421215483,0.0024732595127096107,0.0015364775789051869,0.0017351972931556865,0.003516792685071215,0.0005275189027606822,0.0010550378055213644,0.0024732595127096107,0.0015364775789051869,0.0017351972931556865,5687,0.003984167016953902,0.004242665232302148,100,0,0.0038684719535783366,0.9511165816775101,M2-COST-LEDGER-v1,ORACLE_UPPER_BOUND,"ORACLE_UPPER_BOUND uses future information by construction: at each decision instant it takes max(0, net_long, net_short) from the realised future bid/ask. It bounds what any causal side choice at these instants could have earned; it is not a strategy, not achievable, and must never enter model training, a backtest or a promotion decision."
"[-1.0,-0.8)",ONE_TICK,200+,1002,0.03494933768202236,0.031212466852801067,0.029821899125176424,0.03013482207982312,0.0029940119760479044,0.001996007984031936,0.0029940119760479044,0.031212466852801067,0.029821899125176424,0.03013482207982312,1002,0.0007019756200084069,0.0007475207601137246,100,0,0.007984031936127744,0.8842315369261478,M2-COST-LEDGER-v1,ORACLE_UPPER_BOUND,"ORACLE_UPPER_BOUND uses future information by construction: at each decision instant it takes max(0, net_long, net_short) from the realised future bid/ask. It bounds what any causal side choice at these instants could have earned; it is not a strategy, not achievable, and must never enter model training, a backtest or a promotion decision."
"[-1.0,-0.8)",WIDER_THAN_ONE_TICK,5-25,214,0.0,0.0,0.0,0.0,0.0,0.0,0.0,0.0,0.0,0.0,214,0.0001499229368081827,0.0001596501423795779,100,0,0.0,0.9719626168224299,M2-COST-LEDGER-v1,ORACLE_UPPER_BOUND,"ORACLE_UPPER_BOUND uses future information by construction: at each decision instant it takes max(0, net_long, net_short) from the realised future bid/ask. It bounds what any causal side choice at these instants could have earned; it is not a strategy, not achievable, and must never enter model training, a backtest or a promotion decision."
"[-1.0,-0.8)",WIDER_THAN_ONE_TICK,25-50,926,0.005820721841149341,0.001770263214286043,0.0,0.0,0.0021598272138228943,0.0,0.0,0.001770263214286043,0.0,0.0,926,0.00064873196020737,0.0006908225787078932,100,0,0.0021598272138228943,0.9427645788336934,M2-COST-LEDGER-v1,ORACLE_UPPER_BOUND,"ORACLE_UPPER_BOUND uses future information by construction: at each decision instant it takes max(0, net_long, net_short) from the realised future bid/ask. It bounds what any causal side choice at these instants could have earned; it is not a strategy, not achievable, and must never enter model training, a backtest or a promotion decision."
"[-1.0,-0.8)",WIDER_THAN_ONE_TICK,50-100,3653,0.004147306624091591,0.0026941340479425388,0.0010830881872476391,0.0016626026438921859,0.0010949904188338351,0.0005474952094169176,0.0005474952094169176,0.0026941340479425388,0.0010830881872476391,0.0016626026438921859,3653,0.0025591985428051003,0.002725242850993449,100,0,0.0010949904188338351,0.9657815494114427,M2-COST-LEDGER-v1,ORACLE_UPPER_BOUND,"ORACLE_UPPER_BOUND uses future information by construction: at each decision instant it takes max(0, net_long, net_short) from the realised future bid/ask. It bounds what any causal side choice at these instants could have earned; it is not a strategy, not achievable, and must never enter model training, a backtest or a promotion decision."
"[-1.0,-0.8)",WIDER_THAN_ONE_TICK,100-200,18955,0.002638204834229131,0.0014876177344091378,0.0009277776272868062,0.0010702021722634996,0.0014771828013716698,0.0005275652862041678,0.0006858348720654181,0.0014876177344091378,0.0009277776272868062,0.0010702021722634996,18955,0.01327938909906123,0.014140974059835979,100,0,0.0017937219730941704,0.9611184384067528,M2-COST-LEDGER-v1,ORACLE_UPPER_BOUND,"ORACLE_UPPER_BOUND uses future information by construction: at each decision instant it takes max(0, net_long, net_short) from the realised future bid/ask. It bounds what any causal side choice at these instants could have earned; it is not a strategy, not achievable, and must never enter model training, a backtest or a promotion decision."
"[-1.0,-0.8)",WIDER_THAN_ONE_TICK,200+,30811,0.0015389615274666673,0.0012451702930394264,0.0011545957864558172,0.0011417547354424574,0.00048683911590016553,0.0005192950569601766,0.0004543831748401545,0.0012451702930394264,0.0011545957864558172,0.0011417547354424574,30811,0.021585400028022977,0.022985890359145677,100,0,0.0008438544675602869,0.9563467592742851,M2-COST-LEDGER-v1,ORACLE_UPPER_BOUND,"ORACLE_UPPER_BOUND uses future information by construction: at each decision instant it takes max(0, net_long, net_short) from the realised future bid/ask. It bounds what any causal side choice at these instants could have earned; it is not a strategy, not achievable, and must never enter model training, a backtest or a promotion decision."
"[-0.8,-0.6)",ONE_TICK,5-25,6735,0.002790822830386136,0.001000701146953747,0.0,0.0,0.0002969561989606533,0.0,0.0,0.001000701146953747,0.0,0.0,6735,0.004718369062631358,0.005024503312740455,100,0,0.0002969561989606533,0.9885671863400148,M2-COST-LEDGER-v1,ORACLE_UPPER_BOUND,"ORACLE_UPPER_BOUND uses future information by construction: at each decision instant it takes max(0, net_long, net_short) from the realised future bid/ask. It bounds what any causal side choice at these instants could have earned; it is not a strategy, not achievable, and must never enter model training, a backtest or a promotion decision."
"[-0.8,-0.6)",ONE_TICK,25-50,20639,0.0016416748490044385,0.0008252274949865216,0.00029095421790263886,0.0003950014718215098,0.00048451959881777216,4.845195988177722e-05,9.690391976355444e-05,0.0008252274949865216,0.00029095421790263886,0.0003950014718215098,20639,0.014459156508336837,0.015397286395196769,100,0,0.00048451959881777216,0.9837201414797229,M2-COST-LEDGER-v1,ORACLE_UPPER_BOUND,"ORACLE_UPPER_BOUND uses future information by construction: at each decision instant it takes max(0, net_long, net_short) from the realised future bid/ask. It bounds what any causal side choice at these instants could have earned; it is not a strategy, not achievable, and must never enter model training, a backtest or a promotion decision."
"[-0.8,-0.6)",ONE_TICK,50-100,23274,0.0011943714836216103,0.00038816640803541135,7.716983683389775e-09,6.0065802319058855e-05,0.0006874624043997594,4.296640027498496e-05,8.593280054996992e-05,0.00038816640803541135,7.716983683389775e-09,6.0065802319058855e-05,23274,0.01630517023959647,0.01736307202683316,100,0,0.0006874624043997594,0.9804073214746069,M2-COST-LEDGER-v1,ORACLE_UPPER_BOUND,"ORACLE_UPPER_BOUND uses future information by construction: at each decision instant it takes max(0, net_long, net_short) from the realised future bid/ask. It bounds what any causal side choice at these instants could have earned; it is not a strategy, not achievable, and must never enter model training, a backtest or a promotion decision."
"[-0.8,-0.6)",ONE_TICK,100-200,6653,0.00300503141476994,0.0013418701526529547,0.0006786079283412983,0.0008557948560196923,0.0016533894483691568,0.0006012325266796934,0.0007515406583496167,0.0013418701526529547,0.0006786079283412983,0.0008557948560196923,6653,0.004660921956003923,0.004963328959118373,100,0,0.00270554637005862,0.9544566361040132,M2-COST-LEDGER-v1,ORACLE_UPPER_BOUND,"ORACLE_UPPER_BOUND uses future information by construction: at each decision instant it takes max(0, net_long, net_short) from the realised future bid/ask. It bounds what any causal side choice at these instants could have earned; it is not a strategy, not achievable, and must never enter model training, a backtest or a promotion decision."
"[-0.8,-0.6)",ONE_TICK,200+,1304,0.007053142557677576,0.0049474525625621815,0.004615305039272021,0.004684331254904831,0.0007668711656441718,0.0007668711656441718,0.0007668711656441718,0.0049474525625621815,0.004615305039272021,0.004684331254904831,1304,0.0009135491102704217,0.0009728214283316336,100,0,0.004601226993865031,0.9079754601226994,M2-COST-LEDGER-v1,ORACLE_UPPER_BOUND,"ORACLE_UPPER_BOUND uses future information by construction: at each decision instant it takes max(0, net_long, net_short) from the realised future bid/ask. It bounds what any causal side choice at these instants could have earned; it is not a strategy, not achievable, and must never enter model training, a backtest or a promotion decision."
"[-0.8,-0.6)",WIDER_THAN_ONE_TICK,5-25,275,0.0508582326764145,0.03436681281744747,3.554034428820397e-05,0.015534006769547078,0.0036363636363636364,0.0036363636363636364,0.0036363636363636364,0.03436681281744747,3.554034428820397e-05,0.015534006769547078,275,0.00019265797954322544,0.0002051578932447847,100,0,0.0036363636363636364,0.9636363636363636,M2-COST-LEDGER-v1,ORACLE_UPPER_BOUND,"ORACLE_UPPER_BOUND uses future information by construction: at each decision instant it takes max(0, net_long, net_short) from the realised future bid/ask. It bounds what any causal side choice at these instants could have earned; it is not a strategy, not achievable, and must never enter model training, a backtest or a promotion decision."
"[-0.8,-0.6)",WIDER_THAN_ONE_TICK,25-50,2420,0.000890471157193983,0.00025352193580650096,0.0,0.0,0.00041322314049586776,0.0,0.0,0.00025352193580650096,0.0,0.0,2420,0.001695390219980384,0.0018053894605541054,100,0,0.00041322314049586776,0.9537190082644628,M2-COST-LEDGER-v1,ORACLE_UPPER_BOUND,"ORACLE_UPPER_BOUND uses future information by construction: at each decision instant it takes max(0, net_long, net_short) from the realised future bid/ask. It bounds what any causal side choice at these instants could have earned; it is not a strategy, not achievable, and must never enter model training, a backtest or a promotion decision."
"[-0.8,-0.6)",WIDER_THAN_ONE_TICK,50-100,7444,0.0015172772772507567,0.0006203501878607413,4.22791329799061e-08,0.00016047741834269167,0.0008060182697474476,0.00013433637829124128,0.00026867275658248256,0.0006203501878607413,4.22791329799061e-08,0.00016047741834269167,7444,0.005215076362617347,0.005553437662960644,100,0,0.0008060182697474476,0.9689682966147233,M2-COST-LEDGER-v1,ORACLE_UPPER_BOUND,"ORACLE_UPPER_BOUND uses future information by construction: at each decision instant it takes max(0, net_long, net_short) from the realised future bid/ask. It bounds what any causal side choice at these instants could have earned; it is not a strategy, not achievable, and must never enter model training, a backtest or a promotion decision."
"[-0.8,-0.6)",WIDER_THAN_ONE_TICK,100-200,13307,0.002956878746149695,0.0021544317649362663,0.0016249734048811206,0.0017796902349684742,0.0011272262718869767,0.0005260389268805891,0.0005260389268805891,0.0021544317649362663,0.0016249734048811206,0.0017796902349684742,13307,0.009322544486478913,0.009927403946939455,100,0,0.0011272262718869767,0.9587435184489367,M2-COST-LEDGER-v1,ORACLE_UPPER_BOUND,"ORACLE_UPPER_BOUND uses future information by construction: at each decision instant it takes max(0, net_long, net_short) from the realised future bid/ask. It bounds what any causal side choice at these instants could have earned; it is not a strategy, not achievable, and must never enter model training, a backtest or a promotion decision."
"[-0.8,-0.6)",WIDER_THAN_ONE_TICK,200+,10491,0.0014555431153475058,0.0011950011277537395,0.0010456208013010363,0.0010726361194403114,0.0003812791916881136,0.0001906395958440568,0.0003812791916881136,0.0011950011277537395,0.0010456208013010363,0.0010726361194403114,10491,0.0073497267759562845,0.00782658712011286,100,0,0.0007625583833762272,0.9574873701267753,M2-COST-LEDGER-v1,ORACLE_UPPER_BOUND,"ORACLE_UPPER_BOUND uses future information by construction: at each decision instant it takes max(0, net_long, net_short) from the realised future bid/ask. It bounds what any causal side choice at these instants could have earned; it is not a strategy, not achievable, and must never enter model training, a backtest or a promotion decision."
"[-0.6,-0.4)",ONE_TICK,5-25,10700,0.003334419365057393,0.0011918906869957365,0.0,0.0,0.00037383177570093456,0.0,0.0,0.0011918906869957365,0.0,0.0,10700,0.007496146840409136,0.007982507118978896,100,0,0.00037383177570093456,0.9926168224299066,M2-COST-LEDGER-v1,ORACLE_UPPER_BOUND,"ORACLE_UPPER_BOUND uses future information by construction: at each decision instant it takes max(0, net_long, net_short) from the realised future bid/ask. It bounds what any causal side choice at these instants could have earned; it is not a strategy, not achievable, and must never enter model training, a backtest or a promotion decision."
"[-0.6,-0.4)",ONE_TICK,25-50,29665,0.0017939677183840142,0.0009434898346122897,0.0001409424103786484,0.0003856755318942043,0.0004719366256531266,0.00010112927692566998,0.00016854879487611664,0.0009434898346122897,0.0001409424103786484,0.0003856755318942043,29665,0.02078254168418103,0.022130941465841956,100,0,0.0004719366256531266,0.9898196527894826,M2-COST-LEDGER-v1,ORACLE_UPPER_BOUND,"ORACLE_UPPER_BOUND uses future information by construction: at each decision instant it takes max(0, net_long, net_short) from the realised future bid/ask. It bounds what any causal side choice at these instants could have earned; it is not a strategy, not achievable, and must never enter model training, a backtest or a promotion decision."
"[-0.6,-0.4)",ONE_TICK,50-100,33929,0.002108283962509321,0.0011596408594125981,0.0005729179209802741,0.0007145507174645943,0.0008252527336496802,0.00011789324766424003,0.00017683987149636005,0.0011596408594125981,0.0005729179209802741,0.0007145507174645943,33929,0.02376979122880762,0.02531200785419018,100,0,0.0008252527336496802,0.9852928173538861,M2-COST-LEDGER-v1,ORACLE_UPPER_BOUND,"ORACLE_UPPER_BOUND uses future information by construction: at each decision instant it takes max(0, net_long, net_short) from the realised future bid/ask. It bounds what any causal side choice at these instants could have earned; it is not a strategy, not achievable, and must never enter model training, a backtest or a promotion decision."
"[-0.6,-0.4)",ONE_TICK,100-200,8826,0.004237406740964076,0.001984359181915333,0.0011868088187637934,0.0013821970733247063,0.002492635395422615,0.0003399048266485384,0.0006798096532970768,0.001984359181915333,0.0011868088187637934,0.0013821970733247063,8826,0.006183270281630938,0.006584449330103526,100,0,0.003399048266485384,0.9673691366417403,M2-COST-LEDGER-v1,ORACLE_UPPER_BOUND,"ORACLE_UPPER_BOUND uses future information by construction: at each decision instant it takes max(0, net_long, net_short) from the realised future bid/ask. It bounds what any causal side choice at these instants could have earned; it is not a strategy, not achievable, and must never enter model training, a backtest or a promotion decision."
"[-0.6,-0.4)",ONE_TICK,200+,1326,0.008523285806244271,0.0017182493406553245,1.7197765068744622e-08,0.00037877514945670453,0.003770739064856712,0.0007541478129713424,0.003770739064856712,0.0017182493406553245,1.7197765068744622e-08,0.00037877514945670453,1326,0.0009289617486338798,0.0009892340597912163,100,0,0.014328808446455505,0.9328808446455505,M2-COST-LEDGER-v1,ORACLE_UPPER_BOUND,"ORACLE_UPPER_BOUND uses future information by construction: at each decision instant it takes max(0, net_long, net_short) from the realised future bid/ask. It bounds what any causal side choice at these instants could have earned; it is not a strategy, not achievable, and must never enter model training, a backtest or a promotion decision."
"[-0.6,-0.4)",WIDER_THAN_ONE_TICK,5-25,308,0.0,0.0,0.0,0.0,0.0,0.0,0.0,0.0,0.0,0.0,308,0.0002157769370884125,0.00022977684043415887,100,0,0.0,0.948051948051948,M2-COST-LEDGER-v1,ORACLE_UPPER_BOUND,"ORACLE_UPPER_BOUND uses future information by construction: at each decision instant it takes max(0, net_long, net_short) from the realised future bid/ask. It bounds what any causal side choice at these instants could have earned; it is not a strategy, not achievable, and must never enter model training, a backtest or a promotion decision."
"[-0.6,-0.4)",WIDER_THAN_ONE_TICK,25-50,3336,0.004750812635999874,0.0022768096277225934,0.0006277039360848425,0.0009669183386213907,0.001498800959232614,0.00029976019184652276,0.00029976019184652276,0.0022768096277225934,0.0006277039360848425,0.0009669183386213907,3336,0.002337116435477091,0.0024887517522349154,100,0,0.001498800959232614,0.9628297362110312,M2-COST-LEDGER-v1,ORACLE_UPPER_BOUND,"ORACLE_UPPER_BOUND uses future information by construction: at each decision instant it takes max(0, net_long, net_short) from the realised future bid/ask. It bounds what any causal side choice at these instants could have earned; it is not a strategy, not achievable, and must never enter model training, a backtest or a promotion decision."
"[-0.6,-0.4)",WIDER_THAN_ONE_TICK,50-100,11174,0.003692134948035002,0.0025825798699481064,0.0014164296957686886,0.0018250291184660628,0.0009844281367460176,0.0005369608018614641,0.0005369608018614641,0.0025825798699481064,0.0014164296957686886,0.0018250291184660628,11174,0.00782821913969455,0.008336124724062633,100,0,0.0009844281367460176,0.971988544836227,M2-COST-LEDGER-v1,ORACLE_UPPER_BOUND,"ORACLE_UPPER_BOUND uses future information by construction: at each decision instant it takes max(0, net_long, net_short) from the realised future bid/ask. It bounds what any causal side choice at these instants could have earned; it is not a strategy, not achievable, and must never enter model training, a backtest or a promotion decision."
"[-0.6,-0.4)",WIDER_THAN_ONE_TICK,100-200,17872,0.001873522983704562,0.0011092946212626178,0.0006199880866811466,0.0007640098615690716,0.0008952551477170994,0.0003357206803939123,0.0005035810205908684,0.0011092946212626178,0.0006199880866811466,0.0007640098615690716,17872,0.012520666946896455,0.013333024974802881,100,0,0.0011190689346463742,0.9621195165622203,M2-COST-LEDGER-v1,ORACLE_UPPER_BOUND,"ORACLE_UPPER_BOUND uses future information by construction: at each decision instant it takes max(0, net_long, net_short) from the realised future bid/ask. It bounds what any causal side choice at these instants could have earned; it is not a strategy, not achievable, and must never enter model training, a backtest or a promotion decision."
"[-0.6,-0.4)",WIDER_THAN_ONE_TICK,200+,12078,0.0013057790435658822,0.0007627351822986117,0.0005692543618613038,0.0005856124991938013,0.000662361318099023,0.0005795661533366451,0.000662361318099023,0.0007627351822986117,0.0005692543618613038,0.0005856124991938013,12078,0.008461538461538461,0.009010534671310943,100,0,0.0012419274714356682,0.9576088756416625,M2-COST-LEDGER-v1,ORACLE_UPPER_BOUND,"ORACLE_UPPER_BOUND uses future information by construction: at each decision instant it takes max(0, net_long, net_short) from the realised future bid/ask. It bounds what any causal side choice at these instants could have earned; it is not a strategy, not achievable, and must never enter model training, a backtest or a promotion decision."
"[-0.4,-0.2)",ONE_TICK,5-25,15485,0.0007397596282444597,0.00025473541613659336,0.0,0.0,0.00012915724895059736,0.0,0.0,0.00025473541613659336,0.0,0.0,15485,0.010848395684461259,0.01155225446143815,100,0,0.00012915724895059736,0.9953503390377785,M2-COST-LEDGER-v1,ORACLE_UPPER_BOUND,"ORACLE_UPPER_BOUND uses future information by construction: at each decision instant it takes max(0, net_long, net_short) from the realised future bid/ask. It bounds what any causal side choice at these instants could have earned; it is not a strategy, not achievable, and must never enter model training, a backtest or a promotion decision."
"[-0.4,-0.2)",ONE_TICK,25-50,38618,0.0009232284194681523,0.0004608035354850944,0.00016215129021938086,0.00022141306076273905,0.00028484126573100624,2.589466052100057e-05,5.178932104200114e-05,0.0004608035354850944,0.00016215129021938086,0.00022141306076273905,38618,0.027054784923637384,0.02881013644118944,100,0,0.00028484126573100624,0.9935522295302709,M2-COST-LEDGER-v1,ORACLE_UPPER_BOUND,"ORACLE_UPPER_BOUND uses future information by construction: at each decision instant it takes max(0, net_long, net_short) from the realised future bid/ask. It bounds what any causal side choice at these instants could have earned; it is not a strategy, not achievable, and must never enter model training, a backtest or a promotion decision."
"[-0.4,-0.2)",ONE_TICK,50-100,46672,0.0011004214865726004,0.00029198807343133894,6.630111748689497e-09,1.969043405846687e-05,0.0007284881727802537,2.1426122728830992e-05,2.1426122728830992e-05,0.00029198807343133894,6.630111748689497e-09,1.969043405846687e-05,46672,0.03269721171360516,0.03481865161280215,100,0,0.0007284881727802537,0.988579876585533,M2-COST-LEDGER-v1,ORACLE_UPPER_BOUND,"ORACLE_UPPER_BOUND uses future information by construction: at each decision instant it takes max(0, net_long, net_short) from the realised future bid/ask. It bounds what any causal side choice at these instants could have earned; it is not a strategy, not achievable, and must never enter model training, a backtest or a promotion decision."
"[-0.4,-0.2)",ONE_TICK,100-200,12817,0.0035350879447904565,0.0012287605420506424,0.0003409085279135864,0.0005640247469510946,0.0028087696028711866,0.0004681282671451978,0.0007021924007177966,0.0012287605420506424,0.0003409085279135864,0.0005640247469510946,12817,0.008979262995656438,0.009561849882612383,100,0,0.0033549192478739176,0.9724584536162909,M2-COST-LEDGER-v1,ORACLE_UPPER_BOUND,"ORACLE_UPPER_BOUND uses future information by construction: at each decision instant it takes max(0, net_long, net_short) from the realised future bid/ask. It bounds what any causal side choice at these instants could have earned; it is not a strategy, not achievable, and must never enter model training, a backtest or a promotion decision."
"[-0.4,-0.2)",ONE_TICK,200+,1467,0.0022994996967945127,0.0006356309751361392,0.00032599089261931685,0.00039401592386534046,0.0006816632583503749,0.0006816632583503749,0.0006816632583503749,0.0006356309751361392,0.00032599089261931685,0.00039401592386534046,1467,0.0010277427490542246,0.0010944241068730877,100,0,0.0034083162917518746,0.9481935923653715,M2-COST-LEDGER-v1,ORACLE_UPPER_BOUND,"ORACLE_UPPER_BOUND uses future information by construction: at each decision instant it takes max(0, net_long, net_short) from the realised future bid/ask. It bounds what any causal side choice at these instants could have earned; it is not a strategy, not achievable, and must never enter model training, a backtest or a promotion decision."
"[-0.4,-0.2)",WIDER_THAN_ONE_TICK,5-25,507,0.0,0.0,0.0,0.0,0.0,0.0,0.0,0.0,0.0,0.0,507,0.0003551912568306011,0.00037823655227311217,100,0,0.0,0.9585798816568047,M2-COST-LEDGER-v1,ORACLE_UPPER_BOUND,"ORACLE_UPPER_BOUND uses future information by construction: at each decision instant it takes max(0, net_long, net_short) from the realised future bid/ask. It bounds what any causal side choice at these instants could have earned; it is not a strategy, not achievable, and must never enter model training, a backtest or a promotion decision."
"[-0.4,-0.2)",WIDER_THAN_ONE_TICK,25-50,5312,0.00769744324783985,0.005581196467531607,0.0022111270430435793,0.0035807004757440644,0.0011295180722891566,0.0009412650602409639,0.0009412650602409639,0.005581196467531607,0.0022111270430435793,0.0035807004757440644,5312,0.0037214515903040493,0.003962904468786532,100,0,0.0011295180722891566,0.9710090361445783,M2-COST-LEDGER-v1,ORACLE_UPPER_BOUND,"ORACLE_UPPER_BOUND uses future information by construction: at each decision instant it takes max(0, net_long, net_short) from the realised future bid/ask. It bounds what any causal side choice at these instants could have earned; it is not a strategy, not achievable, and must never enter model training, a backtest or a promotion decision."
"[-0.4,-0.2)",WIDER_THAN_ONE_TICK,50-100,19199,0.0014360797682696127,0.0006410859970693536,1.349559462347676e-07,0.00018801333570329855,0.0006771185999270796,0.00015625813844471066,0.00026043023074118443,0.0006410859970693536,1.349559462347676e-07,0.00018801333570329855,19199,0.013450329270001402,0.014323005063296805,100,0,0.0006771185999270796,0.9727589978644721,M2-COST-LEDGER-v1,ORACLE_UPPER_BOUND,"ORACLE_UPPER_BOUND uses future information by construction: at each decision instant it takes max(0, net_long, net_short) from the realised future bid/ask. It bounds what any causal side choice at these instants could have earned; it is not a strategy, not achievable, and must never enter model training, a backtest or a promotion decision."
"[-0.4,-0.2)",WIDER_THAN_ONE_TICK,100-200,33248,0.0018242071429390018,0.0009888503254843971,0.0004516766010439248,0.000615917445015199,0.0010526948989412897,0.0003910009624639076,0.00048123195380173246,0.0009888503254843971,0.0004516766010439248,0.000615917445015199,33248,0.02329270001401149,0.024803962307645824,100,0,0.0011730028873917228,0.9636669874879692,M2-COST-LEDGER-v1,ORACLE_UPPER_BOUND,"ORACLE_UPPER_BOUND uses future information by construction: at each decision instant it takes max(0, net_long, net_short) from the realised future bid/ask. It bounds what any causal side choice at these instants could have earned; it is not a strategy, not achievable, and must never enter model training, a backtest or a promotion decision."
"[-0.4,-0.2)",WIDER_THAN_ONE_TICK,200+,16434,0.0009890629204169204,0.0006507544117156115,0.0005143279477553991,0.000516941012111546,0.000547645125958379,0.0003650967506389193,0.000547645125958379,0.0006507544117156115,0.0005143279477553991,0.000516941012111546,16434,0.011513240857503153,0.012260235700308333,100,0,0.0007910429597176585,0.9571619812583668,M2-COST-LEDGER-v1,ORACLE_UPPER_BOUND,"ORACLE_UPPER_BOUND uses future information by construction: at each decision instant it takes max(0, net_long, net_short) from the realised future bid/ask. It bounds what any causal side choice at these instants could have earned; it is not a strategy, not achievable, and must never enter model training, a backtest or a promotion decision."
"[-0.2,0.0)",ONE_TICK,5-25,16191,0.0004305521622663267,0.00015100897889233075,0.0,0.0,6.176270767710456e-05,0.0,0.0,0.00015100897889233075,0.0,0.0,16191,0.011343001261034049,0.012078950725550215,100,0,6.176270767710456e-05,0.9973442035698845,M2-COST-LEDGER-v1,ORACLE_UPPER_BOUND,"ORACLE_UPPER_BOUND uses future information by construction: at each decision instant it takes max(0, net_long, net_short) from the realised future bid/ask. It bounds what any causal side choice at these instants could have earned; it is not a strategy, not achievable, and must never enter model training, a backtest or a promotion decision."
"[-0.2,0.0)",ONE_TICK,25-50,37047,0.0008973183022626431,0.0005813134638323784,0.0003373155365291421,0.0003982595325733951,0.00018894917267255109,2.6992738953221582e-05,5.3985477906443164e-05,0.0005813134638323784,0.0003373155365291421,0.0003982595325733951,37047,0.025954182429592267,0.027638125349234686,100,0,0.00018894917267255109,0.9964909439360812,M2-COST-LEDGER-v1,ORACLE_UPPER_BOUND,"ORACLE_UPPER_BOUND uses future information by construction: at each decision instant it takes max(0, net_long, net_short) from the realised future bid/ask. It bounds what any causal side choice at these instants could have earned; it is not a strategy, not achievable, and must never enter model training, a backtest or a promotion decision."
"[-0.2,0.0)",ONE_TICK,50-100,41707,0.001090822930019194,0.00040369516992067825,6.67059662475597e-05,0.00012512691459204187,0.0006233965521375309,4.795358093365622e-05,9.590716186731244e-05,0.00040369516992067825,6.67059662475597e-05,0.00012512691459204187,41707,0.029218859464761104,0.031114619103855403,100,0,0.0006233965521375309,0.9936701273167574,M2-COST-LEDGER-v1,ORACLE_UPPER_BOUND,"ORACLE_UPPER_BOUND uses future information by construction: at each decision instant it takes max(0, net_long, net_short) from the realised future bid/ask. It bounds what any causal side choice at these instants could have earned; it is not a strategy, not achievable, and must never enter model training, a backtest or a promotion decision."
"[-0.2,0.0)",ONE_TICK,100-200,9093,0.0023226549657138456,0.000598535726671092,0.00023482705842689123,0.00027528298729155495,0.001979544704717915,0.00021994941163532388,0.00021994941163532388,0.000598535726671092,0.00023482705842689123,0.00027528298729155495,9093,0.006370323665405632,0.006783638993726645,100,0,0.0025294182338062247,0.977235235895744,M2-COST-LEDGER-v1,ORACLE_UPPER_BOUND,"ORACLE_UPPER_BOUND uses future information by construction: at each decision instant it takes max(0, net_long, net_short) from the realised future bid/ask. It bounds what any causal side choice at these instants could have earned; it is not a strategy, not achievable, and must never enter model training, a backtest or a promotion decision."
"[-0.2,0.0)",ONE_TICK,200+,1341,0.003933864112266525,0.0014097521444983497,0.0010706648998879886,0.0011452452521036787,0.0007457121551081282,0.0007457121551081282,0.0007457121551081282,0.0014097521444983497,0.0010706648998879886,0.0011452452521036787,1341,0.0009394703656998739,0.001000424490331841,100,0,0.005219985085756898,0.9560029828486204,M2-COST-LEDGER-v1,ORACLE_UPPER_BOUND,"ORACLE_UPPER_BOUND uses future information by construction: at each decision instant it takes max(0, net_long, net_short) from the realised future bid/ask. It bounds what any causal side choice at these instants could have earned; it is not a strategy, not achievable, and must never enter model training, a backtest or a promotion decision."
"[-0.2,0.0)",WIDER_THAN_ONE_TICK,5-25,611,0.007468223641931536,0.002509778723712379,0.0,0.0,0.0016366612111292963,0.0,0.0,0.002509778723712379,0.0,0.0,611,0.0004280510018214936,0.0004558235373547762,100,0,0.0016366612111292963,0.972176759410802,M2-COST-LEDGER-v1,ORACLE_UPPER_BOUND,"ORACLE_UPPER_BOUND uses future information by construction: at each decision instant it takes max(0, net_long, net_short) from the realised future bid/ask. It bounds what any causal side choice at these instants could have earned; it is not a strategy, not achievable, and must never enter model training, a backtest or a promotion decision."
"[-0.2,0.0)",WIDER_THAN_ONE_TICK,25-50,3966,0.00391209675976554,0.0030002054475774926,0.0013035146560015478,0.002033571871788811,0.0005042864346949068,0.0005042864346949068,0.0005042864346949068,0.0030002054475774926,0.0013035146560015478,0.002033571871788811,3966,0.0027784783522488443,0.0029587498349411497,100,0,0.0005042864346949068,0.9735249621785174,M2-COST-LEDGER-v1,ORACLE_UPPER_BOUND,"ORACLE_UPPER_BOUND uses future information by construction: at each decision instant it takes max(0, net_long, net_short) from the realised future bid/ask. It bounds what any causal side choice at these instants could have earned; it is not a strategy, not achievable, and must never enter model training, a backtest or a promotion decision."
"[-0.2,0.0)",WIDER_THAN_ONE_TICK,50-100,13207,0.0011204752120399077,0.0006912627291508593,0.0004152058767801345,0.0004880324842281703,0.00037858711289467706,7.57174225789354e-05,7.57174225789354e-05,0.0006912627291508593,0.0004152058767801345,0.0004880324842281703,13207,0.009252487039372285,0.009852801076668624,100,0,0.00037858711289467706,0.9763761641553722,M2-COST-LEDGER-v1,ORACLE_UPPER_BOUND,"ORACLE_UPPER_BOUND uses future information by construction: at each decision instant it takes max(0, net_long, net_short) from the realised future bid/ask. It bounds what any causal side choice at these instants could have earned; it is not a strategy, not achievable, and must never enter model training, a backtest or a promotion decision."
"[-0.2,0.0)",WIDER_THAN_ONE_TICK,100-200,20781,0.0010576142069404334,0.0004916449648145716,0.00018343335177021202,0.000271674506683226,0.0007218131947452,0.00014436263894903998,0.00028872527789807997,0.0004916449648145716,0.00018343335177021202,0.000271674506683226,20781,0.014558638083228248,0.015503222470981348,100,0,0.00081805495404456,0.9685289447091093,M2-COST-LEDGER-v1,ORACLE_UPPER_BOUND,"ORACLE_UPPER_BOUND uses future information by construction: at each decision instant it takes max(0, net_long, net_short) from the realised future bid/ask. It bounds what any causal side choice at these instants could have earned; it is not a strategy, not achievable, and must never enter model training, a backtest or a promotion decision."
"[-0.2,0.0)",WIDER_THAN_ONE_TICK,200+,14454,0.0006242534552197713,0.00028290412131050857,0.00021567839419668174,0.0002162061297513223,0.0002767400027674,0.0002767400027674,0.0002767400027674,0.00028290412131050857,0.00021567839419668174,0.0002162061297513223,14454,0.01012610340479193,0.010783098868945884,100,0,0.0010377750103777502,0.9616715096167151,M2-COST-LEDGER-v1,ORACLE_UPPER_BOUND,"ORACLE_UPPER_BOUND uses future information by construction: at each decision instant it takes max(0, net_long, net_short) from the realised future bid/ask. It bounds what any causal side choice at these instants could have earned; it is not a strategy, not achievable, and must never enter model training, a backtest or a promotion decision."
"[0.0,0.2)",ONE_TICK,5-25,19578,0.002821547338916333,0.0014448633221506213,1.0740386727963148e-07,0.00042716956146028503,0.00030646644192460924,5.107774032076821e-05,0.00010215548064153642,0.0013046566375094614,1.1698208142423506e-07,0.00046526429342250126,17975,0.013715846994535518,0.013409865931181836,100,0,0.00030646644192460924,0.9979568903871693,M2-COST-LEDGER-v1,ORACLE_UPPER_BOUND,"ORACLE_UPPER_BOUND uses future information by construction: at each decision instant it takes max(0, net_long, net_short) from the realised future bid/ask. It bounds what any causal side choice at these instants could have earned; it is not a strategy, not achievable, and must never enter model training, a backtest or a promotion decision."
"[0.0,0.2)",ONE_TICK,25-50,45387,0.0009534324036349599,0.00038476225125442056,0.0,7.915950635398797e-05,0.0003084583691365369,0.0,4.4065481305219556e-05,0.0002296116052057055,0.0,4.3348654515917714e-05,39441,0.03179697351828499,0.029424118063518377,100,0,0.0003084583691365369,0.9964747614955825,M2-COST-LEDGER-v1,ORACLE_UPPER_BOUND,"ORACLE_UPPER_BOUND uses future information by construction: at each decision instant it takes max(0, net_long, net_short) from the realised future bid/ask. It bounds what any causal side choice at these instants could have earned; it is not a strategy, not achievable, and must never enter model training, a backtest or a promotion decision."
"[0.0,0.2)",ONE_TICK,50-100,54038,0.001227260742510956,0.00040929067154708815,1.898001571612122e-05,8.180436947378306e-05,0.0007402198452940524,7.402198452940523e-05,0.00011103297679410786,0.00037168450022635405,2.458214190824529e-05,8.128863226661333e-05,41717,0.037857643267479334,0.031122079390882487,100,0,0.0007402198452940524,0.9935045708575447,M2-COST-LEDGER-v1,ORACLE_UPPER_BOUND,"ORACLE_UPPER_BOUND uses future information by construction: at each decision instant it takes max(0, net_long, net_short) from the realised future bid/ask. It bounds what any causal side choice at these instants could have earned; it is not a strategy, not achievable, and must never enter model training, a backtest or a promotion decision."
"[0.0,0.2)",ONE_TICK,100-200,16570,0.0026457758907877096,0.0006035802951172609,6.105670656046556e-05,0.00014359691962628857,0.002655401327700664,0.00018105009052504526,0.0004224502112251056,0.0008214333122669834,9.885769276010498e-05,0.0002324996050623023,10234,0.011608518985568165,0.007634857743516824,100,0,0.0029571514785757392,0.9772480386240193,M2-COST-LEDGER-v1,ORACLE_UPPER_BOUND,"ORACLE_UPPER_BOUND uses future information by construction: at each decision instant it takes max(0, net_long, net_short) from the realised future bid/ask. It bounds what any causal side choice at these instants could have earned; it is not a strategy, not achievable, and must never enter model training, a backtest or a promotion decision."
"[0.0,0.2)",ONE_TICK,200+,1862,0.02030340503004005,0.015326844688910983,0.013115326444010575,0.013605022435080183,0.004833512352309345,0.0021482277121374865,0.004833512352309345,0.016554826539956737,0.01400425228320184,0.014569410478494261,1436,0.0013044696651254028,0.0010712972170891302,100,0,0.01020408163265306,0.9489795918367347,M2-COST-LEDGER-v1,ORACLE_UPPER_BOUND,"ORACLE_UPPER_BOUND uses future information by construction: at each decision instant it takes max(0, net_long, net_short) from the realised future bid/ask. It bounds what any causal side choice at these instants could have earned; it is not a strategy, not achievable, and must never enter model training, a backtest or a promotion decision."
"[0.0,0.2)",WIDER_THAN_ONE_TICK,5-25,892,0.005142551528366315,0.0017272598634987158,0.0,0.0,0.0011210762331838565,0.0,0.0,0.0022492201434173055,0.0,0.0,685,0.0006249124281911167,0.000511029661355191,100,0,0.0011210762331838565,0.968609865470852,M2-COST-LEDGER-v1,ORACLE_UPPER_BOUND,"ORACLE_UPPER_BOUND uses future information by construction: at each decision instant it takes max(0, net_long, net_short) from the realised future bid/ask. It bounds what any causal side choice at these instants could have earned; it is not a strategy, not achievable, and must never enter model training, a backtest or a promotion decision."
"[0.0,0.2)",WIDER_THAN_ONE_TICK,25-50,6793,0.006140313339294713,0.004156851568062328,0.0015305488547450031,0.0025303851937427523,0.001324893272486383,0.0007360518180479906,0.0008832621816575887,0.00233694969717429,0.00064885420370002,0.0013621590146117646,3227,0.004759002381953202,0.0024074346236397097,100,0,0.001324893272486383,0.9693802443692036,M2-COST-LEDGER-v1,ORACLE_UPPER_BOUND,"ORACLE_UPPER_BOUND uses future information by construction: at each decision instant it takes max(0, net_long, net_short) from the realised future bid/ask. It bounds what any causal side choice at these instants could have earned; it is not a strategy, not achievable, and must never enter model training, a backtest or a promotion decision."
"[0.0,0.2)",WIDER_THAN_ONE_TICK,50-100,25375,0.0012145709320728058,0.0004470804485716226,2.4943838790605706e-08,0.00010282462553906864,0.00070935960591133,7.881773399014778e-05,0.00015763546798029557,0.0005754101263046738,4.8774748347971005e-08,0.00015098798965491596,12977,0.01777707720330671,0.009681214475045713,100,0,0.00070935960591133,0.9776945812807881,M2-COST-LEDGER-v1,ORACLE_UPPER_BOUND,"ORACLE_UPPER_BOUND uses future information by construction: at each decision instant it takes max(0, net_long, net_short) from the realised future bid/ask. It bounds what any causal side choice at these instants could have earned; it is not a strategy, not achievable, and must never enter model training, a backtest or a promotion decision."
"[0.0,0.2)",WIDER_THAN_ONE_TICK,100-200,52095,0.0014267046354171013,0.0007013033587399284,0.0003086310091615553,0.0004150185806697393,0.0009597850081581726,0.00021115270179479796,0.00040310970342643246,0.0007734349866576256,0.00040679712115976937,0.0005098666573786822,23406,0.03649642707019756,0.01746154781559066,100,0,0.0010557635089739898,0.9695556195412227,M2-COST-LEDGER-v1,ORACLE_UPPER_BOUND,"ORACLE_UPPER_BOUND uses future information by construction: at each decision instant it takes max(0, net_long, net_short) from the realised future bid/ask. It bounds what any causal side choice at these instants could have earned; it is not a strategy, not achievable, and must never enter model training, a backtest or a promotion decision."
"[0.0,0.2)",WIDER_THAN_ONE_TICK,200+,31399,0.0011273817250809365,0.0008248100306883733,0.0006852633154727022,0.00070028619066487,0.00044587407242268864,0.0003503296283321125,0.0003821777763623045,0.0005680535822344695,0.00041267888174184727,0.0004296480782535643,15922,0.021997337817009948,0.01187826900452168,100,0,0.0008280518487849931,0.9601579668142297,M2-COST-LEDGER-v1,ORACLE_UPPER_BOUND,"ORACLE_UPPER_BOUND uses future information by construction: at each decision instant it takes max(0, net_long, net_short) from the realised future bid/ask. It bounds what any causal side choice at these instants could have earned; it is not a strategy, not achievable, and must never enter model training, a backtest or a promotion decision."
"[0.2,0.4)",ONE_TICK,5-25,17068,0.0014362724595389676,0.0008392680270640315,4.463110656151848e-07,0.0003152605578256236,0.00011717834544176236,5.858917272088118e-05,5.858917272088118e-05,0.0008392680270640315,4.463110656151848e-07,0.0003152605578256236,17068,0.01195740507215917,0.0127332178978254,100,0,0.00011717834544176236,0.9988282165455824,M2-COST-LEDGER-v1,ORACLE_UPPER_BOUND,"ORACLE_UPPER_BOUND uses future information by construction: at each decision instant it takes max(0, net_long, net_short) from the realised future bid/ask. It bounds what any causal side choice at these instants could have earned; it is not a strategy, not achievable, and must never enter model training, a backtest or a promotion decision."
"[0.2,0.4)",ONE_TICK,25-50,41760,0.0016953299706045162,0.000983937189152104,0.0005516911628250475,0.0006202571844007906,0.0003831417624521073,2.3946360153256706e-05,4.789272030651341e-05,0.000983937189152104,0.0005516911628250475,0.0006202571844007906,41760,0.029255989911727617,0.031154158625098943,100,0,0.0003831417624521073,0.9979406130268199,M2-COST-LEDGER-v1,ORACLE_UPPER_BOUND,"ORACLE_UPPER_BOUND uses future information by construction: at each decision instant it takes max(0, net_long, net_short) from the realised future bid/ask. It bounds what any causal side choice at these instants could have earned; it is not a strategy, not achievable, and must never enter model training, a backtest or a promotion decision."
"[0.2,0.4)",ONE_TICK,50-100,50106,0.0012410907944174748,0.00039094783754830523,2.97578519896959e-05,7.574352962098481e-05,0.0007583922085179419,3.991537939568116e-05,5.987306909352173e-05,0.00039094783754830523,2.97578519896959e-05,7.574352962098481e-05,50106,0.03510298444724674,0.03738051417790248,100,0,0.0007583922085179419,0.9956492236458707,M2-COST-LEDGER-v1,ORACLE_UPPER_BOUND,"ORACLE_UPPER_BOUND uses future information by construction: at each decision instant it takes max(0, net_long, net_short) from the realised future bid/ask. It bounds what any causal side choice at these instants could have earned; it is not a strategy, not achievable, and must never enter model training, a backtest or a promotion decision."
"[0.2,0.4)",ONE_TICK,100-200,14105,0.0024264395323403258,0.0005441696467334355,3.641584799857484e-05,0.0001414474665155435,0.002056008507621411,0.00021269053527118043,0.0003544842254519674,0.0005441696467334355,3.641584799857484e-05,0.0001414474665155435,14105,0.0098816029143898,0.010522734851700685,100,0,0.002835873803615739,0.9854661467564694,M2-COST-LEDGER-v1,ORACLE_UPPER_BOUND,"ORACLE_UPPER_BOUND uses future information by construction: at each decision instant it takes max(0, net_long, net_short) from the realised future bid/ask. It bounds what any causal side choice at these instants could have earned; it is not a strategy, not achievable, and must never enter model training, a backtest or a promotion decision."
"[0.2,0.4)",ONE_TICK,200+,1338,0.003939702609629015,0.0006811049854252694,1.729533252065962e-08,0.0001501482916319245,0.0014947683109118087,0.0007473841554559044,0.0014947683109118087,0.0006811049854252694,1.729533252065962e-08,0.0001501482916319245,1338,0.0009373686422866751,0.000998186404223716,100,0,0.006726457399103139,0.9618834080717489,M2-COST-LEDGER-v1,ORACLE_UPPER_BOUND,"ORACLE_UPPER_BOUND uses future information by construction: at each decision instant it takes max(0, net_long, net_short) from the realised future bid/ask. It bounds what any causal side choice at these instants could have earned; it is not a strategy, not achievable, and must never enter model training, a backtest or a promotion decision."
"[0.2,0.4)",WIDER_THAN_ONE_TICK,5-25,729,0.0,0.0,0.0,0.0,0.0,0.0,0.0,0.0,0.0,0.0,729,0.000510718789407314,0.0005438549242743566,100,0,0.0,0.9766803840877915,M2-COST-LEDGER-v1,ORACLE_UPPER_BOUND,"ORACLE_UPPER_BOUND uses future information by construction: at each decision instant it takes max(0, net_long, net_short) from the realised future bid/ask. It bounds what any causal side choice at these instants could have earned; it is not a strategy, not achievable, and must never enter model training, a backtest or a promotion decision."
"[0.2,0.4)",WIDER_THAN_ONE_TICK,25-50,5310,0.0004245354308779902,0.00012285952623999392,0.0,0.0,0.00018832391713747646,0.0,0.0,0.00012285952623999392,0.0,0.0,5310,0.003720050441361917,0.003961412411381116,100,0,0.00018832391713747646,0.9734463276836158,M2-COST-LEDGER-v1,ORACLE_UPPER_BOUND,"ORACLE_UPPER_BOUND uses future information by construction: at each decision instant it takes max(0, net_long, net_short) from the realised future bid/ask. It bounds what any causal side choice at these instants could have earned; it is not a strategy, not achievable, and must never enter model training, a backtest or a promotion decision."
"[0.2,0.4)",WIDER_THAN_ONE_TICK,50-100,19546,0.0008034614449294014,0.00030130698290244904,3.0769421144582146e-08,7.2624212497364e-05,0.0005116136293870869,0.00010232272587741738,0.00015348408881612607,0.00030130698290244904,3.0769421144582146e-08,7.2624212497364e-05,19546,0.013693428611461398,0.014581877023136588,100,0,0.0005116136293870869,0.9802517139056585,M2-COST-LEDGER-v1,ORACLE_UPPER_BOUND,"ORACLE_UPPER_BOUND uses future information by construction: at each decision instant it takes max(0, net_long, net_short) from the realised future bid/ask. It bounds what any causal side choice at these instants could have earned; it is not a strategy, not achievable, and must never enter model training, a backtest or a promotion decision."
"[0.2,0.4)",WIDER_THAN_ONE_TICK,100-200,35255,0.0020165706824985716,0.0012193332531920634,0.0006953094800595024,0.0008469606759003075,0.001106226067224507,0.0004254715643171181,0.0005672954190894909,0.0012193332531920634,0.0006953094800595024,0.0008469606759003075,35255,0.024698752977441504,0.026301241913981397,100,0,0.0011629556091334562,0.9757481208339243,M2-COST-LEDGER-v1,ORACLE_UPPER_BOUND,"ORACLE_UPPER_BOUND uses future information by construction: at each decision instant it takes max(0, net_long, net_short) from the realised future bid/ask. It bounds what any causal side choice at these instants could have earned; it is not a strategy, not achievable, and must never enter model training, a backtest or a promotion decision."
"[0.2,0.4)",WIDER_THAN_ONE_TICK,200+,17849,0.0011686967133889628,0.0009074752450643508,0.000799489235871873,0.0008045382749236817,0.0003921788335480979,0.00033615328589836965,0.0003921788335480979,0.0009074752450643508,0.000799489235871873,0.0008045382749236817,17849,0.012504553734061931,0.013315866314640589,100,0,0.0007843576670961958,0.9672810801725586,M2-COST-LEDGER-v1,ORACLE_UPPER_BOUND,"ORACLE_UPPER_BOUND uses future information by construction: at each decision instant it takes max(0, net_long, net_short) from the realised future bid/ask. It bounds what any causal side choice at these instants could have earned; it is not a strategy, not achievable, and must never enter model training, a backtest or a promotion decision."
"[0.4,0.6)",ONE_TICK,5-25,12418,0.0023849805134337574,0.0008417114965278085,0.0,0.0,0.0003221130616846513,0.0,0.0,0.0008417114965278085,0.0,0.0,12418,0.008699733781700995,0.009264184430231769,100,0,0.0003221130616846513,0.9983894346915767,M2-COST-LEDGER-v1,ORACLE_UPPER_BOUND,"ORACLE_UPPER_BOUND uses future information by construction: at each decision instant it takes max(0, net_long, net_short) from the realised future bid/ask. It bounds what any causal side choice at these instants could have earned; it is not a strategy, not achievable, and must never enter model training, a backtest or a promotion decision."
"[0.4,0.6)",ONE_TICK,25-50,32172,0.001494312896728895,0.0004598037450760693,0.0,0.0,0.0005284097973393012,0.0,0.0,0.0004598037450760693,0.0,0.0,32172,0.02253888188314418,0.024001235423531685,100,0,0.0005284097973393012,0.9985701852542583,M2-COST-LEDGER-v1,ORACLE_UPPER_BOUND,"ORACLE_UPPER_BOUND uses future information by construction: at each decision instant it takes max(0, net_long, net_short) from the realised future bid/ask. It bounds what any causal side choice at these instants could have earned; it is not a strategy, not achievable, and must never enter model training, a backtest or a promotion decision."
"[0.4,0.6)",ONE_TICK,50-100,36384,0.0011393854055900953,0.00033508595638849807,6.406784416071129e-09,3.8963014828042975e-05,0.0007145998240985048,2.7484608619173264e-05,5.496921723834653e-05,0.00033508595638849807,6.406784416071129e-09,3.8963014828042975e-05,36384,0.025489701555275326,0.02714350831933908,100,0,0.0007145998240985048,0.9974989006156553,M2-COST-LEDGER-v1,ORACLE_UPPER_BOUND,"ORACLE_UPPER_BOUND uses future information by construction: at each decision instant it takes max(0, net_long, net_short) from the realised future bid/ask. It bounds what any causal side choice at these instants could have earned; it is not a strategy, not achievable, and must never enter model training, a backtest or a promotion decision."
"[0.4,0.6)",ONE_TICK,100-200,9764,0.00362180678054559,0.002092770652852231,0.001433857883927173,0.0016050271667488107,0.0020483408439164277,0.0003072511265874642,0.0005120852109791069,0.002092770652852231,0.001433857883927173,0.0016050271667488107,9764,0.006840409135491103,0.0072842242532439195,100,0,0.0021507578861122492,0.990270380991397,M2-COST-LEDGER-v1,ORACLE_UPPER_BOUND,"ORACLE_UPPER_BOUND uses future information by construction: at each decision instant it takes max(0, net_long, net_short) from the realised future bid/ask. It bounds what any causal side choice at these instants could have earned; it is not a strategy, not achievable, and must never enter model training, a backtest or a promotion decision."
"[0.4,0.6)",ONE_TICK,200+,1333,0.003964819885293551,0.00034389607810613127,0.0,7.630330996174394e-05,0.0007501875468867217,0.0,0.0007501875468867217,0.00034389607810613127,0.0,7.630330996174394e-05,1333,0.0009338657699313437,0.0009944562607101745,100,0,0.007501875468867217,0.9632408102025506,M2-COST-LEDGER-v1,ORACLE_UPPER_BOUND,"ORACLE_UPPER_BOUND uses future information by construction: at each decision instant it takes max(0, net_long, net_short) from the realised future bid/ask. It bounds what any causal side choice at these instants could have earned; it is not a strategy, not achievable, and must never enter model training, a backtest or a promotion decision."
"[0.4,0.6)",WIDER_THAN_ONE_TICK,5-25,490,0.0,0.0,0.0,0.0,0.0,0.0,0.0,0.0,0.0,0.0,490,0.00034328149082247443,0.00036555406432707094,100,0,0.0,0.9897959183673469,M2-COST-LEDGER-v1,ORACLE_UPPER_BOUND,"ORACLE_UPPER_BOUND uses future information by construction: at each decision instant it takes max(0, net_long, net_short) from the realised future bid/ask. It bounds what any causal side choice at these instants could have earned; it is not a strategy, not achievable, and must never enter model training, a backtest or a promotion decision."
"[0.4,0.6)",WIDER_THAN_ONE_TICK,25-50,3302,0.001279019008390241,0.0003619333669999344,0.0,0.0,0.0006056935190793458,0.0,0.0,0.0003619333669999344,0.0,0.0,3302,0.002313296903460838,0.002463386776342833,100,0,0.0006056935190793458,0.984251968503937,M2-COST-LEDGER-v1,ORACLE_UPPER_BOUND,"ORACLE_UPPER_BOUND uses future information by construction: at each decision instant it takes max(0, net_long, net_short) from the realised future bid/ask. It bounds what any causal side choice at these instants could have earned; it is not a strategy, not achievable, and must never enter model training, a backtest or a promotion decision."
"[0.4,0.6)",WIDER_THAN_ONE_TICK,50-100,11239,0.0015290701070989475,0.0005360685741115105,5.9337868375959606e-08,0.00010528031539124863,0.0008897588753447815,8.897588753447816e-05,0.0001779517750689563,0.0005360685741115105,5.9337868375959606e-08,0.00010528031539124863,11239,0.007873756480313857,0.008384616589738674,100,0,0.0008897588753447815,0.9840733161313284,M2-COST-LEDGER-v1,ORACLE_UPPER_BOUND,"ORACLE_UPPER_BOUND uses future information by construction: at each decision instant it takes max(0, net_long, net_short) from the realised future bid/ask. It bounds what any causal side choice at these instants could have earned; it is not a strategy, not achievable, and must never enter model training, a backtest or a promotion decision."
"[0.4,0.6)",WIDER_THAN_ONE_TICK,100-200,19249,0.0020735374478633717,0.0012487051976839156,0.0007390353548532117,0.0008954823326343402,0.0009870642630786014,0.00036365525481843214,0.0005195075068834744,0.0012487051976839156,0.0007390353548532117,0.0008954823326343402,19249,0.013485357993554714,0.01436030649843222,100,0,0.0012468180165203387,0.9793755519767261,M2-COST-LEDGER-v1,ORACLE_UPPER_BOUND,"ORACLE_UPPER_BOUND uses future information by construction: at each decision instant it takes max(0, net_long, net_short) from the realised future bid/ask. It bounds what any causal side choice at these instants could have earned; it is not a strategy, not achievable, and must never enter model training, a backtest or a promotion decision."
"[0.4,0.6)",WIDER_THAN_ONE_TICK,200+,11476,0.0003964458001835676,9.971651234561723e-05,9.18438311201867e-05,5.2918128415287956e-05,0.0003485535029627048,0.000435691878703381,0.00026141512722202857,9.971651234561723e-05,9.18438311201867e-05,5.2918128415287956e-05,11476,0.008039792629956565,0.008561425392280542,100,0,0.0009585221331474381,0.9682816312303939,M2-COST-LEDGER-v1,ORACLE_UPPER_BOUND,"ORACLE_UPPER_BOUND uses future information by construction: at each decision instant it takes max(0, net_long, net_short) from the realised future bid/ask. It bounds what any causal side choice at these instants could have earned; it is not a strategy, not achievable, and must never enter model training, a backtest or a promotion decision."
"[0.6,0.8)",ONE_TICK,5-25,7758,0.0018060708967334005,0.0006344953188353171,0.0,0.0,0.0002577984016499098,0.0,0.0,0.0006344953188353171,0.0,0.0,7758,0.005435056746532156,0.005787690675611053,100,0,0.0002577984016499098,0.9985821087909255,M2-COST-LEDGER-v1,ORACLE_UPPER_BOUND,"ORACLE_UPPER_BOUND uses future information by construction: at each decision instant it takes max(0, net_long, net_short) from the realised future bid/ask. It bounds what any causal side choice at these instants could have earned; it is not a strategy, not achievable, and must never enter model training, a backtest or a promotion decision."
"[0.6,0.8)",ONE_TICK,25-50,21373,0.002133986600712609,0.0009210517520555561,0.00020468725645621136,0.00031624096512958136,0.000701820053338324,9.357600711177654e-05,9.357600711177654e-05,0.0009210517520555561,0.00020468725645621136,0.00031624096512958136,21373,0.014973378170099482,0.015944871462984667,100,0,0.000701820053338324,0.9988302999111028,M2-COST-LEDGER-v1,ORACLE_UPPER_BOUND,"ORACLE_UPPER_BOUND uses future information by construction: at each decision instant it takes max(0, net_long, net_short) from the realised future bid/ask. It bounds what any causal side choice at these instants could have earned; it is not a strategy, not achievable, and must never enter model training, a backtest or a promotion decision."
"[0.6,0.8)",ONE_TICK,50-100,26764,0.001517423597630622,0.00046265117075263817,1.7069514751549425e-08,5.682819837005798e-05,0.0008967269466447467,7.472724555372888e-05,7.472724555372888e-05,0.00046265117075263817,1.7069514751549425e-08,5.682819837005798e-05,26764,0.018750175143617768,0.019966712199285155,100,0,0.0008967269466447467,0.9974966372739501,M2-COST-LEDGER-v1,ORACLE_UPPER_BOUND,"ORACLE_UPPER_BOUND uses future information by construction: at each decision instant it takes max(0, net_long, net_short) from the realised future bid/ask. It bounds what any causal side choice at these instants could have earned; it is not a strategy, not achievable, and must never enter model training, a backtest or a promotion decision."
"[0.6,0.8)",ONE_TICK,100-200,7267,0.0030577325624489725,0.001097728954881948,0.0004185844195730575,0.0005759054567755014,0.002339342232007706,0.0002752167331773772,0.000688041832943443,0.001097728954881948,0.0004185844195730575,0.0005759054567755014,7267,0.005091074681238616,0.005421390582581274,100,0,0.003027384064951149,0.987615247007018,M2-COST-LEDGER-v1,ORACLE_UPPER_BOUND,"ORACLE_UPPER_BOUND uses future information by construction: at each decision instant it takes max(0, net_long, net_short) from the realised future bid/ask. It bounds what any causal side choice at these instants could have earned; it is not a strategy, not achievable, and must never enter model training, a backtest or a promotion decision."
"[0.6,0.8)",ONE_TICK,200+,1148,0.010690974934765396,0.007774133443108133,0.00695976544979392,0.007144275475117906,0.0017421602787456446,0.0017421602787456446,0.0017421602787456446,0.007774133443108133,0.00695976544979392,0.007144275475117906,1148,0.000804259492784083,0.0008564409507091376,100,0,0.006097560975609756,0.9616724738675958,M2-COST-LEDGER-v1,ORACLE_UPPER_BOUND,"ORACLE_UPPER_BOUND uses future information by construction: at each decision instant it takes max(0, net_long, net_short) from the realised future bid/ask. It bounds what any causal side choice at these instants could have earned; it is not a strategy, not achievable, and must never enter model training, a backtest or a promotion decision."
"[0.6,0.8)",WIDER_THAN_ONE_TICK,5-25,381,0.07704516387506356,0.06061020724757456,0.02573192993546437,0.04159562659215062,0.0026246719160104987,0.0026246719160104987,0.0026246719160104987,0.06061020724757456,0.02573192993546437,0.04159562659215062,381,0.0002669188734762505,0.00028423693573186536,100,0,0.0026246719160104987,0.9816272965879265,M2-COST-LEDGER-v1,ORACLE_UPPER_BOUND,"ORACLE_UPPER_BOUND uses future information by construction: at each decision instant it takes max(0, net_long, net_short) from the realised future bid/ask. It bounds what any causal side choice at these instants could have earned; it is not a strategy, not achievable, and must never enter model training, a backtest or a promotion decision."
"[0.6,0.8)",WIDER_THAN_ONE_TICK,25-50,2778,0.005297896525710235,0.0025705853329568143,0.0,0.0008065986749630691,0.0017998560115190785,0.0,0.0007199424046076314,0.0025705853329568143,0.0,0.0008065986749630691,2778,0.0019461958806221101,0.0020724677361236795,100,0,0.0017998560115190785,0.9762419006479481,M2-COST-LEDGER-v1,ORACLE_UPPER_BOUND,"ORACLE_UPPER_BOUND uses future information by construction: at each decision instant it takes max(0, net_long, net_short) from the realised future bid/ask. It bounds what any causal side choice at these instants could have earned; it is not a strategy, not achievable, and must never enter model training, a backtest or a promotion decision."
"[0.6,0.8)",WIDER_THAN_ONE_TICK,50-100,6871,0.0033033250286281074,0.0019392307265511002,0.000811593011748905,0.0011864144578162983,0.0014553922282055014,0.0005821568912822005,0.0005821568912822005,0.0019392307265511002,0.000811593011748905,0.0011864144578162983,6871,0.004813647190696371,0.005125963216308784,100,0,0.0014553922282055014,0.9866103915005094,M2-COST-LEDGER-v1,ORACLE_UPPER_BOUND,"ORACLE_UPPER_BOUND uses future information by construction: at each decision instant it takes max(0, net_long, net_short) from the realised future bid/ask. It bounds what any causal side choice at these instants could have earned; it is not a strategy, not achievable, and must never enter model training, a backtest or a promotion decision."
"[0.6,0.8)",WIDER_THAN_ONE_TICK,100-200,12963,0.003036080428434944,0.0020557602127734336,0.001702608986544632,0.0017862659233486035,0.0010799969142945307,0.00030857054694129443,0.00038571318367661806,0.0020557602127734336,0.001702608986544632,0.0017862659233486035,12963,0.009081546868432114,0.009670770073207796,100,0,0.0015428527347064722,0.9741572166936666,M2-COST-LEDGER-v1,ORACLE_UPPER_BOUND,"ORACLE_UPPER_BOUND uses future information by construction: at each decision instant it takes max(0, net_long, net_short) from the realised future bid/ask. It bounds what any causal side choice at these instants could have earned; it is not a strategy, not achievable, and must never enter model training, a backtest or a promotion decision."
"[0.6,0.8)",WIDER_THAN_ONE_TICK,200+,10700,0.0039943053801751865,0.003360567248716336,0.003153818426601087,0.003178127966845222,0.0006542056074766356,0.0005607476635514019,0.0005607476635514019,0.003360567248716336,0.003153818426601087,0.003178127966845222,10700,0.007496146840409136,0.007982507118978896,100,0,0.0017757009345794393,0.9679439252336448,M2-COST-LEDGER-v1,ORACLE_UPPER_BOUND,"ORACLE_UPPER_BOUND uses future information by construction: at each decision instant it takes max(0, net_long, net_short) from the realised future bid/ask. It bounds what any causal side choice at these instants could have earned; it is not a strategy, not achievable, and must never enter model training, a backtest or a promotion decision."
"[0.8,1.0]",ONE_TICK,5-25,3436,0.0,0.0,0.0,0.0,0.0,0.0,0.0,0.0,0.0,0.0,3436,0.0024071738825837186,0.0025633546225057465,100,0,0.0,0.9991268917345751,M2-COST-LEDGER-v1,ORACLE_UPPER_BOUND,"ORACLE_UPPER_BOUND uses future information by construction: at each decision instant it takes max(0, net_long, net_short) from the realised future bid/ask. It bounds what any causal side choice at these instants could have earned; it is not a strategy, not achievable, and must never enter model training, a backtest or a promotion decision."
"[0.8,1.0]",ONE_TICK,25-50,8205,0.0014830026648189661,0.0008071701019232484,5.48049604905164e-08,0.00027815266640792796,0.00036563071297989033,0.0001218769043266301,0.0002437538086532602,0.0008071701019232484,5.48049604905164e-08,0.00027815266640792796,8205,0.005748213535098781,0.006121165505721667,100,0,0.00036563071297989033,0.9982937233394272,M2-COST-LEDGER-v1,ORACLE_UPPER_BOUND,"ORACLE_UPPER_BOUND uses future information by construction: at each decision instant it takes max(0, net_long, net_short) from the realised future bid/ask. It bounds what any causal side choice at these instants could have earned; it is not a strategy, not achievable, and must never enter model training, a backtest or a promotion decision."
"[0.8,1.0]",ONE_TICK,50-100,12186,0.001605688342343689,0.0007296860219129622,0.0002855357269192,0.00036612406392387325,0.0008206138191367143,8.206138191367142e-05,0.00016412276382734285,0.0007296860219129622,0.0002855357269192,0.00036612406392387325,12186,0.008537200504413619,0.009091105771203442,100,0,0.0008206138191367143,0.9974560971606762,M2-COST-LEDGER-v1,ORACLE_UPPER_BOUND,"ORACLE_UPPER_BOUND uses future information by construction: at each decision instant it takes max(0, net_long, net_short) from the realised future bid/ask. It bounds what any causal side choice at these instants could have earned; it is not a strategy, not achievable, and must never enter model training, a backtest or a promotion decision."
"[0.8,1.0]",ONE_TICK,100-200,5429,0.002282035678595535,0.0005835298581388256,2.1716914929792114e-08,0.00016467924122010142,0.0016577638607478357,0.0003683919690550746,0.0005525879535826119,0.0005835298581388256,2.1716914929792114e-08,0.00016467924122010142,5429,0.0038034188034188035,0.004050189827003404,100,0,0.0027629397679130594,0.9872904770676,M2-COST-LEDGER-v1,ORACLE_UPPER_BOUND,"ORACLE_UPPER_BOUND uses future information by construction: at each decision instant it takes max(0, net_long, net_short) from the realised future bid/ask. It bounds what any causal side choice at these instants could have earned; it is not a strategy, not achievable, and must never enter model training, a backtest or a promotion decision."
"[0.8,1.0]",ONE_TICK,200+,964,0.002990998958082619,0.00047460509901077583,0.0,0.0001050811356321993,0.001037344398340249,0.0,0.001037344398340249,0.00047460509901077583,0.0,0.0001050811356321993,964,0.0006753537901078885,0.0007191716694108089,100,0,0.005186721991701245,0.9688796680497925,M2-COST-LEDGER-v1,ORACLE_UPPER_BOUND,"ORACLE_UPPER_BOUND uses future information by construction: at each decision instant it takes max(0, net_long, net_short) from the realised future bid/ask. It bounds what any causal side choice at these instants could have earned; it is not a strategy, not achievable, and must never enter model training, a backtest or a promotion decision."
"[0.8,1.0]",WIDER_THAN_ONE_TICK,5-25,286,0.0,0.0,0.0,0.0,0.0,0.0,0.0,0.0,0.0,0.0,286,0.00020036429872495446,0.0002133642089745761,100,0,0.0,0.9895104895104895,M2-COST-LEDGER-v1,ORACLE_UPPER_BOUND,"ORACLE_UPPER_BOUND uses future information by construction: at each decision instant it takes max(0, net_long, net_short) from the realised future bid/ask. It bounds what any causal side choice at these instants could have earned; it is not a strategy, not achievable, and must never enter model training, a backtest or a promotion decision."
"[0.8,1.0]",WIDER_THAN_ONE_TICK,25-50,1390,0.009723930620808185,0.0029608046948745533,0.0,0.0,0.0035971223021582736,0.0,0.0,0.0029608046948745533,0.0,0.0,1390,0.0009737985147821213,0.0010369798967645482,100,0,0.0035971223021582736,0.9820143884892086,M2-COST-LEDGER-v1,ORACLE_UPPER_BOUND,"ORACLE_UPPER_BOUND uses future information by construction: at each decision instant it takes max(0, net_long, net_short) from the realised future bid/ask. It bounds what any causal side choice at these instants could have earned; it is not a strategy, not achievable, and must never enter model training, a backtest or a promotion decision."
"[0.8,1.0]",WIDER_THAN_ONE_TICK,50-100,3494,0.004000847917503266,0.002834137813294924,0.001615279802541101,0.002061943170609816,0.0011448196908986834,0.0005724098454493417,0.0005724098454493417,0.002834137813294924,0.001615279802541101,0.002061943170609816,3494,0.0024478072019055628,0.002606624287262828,100,0,0.0011448196908986834,0.9816828849456211,M2-COST-LEDGER-v1,ORACLE_UPPER_BOUND,"ORACLE_UPPER_BOUND uses future information by construction: at each decision instant it takes max(0, net_long, net_short) from the realised future bid/ask. It bounds what any causal side choice at these instants could have earned; it is not a strategy, not achievable, and must never enter model training, a backtest or a promotion decision."
"[0.8,1.0]",WIDER_THAN_ONE_TICK,100-200,18124,0.002403116016773309,0.0013666980864516594,0.0008509957376877983,0.0009835761302301616,0.0012138600750386229,0.0004965791216067093,0.0006621054954756124,0.0013666980864516594,0.0008509957376877983,0.0009835761302301616,18124,0.012697211713605156,0.013521024207885373,100,0,0.001655263738689031,0.9752813948355772,M2-COST-LEDGER-v1,ORACLE_UPPER_BOUND,"ORACLE_UPPER_BOUND uses future information by construction: at each decision instant it takes max(0, net_long, net_short) from the realised future bid/ask. It bounds what any causal side choice at these instants could have earned; it is not a strategy, not achievable, and must never enter model training, a backtest or a promotion decision."
"[0.8,1.0]",WIDER_THAN_ONE_TICK,200+,31363,0.0010696731899727666,0.0008018953668248443,0.0007056822936376637,0.000700425041479154,0.0004463858686987852,0.0004463858686987852,0.0004145011637917291,0.0008018953668248443,0.0007056822936376637,0.000700425041479154,31363,0.02197211713605156,0.023397698203040662,100,0,0.0007014635079552339,0.9714313044032777,M2-COST-LEDGER-v1,ORACLE_UPPER_BOUND,"ORACLE_UPPER_BOUND uses future information by construction: at each decision instant it takes max(0, net_long, net_short) from the realised future bid/ask. It bounds what any causal side choice at these instants could have earned; it is not a strategy, not achievable, and must never enter model training, a backtest or a promotion decision."
"[-1.0,-0.8)",ONE_TICK,5-25,2938,0.0029843717405064894,0.0010646268370634027,0.0,0.0,0.0003403675970047651,0.0,0.0,0.0010646268370634027,0.0,0.0,2938,0.0020582877959927142,0.0021918323285570088,250,0,0.0003403675970047651,0.9530292716133424,M2-COST-LEDGER-v1,ORACLE_UPPER_BOUND,"ORACLE_UPPER_BOUND uses future information by construction: at each decision instant it takes max(0, net_long, net_short) from the realised future bid/ask. It bounds what any causal side choice at these instants could have earned; it is not a strategy, not achievable, and must never enter model training, a backtest or a promotion decision."
"[-1.0,-0.8)",ONE_TICK,25-50,6607,0.006528459461086411,0.0032015420656011373,0.0009793950442923479,0.0014497645146194793,0.0019676101104888753,0.00015135462388375965,0.0003027092477675193,0.0032015420656011373,0.0009793950442923479,0.0014497645146194793,6607,0.0046286955303348745,0.004929011638793791,250,0,0.0019676101104888753,0.9447555622824277,M2-COST-LEDGER-v1,ORACLE_UPPER_BOUND,"ORACLE_UPPER_BOUND uses future information by construction: at each decision instant it takes max(0, net_long, net_short) from the realised future bid/ask. It bounds what any causal side choice at these instants could have earned; it is not a strategy, not achievable, and must never enter model training, a backtest or a promotion decision."
"[-1.0,-0.8)",ONE_TICK,50-100,8932,0.0024210635499056616,0.0006923082212523832,1.1715237912425185e-08,5.017207395476416e-05,0.0014554411106135244,0.00011195700850873264,0.00011195700850873264,0.0006923082212523832,1.1715237912425185e-08,5.017207395476416e-05,8932,0.006257531175563963,0.006663528372590607,250,0,0.0014554411106135244,0.940550828481863,M2-COST-LEDGER-v1,ORACLE_UPPER_BOUND,"ORACLE_UPPER_BOUND uses future information by construction: at each decision instant it takes max(0, net_long, net_short) from the realised future bid/ask. It bounds what any causal side choice at these instants could have earned; it is not a strategy, not achievable, and must never enter model training, a backtest or a promotion decision."
"[-1.0,-0.8)",ONE_TICK,100-200,5687,0.012130750145574066,0.0064355697727093795,0.004484791695053712,0.0048809763812455815,0.007736943907156673,0.001406717074028486,0.002110075611042729,0.0064355697727093795,0.004484791695053712,0.0048809763812455815,5687,0.003984167016953902,0.004242665232302148,250,0,0.008616142078424477,0.9094425883594162,M2-COST-LEDGER-v1,ORACLE_UPPER_BOUND,"ORACLE_UPPER_BOUND uses future information by construction: at each decision instant it takes max(0, net_long, net_short) from the realised future bid/ask. It bounds what any causal side choice at these instants could have earned; it is not a strategy, not achievable, and must never enter model training, a backtest or a promotion decision."
"[-1.0,-0.8)",ONE_TICK,200+,1002,0.07018228095861849,0.06114277375513207,0.058482302492526735,0.05905227810941982,0.005988023952095809,0.00499001996007984,0.005988023952095809,0.06114277375513207,0.058482302492526735,0.05905227810941982,1002,0.0007019756200084069,0.0007475207601137246,250,0,0.018962075848303395,0.812375249500998,M2-COST-LEDGER-v1,ORACLE_UPPER_BOUND,"ORACLE_UPPER_BOUND uses future information by construction: at each decision instant it takes max(0, net_long, net_short) from the realised future bid/ask. It bounds what any causal side choice at these instants could have earned; it is not a strategy, not achievable, and must never enter model training, a backtest or a promotion decision."
"[-1.0,-0.8)",WIDER_THAN_ONE_TICK,5-25,214,0.0,0.0,0.0,0.0,0.0,0.0,0.0,0.0,0.0,0.0,214,0.0001499229368081827,0.0001596501423795779,250,0,0.0,0.9485981308411215,M2-COST-LEDGER-v1,ORACLE_UPPER_BOUND,"ORACLE_UPPER_BOUND uses future information by construction: at each decision instant it takes max(0, net_long, net_short) from the realised future bid/ask. It bounds what any causal side choice at these instants could have earned; it is not a strategy, not achievable, and must never enter model training, a backtest or a promotion decision."
"[-1.0,-0.8)",WIDER_THAN_ONE_TICK,25-50,926,0.01260401584212208,0.0036823274910342163,0.0,0.0,0.005399568034557235,0.0,0.0,0.0036823274910342163,0.0,0.0,926,0.00064873196020737,0.0006908225787078932,250,0,0.005399568034557235,0.8952483801295896,M2-COST-LEDGER-v1,ORACLE_UPPER_BOUND,"ORACLE_UPPER_BOUND uses future information by construction: at each decision instant it takes max(0, net_long, net_short) from the realised future bid/ask. It bounds what any causal side choice at these instants could have earned; it is not a strategy, not achievable, and must never enter model training, a backtest or a promotion decision."
"[-1.0,-0.8)",WIDER_THAN_ONE_TICK,50-100,3653,0.011961164660408695,0.0077841711593896155,0.0035470969543789995,0.005035954314490769,0.0038324664659184233,0.0016424856282507528,0.0019162332329592116,0.0077841711593896155,0.0035470969543789995,0.005035954314490769,3653,0.0025591985428051003,0.002725242850993449,250,0,0.0038324664659184233,0.9332055844511361,M2-COST-LEDGER-v1,ORACLE_UPPER_BOUND,"ORACLE_UPPER_BOUND uses future information by construction: at each decision instant it takes max(0, net_long, net_short) from the realised future bid/ask. It bounds what any causal side choice at these instants could have earned; it is not a strategy, not achievable, and must never enter model training, a backtest or a promotion decision."
"[-1.0,-0.8)",WIDER_THAN_ONE_TICK,100-200,18955,0.00880208771415965,0.005966267343018407,0.004440267147470854,0.004851009006336451,0.0033764178317066736,0.001424426272751253,0.001899235030335004,0.005966267343018407,0.004440267147470854,0.004851009006336451,18955,0.01327938909906123,0.014140974059835979,250,0,0.004484304932735426,0.9269322078607227,M2-COST-LEDGER-v1,ORACLE_UPPER_BOUND,"ORACLE_UPPER_BOUND uses future information by construction: at each decision instant it takes max(0, net_long, net_short) from the realised future bid/ask. It bounds what any causal side choice at these instants could have earned; it is not a strategy, not achievable, and must never enter model training, a backtest or a promotion decision."
"[-1.0,-0.8)",WIDER_THAN_ONE_TICK,200+,30811,0.0024433219835656344,0.0017409164302661922,0.0014571948612869786,0.0014810198291154706,0.0009736782318003311,0.0008763104086202979,0.0008763104086202979,0.0017409164302661922,0.0014571948612869786,0.0014810198291154706,30811,0.021585400028022977,0.022985890359145677,250,0,0.001849988640420629,0.9221057414559736,M2-COST-LEDGER-v1,ORACLE_UPPER_BOUND,"ORACLE_UPPER_BOUND uses future information by construction: at each decision instant it takes max(0, net_long, net_short) from the realised future bid/ask. It bounds what any causal side choice at these instants could have earned; it is not a strategy, not achievable, and must never enter model training, a backtest or a promotion decision."
"[-0.8,-0.6)",ONE_TICK,5-25,6735,0.005526686593727132,0.0019498422971436296,0.0,0.0,0.0007423904974016332,0.0,0.0,0.0019498422971436296,0.0,0.0,6735,0.004718369062631358,0.005024503312740455,250,0,0.0007423904974016332,0.9775798069784707,M2-COST-LEDGER-v1,ORACLE_UPPER_BOUND,"ORACLE_UPPER_BOUND uses future information by construction: at each decision instant it takes max(0, net_long, net_short) from the realised future bid/ask. It bounds what any causal side choice at these instants could have earned; it is not a strategy, not achievable, and must never enter model training, a backtest or a promotion decision."
"[-0.8,-0.6)",ONE_TICK,25-50,20639,0.0040295546930622815,0.0018075232778888262,0.0004850552326827759,0.000696379215411019,0.0013082029168079848,0.00014535587964533165,0.00019380783952710888,0.0018075232778888262,0.0004850552326827759,0.000696379215411019,20639,0.014459156508336837,0.015397286395196769,250,0,0.0013082029168079848,0.9642424536072484,M2-COST-LEDGER-v1,ORACLE_UPPER_BOUND,"ORACLE_UPPER_BOUND uses future information by construction: at each decision instant it takes max(0, net_long, net_short) from the realised future bid/ask. It bounds what any causal side choice at these instants could have earned; it is not a strategy, not achievable, and must never enter model training, a backtest or a promotion decision."
"[-0.8,-0.6)",ONE_TICK,50-100,23274,0.0035638923492694644,0.0012817474513004534,0.0001544520001656658,0.0003458883724103715,0.0019334880123743233,8.593280054996992e-05,0.0002148320013749248,0.0012817474513004534,0.0001544520001656658,0.0003458883724103715,23274,0.01630517023959647,0.01736307202683316,250,0,0.0019334880123743233,0.9564750365214403,M2-COST-LEDGER-v1,ORACLE_UPPER_BOUND,"ORACLE_UPPER_BOUND uses future information by construction: at each decision instant it takes max(0, net_long, net_short) from the realised future bid/ask. It bounds what any causal side choice at these instants could have earned; it is not a strategy, not achievable, and must never enter model training, a backtest or a promotion decision."
"[-0.8,-0.6)",ONE_TICK,100-200,6653,0.01388549334724162,0.008711215454162142,0.006563635609216628,0.007140279133827092,0.006012325266796933,0.0012024650533593868,0.0019540057117090033,0.008711215454162142,0.006563635609216628,0.007140279133827092,6653,0.004660921956003923,0.004963328959118373,250,0,0.007816022846836013,0.909815120998046,M2-COST-LEDGER-v1,ORACLE_UPPER_BOUND,"ORACLE_UPPER_BOUND uses future information by construction: at each decision instant it takes max(0, net_long, net_short) from the realised future bid/ask. It bounds what any causal side choice at these instants could have earned; it is not a strategy, not achievable, and must never enter model training, a backtest or a promotion decision."
"[-0.8,-0.6)",ONE_TICK,200+,1304,0.019548819040810596,0.010659166504904977,0.007181674895051699,0.007944158455878165,0.007668711656441718,0.004601226993865031,0.007668711656441718,0.010659166504904977,0.007181674895051699,0.007944158455878165,1304,0.0009135491102704217,0.0009728214283316336,250,0,0.018404907975460124,0.8512269938650306,M2-COST-LEDGER-v1,ORACLE_UPPER_BOUND,"ORACLE_UPPER_BOUND uses future information by construction: at each decision instant it takes max(0, net_long, net_short) from the realised future bid/ask. It bounds what any causal side choice at these instants could have earned; it is not a strategy, not achievable, and must never enter model training, a backtest or a promotion decision."
"[-0.8,-0.6)",WIDER_THAN_ONE_TICK,5-25,275,0.0508582326764145,0.03436681281744747,3.554034428820397e-05,0.015534006769547078,0.0036363636363636364,0.0036363636363636364,0.0036363636363636364,0.03436681281744747,3.554034428820397e-05,0.015534006769547078,275,0.00019265797954322544,0.0002051578932447847,250,0,0.0036363636363636364,0.9381818181818182,M2-COST-LEDGER-v1,ORACLE_UPPER_BOUND,"ORACLE_UPPER_BOUND uses future information by construction: at each decision instant it takes max(0, net_long, net_short) from the realised future bid/ask. It bounds what any causal side choice at these instants could have earned; it is not a strategy, not achievable, and must never enter model training, a backtest or a promotion decision."
"[-0.8,-0.6)",WIDER_THAN_ONE_TICK,25-50,2420,0.00965674914278879,0.0059036772497980195,0.0026708376118122607,0.0036212311917027075,0.0024793388429752068,0.00041322314049586776,0.0008264462809917355,0.0059036772497980195,0.0026708376118122607,0.0036212311917027075,2420,0.001695390219980384,0.0018053894605541054,250,0,0.0024793388429752068,0.9136363636363637,M2-COST-LEDGER-v1,ORACLE_UPPER_BOUND,"ORACLE_UPPER_BOUND uses future information by construction: at each decision instant it takes max(0, net_long, net_short) from the realised future bid/ask. It bounds what any causal side choice at these instants could have earned; it is not a strategy, not achievable, and must never enter model training, a backtest or a promotion decision."
"[-0.8,-0.6)",WIDER_THAN_ONE_TICK,50-100,7444,0.007553992004554755,0.004250681347383385,0.0010860504517720335,0.0021638911816520296,0.002955400322407308,0.0008060182697474476,0.0013433637829124126,0.004250681347383385,0.0010860504517720335,0.0021638911816520296,7444,0.005215076362617347,0.005553437662960644,250,0,0.002955400322407308,0.9308167651800108,M2-COST-LEDGER-v1,ORACLE_UPPER_BOUND,"ORACLE_UPPER_BOUND uses future information by construction: at each decision instant it takes max(0, net_long, net_short) from the realised future bid/ask. It bounds what any causal side choice at these instants could have earned; it is not a strategy, not achievable, and must never enter model training, a backtest or a promotion decision."
"[-0.8,-0.6)",WIDER_THAN_ONE_TICK,100-200,13307,0.005135274197130404,0.0025954608282617616,0.0011071222019801473,0.001513497245494561,0.0032313819794093333,0.0012023746900127752,0.0015781167806417674,0.0025954608282617616,0.0011071222019801473,0.001513497245494561,13307,0.009322544486478913,0.009927403946939455,250,0,0.003682272488164124,0.9222965356579244,M2-COST-LEDGER-v1,ORACLE_UPPER_BOUND,"ORACLE_UPPER_BOUND uses future information by construction: at each decision instant it takes max(0, net_long, net_short) from the realised future bid/ask. It bounds what any causal side choice at these instants could have earned; it is not a strategy, not achievable, and must never enter model training, a backtest or a promotion decision."
"[-0.8,-0.6)",WIDER_THAN_ONE_TICK,200+,10491,0.003189457241081324,0.0021820645751653126,0.001844516047637012,0.001865996225753426,0.0012391573729863693,0.001143837575064341,0.0010485177771423124,0.0021820645751653126,0.001844516047637012,0.001865996225753426,10491,0.0073497267759562845,0.00782658712011286,250,0,0.0024783147459727386,0.9169764560099133,M2-COST-LEDGER-v1,ORACLE_UPPER_BOUND,"ORACLE_UPPER_BOUND uses future information by construction: at each decision instant it takes max(0, net_long, net_short) from the realised future bid/ask. It bounds what any causal side choice at these instants could have earned; it is not a strategy, not achievable, and must never enter model training, a backtest or a promotion decision."
"[-0.6,-0.4)",ONE_TICK,5-25,10700,0.008903531432030284,0.0031761493249808904,0.0,0.0,0.00102803738317757,0.0,0.0,0.0031761493249808904,0.0,0.0,10700,0.007496146840409136,0.007982507118978896,250,0,0.00102803738317757,0.9852336448598131,M2-COST-LEDGER-v1,ORACLE_UPPER_BOUND,"ORACLE_UPPER_BOUND uses future information by construction: at each decision instant it takes max(0, net_long, net_short) from the realised future bid/ask. It bounds what any causal side choice at these instants could have earned; it is not a strategy, not achievable, and must never enter model training, a backtest or a promotion decision."
"[-0.6,-0.4)",ONE_TICK,25-50,29665,0.005863932053874693,0.003083483178782577,0.0007721300738283463,0.0013977248251923636,0.0015843586718354964,0.00020225855385133995,0.0004719366256531266,0.003083483178782577,0.0007721300738283463,0.0013977248251923636,29665,0.02078254168418103,0.022130941465841956,250,0,0.0015843586718354964,0.9786280128097085,M2-COST-LEDGER-v1,ORACLE_UPPER_BOUND,"ORACLE_UPPER_BOUND uses future information by construction: at each decision instant it takes max(0, net_long, net_short) from the realised future bid/ask. It bounds what any causal side choice at these instants could have earned; it is not a strategy, not achievable, and must never enter model training, a backtest or a promotion decision."
"[-0.6,-0.4)",ONE_TICK,50-100,33929,0.003586402704036643,0.0016190602023702305,0.0003226719562599686,0.0006574354825457648,0.0017094520911314804,0.00014736655958030005,0.0004126263668248401,0.0016190602023702305,0.0003226719562599686,0.0006574354825457648,33929,0.02376979122880762,0.02531200785419018,250,0,0.0017094520911314804,0.9692593356715494,M2-COST-LEDGER-v1,ORACLE_UPPER_BOUND,"ORACLE_UPPER_BOUND uses future information by construction: at each decision instant it takes max(0, net_long, net_short) from the realised future bid/ask. It bounds what any causal side choice at these instants could have earned; it is not a strategy, not achievable, and must never enter model training, a backtest or a promotion decision."
"[-0.6,-0.4)",ONE_TICK,100-200,8826,0.007799146960523612,0.0032467953799482116,0.0015842547809182925,0.0020053444024309077,0.0053251756174937685,0.0006798096532970768,0.0012463176977113076,0.0032467953799482116,0.0015842547809182925,0.0020053444024309077,8826,0.006183270281630938,0.006584449330103526,250,0,0.0066847949240879225,0.9392703376387944,M2-COST-LEDGER-v1,ORACLE_UPPER_BOUND,"ORACLE_UPPER_BOUND uses future information by construction: at each decision instant it takes max(0, net_long, net_short) from the realised future bid/ask. It bounds what any causal side choice at these instants could have earned; it is not a strategy, not achievable, and must never enter model training, a backtest or a promotion decision."
"[-0.6,-0.4)",ONE_TICK,200+,1326,0.016581637416465095,0.003480855115093553,0.0010804153765898595,0.0016083363152891107,0.005279034690799397,0.0022624434389140274,0.005279034690799397,0.003480855115093553,0.0010804153765898595,0.0016083363152891107,1326,0.0009289617486338798,0.0009892340597912163,250,0,0.027149321266968326,0.8815987933634992,M2-COST-LEDGER-v1,ORACLE_UPPER_BOUND,"ORACLE_UPPER_BOUND uses future information by construction: at each decision instant it takes max(0, net_long, net_short) from the realised future bid/ask. It bounds what any causal side choice at these instants could have earned; it is not a strategy, not achievable, and must never enter model training, a backtest or a promotion decision."
"[-0.6,-0.4)",WIDER_THAN_ONE_TICK,5-25,308,0.0,0.0,0.0,0.0,0.0,0.0,0.0,0.0,0.0,0.0,308,0.0002157769370884125,0.00022977684043415887,250,0,0.0,0.9253246753246753,M2-COST-LEDGER-v1,ORACLE_UPPER_BOUND,"ORACLE_UPPER_BOUND uses future information by construction: at each decision instant it takes max(0, net_long, net_short) from the realised future bid/ask. It bounds what any causal side choice at these instants could have earned; it is not a strategy, not achievable, and must never enter model training, a backtest or a promotion decision."
"[-0.6,-0.4)",WIDER_THAN_ONE_TICK,25-50,3336,0.0064065980141653255,0.0023328511641689045,3.9370934732476144e-07,0.00033960811188387286,0.002398081534772182,0.00029976019184652276,0.00029976019184652276,0.0023328511641689045,3.9370934732476144e-07,0.00033960811188387286,3336,0.002337116435477091,0.0024887517522349154,250,0,0.002398081534772182,0.9262589928057554,M2-COST-LEDGER-v1,ORACLE_UPPER_BOUND,"ORACLE_UPPER_BOUND uses future information by construction: at each decision instant it takes max(0, net_long, net_short) from the realised future bid/ask. It bounds what any causal side choice at these instants could have earned; it is not a strategy, not achievable, and must never enter model training, a backtest or a promotion decision."
"[-0.6,-0.4)",WIDER_THAN_ONE_TICK,50-100,11174,0.0054303062933612565,0.0036775548581505324,0.0018040348603823892,0.0024710994256944667,0.0015213889386074817,0.0006264542688383748,0.0008054412027921962,0.0036775548581505324,0.0018040348603823892,0.0024710994256944667,11174,0.00782821913969455,0.008336124724062633,250,0,0.0015213889386074817,0.9429926615357079,M2-COST-LEDGER-v1,ORACLE_UPPER_BOUND,"ORACLE_UPPER_BOUND uses future information by construction: at each decision instant it takes max(0, net_long, net_short) from the realised future bid/ask. It bounds what any causal side choice at these instants could have earned; it is not a strategy, not achievable, and must never enter model training, a backtest or a promotion decision."
"[-0.6,-0.4)",WIDER_THAN_ONE_TICK,100-200,17872,0.00570732378289647,0.0032503017394780193,0.0017959327325631606,0.0022071366277742386,0.0032452999104744854,0.0010071620411817369,0.0014547896150402864,0.0032503017394780193,0.0017959327325631606,0.0022071366277742386,17872,0.012520666946896455,0.013333024974802881,250,0,0.0035250671441360787,0.9286593554162936,M2-COST-LEDGER-v1,ORACLE_UPPER_BOUND,"ORACLE_UPPER_BOUND uses future information by construction: at each decision instant it takes max(0, net_long, net_short) from the realised future bid/ask. It bounds what any causal side choice at these instants could have earned; it is not a strategy, not achievable, and must never enter model training, a backtest or a promotion decision."
"[-0.6,-0.4)",WIDER_THAN_ONE_TICK,200+,12078,0.003888336964025537,0.0028953733138289924,0.002508987104931824,0.002556132095340268,0.0011591323066732903,0.0011591323066732903,0.0011591323066732903,0.0028953733138289924,0.002508987104931824,0.002556132095340268,12078,0.008461538461538461,0.009010534671310943,250,0,0.0023182646133465806,0.9230004967709886,M2-COST-LEDGER-v1,ORACLE_UPPER_BOUND,"ORACLE_UPPER_BOUND uses future information by construction: at each decision instant it takes max(0, net_long, net_short) from the realised future bid/ask. It bounds what any causal side choice at these instants could have earned; it is not a strategy, not achievable, and must never enter model training, a backtest or a promotion decision."
"[-0.4,-0.2)",ONE_TICK,5-25,15485,0.00237921700262255,0.0010217183714540722,0.0,0.0001758797800704442,0.00032289312237649337,0.0,6.457862447529868e-05,0.0010217183714540722,0.0,0.0001758797800704442,15485,0.010848395684461259,0.01155225446143815,250,0,0.00032289312237649337,0.9923151436874394,M2-COST-LEDGER-v1,ORACLE_UPPER_BOUND,"ORACLE_UPPER_BOUND uses future information by construction: at each decision instant it takes max(0, net_long, net_short) from the realised future bid/ask. It bounds what any causal side choice at these instants could have earned; it is not a strategy, not achievable, and must never enter model training, a backtest or a promotion decision."
"[-0.4,-0.2)",ONE_TICK,25-50,38618,0.0036262866405384142,0.0018328459109527805,0.0005676003608275863,0.0008498335133594173,0.0010357864208400227,0.00010357864208400228,0.00020715728416800455,0.0018328459109527805,0.0005676003608275863,0.0008498335133594173,38618,0.027054784923637384,0.02881013644118944,250,0,0.0010357864208400227,0.9859909886581387,M2-COST-LEDGER-v1,ORACLE_UPPER_BOUND,"ORACLE_UPPER_BOUND uses future information by construction: at each decision instant it takes max(0, net_long, net_short) from the realised future bid/ask. It bounds what any causal side choice at these instants could have earned; it is not a strategy, not achievable, and must never enter model training, a backtest or a promotion decision."
"[-0.4,-0.2)",ONE_TICK,50-100,46672,0.003421254217482768,0.0011227409605784186,8.484163613766328e-05,0.00023886592605032916,0.0020354816592389443,0.00014998285910181692,0.00019283510455947892,0.0011227409605784186,8.484163613766328e-05,0.00023886592605032916,46672,0.03269721171360516,0.03481865161280215,250,0,0.0020354816592389443,0.9775454233801851,M2-COST-LEDGER-v1,ORACLE_UPPER_BOUND,"ORACLE_UPPER_BOUND uses future information by construction: at each decision instant it takes max(0, net_long, net_short) from the realised future bid/ask. It bounds what any causal side choice at these instants could have earned; it is not a strategy, not achievable, and must never enter model training, a backtest or a promotion decision."
"[-0.4,-0.2)",ONE_TICK,100-200,12817,0.009426599540357202,0.004327327426948666,0.0024494152804439328,0.0028724483054858017,0.006475774362175236,0.0011703206678629944,0.0017164703128657252,0.004327327426948666,0.0024494152804439328,0.0028724483054858017,12817,0.008979262995656438,0.009561849882612383,250,0,0.0074900522743231645,0.9439026293204338,M2-COST-LEDGER-v1,ORACLE_UPPER_BOUND,"ORACLE_UPPER_BOUND uses future information by construction: at each decision instant it takes max(0, net_long, net_short) from the realised future bid/ask. It bounds what any causal side choice at these instants could have earned; it is not a strategy, not achievable, and must never enter model training, a backtest or a promotion decision."
"[-0.4,-0.2)",ONE_TICK,200+,1467,0.014143604455664878,0.005163677015904322,0.00265910446769004,0.00321599404463678,0.0054533060668029995,0.0034083162917518746,0.0054533060668029995,0.005163677015904322,0.00265910446769004,0.00321599404463678,1467,0.0010277427490542246,0.0010944241068730877,250,0,0.018404907975460124,0.896387184730743,M2-COST-LEDGER-v1,ORACLE_UPPER_BOUND,"ORACLE_UPPER_BOUND uses future information by construction: at each decision instant it takes max(0, net_long, net_short) from the realised future bid/ask. It bounds what any causal side choice at these instants could have earned; it is not a strategy, not achievable, and must never enter model training, a backtest or a promotion decision."
"[-0.4,-0.2)",WIDER_THAN_ONE_TICK,5-25,507,0.013701886681286581,0.004792488815087687,0.0,0.0,0.0019723865877712033,0.0,0.0,0.004792488815087687,0.0,0.0,507,0.0003551912568306011,0.00037823655227311217,250,0,0.0019723865877712033,0.9151873767258383,M2-COST-LEDGER-v1,ORACLE_UPPER_BOUND,"ORACLE_UPPER_BOUND uses future information by construction: at each decision instant it takes max(0, net_long, net_short) from the realised future bid/ask. It bounds what any causal side choice at these instants could have earned; it is not a strategy, not achievable, and must never enter model training, a backtest or a promotion decision."
"[-0.4,-0.2)",WIDER_THAN_ONE_TICK,25-50,5312,0.008085088459547548,0.005104047707755469,0.0022105749786239188,0.003133342750975321,0.001694277108433735,0.0005647590361445783,0.0005647590361445783,0.005104047707755469,0.0022105749786239188,0.003133342750975321,5312,0.0037214515903040493,0.003962904468786532,250,0,0.001694277108433735,0.9342996987951807,M2-COST-LEDGER-v1,ORACLE_UPPER_BOUND,"ORACLE_UPPER_BOUND uses future information by construction: at each decision instant it takes max(0, net_long, net_short) from the realised future bid/ask. It bounds what any causal side choice at these instants could have earned; it is not a strategy, not achievable, and must never enter model training, a backtest or a promotion decision."
"[-0.4,-0.2)",WIDER_THAN_ONE_TICK,50-100,19199,0.0032947695370257792,0.0017551138309485276,0.0007700322536727068,0.0010190946283774739,0.0014063232460023959,0.00026043023074118443,0.0003646023230376582,0.0017551138309485276,0.0007700322536727068,0.0010190946283774739,19199,0.013450329270001402,0.014323005063296805,250,0,0.0014063232460023959,0.9481743840825043,M2-COST-LEDGER-v1,ORACLE_UPPER_BOUND,"ORACLE_UPPER_BOUND uses future information by construction: at each decision instant it takes max(0, net_long, net_short) from the realised future bid/ask. It bounds what any causal side choice at these instants could have earned; it is not a strategy, not achievable, and must never enter model training, a backtest or a promotion decision."
"[-0.4,-0.2)",WIDER_THAN_ONE_TICK,100-200,33248,0.0049556530206389645,0.0027060997272943003,0.0013584023867952671,0.0017503210826851597,0.0028873917228103944,0.0007820019249278152,0.001293310875842156,0.0027060997272943003,0.0013584023867952671,0.0017503210826851597,33248,0.02329270001401149,0.024803962307645824,250,0,0.0032182386910490856,0.9326876804619827,M2-COST-LEDGER-v1,ORACLE_UPPER_BOUND,"ORACLE_UPPER_BOUND uses future information by construction: at each decision instant it takes max(0, net_long, net_short) from the realised future bid/ask. It bounds what any causal side choice at these instants could have earned; it is not a strategy, not achievable, and must never enter model training, a backtest or a promotion decision."
"[-0.4,-0.2)",WIDER_THAN_ONE_TICK,200+,16434,0.002851793034922834,0.0018158893705553885,0.0013561125123911627,0.0014014309325322016,0.0015212364609954972,0.001095290251916758,0.0014603870025556773,0.0018158893705553885,0.0013561125123911627,0.0014014309325322016,16434,0.011513240857503153,0.012260235700308333,250,0,0.0024339783375927956,0.9220518437385907,M2-COST-LEDGER-v1,ORACLE_UPPER_BOUND,"ORACLE_UPPER_BOUND uses future information by construction: at each decision instant it takes max(0, net_long, net_short) from the realised future bid/ask. It bounds what any causal side choice at these instants could have earned; it is not a strategy, not achievable, and must never enter model training, a backtest or a promotion decision."
"[-0.2,0.0)",ONE_TICK,5-25,16191,0.004419456048768625,0.001831289240089376,0.0,0.00025989122238954016,0.0005558643690939411,0.0,6.176270767710456e-05,0.001831289240089376,0.0,0.00025989122238954016,16191,0.011343001261034049,0.012078950725550215,250,0,0.0005558643690939411,0.9942560681860293,M2-COST-LEDGER-v1,ORACLE_UPPER_BOUND,"ORACLE_UPPER_BOUND uses future information by construction: at each decision instant it takes max(0, net_long, net_short) from the realised future bid/ask. It bounds what any causal side choice at these instants could have earned; it is not a strategy, not achievable, and must never enter model training, a backtest or a promotion decision."
"[-0.2,0.0)",ONE_TICK,25-50,37047,0.0036389676846435006,0.0016061338738108703,0.00033734459603852144,0.0005578865835015701,0.0011336950360353066,5.3985477906443164e-05,0.00016195643371932951,0.0016061338738108703,0.00033734459603852144,0.0005578865835015701,37047,0.025954182429592267,0.027638125349234686,250,0,0.0011336950360353066,0.9915242799686884,M2-COST-LEDGER-v1,ORACLE_UPPER_BOUND,"ORACLE_UPPER_BOUND uses future information by construction: at each decision instant it takes max(0, net_long, net_short) from the realised future bid/ask. It bounds what any causal side choice at these instants could have earned; it is not a strategy, not achievable, and must never enter model training, a backtest or a promotion decision."
"[-0.2,0.0)",ONE_TICK,50-100,41707,0.0024586222457894393,0.0008756705983444106,0.00010872199476302299,0.00023871994455320115,0.0014146306375428586,0.00011988395233414055,0.00019181432373462489,0.0008756705983444106,0.00010872199476302299,0.00023871994455320115,41707,0.029218859464761104,0.031114619103855403,250,0,0.0014146306375428586,0.9872683242621143,M2-COST-LEDGER-v1,ORACLE_UPPER_BOUND,"ORACLE_UPPER_BOUND uses future information by construction: at each decision instant it takes max(0, net_long, net_short) from the realised future bid/ask. It bounds what any causal side choice at these instants could have earned; it is not a strategy, not achievable, and must never enter model training, a backtest or a promotion decision."
"[-0.2,0.0)",ONE_TICK,100-200,9093,0.006286372068878172,0.0021676762707390196,0.0008440447698042544,0.0011182933278962063,0.005058836467612449,0.0007698229407236335,0.0012097217639942812,0.0021676762707390196,0.0008440447698042544,0.0011182933278962063,9093,0.006370323665405632,0.006783638993726645,250,0,0.006158583525789068,0.9571098647311118,M2-COST-LEDGER-v1,ORACLE_UPPER_BOUND,"ORACLE_UPPER_BOUND uses future information by construction: at each decision instant it takes max(0, net_long, net_short) from the realised future bid/ask. It bounds what any causal side choice at these instants could have earned; it is not a strategy, not achievable, and must never enter model training, a backtest or a promotion decision."
"[-0.2,0.0)",ONE_TICK,200+,1341,0.016442976855272847,0.007416117721445688,0.005711624191943642,0.006088711605909728,0.0037285607755406414,0.002982848620432513,0.0037285607755406414,0.007416117721445688,0.005711624191943642,0.006088711605909728,1341,0.0009394703656998739,0.001000424490331841,250,0,0.018642803877703208,0.9060402684563759,M2-COST-LEDGER-v1,ORACLE_UPPER_BOUND,"ORACLE_UPPER_BOUND uses future information by construction: at each decision instant it takes max(0, net_long, net_short) from the realised future bid/ask. It bounds what any causal side choice at these instants could have earned; it is not a strategy, not achievable, and must never enter model training, a backtest or a promotion decision."
"[-0.2,0.0)",WIDER_THAN_ONE_TICK,5-25,611,0.007468223641931536,0.002509778723712379,0.0,0.0,0.0016366612111292963,0.0,0.0,0.002509778723712379,0.0,0.0,611,0.0004280510018214936,0.0004558235373547762,250,0,0.0016366612111292963,0.9361702127659575,M2-COST-LEDGER-v1,ORACLE_UPPER_BOUND,"ORACLE_UPPER_BOUND uses future information by construction: at each decision instant it takes max(0, net_long, net_short) from the realised future bid/ask. It bounds what any causal side choice at these instants could have earned; it is not a strategy, not achievable, and must never enter model training, a backtest or a promotion decision."
"[-0.2,0.0)",WIDER_THAN_ONE_TICK,25-50,3966,0.010149250597993703,0.006982468218223933,0.00243943158194054,0.004215999138264803,0.0017650025214321734,0.0012607160867372667,0.0012607160867372667,0.006982468218223933,0.00243943158194054,0.004215999138264803,3966,0.0027784783522488443,0.0029587498349411497,250,0,0.0017650025214321734,0.9415027735753908,M2-COST-LEDGER-v1,ORACLE_UPPER_BOUND,"ORACLE_UPPER_BOUND uses future information by construction: at each decision instant it takes max(0, net_long, net_short) from the realised future bid/ask. It bounds what any causal side choice at these instants could have earned; it is not a strategy, not achievable, and must never enter model training, a backtest or a promotion decision."
"[-0.2,0.0)",WIDER_THAN_ONE_TICK,50-100,13207,0.006155694952328475,0.004643742748955633,0.0034817668356736304,0.003826747762949119,0.001287196183841902,0.00037858711289467706,0.00037858711289467706,0.004643742748955633,0.0034817668356736304,0.003826747762949119,13207,0.009252487039372285,0.009852801076668624,250,0,0.001287196183841902,0.9522223063526918,M2-COST-LEDGER-v1,ORACLE_UPPER_BOUND,"ORACLE_UPPER_BOUND uses future information by construction: at each decision instant it takes max(0, net_long, net_short) from the realised future bid/ask. It bounds what any causal side choice at these instants could have earned; it is not a strategy, not achievable, and must never enter model training, a backtest or a promotion decision."
"[-0.2,0.0)",WIDER_THAN_ONE_TICK,100-200,20781,0.0031728825724747067,0.0017334256756489832,0.0009253001240520652,0.0011631713110393206,0.0016842307877387999,0.00043308791684711995,0.0007218131947452,0.0017334256756489832,0.0009253001240520652,0.0011631713110393206,20781,0.014558638083228248,0.015503222470981348,250,0,0.00206919782493624,0.9418218565035369,M2-COST-LEDGER-v1,ORACLE_UPPER_BOUND,"ORACLE_UPPER_BOUND uses future information by construction: at each decision instant it takes max(0, net_long, net_short) from the realised future bid/ask. It bounds what any causal side choice at these instants could have earned; it is not a strategy, not achievable, and must never enter model training, a backtest or a promotion decision."
"[-0.2,0.0)",WIDER_THAN_ONE_TICK,200+,14454,0.0021066618365554604,0.0011934370207133352,0.0009501613111902588,0.0009461056216460894,0.0010377750103777502,0.0011069600110696,0.0010377750103777502,0.0011934370207133352,0.0009501613111902588,0.0009461056216460894,14454,0.01012610340479193,0.010783098868945884,250,0,0.00242147502421475,0.9269406392694064,M2-COST-LEDGER-v1,ORACLE_UPPER_BOUND,"ORACLE_UPPER_BOUND uses future information by construction: at each decision instant it takes max(0, net_long, net_short) from the realised future bid/ask. It bounds what any causal side choice at these instants could have earned; it is not a strategy, not achievable, and must never enter model training, a backtest or a promotion decision."
"[0.0,0.2)",ONE_TICK,5-25,19578,0.00541267323949881,0.0022122746346387285,0.0,0.0002878446592069542,0.0006640106241699867,0.0,5.107774032076821e-05,0.0017658950432066054,0.0,0.00031351447777211406,17975,0.013715846994535518,0.013409865931181836,250,0,0.0006640106241699867,0.9965267136581878,M2-COST-LEDGER-v1,ORACLE_UPPER_BOUND,"ORACLE_UPPER_BOUND uses future information by construction: at each decision instant it takes max(0, net_long, net_short) from the realised future bid/ask. It bounds what any causal side choice at these instants could have earned; it is not a strategy, not achievable, and must never enter model training, a backtest or a promotion decision."
"[0.0,0.2)",ONE_TICK,25-50,45387,0.0031862094083067467,0.0013952506399655523,9.28895536860627e-05,0.00039679909038318643,0.0010135060700200498,6.609822195782933e-05,0.000198294665873488,0.0010661030124459897,5.250973404528394e-05,0.00027666963491152006,39441,0.03179697351828499,0.029424118063518377,250,0,0.0010135060700200498,0.9921122788463657,M2-COST-LEDGER-v1,ORACLE_UPPER_BOUND,"ORACLE_UPPER_BOUND uses future information by construction: at each decision instant it takes max(0, net_long, net_short) from the realised future bid/ask. It bounds what any causal side choice at these instants could have earned; it is not a strategy, not achievable, and must never enter model training, a backtest or a promotion decision."
"[0.0,0.2)",ONE_TICK,50-100,54038,0.0029979909357352526,0.0011793540228887665,0.00011212353450474439,0.0003541882858444845,0.0016469891557792664,0.0002590769458529183,0.0003701099226470262,0.0011689406898409485,0.00014522759632702926,0.00039369116168582434,41717,0.037857643267479334,0.031122079390882487,250,0,0.0016469891557792664,0.9861763943891336,M2-COST-LEDGER-v1,ORACLE_UPPER_BOUND,"ORACLE_UPPER_BOUND uses future information by construction: at each decision instant it takes max(0, net_long, net_short) from the realised future bid/ask. It bounds what any causal side choice at these instants could have earned; it is not a strategy, not achievable, and must never enter model training, a backtest or a promotion decision."
"[0.0,0.2)",ONE_TICK,100-200,16570,0.006062027653604724,0.0016334321575868739,0.0002273949285839418,0.0005129531481209231,0.005612552806276403,0.0005431502715751358,0.0010863005431502716,0.0017054439816184778,0.00036815708979770387,0.0006151569958134215,10234,0.011608518985568165,0.007634857743516824,250,0,0.006397103198551599,0.9568497284248643,M2-COST-LEDGER-v1,ORACLE_UPPER_BOUND,"ORACLE_UPPER_BOUND uses future information by construction: at each decision instant it takes max(0, net_long, net_short) from the realised future bid/ask. It bounds what any causal side choice at these instants could have earned; it is not a strategy, not achievable, and must never enter model training, a backtest or a promotion decision."
"[0.0,0.2)",ONE_TICK,200+,1862,0.031427472738459784,0.02204312941333056,0.019105831254401597,0.0197534936874428,0.00644468313641246,0.0037593984962406013,0.00644468313641246,0.026597701610831866,0.023106039471123517,0.02387602601944595,1436,0.0013044696651254028,0.0010712972170891302,250,0,0.01933404940923738,0.9172932330827067,M2-COST-LEDGER-v1,ORACLE_UPPER_BOUND,"ORACLE_UPPER_BOUND uses future information by construction: at each decision instant it takes max(0, net_long, net_short) from the realised future bid/ask. It bounds what any causal side choice at these instants could have earned; it is not a strategy, not achievable, and must never enter model training, a backtest or a promotion decision."
"[0.0,0.2)",WIDER_THAN_ONE_TICK,5-25,892,0.02663969885691582,0.01634110220776906,2.0591137287882654e-05,0.00665551115859263,0.002242152466367713,0.0011210762331838565,0.0011210762331838565,0.0022492201434173055,0.0,0.0,685,0.0006249124281911167,0.000511029661355191,250,0,0.002242152466367713,0.9383408071748879,M2-COST-LEDGER-v1,ORACLE_UPPER_BOUND,"ORACLE_UPPER_BOUND uses future information by construction: at each decision instant it takes max(0, net_long, net_short) from the realised future bid/ask. It bounds what any causal side choice at these instants could have earned; it is not a strategy, not achievable, and must never enter model training, a backtest or a promotion decision."
"[0.0,0.2)",WIDER_THAN_ONE_TICK,25-50,6793,0.013316252265655838,0.009223065032107975,0.004023216347640284,0.005970139955980081,0.002649786544972766,0.0014721036360959812,0.0016193139997055792,0.00804995155169295,0.0032851838808498407,0.004939176476387554,3227,0.004759002381953202,0.0024074346236397097,250,0,0.002649786544972766,0.939938171647284,M2-COST-LEDGER-v1,ORACLE_UPPER_BOUND,"ORACLE_UPPER_BOUND uses future information by construction: at each decision instant it takes max(0, net_long, net_short) from the realised future bid/ask. It bounds what any causal side choice at these instants could have earned; it is not a strategy, not achievable, and must never enter model training, a backtest or a promotion decision."
"[0.0,0.2)",WIDER_THAN_ONE_TICK,50-100,25375,0.004018362640751256,0.002165936988054435,0.0006295047782173378,0.0010979561565632298,0.0016157635467980295,0.000354679802955665,0.0006305418719211823,0.002339859016414724,0.0009992170991581792,0.0013990230886674582,12977,0.01777707720330671,0.009681214475045713,250,0,0.0016157635467980295,0.955704433497537,M2-COST-LEDGER-v1,ORACLE_UPPER_BOUND,"ORACLE_UPPER_BOUND uses future information by construction: at each decision instant it takes max(0, net_long, net_short) from the realised future bid/ask. It bounds what any causal side choice at these instants could have earned; it is not a strategy, not achievable, and must never enter model training, a backtest or a promotion decision."
"[0.0,0.2)",WIDER_THAN_ONE_TICK,100-200,52095,0.0039734148947305654,0.002286493394390155,0.0012224688169069158,0.001533594879203524,0.0021883098186006333,0.0008254151070160284,0.0011325463096266437,0.0016648085585871826,0.0007162167321777037,0.0009926420447866242,23406,0.03649642707019756,0.01746154781559066,250,0,0.0024954410212112486,0.9432383146175257,M2-COST-LEDGER-v1,ORACLE_UPPER_BOUND,"ORACLE_UPPER_BOUND uses future information by construction: at each decision instant it takes max(0, net_long, net_short) from the realised future bid/ask. It bounds what any causal side choice at these instants could have earned; it is not a strategy, not achievable, and must never enter model training, a backtest or a promotion decision."
"[0.0,0.2)",WIDER_THAN_ONE_TICK,200+,31399,0.002526829457977176,0.0016104322800732497,0.0012710789139063613,0.0013046725111894855,0.0011146851810567215,0.0009554444409057613,0.0010509888849963374,0.0009783120463745978,0.0006858674997915963,0.0006829670002522397,15922,0.021997337817009948,0.01187826900452168,250,0,0.002229370362113443,0.9272588298990414,M2-COST-LEDGER-v1,ORACLE_UPPER_BOUND,"ORACLE_UPPER_BOUND uses future information by construction: at each decision instant it takes max(0, net_long, net_short) from the realised future bid/ask. It bounds what any causal side choice at these instants could have earned; it is not a strategy, not achievable, and must never enter model training, a backtest or a promotion decision."
"[0.2,0.4)",ONE_TICK,5-25,17068,0.004407932024410729,0.001886074803008957,4.463110656151848e-07,0.0003152605578256236,0.0005273025544879306,5.858917272088118e-05,5.858917272088118e-05,0.001886074803008957,4.463110656151848e-07,0.0003152605578256236,17068,0.01195740507215917,0.0127332178978254,250,0,0.0005273025544879306,0.9977736114366065,M2-COST-LEDGER-v1,ORACLE_UPPER_BOUND,"ORACLE_UPPER_BOUND uses future information by construction: at each decision instant it takes max(0, net_long, net_short) from the realised future bid/ask. It bounds what any causal side choice at these instants could have earned; it is not a strategy, not achievable, and must never enter model training, a backtest or a promotion decision."
"[0.2,0.4)",ONE_TICK,25-50,41760,0.003925407243312148,0.0019456862591977278,0.0006500596584537103,0.0008956530392623107,0.0011015325670498085,0.00011973180076628352,0.00019157088122605365,0.0019456862591977278,0.0006500596584537103,0.0008956530392623107,41760,0.029255989911727617,0.031154158625098943,250,0,0.0011015325670498085,0.9954741379310345,M2-COST-LEDGER-v1,ORACLE_UPPER_BOUND,"ORACLE_UPPER_BOUND uses future information by construction: at each decision instant it takes max(0, net_long, net_short) from the realised future bid/ask. It bounds what any causal side choice at these instants could have earned; it is not a strategy, not achievable, and must never enter model training, a backtest or a promotion decision."
"[0.2,0.4)",ONE_TICK,50-100,50106,0.0027757925347463306,0.0011035202650585883,0.00016483721069741552,0.0003604773151822989,0.0014569113479423622,0.00015966151758272463,0.0002794076557697681,0.0011035202650585883,0.00016483721069741552,0.0003604773151822989,50106,0.03510298444724674,0.03738051417790248,250,0,0.0014569113479423622,0.9912385742226479,M2-COST-LEDGER-v1,ORACLE_UPPER_BOUND,"ORACLE_UPPER_BOUND uses future information by construction: at each decision instant it takes max(0, net_long, net_short) from the realised future bid/ask. It bounds what any causal side choice at these instants could have earned; it is not a strategy, not achievable, and must never enter model training, a backtest or a promotion decision."
"[0.2,0.4)",ONE_TICK,100-200,14105,0.006614150857707976,0.0018207474692395846,0.0002995013782759647,0.0006407948808157021,0.005388160226869904,0.0006380716058135413,0.0010634526763559022,0.0018207474692395846,0.0002995013782759647,0.0006407948808157021,14105,0.0098816029143898,0.010522734851700685,250,0,0.007018787663948954,0.9700106345267635,M2-COST-LEDGER-v1,ORACLE_UPPER_BOUND,"ORACLE_UPPER_BOUND uses future information by construction: at each decision instant it takes max(0, net_long, net_short) from the realised future bid/ask. It bounds what any causal side choice at these instants could have earned; it is not a strategy, not achievable, and must never enter model training, a backtest or a promotion decision."
"[0.2,0.4)",ONE_TICK,200+,1338,0.017787778768760646,0.0059534103173354384,0.0035684402522823053,0.004094451312393303,0.00523168908819133,0.0037369207772795215,0.00523168908819133,0.0059534103173354384,0.0035684402522823053,0.004094451312393303,1338,0.0009373686422866751,0.000998186404223716,250,0,0.02466367713004484,0.9230194319880418,M2-COST-LEDGER-v1,ORACLE_UPPER_BOUND,"ORACLE_UPPER_BOUND uses future information by construction: at each decision instant it takes max(0, net_long, net_short) from the realised future bid/ask. It bounds what any causal side choice at these instants could have earned; it is not a strategy, not achievable, and must never enter model training, a backtest or a promotion decision."
"[0.2,0.4)",WIDER_THAN_ONE_TICK,5-25,729,0.0,0.0,0.0,0.0,0.0,0.0,0.0,0.0,0.0,0.0,729,0.000510718789407314,0.0005438549242743566,250,0,0.0,0.9451303155006858,M2-COST-LEDGER-v1,ORACLE_UPPER_BOUND,"ORACLE_UPPER_BOUND uses future information by construction: at each decision instant it takes max(0, net_long, net_short) from the realised future bid/ask. It bounds what any causal side choice at these instants could have earned; it is not a strategy, not achievable, and must never enter model training, a backtest or a promotion decision."
"[0.2,0.4)",WIDER_THAN_ONE_TICK,25-50,5310,0.009533334136496254,0.006418722106422693,0.0025659548499404575,0.0039729849154718794,0.0018832391713747645,0.0009416195856873823,0.0011299435028248588,0.006418722106422693,0.0025659548499404575,0.0039729849154718794,5310,0.003720050441361917,0.003961412411381116,250,0,0.0018832391713747645,0.948210922787194,M2-COST-LEDGER-v1,ORACLE_UPPER_BOUND,"ORACLE_UPPER_BOUND uses future information by construction: at each decision instant it takes max(0, net_long, net_short) from the realised future bid/ask. It bounds what any causal side choice at these instants could have earned; it is not a strategy, not achievable, and must never enter model training, a backtest or a promotion decision."
"[0.2,0.4)",WIDER_THAN_ONE_TICK,50-100,19546,0.0029148943582386075,0.0013571081186577493,0.00021149717363429067,0.000531685785943554,0.001483679525222552,0.0004604522664483782,0.0005627749923257956,0.0013571081186577493,0.00021149717363429067,0.000531685785943554,19546,0.013693428611461398,0.014581877023136588,250,0,0.001483679525222552,0.9628568505064975,M2-COST-LEDGER-v1,ORACLE_UPPER_BOUND,"ORACLE_UPPER_BOUND uses future information by construction: at each decision instant it takes max(0, net_long, net_short) from the realised future bid/ask. It bounds what any causal side choice at these instants could have earned; it is not a strategy, not achievable, and must never enter model training, a backtest or a promotion decision."
"[0.2,0.4)",WIDER_THAN_ONE_TICK,100-200,35255,0.0047458414166071305,0.0027823124504006394,0.0014641500201476232,0.0018608482003161554,0.0025811941568571833,0.0010211317543610836,0.001361509005814778,0.0027823124504006394,0.0014641500201476232,0.0018608482003161554,35255,0.024698752977441504,0.026301241913981397,250,0,0.002864841866401929,0.9510424053325769,M2-COST-LEDGER-v1,ORACLE_UPPER_BOUND,"ORACLE_UPPER_BOUND uses future information by construction: at each decision instant it takes max(0, net_long, net_short) from the realised future bid/ask. It bounds what any causal side choice at these instants could have earned; it is not a strategy, not achievable, and must never enter model training, a backtest or a promotion decision."
"[0.2,0.4)",WIDER_THAN_ONE_TICK,200+,17849,0.00302030230447763,0.0021792626097808286,0.0017893345778410392,0.0018267789762982703,0.0012885875959437504,0.0009524343100453807,0.0011765365006442938,0.0021792626097808286,0.0017893345778410392,0.0018267789762982703,17849,0.012504553734061931,0.013315866314640589,250,0,0.002241021905989131,0.9380917698470502,M2-COST-LEDGER-v1,ORACLE_UPPER_BOUND,"ORACLE_UPPER_BOUND uses future information by construction: at each decision instant it takes max(0, net_long, net_short) from the realised future bid/ask. It bounds what any causal side choice at these instants could have earned; it is not a strategy, not achievable, and must never enter model training, a backtest or a promotion decision."
"[0.4,0.6)",ONE_TICK,5-25,12418,0.00831549856576285,0.0029160738118515503,0.0,0.0,0.0012079239813174425,0.0,0.0,0.0029160738118515503,0.0,0.0,12418,0.008699733781700995,0.009264184430231769,250,0,0.0012079239813174425,0.9966983411177324,M2-COST-LEDGER-v1,ORACLE_UPPER_BOUND,"ORACLE_UPPER_BOUND uses future information by construction: at each decision instant it takes max(0, net_long, net_short) from the realised future bid/ask. It bounds what any causal side choice at these instants could have earned; it is not a strategy, not achievable, and must never enter model training, a backtest or a promotion decision."
"[0.4,0.6)",ONE_TICK,25-50,32172,0.0028306721926955936,0.0008658345374563136,0.0,0.0,0.0010257366654233494,0.0,0.0,0.0008658345374563136,0.0,0.0,32172,0.02253888188314418,0.024001235423531685,250,0,0.0010257366654233494,0.9969538729329852,M2-COST-LEDGER-v1,ORACLE_UPPER_BOUND,"ORACLE_UPPER_BOUND uses future information by construction: at each decision instant it takes max(0, net_long, net_short) from the realised future bid/ask. It bounds what any causal side choice at these instants could have earned; it is not a strategy, not achievable, and must never enter model training, a backtest or a promotion decision."
"[0.4,0.6)",ONE_TICK,50-100,36384,0.0028822683551155514,0.000916795897880869,2.7351041122214544e-08,0.00013695106532992106,0.0017040457343887423,0.00013742304309586633,0.00019239226033421284,0.000916795897880869,2.7351041122214544e-08,0.00013695106532992106,36384,0.025489701555275326,0.02714350831933908,250,0,0.0017040457343887423,0.9935411169744943,M2-COST-LEDGER-v1,ORACLE_UPPER_BOUND,"ORACLE_UPPER_BOUND uses future information by construction: at each decision instant it takes max(0, net_long, net_short) from the realised future bid/ask. It bounds what any causal side choice at these instants could have earned; it is not a strategy, not achievable, and must never enter model training, a backtest or a promotion decision."
"[0.4,0.6)",ONE_TICK,100-200,9764,0.007964845954779892,0.003957296053787594,0.0025459250003349193,0.0028766403621795066,0.005325686194182712,0.0007169192953707497,0.0011265874641540352,0.003957296053787594,0.0025459250003349193,0.0028766403621795066,9764,0.006840409135491103,0.0072842242532439195,250,0,0.005837771405161819,0.9783900040966816,M2-COST-LEDGER-v1,ORACLE_UPPER_BOUND,"ORACLE_UPPER_BOUND uses future information by construction: at each decision instant it takes max(0, net_long, net_short) from the realised future bid/ask. It bounds what any causal side choice at these instants could have earned; it is not a strategy, not achievable, and must never enter model training, a backtest or a promotion decision."
"[0.4,0.6)",ONE_TICK,200+,1333,0.009358867476246821,0.0010321571896962914,1.7444020220217717e-08,0.00022914584054657412,0.002250562640660165,0.0007501875468867217,0.002250562640660165,0.0010321571896962914,1.7444020220217717e-08,0.00022914584054657412,1333,0.0009338657699313437,0.0009944562607101745,250,0,0.0172543135783946,0.9257314328582146,M2-COST-LEDGER-v1,ORACLE_UPPER_BOUND,"ORACLE_UPPER_BOUND uses future information by construction: at each decision instant it takes max(0, net_long, net_short) from the realised future bid/ask. It bounds what any causal side choice at these instants could have earned; it is not a strategy, not achievable, and must never enter model training, a backtest or a promotion decision."
"[0.4,0.6)",WIDER_THAN_ONE_TICK,5-25,490,0.0,0.0,0.0,0.0,0.0,0.0,0.0,0.0,0.0,0.0,490,0.00034328149082247443,0.00036555406432707094,250,0,0.0,0.9653061224489796,M2-COST-LEDGER-v1,ORACLE_UPPER_BOUND,"ORACLE_UPPER_BOUND uses future information by construction: at each decision instant it takes max(0, net_long, net_short) from the realised future bid/ask. It bounds what any causal side choice at these instants could have earned; it is not a strategy, not achievable, and must never enter model training, a backtest or a promotion decision."
"[0.4,0.6)",WIDER_THAN_ONE_TICK,25-50,3302,0.007243608774497986,0.004319317035771405,0.0015632263232017525,0.0024385710506928514,0.0018170805572380376,0.0006056935190793458,0.0006056935190793458,0.004319317035771405,0.0015632263232017525,0.0024385710506928514,3302,0.002313296903460838,0.002463386776342833,250,0,0.0018170805572380376,0.9588128407026045,M2-COST-LEDGER-v1,ORACLE_UPPER_BOUND,"ORACLE_UPPER_BOUND uses future information by construction: at each decision instant it takes max(0, net_long, net_short) from the realised future bid/ask. It bounds what any causal side choice at these instants could have earned; it is not a strategy, not achievable, and must never enter model training, a backtest or a promotion decision."
"[0.4,0.6)",WIDER_THAN_ONE_TICK,50-100,11239,0.0031182333781899726,0.0015934207565150794,0.00025327451125233094,0.0006856214157600617,0.0014236142005516505,0.00044487943767239076,0.0006228312127413471,0.0015934207565150794,0.00025327451125233094,0.0006856214157600617,11239,0.007873756480313857,0.008384616589738674,250,0,0.0014236142005516505,0.9692143429130705,M2-COST-LEDGER-v1,ORACLE_UPPER_BOUND,"ORACLE_UPPER_BOUND uses future information by construction: at each decision instant it takes max(0, net_long, net_short) from the realised future bid/ask. It bounds what any causal side choice at these instants could have earned; it is not a strategy, not achievable, and must never enter model training, a backtest or a promotion decision."
"[0.4,0.6)",WIDER_THAN_ONE_TICK,100-200,19249,0.003739156588209208,0.0019100840458765958,0.000900749675234646,0.0012012094541440635,0.0021299807782222454,0.0008312120110135591,0.0010390150137669489,0.0019100840458765958,0.000900749675234646,0.0012012094541440635,19249,0.013485357993554714,0.01436030649843222,250,0,0.002805340537170762,0.9604135279754793,M2-COST-LEDGER-v1,ORACLE_UPPER_BOUND,"ORACLE_UPPER_BOUND uses future information by construction: at each decision instant it takes max(0, net_long, net_short) from the realised future bid/ask. It bounds what any causal side choice at these instants could have earned; it is not a strategy, not achievable, and must never enter model training, a backtest or a promotion decision."
"[0.4,0.6)",WIDER_THAN_ONE_TICK,200+,11476,0.002155096742463555,0.001218205256538829,0.0010531357985320013,0.0010171018166835635,0.0009585221331474381,0.0011327988846287905,0.000871383757406762,0.001218205256538829,0.0010531357985320013,0.0010171018166835635,11476,0.008039792629956565,0.008561425392280542,250,0,0.0025270128964796097,0.936214708957825,M2-COST-LEDGER-v1,ORACLE_UPPER_BOUND,"ORACLE_UPPER_BOUND uses future information by construction: at each decision instant it takes max(0, net_long, net_short) from the realised future bid/ask. It bounds what any causal side choice at these instants could have earned; it is not a strategy, not achievable, and must never enter model training, a backtest or a promotion decision."
"[0.6,0.8)",ONE_TICK,5-25,7758,0.008679013433012008,0.0030653854624604735,0.0,0.0,0.001160092807424594,0.0,0.0,0.0030653854624604735,0.0,0.0,7758,0.005435056746532156,0.005787690675611053,250,0,0.001160092807424594,0.9980665119876256,M2-COST-LEDGER-v1,ORACLE_UPPER_BOUND,"ORACLE_UPPER_BOUND uses future information by construction: at each decision instant it takes max(0, net_long, net_short) from the realised future bid/ask. It bounds what any causal side choice at these instants could have earned; it is not a strategy, not achievable, and must never enter model training, a backtest or a promotion decision."
"[0.6,0.8)",ONE_TICK,25-50,21373,0.00508222013910226,0.0019638999271597425,9.843031973263679e-05,0.00039617750569944353,0.0017779441351237543,0.0001403640106676648,0.00023394001777944136,0.0019638999271597425,9.843031973263679e-05,0.00039617750569944353,21373,0.014973378170099482,0.015944871462984667,250,0,0.0017779441351237543,0.9970055677724231,M2-COST-LEDGER-v1,ORACLE_UPPER_BOUND,"ORACLE_UPPER_BOUND uses future information by construction: at each decision instant it takes max(0, net_long, net_short) from the realised future bid/ask. It bounds what any causal side choice at these instants could have earned; it is not a strategy, not achievable, and must never enter model training, a backtest or a promotion decision."
"[0.6,0.8)",ONE_TICK,50-100,26764,0.0037941196602234205,0.001330582030973564,0.00016289625451220704,0.0003408846228640163,0.002129726498281273,0.00014945449110745777,0.0002615453594380511,0.001330582030973564,0.00016289625451220704,0.0003408846228640163,26764,0.018750175143617768,0.019966712199285155,250,0,0.002129726498281273,0.9953295471528919,M2-COST-LEDGER-v1,ORACLE_UPPER_BOUND,"ORACLE_UPPER_BOUND uses future information by construction: at each decision instant it takes max(0, net_long, net_short) from the realised future bid/ask. It bounds what any causal side choice at these instants could have earned; it is not a strategy, not achievable, and must never enter model training, a backtest or a promotion decision."
"[0.6,0.8)",ONE_TICK,100-200,7267,0.00701567931851892,0.002674903581486995,0.0012084606378939555,0.0015212173020845213,0.005641943030136232,0.000688041832943443,0.0015136920324755746,0.002674903581486995,0.0012084606378939555,0.0015212173020845213,7267,0.005091074681238616,0.005421390582581274,250,0,0.006605201596257052,0.976606577679923,M2-COST-LEDGER-v1,ORACLE_UPPER_BOUND,"ORACLE_UPPER_BOUND uses future information by construction: at each decision instant it takes max(0, net_long, net_short) from the realised future bid/ask. It bounds what any causal side choice at these instants could have earned; it is not a strategy, not achievable, and must never enter model training, a backtest or a promotion decision."
"[0.6,0.8)",ONE_TICK,200+,1148,0.022825193518883454,0.011995473977192117,0.009571632748104932,0.010116219773462968,0.005226480836236934,0.003484320557491289,0.005226480836236934,0.011995473977192117,0.009571632748104932,0.010116219773462968,1148,0.000804259492784083,0.0008564409507091376,250,0,0.02264808362369338,0.9303135888501742,M2-COST-LEDGER-v1,ORACLE_UPPER_BOUND,"ORACLE_UPPER_BOUND uses future information by construction: at each decision instant it takes max(0, net_long, net_short) from the realised future bid/ask. It bounds what any causal side choice at these instants could have earned; it is not a strategy, not achievable, and must never enter model training, a backtest or a promotion decision."
"[0.6,0.8)",WIDER_THAN_ONE_TICK,5-25,381,0.12124962275327576,0.09280724004417389,0.05141365122715223,0.06727734788383848,0.005249343832020997,0.0026246719160104987,0.0026246719160104987,0.09280724004417389,0.05141365122715223,0.06727734788383848,381,0.0002669188734762505,0.00028423693573186536,250,0,0.005249343832020997,0.968503937007874,M2-COST-LEDGER-v1,ORACLE_UPPER_BOUND,"ORACLE_UPPER_BOUND uses future information by construction: at each decision instant it takes max(0, net_long, net_short) from the realised future bid/ask. It bounds what any causal side choice at these instants could have earned; it is not a strategy, not achievable, and must never enter model training, a backtest or a promotion decision."
"[0.6,0.8)",WIDER_THAN_ONE_TICK,25-50,2778,0.015974006530746224,0.009732703320800298,0.0030376523597769613,0.005338211813880208,0.003959683225341973,0.0010799136069114472,0.0017998560115190785,0.009732703320800298,0.0030376523597769613,0.005338211813880208,2778,0.0019461958806221101,0.0020724677361236795,250,0,0.003959683225341973,0.9582433405327574,M2-COST-LEDGER-v1,ORACLE_UPPER_BOUND,"ORACLE_UPPER_BOUND uses future information by construction: at each decision instant it takes max(0, net_long, net_short) from the realised future bid/ask. It bounds what any causal side choice at these instants could have earned; it is not a strategy, not achievable, and must never enter model training, a backtest or a promotion decision."
"[0.6,0.8)",WIDER_THAN_ONE_TICK,50-100,6871,0.014178299259529147,0.01057379304880056,0.007851325636049154,0.008647513161748064,0.003201862902052103,0.001018774559743851,0.001018774559743851,0.01057379304880056,0.007851325636049154,0.008647513161748064,6871,0.004813647190696371,0.005125963216308784,250,0,0.003201862902052103,0.9716198515499928,M2-COST-LEDGER-v1,ORACLE_UPPER_BOUND,"ORACLE_UPPER_BOUND uses future information by construction: at each decision instant it takes max(0, net_long, net_short) from the realised future bid/ask. It bounds what any causal side choice at these instants could have earned; it is not a strategy, not achievable, and must never enter model training, a backtest or a promotion decision."
"[0.6,0.8)",WIDER_THAN_ONE_TICK,100-200,12963,0.006768376936150611,0.004374498805784819,0.003336914548815901,0.0036119138426642756,0.0026999922857363265,0.0009257116408238834,0.0010799969142945307,0.004374498805784819,0.003336914548815901,0.0036119138426642756,12963,0.009081546868432114,0.009670770073207796,250,0,0.0037028465632955336,0.9511687109465402,M2-COST-LEDGER-v1,ORACLE_UPPER_BOUND,"ORACLE_UPPER_BOUND uses future information by construction: at each decision instant it takes max(0, net_long, net_short) from the realised future bid/ask. It bounds what any causal side choice at these instants could have earned; it is not a strategy, not achievable, and must never enter model training, a backtest or a promotion decision."
"[0.6,0.8)",WIDER_THAN_ONE_TICK,200+,10700,0.005372091032269257,0.004068891320332085,0.0034771077656202505,0.0035763931187221256,0.001588785046728972,0.0014953271028037382,0.0014953271028037382,0.004068891320332085,0.0034771077656202505,0.0035763931187221256,10700,0.007496146840409136,0.007982507118978896,250,0,0.0030841121495327104,0.9403738317757009,M2-COST-LEDGER-v1,ORACLE_UPPER_BOUND,"ORACLE_UPPER_BOUND uses future information by construction: at each decision instant it takes max(0, net_long, net_short) from the realised future bid/ask. It bounds what any causal side choice at these instants could have earned; it is not a strategy, not achievable, and must never enter model training, a backtest or a promotion decision."
"[0.8,1.0]",ONE_TICK,5-25,3436,0.0028105851132300425,0.0010103145283261634,0.0,0.0,0.0002910360884749709,0.0,0.0,0.0010103145283261634,0.0,0.0,3436,0.0024071738825837186,0.0025633546225057465,250,0,0.0002910360884749709,0.9970896391152503,M2-COST-LEDGER-v1,ORACLE_UPPER_BOUND,"ORACLE_UPPER_BOUND uses future information by construction: at each decision instant it takes max(0, net_long, net_short) from the realised future bid/ask. It bounds what any causal side choice at these instants could have earned; it is not a strategy, not achievable, and must never enter model training, a backtest or a promotion decision."
"[0.8,1.0]",ONE_TICK,25-50,8205,0.006029420161813761,0.003348817416381943,0.0010206088499135465,0.0016671081728894066,0.0014625228519195613,0.0004875076173065204,0.0004875076173065204,0.003348817416381943,0.0010206088499135465,0.0016671081728894066,8205,0.005748213535098781,0.006121165505721667,250,0,0.0014625228519195613,0.9952468007312614,M2-COST-LEDGER-v1,ORACLE_UPPER_BOUND,"ORACLE_UPPER_BOUND uses future information by construction: at each decision instant it takes max(0, net_long, net_short) from the realised future bid/ask. It bounds what any causal side choice at these instants could have earned; it is not a strategy, not achievable, and must never enter model training, a backtest or a promotion decision."
"[0.8,1.0]",ONE_TICK,50-100,12186,0.0037111862791655,0.0018286145436757447,0.0004441406534329944,0.0008375024693476758,0.0016412276382734286,0.0003282455276546857,0.0004923682914820286,0.0018286145436757447,0.0004441406534329944,0.0008375024693476758,12186,0.008537200504413619,0.009091105771203442,250,0,0.0016412276382734286,0.9946660101756114,M2-COST-LEDGER-v1,ORACLE_UPPER_BOUND,"ORACLE_UPPER_BOUND uses future information by construction: at each decision instant it takes max(0, net_long, net_short) from the realised future bid/ask. It bounds what any causal side choice at these instants could have earned; it is not a strategy, not achievable, and must never enter model training, a backtest or a promotion decision."
"[0.8,1.0]",ONE_TICK,100-200,5429,0.005806966333712625,0.001504768403466005,0.0005627434448577905,0.0008035618183075401,0.003683919690550746,0.0003683919690550746,0.0007367839381101492,0.001504768403466005,0.0005627434448577905,0.0008035618183075401,5429,0.0038034188034188035,0.004050189827003404,250,0,0.007183643396573955,0.970528642475594,M2-COST-LEDGER-v1,ORACLE_UPPER_BOUND,"ORACLE_UPPER_BOUND uses future information by construction: at each decision instant it takes max(0, net_long, net_short) from the realised future bid/ask. It bounds what any causal side choice at these instants could have earned; it is not a strategy, not achievable, and must never enter model training, a backtest or a promotion decision."
"[0.8,1.0]",ONE_TICK,200+,964,0.010954480564678902,0.003873078543323682,0.001498030197950248,0.0020244242264177443,0.005186721991701245,0.004149377593360996,0.005186721991701245,0.003873078543323682,0.001498030197950248,0.0020244242264177443,964,0.0006753537901078885,0.0007191716694108089,250,0,0.014522821576763486,0.9315352697095436,M2-COST-LEDGER-v1,ORACLE_UPPER_BOUND,"ORACLE_UPPER_BOUND uses future information by construction: at each decision instant it takes max(0, net_long, net_short) from the realised future bid/ask. It bounds what any causal side choice at these instants could have earned; it is not a strategy, not achievable, and must never enter model training, a backtest or a promotion decision."
"[0.8,1.0]",WIDER_THAN_ONE_TICK,5-25,286,0.0,0.0,0.0,0.0,0.0,0.0,0.0,0.0,0.0,0.0,286,0.00020036429872495446,0.0002133642089745761,250,0,0.0,0.9825174825174825,M2-COST-LEDGER-v1,ORACLE_UPPER_BOUND,"ORACLE_UPPER_BOUND uses future information by construction: at each decision instant it takes max(0, net_long, net_short) from the realised future bid/ask. It bounds what any causal side choice at these instants could have earned; it is not a strategy, not achievable, and must never enter model training, a backtest or a promotion decision."
"[0.8,1.0]",WIDER_THAN_ONE_TICK,25-50,1390,0.013427427565583254,0.007204042859077147,0.0015119034188893438,0.0031748482013450197,0.0035971223021582736,0.0014388489208633094,0.0014388489208633094,0.007204042859077147,0.0015119034188893438,0.0031748482013450197,1390,0.0009737985147821213,0.0010369798967645482,250,0,0.0035971223021582736,0.958273381294964,M2-COST-LEDGER-v1,ORACLE_UPPER_BOUND,"ORACLE_UPPER_BOUND uses future information by construction: at each decision instant it takes max(0, net_long, net_short) from the realised future bid/ask. It bounds what any causal side choice at these instants could have earned; it is not a strategy, not achievable, and must never enter model training, a backtest or a promotion decision."
"[0.8,1.0]",WIDER_THAN_ONE_TICK,50-100,3494,0.0037238799968633747,0.0013514101402006492,2.1908385234698794e-07,0.00029923089305264837,0.002003434459072696,0.00028620492272467084,0.00028620492272467084,0.0013514101402006492,2.1908385234698794e-07,0.00029923089305264837,3494,0.0024478072019055628,0.002606624287262828,250,0,0.002003434459072696,0.9627933600457927,M2-COST-LEDGER-v1,ORACLE_UPPER_BOUND,"ORACLE_UPPER_BOUND uses future information by construction: at each decision instant it takes max(0, net_long, net_short) from the realised future bid/ask. It bounds what any causal side choice at these instants could have earned; it is not a strategy, not achievable, and must never enter model training, a backtest or a promotion decision."
"[0.8,1.0]",WIDER_THAN_ONE_TICK,100-200,18124,0.006583796652852559,0.0038263127194492377,0.0024121548649957063,0.0027840355072878743,0.0033657029353343633,0.0012690355329949238,0.0017104391966453322,0.0038263127194492377,0.0024121548649957063,0.0027840355072878743,18124,0.012697211713605156,0.013521024207885373,250,0,0.004303685720591481,0.9513904215404988,M2-COST-LEDGER-v1,ORACLE_UPPER_BOUND,"ORACLE_UPPER_BOUND uses future information by construction: at each decision instant it takes max(0, net_long, net_short) from the realised future bid/ask. It bounds what any causal side choice at these instants could have earned; it is not a strategy, not achievable, and must never enter model training, a backtest or a promotion decision."
"[0.8,1.0]",WIDER_THAN_ONE_TICK,200+,31363,0.0027232569504221475,0.002015741395976514,0.0018191976236634226,0.0017721010948349974,0.0011797340815610752,0.0013072729011892996,0.0010521952619328508,0.002015741395976514,0.0018191976236634226,0.0017721010948349974,31363,0.02197211713605156,0.023397698203040662,250,0,0.00220004463858687,0.9480598157064056,M2-COST-LEDGER-v1,ORACLE_UPPER_BOUND,"ORACLE_UPPER_BOUND uses future information by construction: at each decision instant it takes max(0, net_long, net_short) from the realised future bid/ask. It bounds what any causal side choice at these instants could have earned; it is not a strategy, not achievable, and must never enter model training, a backtest or a promotion decision."
"[-1.0,-0.8)",ONE_TICK,5-25,2938,0.013354524610384878,0.0047294904192534265,0.0,0.0,0.0017018379850238256,0.0,0.0,0.0047294904192534265,0.0,0.0,2938,0.0020582877959927142,0.0021918323285570088,500,0,0.0017018379850238256,0.9206943498978897,M2-COST-LEDGER-v1,ORACLE_UPPER_BOUND,"ORACLE_UPPER_BOUND uses future information by construction: at each decision instant it takes max(0, net_long, net_short) from the realised future bid/ask. It bounds what any causal side choice at these instants could have earned; it is not a strategy, not achievable, and must never enter model training, a backtest or a promotion decision."
"[-1.0,-0.8)",ONE_TICK,25-50,6607,0.015491563787115789,0.00792901504274091,0.002139142779706788,0.0035542791084449566,0.0042379294687452706,0.0004540638716512789,0.0010594823671863176,0.00792901504274091,0.002139142779706788,0.0035542791084449566,6607,0.0046286955303348745,0.004929011638793791,500,0,0.0042379294687452706,0.9014681398516725,M2-COST-LEDGER-v1,ORACLE_UPPER_BOUND,"ORACLE_UPPER_BOUND uses future information by construction: at each decision instant it takes max(0, net_long, net_short) from the realised future bid/ask. It bounds what any causal side choice at these instants could have earned; it is not a strategy, not achievable, and must never enter model training, a backtest or a promotion decision."
"[-1.0,-0.8)",ONE_TICK,50-100,8932,0.005073631480474897,0.0019172094939703171,0.0001145837163488594,0.0005074098791938048,0.0027989252127183163,0.0002239140170174653,0.0005597850425436632,0.0019172094939703171,0.0001145837163488594,0.0005074098791938048,8932,0.006257531175563963,0.006663528372590607,500,0,0.0027989252127183163,0.9059561128526645,M2-COST-LEDGER-v1,ORACLE_UPPER_BOUND,"ORACLE_UPPER_BOUND uses future information by construction: at each decision instant it takes max(0, net_long, net_short) from the realised future bid/ask. It bounds what any causal side choice at these instants could have earned; it is not a strategy, not achievable, and must never enter model training, a backtest or a promotion decision."
"[-1.0,-0.8)",ONE_TICK,100-200,5687,0.022174851351325332,0.013317683596065397,0.009628061788695144,0.010533182089739045,0.011957095129242132,0.0031651134165640933,0.004044311587831897,0.013317683596065397,0.009628061788695144,0.010533182089739045,5687,0.003984167016953902,0.004242665232302148,500,0,0.013539651837524178,0.8642518023562511,M2-COST-LEDGER-v1,ORACLE_UPPER_BOUND,"ORACLE_UPPER_BOUND uses future information by construction: at each decision instant it takes max(0, net_long, net_short) from the realised future bid/ask. It bounds what any causal side choice at these instants could have earned; it is not a strategy, not achievable, and must never enter model training, a backtest or a promotion decision."
"[-1.0,-0.8)",ONE_TICK,200+,1002,0.08590759272100844,0.06652652273834578,0.06038482184775329,0.06169361321537206,0.013972055888223553,0.008982035928143712,0.012974051896207584,0.06652652273834578,0.06038482184775329,0.06169361321537206,1002,0.0007019756200084069,0.0007475207601137246,500,0,0.03992015968063872,0.7395209580838323,M2-COST-LEDGER-v1,ORACLE_UPPER_BOUND,"ORACLE_UPPER_BOUND uses future information by construction: at each decision instant it takes max(0, net_long, net_short) from the realised future bid/ask. It bounds what any causal side choice at these instants could have earned; it is not a strategy, not achievable, and must never enter model training, a backtest or a promotion decision."
"[-1.0,-0.8)",WIDER_THAN_ONE_TICK,5-25,214,0.10678467084693058,0.09259747744577014,0.06409031546765527,0.07677669981078127,0.004672897196261682,0.004672897196261682,0.004672897196261682,0.09259747744577014,0.06409031546765527,0.07677669981078127,214,0.0001499229368081827,0.0001596501423795779,500,0,0.004672897196261682,0.9112149532710281,M2-COST-LEDGER-v1,ORACLE_UPPER_BOUND,"ORACLE_UPPER_BOUND uses future information by construction: at each decision instant it takes max(0, net_long, net_short) from the realised future bid/ask. It bounds what any causal side choice at these instants could have earned; it is not a strategy, not achievable, and must never enter model training, a backtest or a promotion decision."
"[-1.0,-0.8)",WIDER_THAN_ONE_TICK,25-50,926,0.05879705815413448,0.03915445477998783,0.013492462930554656,0.023149873937067366,0.011879049676025918,0.005399568034557235,0.00755939524838013,0.03915445477998783,0.013492462930554656,0.023149873937067366,926,0.00064873196020737,0.0006908225787078932,500,0,0.011879049676025918,0.8326133909287257,M2-COST-LEDGER-v1,ORACLE_UPPER_BOUND,"ORACLE_UPPER_BOUND uses future information by construction: at each decision instant it takes max(0, net_long, net_short) from the realised future bid/ask. It bounds what any causal side choice at these instants could have earned; it is not a strategy, not achievable, and must never enter model training, a backtest or a promotion decision."
"[-1.0,-0.8)",WIDER_THAN_ONE_TICK,50-100,3653,0.022424451801067915,0.015503066585873896,0.009535795880048362,0.011464392125878978,0.006296194908294552,0.0021899808376676703,0.0024637284423761293,0.015503066585873896,0.009535795880048362,0.011464392125878978,3653,0.0025591985428051003,0.002725242850993449,500,0,0.006296194908294552,0.8959759102107857,M2-COST-LEDGER-v1,ORACLE_UPPER_BOUND,"ORACLE_UPPER_BOUND uses future information by construction: at each decision instant it takes max(0, net_long, net_short) from the realised future bid/ask. It bounds what any causal side choice at these instants could have earned; it is not a strategy, not achievable, and must never enter model training, a backtest or a promotion decision."
"[-1.0,-0.8)",WIDER_THAN_ONE_TICK,100-200,18955,0.01634031892167722,0.01126194612796512,0.008283706630339392,0.009115110743586398,0.0062252703772091795,0.002796096016882089,0.003798470060670008,0.01126194612796512,0.008283706630339392,0.009115110743586398,18955,0.01327938909906123,0.014140974059835979,500,0,0.008124505407544183,0.8858348720654181,M2-COST-LEDGER-v1,ORACLE_UPPER_BOUND,"ORACLE_UPPER_BOUND uses future information by construction: at each decision instant it takes max(0, net_long, net_short) from the realised future bid/ask. It bounds what any causal side choice at these instants could have earned; it is not a strategy, not achievable, and must never enter model training, a backtest or a promotion decision."
"[-1.0,-0.8)",WIDER_THAN_ONE_TICK,200+,30811,0.006934581112461517,0.00558871828412615,0.00507487616267805,0.0050798344570938065,0.0021096361689007174,0.00188244458148064,0.001849988640420629,0.00558871828412615,0.00507487616267805,0.0050798344570938065,30811,0.021585400028022977,0.022985890359145677,500,0,0.003667521339781247,0.8781928532017785,M2-COST-LEDGER-v1,ORACLE_UPPER_BOUND,"ORACLE_UPPER_BOUND uses future information by construction: at each decision instant it takes max(0, net_long, net_short) from the realised future bid/ask. It bounds what any causal side choice at these instants could have earned; it is not a strategy, not achievable, and must never enter model training, a backtest or a promotion decision."
"[-0.8,-0.6)",ONE_TICK,5-25,6735,0.019773175174066415,0.008335553226384995,0.0,0.001282707834829104,0.0023756495916852265,0.0,0.0002969561989606533,0.008335553226384995,0.0,0.001282707834829104,6735,0.004718369062631358,0.005024503312740455,500,0,0.0023756495916852265,0.9561989606533037,M2-COST-LEDGER-v1,ORACLE_UPPER_BOUND,"ORACLE_UPPER_BOUND uses future information by construction: at each decision instant it takes max(0, net_long, net_short) from the realised future bid/ask. It bounds what any causal side choice at these instants could have earned; it is not a strategy, not achievable, and must never enter model training, a backtest or a promotion decision."
"[-0.8,-0.6)",ONE_TICK,25-50,20639,0.008725242308174754,0.004053545166266197,0.0006845799650998567,0.001451351379944255,0.0027133097533795243,0.00038761567905421776,0.0006298754784631038,0.004053545166266197,0.0006845799650998567,0.001451351379944255,20639,0.014459156508336837,0.015397286395196769,500,0,0.0027133097533795243,0.9422937157808033,M2-COST-LEDGER-v1,ORACLE_UPPER_BOUND,"ORACLE_UPPER_BOUND uses future information by construction: at each decision instant it takes max(0, net_long, net_short) from the realised future bid/ask. It bounds what any causal side choice at these instants could have earned; it is not a strategy, not achievable, and must never enter model training, a backtest or a promotion decision."
"[-0.8,-0.6)",ONE_TICK,50-100,23274,0.007500566411260166,0.0028490692242116806,0.00033671952680803835,0.0008420899141039366,0.003995875225573602,0.0001288992008249549,0.0006015296038497895,0.0028490692242116806,0.00033671952680803835,0.0008420899141039366,23274,0.01630517023959647,0.01736307202683316,500,0,0.003995875225573602,0.9292343387470998,M2-COST-LEDGER-v1,ORACLE_UPPER_BOUND,"ORACLE_UPPER_BOUND uses future information by construction: at each decision instant it takes max(0, net_long, net_short) from the realised future bid/ask. It bounds what any causal side choice at these instants could have earned; it is not a strategy, not achievable, and must never enter model training, a backtest or a promotion decision."
"[-0.8,-0.6)",ONE_TICK,100-200,6653,0.021807853594413968,0.01128094901797845,0.007537289549738035,0.008409198950593132,0.013377423718623178,0.0019540057117090033,0.0033067788967383136,0.01128094901797845,0.007537289549738035,0.008409198950593132,6653,0.004660921956003923,0.004963328959118373,500,0,0.015632045693672027,0.8593115887569518,M2-COST-LEDGER-v1,ORACLE_UPPER_BOUND,"ORACLE_UPPER_BOUND uses future information by construction: at each decision instant it takes max(0, net_long, net_short) from the realised future bid/ask. It bounds what any causal side choice at these instants could have earned; it is not a strategy, not achievable, and must never enter model training, a backtest or a promotion decision."
"[-0.8,-0.6)",ONE_TICK,200+,1304,0.04791090369494124,0.029339042963468114,0.0221872628326779,0.02372609307828759,0.016104294478527608,0.009202453987730062,0.015337423312883436,0.029339042963468114,0.0221872628326779,0.02372609307828759,1304,0.0009135491102704217,0.0009728214283316336,500,0,0.03834355828220859,0.776840490797546,M2-COST-LEDGER-v1,ORACLE_UPPER_BOUND,"ORACLE_UPPER_BOUND uses future information by construction: at each decision instant it takes max(0, net_long, net_short) from the realised future bid/ask. It bounds what any causal side choice at these instants could have earned; it is not a strategy, not achievable, and must never enter model training, a backtest or a promotion decision."
"[-0.8,-0.6)",WIDER_THAN_ONE_TICK,5-25,275,0.0508582326764145,0.03436681281744747,3.554034428820397e-05,0.015534006769547078,0.0036363636363636364,0.0036363636363636364,0.0036363636363636364,0.03436681281744747,3.554034428820397e-05,0.015534006769547078,275,0.00019265797954322544,0.0002051578932447847,500,0,0.0036363636363636364,0.8872727272727273,M2-COST-LEDGER-v1,ORACLE_UPPER_BOUND,"ORACLE_UPPER_BOUND uses future information by construction: at each decision instant it takes max(0, net_long, net_short) from the realised future bid/ask. It bounds what any causal side choice at these instants could have earned; it is not a strategy, not achievable, and must never enter model training, a backtest or a promotion decision."
"[-0.8,-0.6)",WIDER_THAN_ONE_TICK,25-50,2420,0.01711071191411796,0.01186437331523653,0.005856034184699561,0.008000200048952754,0.003305785123966942,0.0008264462809917355,0.001652892561983471,0.01186437331523653,0.005856034184699561,0.008000200048952754,2420,0.001695390219980384,0.0018053894605541054,500,0,0.003305785123966942,0.8648760330578512,M2-COST-LEDGER-v1,ORACLE_UPPER_BOUND,"ORACLE_UPPER_BOUND uses future information by construction: at each decision instant it takes max(0, net_long, net_short) from the realised future bid/ask. It bounds what any causal side choice at these instants could have earned; it is not a strategy, not achievable, and must never enter model training, a backtest or a promotion decision."
"[-0.8,-0.6)",WIDER_THAN_ONE_TICK,50-100,7444,0.013890336421355011,0.008827471659651719,0.0045000980708515504,0.005861617193544276,0.004433100483610962,0.0012090274046211713,0.0017463729177861365,0.008827471659651719,0.0045000980708515504,0.005861617193544276,7444,0.005215076362617347,0.005553437662960644,500,0,0.004433100483610962,0.8954862976894143,M2-COST-LEDGER-v1,ORACLE_UPPER_BOUND,"ORACLE_UPPER_BOUND uses future information by construction: at each decision instant it takes max(0, net_long, net_short) from the realised future bid/ask. It bounds what any causal side choice at these instants could have earned; it is not a strategy, not achievable, and must never enter model training, a backtest or a promotion decision."
"[-0.8,-0.6)",WIDER_THAN_ONE_TICK,100-200,13307,0.014011232953668334,0.008135781819902401,0.004473217306022561,0.005542512919787358,0.007589990230705643,0.002705343052528744,0.003832569324415721,0.008135781819902401,0.004473217306022561,0.005542512919787358,13307,0.009322544486478913,0.009927403946939455,500,0,0.008642068084466822,0.8750281806567972,M2-COST-LEDGER-v1,ORACLE_UPPER_BOUND,"ORACLE_UPPER_BOUND uses future information by construction: at each decision instant it takes max(0, net_long, net_short) from the realised future bid/ask. It bounds what any causal side choice at these instants could have earned; it is not a strategy, not achievable, and must never enter model training, a backtest or a promotion decision."
"[-0.8,-0.6)",WIDER_THAN_ONE_TICK,200+,10491,0.014243036814812628,0.01119530897141027,0.010101575384246267,0.010126119336887186,0.004384710704413306,0.0034315127251930227,0.004098751310647222,0.01119530897141027,0.010101575384246267,0.010126119336887186,10491,0.0073497267759562845,0.00782658712011286,500,0,0.007434944237918215,0.8705557144218854,M2-COST-LEDGER-v1,ORACLE_UPPER_BOUND,"ORACLE_UPPER_BOUND uses future information by construction: at each decision instant it takes max(0, net_long, net_short) from the realised future bid/ask. It bounds what any causal side choice at these instants could have earned; it is not a strategy, not achievable, and must never enter model training, a backtest or a promotion decision."
"[-0.6,-0.4)",ONE_TICK,5-25,10700,0.015610278634673808,0.005935482216419511,0.0,0.00039383190366744044,0.0019626168224299067,0.0,9.345794392523364e-05,0.005935482216419511,0.0,0.00039383190366744044,10700,0.007496146840409136,0.007982507118978896,500,0,0.0019626168224299067,0.9739252336448598,M2-COST-LEDGER-v1,ORACLE_UPPER_BOUND,"ORACLE_UPPER_BOUND uses future information by construction: at each decision instant it takes max(0, net_long, net_short) from the realised future bid/ask. It bounds what any causal side choice at these instants could have earned; it is not a strategy, not achievable, and must never enter model training, a backtest or a promotion decision."
"[-0.6,-0.4)",ONE_TICK,25-50,29665,0.010852375596833292,0.005486097648352261,0.0013089086935384132,0.002357934312474455,0.003067588066745323,0.0003370975897522333,0.0008090342154053598,0.005486097648352261,0.0013089086935384132,0.002357934312474455,29665,0.02078254168418103,0.022130941465841956,500,0,0.003067588066745323,0.9620428113938986,M2-COST-LEDGER-v1,ORACLE_UPPER_BOUND,"ORACLE_UPPER_BOUND uses future information by construction: at each decision instant it takes max(0, net_long, net_short) from the realised future bid/ask. It bounds what any causal side choice at these instants could have earned; it is not a strategy, not achievable, and must never enter model training, a backtest or a promotion decision."
"[-0.6,-0.4)",ONE_TICK,50-100,33929,0.007688642510221991,0.003451280081570459,0.0008555524633192045,0.0014578745834486443,0.003595744053759321,0.0004420996787409001,0.0007663061098175602,0.003451280081570459,0.0008555524633192045,0.0014578745834486443,33929,0.02376979122880762,0.02531200785419018,500,0,0.003595744053759321,0.9475669781013293,M2-COST-LEDGER-v1,ORACLE_UPPER_BOUND,"ORACLE_UPPER_BOUND uses future information by construction: at each decision instant it takes max(0, net_long, net_short) from the realised future bid/ask. It bounds what any causal side choice at these instants could have earned; it is not a strategy, not achievable, and must never enter model training, a backtest or a promotion decision."
"[-0.6,-0.4)",ONE_TICK,100-200,8826,0.01664416612440029,0.007693190791950346,0.003913416657113274,0.004902814529925244,0.010876954452753228,0.0015862225243598459,0.0030591434398368456,0.007693190791950346,0.003913416657113274,0.004902814529925244,8826,0.006183270281630938,0.006584449330103526,500,0,0.01291638341264446,0.8947428053478359,M2-COST-LEDGER-v1,ORACLE_UPPER_BOUND,"ORACLE_UPPER_BOUND uses future information by construction: at each decision instant it takes max(0, net_long, net_short) from the realised future bid/ask. It bounds what any causal side choice at these instants could have earned; it is not a strategy, not achievable, and must never enter model training, a backtest or a promotion decision."
"[-0.6,-0.4)",ONE_TICK,200+,1326,0.05669646820648294,0.033250873078657074,0.025503406777653195,0.027173352431156397,0.017345399698340876,0.011312217194570135,0.017345399698340876,0.033250873078657074,0.025503406777653195,0.027173352431156397,1326,0.0009289617486338798,0.0009892340597912163,500,0,0.048265460030165915,0.8069381598793364,M2-COST-LEDGER-v1,ORACLE_UPPER_BOUND,"ORACLE_UPPER_BOUND uses future information by construction: at each decision instant it takes max(0, net_long, net_short) from the realised future bid/ask. It bounds what any causal side choice at these instants could have earned; it is not a strategy, not achievable, and must never enter model training, a backtest or a promotion decision."
"[-0.6,-0.4)",WIDER_THAN_ONE_TICK,5-25,308,0.0,0.0,0.0,0.0,0.0,0.0,0.0,0.0,0.0,0.0,308,0.0002157769370884125,0.00022977684043415887,500,0,0.0,0.8701298701298701,M2-COST-LEDGER-v1,ORACLE_UPPER_BOUND,"ORACLE_UPPER_BOUND uses future information by construction: at each decision instant it takes max(0, net_long, net_short) from the realised future bid/ask. It bounds what any causal side choice at these instants could have earned; it is not a strategy, not achievable, and must never enter model training, a backtest or a promotion decision."
"[-0.6,-0.4)",WIDER_THAN_ONE_TICK,25-50,3336,0.02203953023451061,0.011312811739180502,0.0018287086791773928,0.004586277981349997,0.006294964028776978,0.001199040767386091,0.0020983213429256594,0.011312811739180502,0.0018287086791773928,0.004586277981349997,3336,0.002337116435477091,0.0024887517522349154,500,0,0.006294964028776978,0.8803956834532374,M2-COST-LEDGER-v1,ORACLE_UPPER_BOUND,"ORACLE_UPPER_BOUND uses future information by construction: at each decision instant it takes max(0, net_long, net_short) from the realised future bid/ask. It bounds what any causal side choice at these instants could have earned; it is not a strategy, not achievable, and must never enter model training, a backtest or a promotion decision."
"[-0.6,-0.4)",WIDER_THAN_ONE_TICK,50-100,11174,0.010128116229835692,0.0061672336513569825,0.0024990669275441486,0.0036985735264714326,0.003400751745122606,0.0011634150706998389,0.0015213889386074817,0.0061672336513569825,0.0024990669275441486,0.0036985735264714326,11174,0.00782821913969455,0.008336124724062633,500,0,0.003400751745122606,0.9040630034007517,M2-COST-LEDGER-v1,ORACLE_UPPER_BOUND,"ORACLE_UPPER_BOUND uses future information by construction: at each decision instant it takes max(0, net_long, net_short) from the realised future bid/ask. It bounds what any causal side choice at these instants could have earned; it is not a strategy, not achievable, and must never enter model training, a backtest or a promotion decision."
"[-0.6,-0.4)",WIDER_THAN_ONE_TICK,100-200,17872,0.012470096418119506,0.007551357580062836,0.004627236982017776,0.005458626972623602,0.006602506714413608,0.002126230975828111,0.0029655326768128916,0.007551357580062836,0.004627236982017776,0.005458626972623602,17872,0.012520666946896455,0.013333024974802881,500,0,0.007106087735004476,0.884120411817368,M2-COST-LEDGER-v1,ORACLE_UPPER_BOUND,"ORACLE_UPPER_BOUND uses future information by construction: at each decision instant it takes max(0, net_long, net_short) from the realised future bid/ask. It bounds what any causal side choice at these instants could have earned; it is not a strategy, not achievable, and must never enter model training, a backtest or a promotion decision."
"[-0.6,-0.4)",WIDER_THAN_ONE_TICK,200+,12078,0.00830656301988361,0.005829623261149419,0.00465592090036746,0.0047944697293483916,0.0036429872495446266,0.0029806259314456036,0.003477396920019871,0.005829623261149419,0.00465592090036746,0.0047944697293483916,12078,0.008461538461538461,0.009010534671310943,500,0,0.005795661533366451,0.874896506044047,M2-COST-LEDGER-v1,ORACLE_UPPER_BOUND,"ORACLE_UPPER_BOUND uses future information by construction: at each decision instant it takes max(0, net_long, net_short) from the realised future bid/ask. It bounds what any causal side choice at these instants could have earned; it is not a strategy, not achievable, and must never enter model training, a backtest or a promotion decision."
"[-0.4,-0.2)",ONE_TICK,5-25,15485,0.00513425868910321,0.0018072933567609617,0.0,0.0,0.0007103648692282855,0.0,0.0,0.0018072933567609617,0.0,0.0,15485,0.010848395684461259,0.01155225446143815,500,0,0.0007103648692282855,0.9855989667420084,M2-COST-LEDGER-v1,ORACLE_UPPER_BOUND,"ORACLE_UPPER_BOUND uses future information by construction: at each decision instant it takes max(0, net_long, net_short) from the realised future bid/ask. It bounds what any causal side choice at these instants could have earned; it is not a strategy, not achievable, and must never enter model training, a backtest or a promotion decision."
"[-0.4,-0.2)",ONE_TICK,25-50,38618,0.007728099474014423,0.0031500377327587964,0.000399409571616941,0.0008305631861860094,0.0025376767310580557,0.00018126262364700398,0.0003366305867730074,0.0031500377327587964,0.000399409571616941,0.0008305631861860094,38618,0.027054784923637384,0.02881013644118944,500,0,0.0025376767310580557,0.9746750220104614,M2-COST-LEDGER-v1,ORACLE_UPPER_BOUND,"ORACLE_UPPER_BOUND uses future information by construction: at each decision instant it takes max(0, net_long, net_short) from the realised future bid/ask. It bounds what any causal side choice at these instants could have earned; it is not a strategy, not achievable, and must never enter model training, a backtest or a promotion decision."
"[-0.4,-0.2)",ONE_TICK,50-100,46672,0.006351747662067321,0.0023084262299609653,0.000359700612161104,0.0006859150543795395,0.0035781624957147754,0.00029996571820363385,0.0004499485773054508,0.0023084262299609653,0.000359700612161104,0.0006859150543795395,46672,0.03269721171360516,0.03481865161280215,500,0,0.0035781624957147754,0.9610687350017141,M2-COST-LEDGER-v1,ORACLE_UPPER_BOUND,"ORACLE_UPPER_BOUND uses future information by construction: at each decision instant it takes max(0, net_long, net_short) from the realised future bid/ask. It bounds what any causal side choice at these instants could have earned; it is not a strategy, not achievable, and must never enter model training, a backtest or a promotion decision."
"[-0.4,-0.2)",ONE_TICK,100-200,12817,0.018568817008638723,0.008222614174147377,0.004114312054354803,0.005113212261194743,0.013107591480065538,0.002418662713583522,0.0036670047593040495,0.008222614174147377,0.004114312054354803,0.005113212261194743,12817,0.008979262995656438,0.009561849882612383,500,0,0.015136147304361395,0.9094952016852618,M2-COST-LEDGER-v1,ORACLE_UPPER_BOUND,"ORACLE_UPPER_BOUND uses future information by construction: at each decision instant it takes max(0, net_long, net_short) from the realised future bid/ask. It bounds what any causal side choice at these instants could have earned; it is not a strategy, not achievable, and must never enter model training, a backtest or a promotion decision."
"[-0.4,-0.2)",ONE_TICK,200+,1467,0.053615202586112735,0.03458026751622992,0.027695994175274533,0.029225904747375468,0.014996591683708248,0.008861622358554875,0.014996591683708248,0.03458026751622992,0.027695994175274533,0.029225904747375468,1467,0.0010277427490542246,0.0010944241068730877,500,0,0.03885480572597137,0.8425357873210634,M2-COST-LEDGER-v1,ORACLE_UPPER_BOUND,"ORACLE_UPPER_BOUND uses future information by construction: at each decision instant it takes max(0, net_long, net_short) from the realised future bid/ask. It bounds what any causal side choice at these instants could have earned; it is not a strategy, not achievable, and must never enter model training, a backtest or a promotion decision."
"[-0.4,-0.2)",WIDER_THAN_ONE_TICK,5-25,507,0.027475536037230738,0.009621087951671029,0.0,0.0,0.0039447731755424065,0.0,0.0,0.009621087951671029,0.0,0.0,507,0.0003551912568306011,0.00037823655227311217,500,0,0.0039447731755424065,0.863905325443787,M2-COST-LEDGER-v1,ORACLE_UPPER_BOUND,"ORACLE_UPPER_BOUND uses future information by construction: at each decision instant it takes max(0, net_long, net_short) from the realised future bid/ask. It bounds what any causal side choice at these instants could have earned; it is not a strategy, not achievable, and must never enter model training, a backtest or a promotion decision."
"[-0.4,-0.2)",WIDER_THAN_ONE_TICK,25-50,5312,0.028730173686970287,0.02170917284802726,0.013644471824594436,0.01649810108818629,0.004141566265060241,0.001694277108433735,0.0020707831325301206,0.02170917284802726,0.013644471824594436,0.01649810108818629,5312,0.0037214515903040493,0.003962904468786532,500,0,0.004141566265060241,0.8866716867469879,M2-COST-LEDGER-v1,ORACLE_UPPER_BOUND,"ORACLE_UPPER_BOUND uses future information by construction: at each decision instant it takes max(0, net_long, net_short) from the realised future bid/ask. It bounds what any causal side choice at these instants could have earned; it is not a strategy, not achievable, and must never enter model training, a backtest or a promotion decision."
"[-0.4,-0.2)",WIDER_THAN_ONE_TICK,50-100,19199,0.008206327835101172,0.004062701234872641,0.001401763941276537,0.002057132821533442,0.0035418511380801085,0.0006250325537788426,0.0008333767383717902,0.004062701234872641,0.001401763941276537,0.002057132821533442,19199,0.013450329270001402,0.014323005063296805,500,0,0.0035418511380801085,0.9133288192093338,M2-COST-LEDGER-v1,ORACLE_UPPER_BOUND,"ORACLE_UPPER_BOUND uses future information by construction: at each decision instant it takes max(0, net_long, net_short) from the realised future bid/ask. It bounds what any causal side choice at these instants could have earned; it is not a strategy, not achievable, and must never enter model training, a backtest or a promotion decision."
"[-0.4,-0.2)",WIDER_THAN_ONE_TICK,100-200,33248,0.00992241957812453,0.005696846815904443,0.003396002546913899,0.004055003888921977,0.005263474494706448,0.0015339268527430222,0.002165543792107796,0.005696846815904443,0.003396002546913899,0.004055003888921977,33248,0.02329270001401149,0.024803962307645824,500,0,0.006135707410972089,0.8950613570741097,M2-COST-LEDGER-v1,ORACLE_UPPER_BOUND,"ORACLE_UPPER_BOUND uses future information by construction: at each decision instant it takes max(0, net_long, net_short) from the realised future bid/ask. It bounds what any causal side choice at these instants could have earned; it is not a strategy, not achievable, and must never enter model training, a backtest or a promotion decision."
"[-0.4,-0.2)",WIDER_THAN_ONE_TICK,200+,16434,0.005896240627245942,0.003511780781272932,0.0025400768005727397,0.0026278739563512137,0.0032858707557502738,0.002738225629791895,0.003164171838870634,0.003511780781272932,0.0025400768005727397,0.0026278739563512137,16434,0.011513240857503153,0.012260235700308333,500,0,0.005719849093343069,0.8747718145308506,M2-COST-LEDGER-v1,ORACLE_UPPER_BOUND,"ORACLE_UPPER_BOUND uses future information by construction: at each decision instant it takes max(0, net_long, net_short) from the realised future bid/ask. It bounds what any causal side choice at these instants could have earned; it is not a strategy, not achievable, and must never enter model training, a backtest or a promotion decision."
"[-0.2,0.0)",ONE_TICK,5-25,16191,0.009467157029169298,0.0036256502423044797,0.0,0.00025989122238954016,0.0011734914458649867,0.0,6.176270767710456e-05,0.0036256502423044797,0.0,0.00025989122238954016,16191,0.011343001261034049,0.012078950725550215,500,0,0.0011734914458649867,0.9897473905256007,M2-COST-LEDGER-v1,ORACLE_UPPER_BOUND,"ORACLE_UPPER_BOUND uses future information by construction: at each decision instant it takes max(0, net_long, net_short) from the realised future bid/ask. It bounds what any causal side choice at these instants could have earned; it is not a strategy, not achievable, and must never enter model training, a backtest or a promotion decision."
"[-0.2,0.0)",ONE_TICK,25-50,37047,0.007221968319801458,0.003308115512092042,0.00047637317732896893,0.001114642859706828,0.002186411855210948,0.0003509056063918806,0.0004858693011579885,0.003308115512092042,0.00047637317732896893,0.001114642859706828,37047,0.025954182429592267,0.027638125349234686,500,0,0.002186411855210948,0.984533160579804,M2-COST-LEDGER-v1,ORACLE_UPPER_BOUND,"ORACLE_UPPER_BOUND uses future information by construction: at each decision instant it takes max(0, net_long, net_short) from the realised future bid/ask. It bounds what any causal side choice at these instants could have earned; it is not a strategy, not achievable, and must never enter model training, a backtest or a promotion decision."
"[-0.2,0.0)",ONE_TICK,50-100,41707,0.005891446727557562,0.002332364466539904,0.00042313581521116137,0.0008002362343666765,0.0031169827606876543,0.00031169827606876546,0.0005274893902702184,0.002332364466539904,0.00042313581521116137,0.0008002362343666765,41707,0.029218859464761104,0.031114619103855403,500,0,0.0031169827606876543,0.976574675713909,M2-COST-LEDGER-v1,ORACLE_UPPER_BOUND,"ORACLE_UPPER_BOUND uses future information by construction: at each decision instant it takes max(0, net_long, net_short) from the realised future bid/ask. It bounds what any causal side choice at these instants could have earned; it is not a strategy, not achievable, and must never enter model training, a backtest or a promotion decision."
"[-0.2,0.0)",ONE_TICK,100-200,9093,0.02016537874633901,0.009309322690871534,0.005017542392690951,0.006061781654946191,0.01363686352139008,0.0027493676454415483,0.004179038821071153,0.009309322690871534,0.005017542392690951,0.006061781654946191,9093,0.006370323665405632,0.006783638993726645,500,0,0.016276256461013966,0.9245573518090839,M2-COST-LEDGER-v1,ORACLE_UPPER_BOUND,"ORACLE_UPPER_BOUND uses future information by construction: at each decision instant it takes max(0, net_long, net_short) from the realised future bid/ask. It bounds what any causal side choice at these instants could have earned; it is not a strategy, not achievable, and must never enter model training, a backtest or a promotion decision."
"[-0.2,0.0)",ONE_TICK,200+,1341,0.039103935393010665,0.018469624628029997,0.011963396621309822,0.013409792422696583,0.014168530947054437,0.00820283370618941,0.014168530947054437,0.018469624628029997,0.011963396621309822,0.013409792422696583,1341,0.0009394703656998739,0.001000424490331841,500,0,0.042505592841163314,0.8523489932885906,M2-COST-LEDGER-v1,ORACLE_UPPER_BOUND,"ORACLE_UPPER_BOUND uses future information by construction: at each decision instant it takes max(0, net_long, net_short) from the realised future bid/ask. It bounds what any causal side choice at these instants could have earned; it is not a strategy, not achievable, and must never enter model training, a backtest or a promotion decision."
"[-0.2,0.0)",WIDER_THAN_ONE_TICK,5-25,611,0.019042913961092048,0.006581863686421958,0.0,0.0,0.0032733224222585926,0.0,0.0,0.006581863686421958,0.0,0.0,611,0.0004280510018214936,0.0004558235373547762,500,0,0.0032733224222585926,0.900163666121113,M2-COST-LEDGER-v1,ORACLE_UPPER_BOUND,"ORACLE_UPPER_BOUND uses future information by construction: at each decision instant it takes max(0, net_long, net_short) from the realised future bid/ask. It bounds what any causal side choice at these instants could have earned; it is not a strategy, not achievable, and must never enter model training, a backtest or a promotion decision."
"[-0.2,0.0)",WIDER_THAN_ONE_TICK,25-50,3966,0.018872131207007807,0.011444907491214448,0.003267746952859565,0.006074687078788188,0.004286434694906707,0.0010085728693898135,0.002017145738779627,0.011444907491214448,0.003267746952859565,0.006074687078788188,3966,0.0027784783522488443,0.0029587498349411497,500,0,0.004286434694906707,0.9036812909732728,M2-COST-LEDGER-v1,ORACLE_UPPER_BOUND,"ORACLE_UPPER_BOUND uses future information by construction: at each decision instant it takes max(0, net_long, net_short) from the realised future bid/ask. It bounds what any causal side choice at these instants could have earned; it is not a strategy, not achievable, and must never enter model training, a backtest or a promotion decision."
"[-0.2,0.0)",WIDER_THAN_ONE_TICK,50-100,13207,0.008474626233958027,0.0053508928425630336,0.002946171846233178,0.0036493854563760973,0.002725827212841675,0.0006057393806314833,0.000908609070947225,0.0053508928425630336,0.002946171846233178,0.0036493854563760973,13207,0.009252487039372285,0.009852801076668624,500,0,0.002725827212841675,0.9248125993791171,M2-COST-LEDGER-v1,ORACLE_UPPER_BOUND,"ORACLE_UPPER_BOUND uses future information by construction: at each decision instant it takes max(0, net_long, net_short) from the realised future bid/ask. It bounds what any causal side choice at these instants could have earned; it is not a strategy, not achievable, and must never enter model training, a backtest or a promotion decision."
"[-0.2,0.0)",WIDER_THAN_ONE_TICK,100-200,20781,0.006491017789208104,0.003442783163212247,0.0018739332076994067,0.00231447894828736,0.0037534286126750397,0.00125114287089168,0.00158798902843944,0.003442783163212247,0.0018739332076994067,0.00231447894828736,20781,0.014558638083228248,0.015503222470981348,500,0,0.0045714835667195995,0.9078003945912131,M2-COST-LEDGER-v1,ORACLE_UPPER_BOUND,"ORACLE_UPPER_BOUND uses future information by construction: at each decision instant it takes max(0, net_long, net_short) from the realised future bid/ask. It bounds what any causal side choice at these instants could have earned; it is not a strategy, not achievable, and must never enter model training, a backtest or a promotion decision."
"[-0.2,0.0)",WIDER_THAN_ONE_TICK,200+,14454,0.007987115928000721,0.006025204480072605,0.00525948652983133,0.0053028796953027806,0.0027674000276740004,0.0026982150269821504,0.0026982150269821504,0.006025204480072605,0.00525948652983133,0.0053028796953027806,14454,0.01012610340479193,0.010783098868945884,500,0,0.005258060052580601,0.8829389788293898,M2-COST-LEDGER-v1,ORACLE_UPPER_BOUND,"ORACLE_UPPER_BOUND uses future information by construction: at each decision instant it takes max(0, net_long, net_short) from the realised future bid/ask. It bounds what any causal side choice at these instants could have earned; it is not a strategy, not achievable, and must never enter model training, a backtest or a promotion decision."
"[0.0,0.2)",ONE_TICK,5-25,19578,0.011271394256567742,0.004284211880713889,0.0,0.0002878446592069542,0.00143017672898151,0.0,5.107774032076821e-05,0.004022606442575701,0.0,0.00031351447777211406,17975,0.013715846994535518,0.013409865931181836,500,0,0.00143017672898151,0.9937685156808663,M2-COST-LEDGER-v1,ORACLE_UPPER_BOUND,"ORACLE_UPPER_BOUND uses future information by construction: at each decision instant it takes max(0, net_long, net_short) from the realised future bid/ask. It bounds what any causal side choice at these instants could have earned; it is not a strategy, not achievable, and must never enter model training, a backtest or a promotion decision."
"[0.0,0.2)",ONE_TICK,25-50,45387,0.007693177281209783,0.003349330019727474,0.0004161722828190839,0.0010100749907179481,0.0024236014717870756,0.00024236014717870757,0.00044065481305219557,0.0027062493139611726,0.0003701236280593066,0.0008222141535804367,39441,0.03179697351828499,0.029424118063518377,500,0,0.0024236014717870756,0.9857007513164563,M2-COST-LEDGER-v1,ORACLE_UPPER_BOUND,"ORACLE_UPPER_BOUND uses future information by construction: at each decision instant it takes max(0, net_long, net_short) from the realised future bid/ask. It bounds what any causal side choice at these instants could have earned; it is not a strategy, not achievable, and must never enter model training, a backtest or a promotion decision."
"[0.0,0.2)",ONE_TICK,50-100,54038,0.006725968064345599,0.002663458729017934,0.0004100689575395565,0.0008854213805458915,0.0036085717458085053,0.0004441319071764314,0.000666197860764647,0.0024224105421534864,0.00045730400348029386,0.0008745869185533938,41717,0.037857643267479334,0.031122079390882487,500,0,0.0036085717458085053,0.975609756097561,M2-COST-LEDGER-v1,ORACLE_UPPER_BOUND,"ORACLE_UPPER_BOUND uses future information by construction: at each decision instant it takes max(0, net_long, net_short) from the realised future bid/ask. It bounds what any causal side choice at these instants could have earned; it is not a strategy, not achievable, and must never enter model training, a backtest or a promotion decision."
"[0.0,0.2)",ONE_TICK,100-200,16570,0.015090790175652227,0.005847870614691886,0.0021406991315483276,0.0030514299400926383,0.011949305974652987,0.0018708509354254676,0.0031985515992757996,0.005658946176701116,0.00229529804454679,0.003048471375839899,10234,0.011608518985568165,0.007634857743516824,500,0,0.013397706698853349,0.9295715147857574,M2-COST-LEDGER-v1,ORACLE_UPPER_BOUND,"ORACLE_UPPER_BOUND uses future information by construction: at each decision instant it takes max(0, net_long, net_short) from the realised future bid/ask. It bounds what any causal side choice at these instants could have earned; it is not a strategy, not achievable, and must never enter model training, a backtest or a promotion decision."
"[0.0,0.2)",ONE_TICK,200+,1862,0.0671613151547275,0.047048149850320395,0.039676965603136896,0.0413090780655976,0.01611170784103115,0.010741138560687433,0.01611170784103115,0.05969139430095816,0.05078036885206064,0.0527510927081069,1436,0.0013044696651254028,0.0010712972170891302,500,0,0.041353383458646614,0.8748657357679914,M2-COST-LEDGER-v1,ORACLE_UPPER_BOUND,"ORACLE_UPPER_BOUND uses future information by construction: at each decision instant it takes max(0, net_long, net_short) from the realised future bid/ask. It bounds what any causal side choice at these instants could have earned; it is not a strategy, not achievable, and must never enter model training, a backtest or a promotion decision."
"[0.0,0.2)",WIDER_THAN_ONE_TICK,5-25,892,0.04548474306504162,0.02303969393409555,2.0591137287882654e-05,0.00665551115859263,0.004484304932735426,0.0011210762331838565,0.0011210762331838565,0.0073433720187552325,0.0,0.0,685,0.0006249124281911167,0.000511029661355191,500,0,0.004484304932735426,0.9035874439461884,M2-COST-LEDGER-v1,ORACLE_UPPER_BOUND,"ORACLE_UPPER_BOUND uses future information by construction: at each decision instant it takes max(0, net_long, net_short) from the realised future bid/ask. It bounds what any causal side choice at these instants could have earned; it is not a strategy, not achievable, and must never enter model training, a backtest or a promotion decision."
"[0.0,0.2)",WIDER_THAN_ONE_TICK,25-50,6793,0.02209453881039992,0.014353690244275677,0.006630350329907933,0.009135464324012564,0.00471073163550714,0.0017665243633151774,0.0019137347269247754,0.014502512251443358,0.007114799033415065,0.009696572348135653,3227,0.004759002381953202,0.0024074346236397097,500,0,0.00471073163550714,0.8998969527454733,M2-COST-LEDGER-v1,ORACLE_UPPER_BOUND,"ORACLE_UPPER_BOUND uses future information by construction: at each decision instant it takes max(0, net_long, net_short) from the realised future bid/ask. It bounds what any causal side choice at these instants could have earned; it is not a strategy, not achievable, and must never enter model training, a backtest or a promotion decision."
"[0.0,0.2)",WIDER_THAN_ONE_TICK,50-100,25375,0.008577501894750032,0.0048495025564136394,0.0018964015230410445,0.002772358747256679,0.003270935960591133,0.000748768472906404,0.0011822660098522167,0.006033238858177332,0.003040870750510429,0.004028676244143433,12977,0.01777707720330671,0.009681214475045713,500,0,0.003270935960591133,0.9248472906403941,M2-COST-LEDGER-v1,ORACLE_UPPER_BOUND,"ORACLE_UPPER_BOUND uses future information by construction: at each decision instant it takes max(0, net_long, net_short) from the realised future bid/ask. It bounds what any causal side choice at these instants could have earned; it is not a strategy, not achievable, and must never enter model training, a backtest or a promotion decision."
"[0.0,0.2)",WIDER_THAN_ONE_TICK,100-200,52095,0.010554037763543793,0.006470029366729767,0.003891089930874697,0.004646426754165778,0.005298013245033113,0.0021499184182743065,0.0027833765236587003,0.006202835040146064,0.003924220209227677,0.004592349788861292,23406,0.03649642707019756,0.01746154781559066,500,0,0.006085036951722814,0.9069008542086573,M2-COST-LEDGER-v1,ORACLE_UPPER_BOUND,"ORACLE_UPPER_BOUND uses future information by construction: at each decision instant it takes max(0, net_long, net_short) from the realised future bid/ask. It bounds what any causal side choice at these instants could have earned; it is not a strategy, not achievable, and must never enter model training, a backtest or a promotion decision."
"[0.0,0.2)",WIDER_THAN_ONE_TICK,200+,31399,0.007292607801397545,0.005353777894613524,0.004503270427771134,0.004581633479330151,0.002834485174687092,0.0023249148062040193,0.002770788878626708,0.0034937044295157253,0.002564302546753107,0.00263064076181487,15922,0.021997337817009948,0.01187826900452168,500,0,0.004809070352558999,0.8863021115322144,M2-COST-LEDGER-v1,ORACLE_UPPER_BOUND,"ORACLE_UPPER_BOUND uses future information by construction: at each decision instant it takes max(0, net_long, net_short) from the realised future bid/ask. It bounds what any causal side choice at these instants could have earned; it is not a strategy, not achievable, and must never enter model training, a backtest or a promotion decision."
"[0.2,0.4)",ONE_TICK,5-25,17068,0.007927198673348112,0.003393231577213072,7.289573004232067e-07,0.0005636187124842527,0.0009374267635340989,0.00011717834544176236,0.00011717834544176236,0.003393231577213072,7.289573004232067e-07,0.0005636187124842527,17068,0.01195740507215917,0.0127332178978254,500,0,0.0009374267635340989,0.9949027419732833,M2-COST-LEDGER-v1,ORACLE_UPPER_BOUND,"ORACLE_UPPER_BOUND uses future information by construction: at each decision instant it takes max(0, net_long, net_short) from the realised future bid/ask. It bounds what any causal side choice at these instants could have earned; it is not a strategy, not achievable, and must never enter model training, a backtest or a promotion decision."
"[0.2,0.4)",ONE_TICK,25-50,41760,0.0078034495313481335,0.0035152444360409957,0.0007484699485224758,0.0012635189610593163,0.0023946360153256703,0.00021551724137931034,0.0003831417624521073,0.0035152444360409957,0.0007484699485224758,0.0012635189610593163,41760,0.029255989911727617,0.031154158625098943,500,0,0.0023946360153256703,0.990948275862069,M2-COST-LEDGER-v1,ORACLE_UPPER_BOUND,"ORACLE_UPPER_BOUND uses future information by construction: at each decision instant it takes max(0, net_long, net_short) from the realised future bid/ask. It bounds what any causal side choice at these instants could have earned; it is not a strategy, not achievable, and must never enter model training, a backtest or a promotion decision."
"[0.2,0.4)",ONE_TICK,50-100,50106,0.00685877607436373,0.0026697700400625498,0.0003417045093784608,0.0008215539096374516,0.0036123418353091446,0.00041911148365465214,0.0006386460703308985,0.0026697700400625498,0.0003417045093784608,0.0008215539096374516,50106,0.03510298444724674,0.03738051417790248,500,0,0.0036123418353091446,0.9836546521374686,M2-COST-LEDGER-v1,ORACLE_UPPER_BOUND,"ORACLE_UPPER_BOUND uses future information by construction: at each decision instant it takes max(0, net_long, net_short) from the realised future bid/ask. It bounds what any causal side choice at these instants could have earned; it is not a strategy, not achievable, and must never enter model training, a backtest or a promotion decision."
"[0.2,0.4)",ONE_TICK,100-200,14105,0.014004176885971057,0.004723886040019956,0.0015742664483162964,0.002280610325110398,0.011272598369372564,0.0018433179723502304,0.0024813895781637717,0.004723886040019956,0.0015742664483162964,0.002280610325110398,14105,0.0098816029143898,0.010522734851700685,500,0,0.013541297412265155,0.9482453030840128,M2-COST-LEDGER-v1,ORACLE_UPPER_BOUND,"ORACLE_UPPER_BOUND uses future information by construction: at each decision instant it takes max(0, net_long, net_short) from the realised future bid/ask. It bounds what any causal side choice at these instants could have earned; it is not a strategy, not achievable, and must never enter model training, a backtest or a promotion decision."
"[0.2,0.4)",ONE_TICK,200+,1338,0.030739526262691375,0.00979735377897519,0.00467892193467138,0.0058096949610358,0.011210762331838564,0.008221225710014948,0.011210762331838564,0.00979735377897519,0.00467892193467138,0.0058096949610358,1338,0.0009373686422866751,0.000998186404223716,500,0,0.043348281016442454,0.874439461883408,M2-COST-LEDGER-v1,ORACLE_UPPER_BOUND,"ORACLE_UPPER_BOUND uses future information by construction: at each decision instant it takes max(0, net_long, net_short) from the realised future bid/ask. It bounds what any causal side choice at these instants could have earned; it is not a strategy, not achievable, and must never enter model training, a backtest or a promotion decision."
"[0.2,0.4)",WIDER_THAN_ONE_TICK,5-25,729,0.02675264968274701,0.018203589886533447,6.505994572652475e-05,0.008314263321172872,0.0013717421124828531,0.0013717421124828531,0.0013717421124828531,0.018203589886533447,6.505994572652475e-05,0.008314263321172872,729,0.000510718789407314,0.0005438549242743566,500,0,0.0013717421124828531,0.9245541838134431,M2-COST-LEDGER-v1,ORACLE_UPPER_BOUND,"ORACLE_UPPER_BOUND uses future information by construction: at each decision instant it takes max(0, net_long, net_short) from the realised future bid/ask. It bounds what any causal side choice at these instants could have earned; it is not a strategy, not achievable, and must never enter model training, a backtest or a promotion decision."
"[0.2,0.4)",WIDER_THAN_ONE_TICK,25-50,5310,0.014379466838753787,0.008431552047564453,0.002554339418801211,0.004426002628932841,0.0035781544256120526,0.0011299435028248588,0.0015065913370998117,0.008431552047564453,0.002554339418801211,0.004426002628932841,5310,0.003720050441361917,0.003961412411381116,500,0,0.0035781544256120526,0.9199623352165726,M2-COST-LEDGER-v1,ORACLE_UPPER_BOUND,"ORACLE_UPPER_BOUND uses future information by construction: at each decision instant it takes max(0, net_long, net_short) from the realised future bid/ask. It bounds what any causal side choice at these instants could have earned; it is not a strategy, not achievable, and must never enter model training, a backtest or a promotion decision."
"[0.2,0.4)",WIDER_THAN_ONE_TICK,50-100,19546,0.0057887934409498465,0.0028502404344459185,0.0007471357762289438,0.0013464395331708034,0.002813874961628978,0.0008697431699580477,0.0009209045328967564,0.0028502404344459185,0.0007471357762289438,0.0013464395331708034,19546,0.013693428611461398,0.014581877023136588,500,0,0.002813874961628978,0.939578430369385,M2-COST-LEDGER-v1,ORACLE_UPPER_BOUND,"ORACLE_UPPER_BOUND uses future information by construction: at each decision instant it takes max(0, net_long, net_short) from the realised future bid/ask. It bounds what any causal side choice at these instants could have earned; it is not a strategy, not achievable, and must never enter model training, a backtest or a promotion decision."
"[0.2,0.4)",WIDER_THAN_ONE_TICK,100-200,35255,0.009130534148579488,0.004813844156200636,0.0024266582602365037,0.0030955709356291186,0.005531130336122536,0.0017302510282229471,0.0024110055311303362,0.004813844156200636,0.0024266582602365037,0.0030955709356291186,35255,0.024698752977441504,0.026301241913981397,500,0,0.006325343922847823,0.9208339242660616,M2-COST-LEDGER-v1,ORACLE_UPPER_BOUND,"ORACLE_UPPER_BOUND uses future information by construction: at each decision instant it takes max(0, net_long, net_short) from the realised future bid/ask. It bounds what any causal side choice at these instants could have earned; it is not a strategy, not achievable, and must never enter model training, a backtest or a promotion decision."
"[0.2,0.4)",WIDER_THAN_ONE_TICK,200+,17849,0.008893958104300418,0.00695395535583338,0.006167026919928103,0.006199884665488032,0.0029693540254355985,0.0028012773824864137,0.0028012773824864137,0.00695395535583338,0.006167026919928103,0.006199884665488032,17849,0.012504553734061931,0.013315866314640589,500,0,0.005154350383775002,0.8994901675163874,M2-COST-LEDGER-v1,ORACLE_UPPER_BOUND,"ORACLE_UPPER_BOUND uses future information by construction: at each decision instant it takes max(0, net_long, net_short) from the realised future bid/ask. It bounds what any causal side choice at these instants could have earned; it is not a strategy, not achievable, and must never enter model training, a backtest or a promotion decision."
"[0.4,0.6)",ONE_TICK,5-25,12418,0.01692370488744255,0.006307114219846147,3.9010897863975455e-07,0.00034210555492758613,0.002335319697213722,8.052826542116283e-05,8.052826542116283e-05,0.006307114219846147,3.9010897863975455e-07,0.00034210555492758613,12418,0.008699733781700995,0.009264184430231769,500,0,0.002335319697213722,0.9934772105008858,M2-COST-LEDGER-v1,ORACLE_UPPER_BOUND,"ORACLE_UPPER_BOUND uses future information by construction: at each decision instant it takes max(0, net_long, net_short) from the realised future bid/ask. It bounds what any causal side choice at these instants could have earned; it is not a strategy, not achievable, and must never enter model training, a backtest or a promotion decision."
"[0.4,0.6)",ONE_TICK,25-50,32172,0.008275722371484134,0.003584732063219079,0.00019944255343698226,0.0009411274931493339,0.002455551411164988,0.0003419122218077832,0.0004973268680840482,0.003584732063219079,0.00019944255343698226,0.0009411274931493339,32172,0.02253888188314418,0.024001235423531685,500,0,0.002455551411164988,0.9930685067760786,M2-COST-LEDGER-v1,ORACLE_UPPER_BOUND,"ORACLE_UPPER_BOUND uses future information by construction: at each decision instant it takes max(0, net_long, net_short) from the realised future bid/ask. It bounds what any causal side choice at these instants could have earned; it is not a strategy, not achievable, and must never enter model training, a backtest or a promotion decision."
"[0.4,0.6)",ONE_TICK,50-100,36384,0.006041172887162297,0.0023074002098176687,0.00017060368134285246,0.0006412390969516728,0.0032706684256816184,0.0003572999120492524,0.0006046613896218117,0.0023074002098176687,0.00017060368134285246,0.0006412390969516728,36384,0.025489701555275326,0.02714350831933908,500,0,0.0032706684256816184,0.988428979771328,M2-COST-LEDGER-v1,ORACLE_UPPER_BOUND,"ORACLE_UPPER_BOUND uses future information by construction: at each decision instant it takes max(0, net_long, net_short) from the realised future bid/ask. It bounds what any causal side choice at these instants could have earned; it is not a strategy, not achievable, and must never enter model training, a backtest or a promotion decision."
"[0.4,0.6)",ONE_TICK,100-200,9764,0.021656225706165003,0.011438550391175438,0.0077282150272405545,0.008569612229785134,0.01321179844326096,0.0022531749283080703,0.003174928308070463,0.011438550391175438,0.0077282150272405545,0.008569612229785134,9764,0.006840409135491103,0.0072842242532439195,500,0,0.0148504711183941,0.9621056943875461,M2-COST-LEDGER-v1,ORACLE_UPPER_BOUND,"ORACLE_UPPER_BOUND uses future information by construction: at each decision instant it takes max(0, net_long, net_short) from the realised future bid/ask. It bounds what any causal side choice at these instants could have earned; it is not a strategy, not achievable, and must never enter model training, a backtest or a promotion decision."
"[0.4,0.6)",ONE_TICK,200+,1333,0.024843971284525798,0.004154110856545073,0.0007206636476237387,0.001481180521561349,0.007501875468867217,0.003000750187546887,0.007501875468867217,0.004154110856545073,0.0007206636476237387,0.001481180521561349,1333,0.0009338657699313437,0.0009944562607101745,500,0,0.04276069017254314,0.8747186796699175,M2-COST-LEDGER-v1,ORACLE_UPPER_BOUND,"ORACLE_UPPER_BOUND uses future information by construction: at each decision instant it takes max(0, net_long, net_short) from the realised future bid/ask. It bounds what any causal side choice at these instants could have earned; it is not a strategy, not achievable, and must never enter model training, a backtest or a promotion decision."
"[0.4,0.6)",WIDER_THAN_ONE_TICK,5-25,490,0.11661029845972411,0.08539291865234475,0.01993932797076937,0.04955587923885514,0.006122448979591836,0.0020408163265306124,0.006122448979591836,0.08539291865234475,0.01993932797076937,0.04955587923885514,490,0.00034328149082247443,0.00036555406432707094,500,0,0.006122448979591836,0.926530612244898,M2-COST-LEDGER-v1,ORACLE_UPPER_BOUND,"ORACLE_UPPER_BOUND uses future information by construction: at each decision instant it takes max(0, net_long, net_short) from the realised future bid/ask. It bounds what any causal side choice at these instants could have earned; it is not a strategy, not achievable, and must never enter model training, a backtest or a promotion decision."
"[0.4,0.6)",WIDER_THAN_ONE_TICK,25-50,3302,0.011690846933033341,0.0056377298573282745,0.0015632263232017525,0.0024385710506928514,0.0036341611144760752,0.0006056935190793458,0.0006056935190793458,0.0056377298573282745,0.0015632263232017525,0.0024385710506928514,3302,0.002313296903460838,0.002463386776342833,500,0,0.0036341611144760752,0.9254996971532404,M2-COST-LEDGER-v1,ORACLE_UPPER_BOUND,"ORACLE_UPPER_BOUND uses future information by construction: at each decision instant it takes max(0, net_long, net_short) from the realised future bid/ask. It bounds what any causal side choice at these instants could have earned; it is not a strategy, not achievable, and must never enter model training, a backtest or a promotion decision."
"[0.4,0.6)",WIDER_THAN_ONE_TICK,50-100,11239,0.007134395351589435,0.00371878704994981,0.0006268990018795641,0.0016505797812985201,0.003292107838775692,0.0008007829878103034,0.0015125900880861287,0.00371878704994981,0.0006268990018795641,0.0016505797812985201,11239,0.007873756480313857,0.008384616589738674,500,0,0.003292107838775692,0.9482160334549337,M2-COST-LEDGER-v1,ORACLE_UPPER_BOUND,"ORACLE_UPPER_BOUND uses future information by construction: at each decision instant it takes max(0, net_long, net_short) from the realised future bid/ask. It bounds what any causal side choice at these instants could have earned; it is not a strategy, not achievable, and must never enter model training, a backtest or a promotion decision."
"[0.4,0.6)",WIDER_THAN_ONE_TICK,100-200,19249,0.011979577402854364,0.007942171222397522,0.005612609109132386,0.006300090836934489,0.00488337056470466,0.001870227024780508,0.0024936360330406774,0.007942171222397522,0.005612609109132386,0.006300090836934489,19249,0.013485357993554714,0.01436030649843222,500,0,0.006182139331913346,0.9327237778585901,M2-COST-LEDGER-v1,ORACLE_UPPER_BOUND,"ORACLE_UPPER_BOUND uses future information by construction: at each decision instant it takes max(0, net_long, net_short) from the realised future bid/ask. It bounds what any causal side choice at these instants could have earned; it is not a strategy, not achievable, and must never enter model training, a backtest or a promotion decision."
"[0.4,0.6)",WIDER_THAN_ONE_TICK,200+,11476,0.006975021465857078,0.004378112368801094,0.003697055852518602,0.0037157337836600662,0.0026141512722202857,0.0026141512722202857,0.0025270128964796097,0.004378112368801094,0.003697055852518602,0.0037157337836600662,11476,0.008039792629956565,0.008561425392280542,500,0,0.006361101429069362,0.8997037295224817,M2-COST-LEDGER-v1,ORACLE_UPPER_BOUND,"ORACLE_UPPER_BOUND uses future information by construction: at each decision instant it takes max(0, net_long, net_short) from the realised future bid/ask. It bounds what any causal side choice at these instants could have earned; it is not a strategy, not achievable, and must never enter model training, a backtest or a promotion decision."
"[0.6,0.8)",ONE_TICK,5-25,7758,0.02389128661924682,0.008820087965328599,2.646939163964573e-07,0.00034714067840083406,0.0030935808197989174,0.0001288992008249549,0.0001288992008249549,0.008820087965328599,2.646939163964573e-07,0.00034714067840083406,7758,0.005435056746532156,0.005787690675611053,500,0,0.0030935808197989174,0.9953596287703016,M2-COST-LEDGER-v1,ORACLE_UPPER_BOUND,"ORACLE_UPPER_BOUND uses future information by construction: at each decision instant it takes max(0, net_long, net_short) from the realised future bid/ask. It bounds what any causal side choice at these instants could have earned; it is not a strategy, not achievable, and must never enter model training, a backtest or a promotion decision."
"[0.6,0.8)",ONE_TICK,25-50,21373,0.010158707153926225,0.0042017612390953364,0.00030250138338447504,0.0010563602863825814,0.0033687362560239553,0.00037430402844710616,0.0005614560426706592,0.0042017612390953364,0.00030250138338447504,0.0010563602863825814,21373,0.014973378170099482,0.015944871462984667,500,0,0.0033687362560239553,0.9938707715341787,M2-COST-LEDGER-v1,ORACLE_UPPER_BOUND,"ORACLE_UPPER_BOUND uses future information by construction: at each decision instant it takes max(0, net_long, net_short) from the realised future bid/ask. It bounds what any causal side choice at these instants could have earned; it is not a strategy, not achievable, and must never enter model training, a backtest or a promotion decision."
"[0.6,0.8)",ONE_TICK,50-100,26764,0.007004662909909748,0.002391950176978272,0.00016294650754950787,0.0005264570463397554,0.003997907637124496,0.00029890898221491554,0.00048572709609923776,0.002391950176978272,0.00016294650754950787,0.0005264570463397554,26764,0.018750175143617768,0.019966712199285155,500,0,0.003997907637124496,0.9917052757435361,M2-COST-LEDGER-v1,ORACLE_UPPER_BOUND,"ORACLE_UPPER_BOUND uses future information by construction: at each decision instant it takes max(0, net_long, net_short) from the realised future bid/ask. It bounds what any causal side choice at these instants could have earned; it is not a strategy, not achievable, and must never enter model training, a backtest or a promotion decision."
"[0.6,0.8)",ONE_TICK,100-200,7267,0.017143393541781484,0.0077203019712091,0.00418892047923985,0.00501423264673381,0.01169671116003853,0.0022017338654190177,0.003990642631071969,0.0077203019712091,0.00418892047923985,0.00501423264673381,7267,0.005091074681238616,0.005421390582581274,500,0,0.01472409522498968,0.9569285812577405,M2-COST-LEDGER-v1,ORACLE_UPPER_BOUND,"ORACLE_UPPER_BOUND uses future information by construction: at each decision instant it takes max(0, net_long, net_short) from the realised future bid/ask. It bounds what any causal side choice at these instants could have earned; it is not a strategy, not achievable, and must never enter model training, a backtest or a promotion decision."
"[0.6,0.8)",ONE_TICK,200+,1148,0.04042412578028274,0.01936282919411837,0.012945975251092411,0.014376571075844922,0.013937282229965157,0.009581881533101045,0.013937282229965157,0.01936282919411837,0.012945975251092411,0.014376571075844922,1148,0.000804259492784083,0.0008564409507091376,500,0,0.04355400696864112,0.8806620209059234,M2-COST-LEDGER-v1,ORACLE_UPPER_BOUND,"ORACLE_UPPER_BOUND uses future information by construction: at each decision instant it takes max(0, net_long, net_short) from the realised future bid/ask. It bounds what any causal side choice at these instants could have earned; it is not a strategy, not achievable, and must never enter model training, a backtest or a promotion decision."
"[0.6,0.8)",WIDER_THAN_ONE_TICK,5-25,381,0.12124962275327576,0.09280724004417389,0.05141365122715223,0.06727734788383848,0.005249343832020997,0.0026246719160104987,0.0026246719160104987,0.09280724004417389,0.05141365122715223,0.06727734788383848,381,0.0002669188734762505,0.00028423693573186536,500,0,0.005249343832020997,0.9343832020997376,M2-COST-LEDGER-v1,ORACLE_UPPER_BOUND,"ORACLE_UPPER_BOUND uses future information by construction: at each decision instant it takes max(0, net_long, net_short) from the realised future bid/ask. It bounds what any causal side choice at these instants could have earned; it is not a strategy, not achievable, and must never enter model training, a backtest or a promotion decision."
"[0.6,0.8)",WIDER_THAN_ONE_TICK,25-50,2778,0.02815632835017194,0.019765035891107587,0.010688146233558014,0.013824445260957302,0.005399568034557235,0.0014398848092152627,0.0025197984161267097,0.019765035891107587,0.010688146233558014,0.013824445260957302,2778,0.0019461958806221101,0.0020724677361236795,500,0,0.005399568034557235,0.9330453563714903,M2-COST-LEDGER-v1,ORACLE_UPPER_BOUND,"ORACLE_UPPER_BOUND uses future information by construction: at each decision instant it takes max(0, net_long, net_short) from the realised future bid/ask. It bounds what any causal side choice at these instants could have earned; it is not a strategy, not achievable, and must never enter model training, a backtest or a promotion decision."
"[0.6,0.8)",WIDER_THAN_ONE_TICK,50-100,6871,0.020567581827731735,0.014152098104282505,0.008718656278084644,0.010460273980319719,0.005676029690001455,0.0018920098966671518,0.002037549119487702,0.014152098104282505,0.008718656278084644,0.010460273980319719,6871,0.004813647190696371,0.005125963216308784,500,0,0.005676029690001455,0.9490612720128074,M2-COST-LEDGER-v1,ORACLE_UPPER_BOUND,"ORACLE_UPPER_BOUND uses future information by construction: at each decision instant it takes max(0, net_long, net_short) from the realised future bid/ask. It bounds what any causal side choice at these instants could have earned; it is not a strategy, not achievable, and must never enter model training, a backtest or a promotion decision."
"[0.6,0.8)",WIDER_THAN_ONE_TICK,100-200,12963,0.014928933599203588,0.00988161224045986,0.007174328414901689,0.007919749531851957,0.006017125665355242,0.0026228496490010027,0.003317133379618915,0.00988161224045986,0.007174328414901689,0.007919749531851957,12963,0.009081546868432114,0.009670770073207796,500,0,0.008022834220473656,0.9214687958034405,M2-COST-LEDGER-v1,ORACLE_UPPER_BOUND,"ORACLE_UPPER_BOUND uses future information by construction: at each decision instant it takes max(0, net_long, net_short) from the realised future bid/ask. It bounds what any causal side choice at these instants could have earned; it is not a strategy, not achievable, and must never enter model training, a backtest or a promotion decision."
"[0.6,0.8)",WIDER_THAN_ONE_TICK,200+,10700,0.010171344310854062,0.007406183050666303,0.006493100997785838,0.006556157437119802,0.0032710280373831778,0.0033644859813084112,0.0030841121495327104,0.007406183050666303,0.006493100997785838,0.006556157437119802,10700,0.007496146840409136,0.007982507118978896,500,0,0.006915887850467289,0.8992523364485981,M2-COST-LEDGER-v1,ORACLE_UPPER_BOUND,"ORACLE_UPPER_BOUND uses future information by construction: at each decision instant it takes max(0, net_long, net_short) from the realised future bid/ask. It bounds what any causal side choice at these instants could have earned; it is not a strategy, not achievable, and must never enter model training, a backtest or a promotion decision."
"[0.8,1.0]",ONE_TICK,5-25,3436,0.022275566857158494,0.009217740095807631,0.0,0.0012573892099850324,0.002619324796274738,0.0,0.0002910360884749709,0.009217740095807631,0.0,0.0012573892099850324,3436,0.0024071738825837186,0.0025633546225057465,500,0,0.002619324796274738,0.9950523864959255,M2-COST-LEDGER-v1,ORACLE_UPPER_BOUND,"ORACLE_UPPER_BOUND uses future information by construction: at each decision instant it takes max(0, net_long, net_short) from the realised future bid/ask. It bounds what any causal side choice at these instants could have earned; it is not a strategy, not achievable, and must never enter model training, a backtest or a promotion decision."
"[0.8,1.0]",ONE_TICK,25-50,8205,0.014839604322638417,0.008342319290574036,0.0030617375892378037,0.004462820933467078,0.003656307129798903,0.0008531383302864108,0.0009750152346130408,0.008342319290574036,0.0030617375892378037,0.004462820933467078,8205,0.005748213535098781,0.006121165505721667,500,0,0.003656307129798903,0.9923217550274223,M2-COST-LEDGER-v1,ORACLE_UPPER_BOUND,"ORACLE_UPPER_BOUND uses future information by construction: at each decision instant it takes max(0, net_long, net_short) from the realised future bid/ask. It bounds what any causal side choice at these instants could have earned; it is not a strategy, not achievable, and must never enter model training, a backtest or a promotion decision."
"[0.8,1.0]",ONE_TICK,50-100,12186,0.007653697303216818,0.003159357690104275,0.00028564115565578047,0.0009914159709932717,0.0037748235680288857,0.00041030690956835714,0.0008206138191367143,0.003159357690104275,0.00028564115565578047,0.0009914159709932717,12186,0.008537200504413619,0.009091105771203442,500,0,0.0037748235680288857,0.9916297390448056,M2-COST-LEDGER-v1,ORACLE_UPPER_BOUND,"ORACLE_UPPER_BOUND uses future information by construction: at each decision instant it takes max(0, net_long, net_short) from the realised future bid/ask. It bounds what any causal side choice at these instants could have earned; it is not a strategy, not achievable, and must never enter model training, a backtest or a promotion decision."
"[0.8,1.0]",ONE_TICK,100-200,5429,0.015993279121249433,0.006801097829091475,0.004013790069434238,0.004678570468310839,0.00957819119543194,0.0020261558298029104,0.002947135752440597,0.006801097829091475,0.004013790069434238,0.004678570468310839,5429,0.0038034188034188035,0.004050189827003404,500,0,0.01491987474673052,0.9478725363787069,M2-COST-LEDGER-v1,ORACLE_UPPER_BOUND,"ORACLE_UPPER_BOUND uses future information by construction: at each decision instant it takes max(0, net_long, net_short) from the realised future bid/ask. It bounds what any causal side choice at these instants could have earned; it is not a strategy, not achievable, and must never enter model training, a backtest or a promotion decision."
"[0.8,1.0]",ONE_TICK,200+,964,0.02091722925463438,0.005770624271829522,0.001498054120368752,0.0024443693830724453,0.00933609958506224,0.005186721991701245,0.00933609958506224,0.005770624271829522,0.001498054120368752,0.0024443693830724453,964,0.0006753537901078885,0.0007191716694108089,500,0,0.03112033195020747,0.8921161825726142,M2-COST-LEDGER-v1,ORACLE_UPPER_BOUND,"ORACLE_UPPER_BOUND uses future information by construction: at each decision instant it takes max(0, net_long, net_short) from the realised future bid/ask. It bounds what any causal side choice at these instants could have earned; it is not a strategy, not achievable, and must never enter model training, a backtest or a promotion decision."
"[0.8,1.0]",WIDER_THAN_ONE_TICK,5-25,286,0.03205595856231229,0.01076583183863836,0.0,0.0,0.006993006993006993,0.0,0.0,0.01076583183863836,0.0,0.0,286,0.00020036429872495446,0.0002133642089745761,500,0,0.006993006993006993,0.9685314685314685,M2-COST-LEDGER-v1,ORACLE_UPPER_BOUND,"ORACLE_UPPER_BOUND uses future information by construction: at each decision instant it takes max(0, net_long, net_short) from the realised future bid/ask. It bounds what any causal side choice at these instants could have earned; it is not a strategy, not achievable, and must never enter model training, a backtest or a promotion decision."
"[0.8,1.0]",WIDER_THAN_ONE_TICK,25-50,1390,0.04117598922966267,0.023726503664927828,0.013362449091369365,0.014979914849241374,0.010071942446043165,0.0014388489208633094,0.0014388489208633094,0.023726503664927828,0.013362449091369365,0.014979914849241374,1390,0.0009737985147821213,0.0010369798967645482,500,0,0.010071942446043165,0.9309352517985612,M2-COST-LEDGER-v1,ORACLE_UPPER_BOUND,"ORACLE_UPPER_BOUND uses future information by construction: at each decision instant it takes max(0, net_long, net_short) from the realised future bid/ask. It bounds what any causal side choice at these instants could have earned; it is not a strategy, not achievable, and must never enter model training, a backtest or a promotion decision."
"[0.8,1.0]",WIDER_THAN_ONE_TICK,50-100,3494,0.02404388040358264,0.01796695299853412,0.012740507130435598,0.014440893286750061,0.005724098454493417,0.002003434459072696,0.0022896393817973667,0.01796695299853412,0.012740507130435598,0.014440893286750061,3494,0.0024478072019055628,0.002606624287262828,500,0,0.005724098454493417,0.9413279908414425,M2-COST-LEDGER-v1,ORACLE_UPPER_BOUND,"ORACLE_UPPER_BOUND uses future information by construction: at each decision instant it takes max(0, net_long, net_short) from the realised future bid/ask. It bounds what any causal side choice at these instants could have earned; it is not a strategy, not achievable, and must never enter model training, a backtest or a promotion decision."
"[0.8,1.0]",WIDER_THAN_ONE_TICK,100-200,18124,0.013081930227927141,0.007801455278753267,0.004758037214947463,0.005635244513834547,0.006234826749062017,0.002924299271683955,0.0036415802251158684,0.007801455278753267,0.004758037214947463,0.005635244513834547,18124,0.012697211713605156,0.013521024207885373,500,0,0.008386669609357758,0.9200507614213198,M2-COST-LEDGER-v1,ORACLE_UPPER_BOUND,"ORACLE_UPPER_BOUND uses future information by construction: at each decision instant it takes max(0, net_long, net_short) from the realised future bid/ask. It bounds what any causal side choice at these instants could have earned; it is not a strategy, not achievable, and must never enter model training, a backtest or a promotion decision."
"[0.8,1.0]",WIDER_THAN_ONE_TICK,200+,31363,0.00454480186149089,0.0030188484178385096,0.0027136538088657815,0.0025672863120862906,0.0024870069827503745,0.002710199917099767,0.002295698753308038,0.0030188484178385096,0.0027136538088657815,0.0025672863120862906,31363,0.02197211713605156,0.023397698203040662,500,0,0.004718936326244301,0.9156011861110226,M2-COST-LEDGER-v1,ORACLE_UPPER_BOUND,"ORACLE_UPPER_BOUND uses future information by construction: at each decision instant it takes max(0, net_long, net_short) from the realised future bid/ask. It bounds what any causal side choice at these instants could have earned; it is not a strategy, not achievable, and must never enter model training, a backtest or a promotion decision."
"[-1.0,-0.8)",ONE_TICK,5-25,2938,0.03976798546255945,0.018562433700578983,0.004681809031484805,0.006107397189031725,0.004424778761061947,0.0003403675970047651,0.0003403675970047651,0.018562433700578983,0.004681809031484805,0.006107397189031725,2938,0.0020582877959927142,0.0021918323285570088,1000,0,0.004424778761061947,0.8900612661674608,M2-COST-LEDGER-v1,ORACLE_UPPER_BOUND,"ORACLE_UPPER_BOUND uses future information by construction: at each decision instant it takes max(0, net_long, net_short) from the realised future bid/ask. It bounds what any causal side choice at these instants could have earned; it is not a strategy, not achievable, and must never enter model training, a backtest or a promotion decision."
"[-1.0,-0.8)",ONE_TICK,25-50,6607,0.04084704542115493,0.022043398008630703,0.008018180214530352,0.011291248150305577,0.010292114424095656,0.0013621916149538368,0.0024216739821401544,0.022043398008630703,0.008018180214530352,0.011291248150305577,6607,0.0046286955303348745,0.004929011638793791,1000,0,0.010292114424095656,0.8498562131073104,M2-COST-LEDGER-v1,ORACLE_UPPER_BOUND,"ORACLE_UPPER_BOUND uses future information by construction: at each decision instant it takes max(0, net_long, net_short) from the realised future bid/ask. It bounds what any causal side choice at these instants could have earned; it is not a strategy, not achievable, and must never enter model training, a backtest or a promotion decision."
"[-1.0,-0.8)",ONE_TICK,50-100,8932,0.017976018551764183,0.008233283128282816,0.001929729607594633,0.0035282525057329,0.00850873264666368,0.001567398119122257,0.0020152261531571876,0.008233283128282816,0.001929729607594633,0.0035282525057329,8932,0.006257531175563963,0.006663528372590607,1000,0,0.00850873264666368,0.851321092700403,M2-COST-LEDGER-v1,ORACLE_UPPER_BOUND,"ORACLE_UPPER_BOUND uses future information by construction: at each decision instant it takes max(0, net_long, net_short) from the realised future bid/ask. It bounds what any causal side choice at these instants could have earned; it is not a strategy, not achievable, and must never enter model training, a backtest or a promotion decision."
"[-1.0,-0.8)",ONE_TICK,100-200,5687,0.05142460268006116,0.03113826355079395,0.022612817438456077,0.024634702896561826,0.027255143309301916,0.0065060664673817475,0.009847019518199402,0.03113826355079395,0.022612817438456077,0.024634702896561826,5687,0.003984167016953902,0.004242665232302148,1000,0,0.031123615262880253,0.7881132407244593,M2-COST-LEDGER-v1,ORACLE_UPPER_BOUND,"ORACLE_UPPER_BOUND uses future information by construction: at each decision instant it takes max(0, net_long, net_short) from the realised future bid/ask. It bounds what any causal side choice at these instants could have earned; it is not a strategy, not achievable, and must never enter model training, a backtest or a promotion decision."
"[-1.0,-0.8)",ONE_TICK,200+,1002,0.1409613981927037,0.10014805439714101,0.08442779010203684,0.08785509995700443,0.03493013972055888,0.02594810379241517,0.033932135728542916,0.10014805439714101,0.08442779010203684,0.08785509995700443,1002,0.0007019756200084069,0.0007475207601137246,1000,0,0.08383233532934131,0.6506986027944112,M2-COST-LEDGER-v1,ORACLE_UPPER_BOUND,"ORACLE_UPPER_BOUND uses future information by construction: at each decision instant it takes max(0, net_long, net_short) from the realised future bid/ask. It bounds what any causal side choice at these instants could have earned; it is not a strategy, not achievable, and must never enter model training, a backtest or a promotion decision."
"[-1.0,-0.8)",WIDER_THAN_ONE_TICK,5-25,214,0.11796880350387931,0.08267383104588316,0.04273338129826916,0.055419765641395155,0.009345794392523364,0.004672897196261682,0.004672897196261682,0.08267383104588316,0.04273338129826916,0.055419765641395155,214,0.0001499229368081827,0.0001596501423795779,1000,0,0.009345794392523364,0.897196261682243,M2-COST-LEDGER-v1,ORACLE_UPPER_BOUND,"ORACLE_UPPER_BOUND uses future information by construction: at each decision instant it takes max(0, net_long, net_short) from the realised future bid/ask. It bounds what any causal side choice at these instants could have earned; it is not a strategy, not achievable, and must never enter model training, a backtest or a promotion decision."
"[-1.0,-0.8)",WIDER_THAN_ONE_TICK,25-50,926,0.12400007399135288,0.08084476712022232,0.022717283587135997,0.04486521977086593,0.023758099352051837,0.00755939524838013,0.01511879049676026,0.08084476712022232,0.022717283587135997,0.04486521977086593,926,0.00064873196020737,0.0006908225787078932,1000,0,0.023758099352051837,0.7365010799136069,M2-COST-LEDGER-v1,ORACLE_UPPER_BOUND,"ORACLE_UPPER_BOUND uses future information by construction: at each decision instant it takes max(0, net_long, net_short) from the realised future bid/ask. It bounds what any causal side choice at these instants could have earned; it is not a strategy, not achievable, and must never enter model training, a backtest or a promotion decision."
"[-1.0,-0.8)",WIDER_THAN_ONE_TICK,50-100,3653,0.048163929475375254,0.03556567210970555,0.021542085895504267,0.026594031332318857,0.011223651793046812,0.004927456884752259,0.006569942513003011,0.03556567210970555,0.021542085895504267,0.026594031332318857,3653,0.0025591985428051003,0.002725242850993449,1000,0,0.011223651793046812,0.8321927183137148,M2-COST-LEDGER-v1,ORACLE_UPPER_BOUND,"ORACLE_UPPER_BOUND uses future information by construction: at each decision instant it takes max(0, net_long, net_short) from the realised future bid/ask. It bounds what any causal side choice at these instants could have earned; it is not a strategy, not achievable, and must never enter model training, a backtest or a promotion decision."
"[-1.0,-0.8)",WIDER_THAN_ONE_TICK,100-200,18955,0.03513224375386861,0.024580394373071007,0.017908384458576426,0.01980472288224969,0.013400158269585861,0.006647322606172514,0.008546557636507518,0.024580394373071007,0.017908384458576426,0.01980472288224969,18955,0.01327938909906123,0.014140974059835979,1000,0,0.01682933262991295,0.830123977842258,M2-COST-LEDGER-v1,ORACLE_UPPER_BOUND,"ORACLE_UPPER_BOUND uses future information by construction: at each decision instant it takes max(0, net_long, net_short) from the realised future bid/ask. It bounds what any causal side choice at these instants could have earned; it is not a strategy, not achievable, and must never enter model training, a backtest or a promotion decision."
"[-1.0,-0.8)",WIDER_THAN_ONE_TICK,200+,30811,0.014470861700780773,0.011031092048649948,0.009692424319511657,0.009678339840141038,0.0056473337444419205,0.00532277433384181,0.005160494628541755,0.011031092048649948,0.009692424319511657,0.009678339840141038,30811,0.021585400028022977,0.022985890359145677,1000,0,0.009249943202103145,0.8108143195611957,M2-COST-LEDGER-v1,ORACLE_UPPER_BOUND,"ORACLE_UPPER_BOUND uses future information by construction: at each decision instant it takes max(0, net_long, net_short) from the realised future bid/ask. It bounds what any causal side choice at these instants could have earned; it is not a strategy, not achievable, and must never enter model training, a backtest or a promotion decision."
"[-0.8,-0.6)",ONE_TICK,5-25,6735,0.0349214234746692,0.015247020868192355,0.0014228835117765597,0.0033308354014814578,0.004157386785449147,0.00014847809948032666,0.00044543429844097997,0.015247020868192355,0.0014228835117765597,0.0033308354014814578,6735,0.004718369062631358,0.005024503312740455,1000,0,0.004157386785449147,0.925909428359317,M2-COST-LEDGER-v1,ORACLE_UPPER_BOUND,"ORACLE_UPPER_BOUND uses future information by construction: at each decision instant it takes max(0, net_long, net_short) from the realised future bid/ask. It bounds what any causal side choice at these instants could have earned; it is not a strategy, not achievable, and must never enter model training, a backtest or a promotion decision."
"[-0.8,-0.6)",ONE_TICK,25-50,20639,0.023218879247804795,0.011539185945473584,0.0029776855406820337,0.004947020624290539,0.0065894665439217015,0.0010174911575173216,0.001550462716216871,0.011539185945473584,0.0029776855406820337,0.004947020624290539,20639,0.014459156508336837,0.015397286395196769,1000,0,0.0065894665439217015,0.905615582150298,M2-COST-LEDGER-v1,ORACLE_UPPER_BOUND,"ORACLE_UPPER_BOUND uses future information by construction: at each decision instant it takes max(0, net_long, net_short) from the realised future bid/ask. It bounds what any causal side choice at these instants could have earned; it is not a strategy, not achievable, and must never enter model training, a backtest or a promotion decision."
"[-0.8,-0.6)",ONE_TICK,50-100,23274,0.015528725567059743,0.006011883210233865,0.0008849902143812361,0.0018956969547995757,0.008120649651972157,0.00047263040302483457,0.001246025607974564,0.006011883210233865,0.0008849902143812361,0.0018956969547995757,23274,0.01630517023959647,0.01736307202683316,1000,0,0.008120649651972157,0.8812838360402165,M2-COST-LEDGER-v1,ORACLE_UPPER_BOUND,"ORACLE_UPPER_BOUND uses future information by construction: at each decision instant it takes max(0, net_long, net_short) from the realised future bid/ask. It bounds what any causal side choice at these instants could have earned; it is not a strategy, not achievable, and must never enter model training, a backtest or a promotion decision."
"[-0.8,-0.6)",ONE_TICK,100-200,6653,0.04106247743343141,0.01829764677153786,0.01020657712173267,0.012071522272405226,0.028558545017285435,0.004509243950097701,0.0073650984518262436,0.01829764677153786,0.01020657712173267,0.012071522272405226,6653,0.004660921956003923,0.004963328959118373,1000,0,0.03396963775740267,0.7930257026905155,M2-COST-LEDGER-v1,ORACLE_UPPER_BOUND,"ORACLE_UPPER_BOUND uses future information by construction: at each decision instant it takes max(0, net_long, net_short) from the realised future bid/ask. It bounds what any causal side choice at these instants could have earned; it is not a strategy, not achievable, and must never enter model training, a backtest or a promotion decision."
"[-0.8,-0.6)",ONE_TICK,200+,1304,0.0791823895203051,0.03636985102099166,0.02021149618328045,0.023709097269846078,0.036042944785276074,0.02223926380368098,0.036042944785276074,0.03636985102099166,0.02021149618328045,0.023709097269846078,1304,0.0009135491102704217,0.0009728214283316336,1000,0,0.08819018404907976,0.7093558282208589,M2-COST-LEDGER-v1,ORACLE_UPPER_BOUND,"ORACLE_UPPER_BOUND uses future information by construction: at each decision instant it takes max(0, net_long, net_short) from the realised future bid/ask. It bounds what any causal side choice at these instants could have earned; it is not a strategy, not achievable, and must never enter model training, a backtest or a promotion decision."
"[-0.8,-0.6)",WIDER_THAN_ONE_TICK,5-25,275,0.06748540979741878,0.03993965075521961,3.554034428820397e-05,0.015534006769547078,0.007272727272727273,0.0036363636363636364,0.0036363636363636364,0.03993965075521961,3.554034428820397e-05,0.015534006769547078,275,0.00019265797954322544,0.0002051578932447847,1000,0,0.007272727272727273,0.7927272727272727,M2-COST-LEDGER-v1,ORACLE_UPPER_BOUND,"ORACLE_UPPER_BOUND uses future information by construction: at each decision instant it takes max(0, net_long, net_short) from the realised future bid/ask. It bounds what any causal side choice at these instants could have earned; it is not a strategy, not achievable, and must never enter model training, a backtest or a promotion decision."
"[-0.8,-0.6)",WIDER_THAN_ONE_TICK,25-50,2420,0.09102950446667445,0.07073633117523884,0.04797368714709573,0.05591835253741686,0.0128099173553719,0.005371900826446281,0.006611570247933884,0.07073633117523884,0.04797368714709573,0.05591835253741686,2420,0.001695390219980384,0.0018053894605541054,1000,0,0.0128099173553719,0.7834710743801653,M2-COST-LEDGER-v1,ORACLE_UPPER_BOUND,"ORACLE_UPPER_BOUND uses future information by construction: at each decision instant it takes max(0, net_long, net_short) from the realised future bid/ask. It bounds what any causal side choice at these instants could have earned; it is not a strategy, not achievable, and must never enter model training, a backtest or a promotion decision."
"[-0.8,-0.6)",WIDER_THAN_ONE_TICK,50-100,7444,0.030276007646718058,0.0174702052753037,0.007544422479363106,0.010457614627021028,0.011149919398173025,0.0028210639441160665,0.0037614185921547557,0.0174702052753037,0.007544422479363106,0.010457614627021028,7444,0.005215076362617347,0.005553437662960644,1000,0,0.011149919398173025,0.8347662547017732,M2-COST-LEDGER-v1,ORACLE_UPPER_BOUND,"ORACLE_UPPER_BOUND uses future information by construction: at each decision instant it takes max(0, net_long, net_short) from the realised future bid/ask. It bounds what any causal side choice at these instants could have earned; it is not a strategy, not achievable, and must never enter model training, a backtest or a promotion decision."
"[-0.8,-0.6)",WIDER_THAN_ONE_TICK,100-200,13307,0.03961953321327752,0.026436404601210245,0.017466182440682924,0.020104973425231484,0.017208987750807845,0.007214248140076651,0.009994739610731194,0.026436404601210245,0.017466182440682924,0.020104973425231484,13307,0.009322544486478913,0.009927403946939455,1000,0,0.019613737130833395,0.8133313293755167,M2-COST-LEDGER-v1,ORACLE_UPPER_BOUND,"ORACLE_UPPER_BOUND uses future information by construction: at each decision instant it takes max(0, net_long, net_short) from the realised future bid/ask. It bounds what any causal side choice at these instants could have earned; it is not a strategy, not achievable, and must never enter model training, a backtest or a promotion decision."
"[-0.8,-0.6)",WIDER_THAN_ONE_TICK,200+,10491,0.022862815909255235,0.016535455133989838,0.013811139941017053,0.014055429057651414,0.009150700600514728,0.007816223429606329,0.008769421408826613,0.016535455133989838,0.013811139941017053,0.014055429057651414,10491,0.0073497267759562845,0.00782658712011286,1000,0,0.01496520827375846,0.8010675817367268,M2-COST-LEDGER-v1,ORACLE_UPPER_BOUND,"ORACLE_UPPER_BOUND uses future information by construction: at each decision instant it takes max(0, net_long, net_short) from the realised future bid/ask. It bounds what any causal side choice at these instants could have earned; it is not a strategy, not achievable, and must never enter model training, a backtest or a promotion decision."
"[-0.6,-0.4)",ONE_TICK,5-25,10700,0.026386408523834663,0.011861137027378652,0.0006465435970185561,0.0026140011588786346,0.002803738317757009,9.345794392523364e-05,0.00046728971962616824,0.011861137027378652,0.0006465435970185561,0.0026140011588786346,10700,0.007496146840409136,0.007982507118978896,1000,0,0.002803738317757009,0.9547663551401869,M2-COST-LEDGER-v1,ORACLE_UPPER_BOUND,"ORACLE_UPPER_BOUND uses future information by construction: at each decision instant it takes max(0, net_long, net_short) from the realised future bid/ask. It bounds what any causal side choice at these instants could have earned; it is not a strategy, not achievable, and must never enter model training, a backtest or a promotion decision."
"[-0.6,-0.4)",ONE_TICK,25-50,29665,0.020598289832218387,0.00953161379303026,0.0014916459572098916,0.0033343423875544015,0.006202595651441092,0.0006067756615540199,0.0013146806000337097,0.00953161379303026,0.0014916459572098916,0.0033343423875544015,29665,0.02078254168418103,0.022130941465841956,1000,0,0.006202595651441092,0.9362885555368279,M2-COST-LEDGER-v1,ORACLE_UPPER_BOUND,"ORACLE_UPPER_BOUND uses future information by construction: at each decision instant it takes max(0, net_long, net_short) from the realised future bid/ask. It bounds what any causal side choice at these instants could have earned; it is not a strategy, not achievable, and must never enter model training, a backtest or a promotion decision."
"[-0.6,-0.4)",ONE_TICK,50-100,33929,0.018255318668254077,0.00858111746321352,0.0020509791586165705,0.003738522252493281,0.008252527336496802,0.0010905125408942203,0.0021515517698723805,0.00858111746321352,0.0020509791586165705,0.003738522252493281,33929,0.02376979122880762,0.02531200785419018,1000,0,0.008252527336496802,0.9141442423885172,M2-COST-LEDGER-v1,ORACLE_UPPER_BOUND,"ORACLE_UPPER_BOUND uses future information by construction: at each decision instant it takes max(0, net_long, net_short) from the realised future bid/ask. It bounds what any causal side choice at these instants could have earned; it is not a strategy, not achievable, and must never enter model training, a backtest or a promotion decision."
"[-0.6,-0.4)",ONE_TICK,100-200,8826,0.035907977428944964,0.015542949321775322,0.006216690105401638,0.008675424050105822,0.026285973260820304,0.0039655563108996145,0.008271017448447769,0.015542949321775322,0.006216690105401638,0.008675424050105822,8826,0.006183270281630938,0.006584449330103526,1000,0,0.029345116700657148,0.8410378427373669,M2-COST-LEDGER-v1,ORACLE_UPPER_BOUND,"ORACLE_UPPER_BOUND uses future information by construction: at each decision instant it takes max(0, net_long, net_short) from the realised future bid/ask. It bounds what any causal side choice at these instants could have earned; it is not a strategy, not achievable, and must never enter model training, a backtest or a promotion decision."
"[-0.6,-0.4)",ONE_TICK,200+,1326,0.10365099752908115,0.05918464770353908,0.04312556302115842,0.04664333094993985,0.03544494720965309,0.02262443438914027,0.03544494720965309,0.05918464770353908,0.04312556302115842,0.04664333094993985,1326,0.0009289617486338798,0.0009892340597912163,1000,0,0.09125188536953242,0.7375565610859729,M2-COST-LEDGER-v1,ORACLE_UPPER_BOUND,"ORACLE_UPPER_BOUND uses future information by construction: at each decision instant it takes max(0, net_long, net_short) from the realised future bid/ask. It bounds what any causal side choice at these instants could have earned; it is not a strategy, not achievable, and must never enter model training, a backtest or a promotion decision."
"[-0.6,-0.4)",WIDER_THAN_ONE_TICK,5-25,308,0.022641236030357368,0.007955933527981697,0.0,0.0,0.003246753246753247,0.0,0.0,0.007955933527981697,0.0,0.0,308,0.0002157769370884125,0.00022977684043415887,1000,0,0.003246753246753247,0.7727272727272727,M2-COST-LEDGER-v1,ORACLE_UPPER_BOUND,"ORACLE_UPPER_BOUND uses future information by construction: at each decision instant it takes max(0, net_long, net_short) from the realised future bid/ask. It bounds what any causal side choice at these instants could have earned; it is not a strategy, not achievable, and must never enter model training, a backtest or a promotion decision."
"[-0.6,-0.4)",WIDER_THAN_ONE_TICK,25-50,3336,0.06269315217347571,0.03467930208354966,0.008304030989323408,0.016437993467536147,0.016786570743405275,0.004196642685851319,0.006294964028776978,0.03467930208354966,0.008304030989323408,0.016437993467536147,3336,0.002337116435477091,0.0024887517522349154,1000,0,0.016786570743405275,0.8117505995203836,M2-COST-LEDGER-v1,ORACLE_UPPER_BOUND,"ORACLE_UPPER_BOUND uses future information by construction: at each decision instant it takes max(0, net_long, net_short) from the realised future bid/ask. It bounds what any causal side choice at these instants could have earned; it is not a strategy, not achievable, and must never enter model training, a backtest or a promotion decision."
"[-0.6,-0.4)",WIDER_THAN_ONE_TICK,50-100,11174,0.022001330394194184,0.01246348414053919,0.004201370163487911,0.006806354093484611,0.008233398961875783,0.002058349740468946,0.0033112582781456954,0.01246348414053919,0.004201370163487911,0.006806354093484611,11174,0.00782821913969455,0.008336124724062633,1000,0,0.008233398961875783,0.8489350277429748,M2-COST-LEDGER-v1,ORACLE_UPPER_BOUND,"ORACLE_UPPER_BOUND uses future information by construction: at each decision instant it takes max(0, net_long, net_short) from the realised future bid/ask. It bounds what any causal side choice at these instants could have earned; it is not a strategy, not achievable, and must never enter model training, a backtest or a promotion decision."
"[-0.6,-0.4)",WIDER_THAN_ONE_TICK,100-200,17872,0.028865603838315573,0.0192276188982381,0.012990122446860333,0.014816853436521824,0.012925246195165623,0.005147717099373322,0.006602506714413608,0.0192276188982381,0.012990122446860333,0.014816853436521824,17872,0.012520666946896455,0.013333024974802881,1000,0,0.014100268576544315,0.831300358102059,M2-COST-LEDGER-v1,ORACLE_UPPER_BOUND,"ORACLE_UPPER_BOUND uses future information by construction: at each decision instant it takes max(0, net_long, net_short) from the realised future bid/ask. It bounds what any causal side choice at these instants could have earned; it is not a strategy, not achievable, and must never enter model training, a backtest or a promotion decision."
"[-0.6,-0.4)",WIDER_THAN_ONE_TICK,200+,12078,0.018688409856254733,0.012645946946396902,0.010315708932965817,0.010549060365147878,0.007617155158138765,0.006458022851465474,0.007203179334326876,0.012645946946396902,0.010315708932965817,0.010549060365147878,12078,0.008461538461538461,0.009010534671310943,1000,0,0.014406358668653751,0.8099850968703428,M2-COST-LEDGER-v1,ORACLE_UPPER_BOUND,"ORACLE_UPPER_BOUND uses future information by construction: at each decision instant it takes max(0, net_long, net_short) from the realised future bid/ask. It bounds what any causal side choice at these instants could have earned; it is not a strategy, not achievable, and must never enter model training, a backtest or a promotion decision."
"[-0.4,-0.2)",ONE_TICK,5-25,15485,0.01663248635918485,0.006713051007996955,9.417343258563335e-07,0.0008244924808487456,0.002195673232160155,0.00019373587342589604,0.00019373587342589604,0.006713051007996955,9.417343258563335e-07,0.0008244924808487456,15485,0.010848395684461259,0.01155225446143815,1000,0,0.002195673232160155,0.9732644494672263,M2-COST-LEDGER-v1,ORACLE_UPPER_BOUND,"ORACLE_UPPER_BOUND uses future information by construction: at each decision instant it takes max(0, net_long, net_short) from the realised future bid/ask. It bounds what any causal side choice at these instants could have earned; it is not a strategy, not achievable, and must never enter model training, a backtest or a promotion decision."
"[-0.4,-0.2)",ONE_TICK,25-50,38618,0.020076504327470383,0.009956843712408571,0.002542692576953578,0.004248259362540737,0.005670930654099125,0.0008804184577140194,0.0012947330260500284,0.009956843712408571,0.002542692576953578,0.004248259362540737,38618,0.027054784923637384,0.02881013644118944,1000,0,0.005670930654099125,0.955616551867005,M2-COST-LEDGER-v1,ORACLE_UPPER_BOUND,"ORACLE_UPPER_BOUND uses future information by construction: at each decision instant it takes max(0, net_long, net_short) from the realised future bid/ask. It bounds what any causal side choice at these instants could have earned; it is not a strategy, not achievable, and must never enter model training, a backtest or a promotion decision."
"[-0.4,-0.2)",ONE_TICK,50-100,46672,0.016213766234371065,0.006558814225531509,0.0011084355434075298,0.002255770052812995,0.008291909496057593,0.0008570449091532396,0.0014998285910181694,0.006558814225531509,0.0011084355434075298,0.002255770052812995,46672,0.03269721171360516,0.03481865161280215,1000,0,0.008291909496057593,0.932936235858759,M2-COST-LEDGER-v1,ORACLE_UPPER_BOUND,"ORACLE_UPPER_BOUND uses future information by construction: at each decision instant it takes max(0, net_long, net_short) from the realised future bid/ask. It bounds what any causal side choice at these instants could have earned; it is not a strategy, not achievable, and must never enter model training, a backtest or a promotion decision."
"[-0.4,-0.2)",ONE_TICK,100-200,12817,0.03812818962598423,0.01709560655761256,0.007487678628077188,0.009992892664308426,0.027073418116563937,0.004837325427167044,0.009050479831473824,0.01709560655761256,0.007487678628077188,0.009992892664308426,12817,0.008979262995656438,0.009561849882612383,1000,0,0.03074042287586799,0.8577670281657174,M2-COST-LEDGER-v1,ORACLE_UPPER_BOUND,"ORACLE_UPPER_BOUND uses future information by construction: at each decision instant it takes max(0, net_long, net_short) from the realised future bid/ask. It bounds what any causal side choice at these instants could have earned; it is not a strategy, not achievable, and must never enter model training, a backtest or a promotion decision."
"[-0.4,-0.2)",ONE_TICK,200+,1467,0.13512947915382081,0.09545103906586969,0.07953508377214659,0.08306177567803143,0.034764826175869123,0.021813224267211998,0.034764826175869123,0.09545103906586969,0.07953508377214659,0.08306177567803143,1467,0.0010277427490542246,0.0010944241068730877,1000,0,0.08111792774369461,0.7702794819359237,M2-COST-LEDGER-v1,ORACLE_UPPER_BOUND,"ORACLE_UPPER_BOUND uses future information by construction: at each decision instant it takes max(0, net_long, net_short) from the realised future bid/ask. It bounds what any causal side choice at these instants could have earned; it is not a strategy, not achievable, and must never enter model training, a backtest or a promotion decision."
"[-0.4,-0.2)",WIDER_THAN_ONE_TICK,5-25,507,0.09648889961520392,0.05170926942406179,0.01372086006616835,0.022115026316472875,0.009861932938856016,0.0019723865877712033,0.0019723865877712033,0.05170926942406179,0.01372086006616835,0.022115026316472875,507,0.0003551912568306011,0.00037823655227311217,1000,0,0.009861932938856016,0.7869822485207101,M2-COST-LEDGER-v1,ORACLE_UPPER_BOUND,"ORACLE_UPPER_BOUND uses future information by construction: at each decision instant it takes max(0, net_long, net_short) from the realised future bid/ask. It bounds what any causal side choice at these instants could have earned; it is not a strategy, not achievable, and must never enter model training, a backtest or a promotion decision."
"[-0.4,-0.2)",WIDER_THAN_ONE_TICK,25-50,5312,0.06677348633555863,0.05084809688042782,0.033746805322817194,0.039576859237040254,0.009789156626506024,0.0035768072289156625,0.004518072289156626,0.05084809688042782,0.033746805322817194,0.039576859237040254,5312,0.0037214515903040493,0.003962904468786532,1000,0,0.009789156626506024,0.8256777108433735,M2-COST-LEDGER-v1,ORACLE_UPPER_BOUND,"ORACLE_UPPER_BOUND uses future information by construction: at each decision instant it takes max(0, net_long, net_short) from the realised future bid/ask. It bounds what any causal side choice at these instants could have earned; it is not a strategy, not achievable, and must never enter model training, a backtest or a promotion decision."
"[-0.4,-0.2)",WIDER_THAN_ONE_TICK,50-100,19199,0.020570900259062823,0.011487200221861713,0.004058403851860466,0.0063342665776335485,0.007969165060680244,0.0021876139382259493,0.0029168185843012656,0.011487200221861713,0.004058403851860466,0.0063342665776335485,19199,0.013450329270001402,0.014323005063296805,1000,0,0.007969165060680244,0.8620240637533205,M2-COST-LEDGER-v1,ORACLE_UPPER_BOUND,"ORACLE_UPPER_BOUND uses future information by construction: at each decision instant it takes max(0, net_long, net_short) from the realised future bid/ask. It bounds what any causal side choice at these instants could have earned; it is not a strategy, not achievable, and must never enter model training, a backtest or a promotion decision."
"[-0.4,-0.2)",WIDER_THAN_ONE_TICK,100-200,33248,0.022222488452534512,0.012984215001214727,0.007270280936871995,0.008950908089941196,0.011940567853705486,0.004270933589990375,0.005774783445620789,0.012984215001214727,0.007270280936871995,0.008950908089941196,33248,0.02329270001401149,0.024803962307645824,1000,0,0.013474494706448507,0.8417649181905679,M2-COST-LEDGER-v1,ORACLE_UPPER_BOUND,"ORACLE_UPPER_BOUND uses future information by construction: at each decision instant it takes max(0, net_long, net_short) from the realised future bid/ask. It bounds what any causal side choice at these instants could have earned; it is not a strategy, not achievable, and must never enter model training, a backtest or a promotion decision."
"[-0.4,-0.2)",WIDER_THAN_ONE_TICK,200+,16434,0.014078692670504135,0.008772490214673427,0.00675510416869988,0.006877042293134069,0.007362784471218206,0.006450042594620908,0.006997687720579287,0.008772490214673427,0.00675510416869988,0.006877042293134069,16434,0.011513240857503153,0.012260235700308333,1000,0,0.013143483023001095,0.8064987221613727,M2-COST-LEDGER-v1,ORACLE_UPPER_BOUND,"ORACLE_UPPER_BOUND uses future information by construction: at each decision instant it takes max(0, net_long, net_short) from the realised future bid/ask. It bounds what any causal side choice at these instants could have earned; it is not a strategy, not achievable, and must never enter model training, a backtest or a promotion decision."
"[-0.2,0.0)",ONE_TICK,5-25,16191,0.025841623895864554,0.010310774769776945,1.1206533060293668e-06,0.0011108355741547753,0.003149898091532333,0.00018528812303131369,0.00024705083070841825,0.010310774769776945,1.1206533060293668e-06,0.0011108355741547753,16191,0.011343001261034049,0.012078950725550215,1000,0,0.003149898091532333,0.9808535606200975,M2-COST-LEDGER-v1,ORACLE_UPPER_BOUND,"ORACLE_UPPER_BOUND uses future information by construction: at each decision instant it takes max(0, net_long, net_short) from the realised future bid/ask. It bounds what any causal side choice at these instants could have earned; it is not a strategy, not achievable, and must never enter model training, a backtest or a promotion decision."
"[-0.2,0.0)",ONE_TICK,25-50,37047,0.016111962494446408,0.0071807381809099995,0.001089897548098251,0.002332520230689494,0.00493967122843955,0.0007557966906902043,0.0009447458633627554,0.0071807381809099995,0.001089897548098251,0.002332520230689494,37047,0.025954182429592267,0.027638125349234686,1000,0,0.00493967122843955,0.9720355224444625,M2-COST-LEDGER-v1,ORACLE_UPPER_BOUND,"ORACLE_UPPER_BOUND uses future information by construction: at each decision instant it takes max(0, net_long, net_short) from the realised future bid/ask. It bounds what any causal side choice at these instants could have earned; it is not a strategy, not achievable, and must never enter model training, a backtest or a promotion decision."
"[-0.2,0.0)",ONE_TICK,50-100,41707,0.012820970372004206,0.004838843784035494,0.0006814556033763934,0.0014815687342359834,0.0070731531877142925,0.0006953269235380152,0.001102932361474093,0.004838843784035494,0.0006814556033763934,0.0014815687342359834,41707,0.029218859464761104,0.031114619103855403,1000,0,0.0070731531877142925,0.9579926631021172,M2-COST-LEDGER-v1,ORACLE_UPPER_BOUND,"ORACLE_UPPER_BOUND uses future information by construction: at each decision instant it takes max(0, net_long, net_short) from the realised future bid/ask. It bounds what any causal side choice at these instants could have earned; it is not a strategy, not achievable, and must never enter model training, a backtest or a promotion decision."
"[-0.2,0.0)",ONE_TICK,100-200,9093,0.03991970887758954,0.017836746555903872,0.007266926822273055,0.010091319410901703,0.028593423512592104,0.006158583525789068,0.01022764764104256,0.017836746555903872,0.007266926822273055,0.010091319410901703,9093,0.006370323665405632,0.006783638993726645,1000,0,0.03244253821621027,0.8770482788958539,M2-COST-LEDGER-v1,ORACLE_UPPER_BOUND,"ORACLE_UPPER_BOUND uses future information by construction: at each decision instant it takes max(0, net_long, net_short) from the realised future bid/ask. It bounds what any causal side choice at these instants could have earned; it is not a strategy, not achievable, and must never enter model training, a backtest or a promotion decision."
"[-0.2,0.0)",ONE_TICK,200+,1341,0.10678989346193306,0.06268851441369055,0.042221746905979934,0.04675265301132272,0.0447427293064877,0.028337061894108874,0.0447427293064877,0.06268851441369055,0.042221746905979934,0.04675265301132272,1341,0.0009394703656998739,0.001000424490331841,1000,0,0.09023117076808351,0.7986577181208053,M2-COST-LEDGER-v1,ORACLE_UPPER_BOUND,"ORACLE_UPPER_BOUND uses future information by construction: at each decision instant it takes max(0, net_long, net_short) from the realised future bid/ask. It bounds what any causal side choice at these instants could have earned; it is not a strategy, not achievable, and must never enter model training, a backtest or a promotion decision."
"[-0.2,0.0)",WIDER_THAN_ONE_TICK,5-25,611,0.09960834096800142,0.05722139823747571,0.011421631245555829,0.025450369064332325,0.009819967266775777,0.0032733224222585926,0.0032733224222585926,0.05722139823747571,0.011421631245555829,0.025450369064332325,611,0.0004280510018214936,0.0004558235373547762,1000,0,0.009819967266775777,0.8346972176759411,M2-COST-LEDGER-v1,ORACLE_UPPER_BOUND,"ORACLE_UPPER_BOUND uses future information by construction: at each decision instant it takes max(0, net_long, net_short) from the realised future bid/ask. It bounds what any causal side choice at these instants could have earned; it is not a strategy, not achievable, and must never enter model training, a backtest or a promotion decision."
"[-0.2,0.0)",WIDER_THAN_ONE_TICK,25-50,3966,0.054883348565114974,0.0361353642864125,0.01856001812450483,0.023962735937760077,0.011094301563287948,0.0032778618255168935,0.004034291477559254,0.0361353642864125,0.01856001812450483,0.023962735937760077,3966,0.0027784783522488443,0.0029587498349411497,1000,0,0.011094301563287948,0.8504790721129601,M2-COST-LEDGER-v1,ORACLE_UPPER_BOUND,"ORACLE_UPPER_BOUND uses future information by construction: at each decision instant it takes max(0, net_long, net_short) from the realised future bid/ask. It bounds what any causal side choice at these instants could have earned; it is not a strategy, not achievable, and must never enter model training, a backtest or a promotion decision."
"[-0.2,0.0)",WIDER_THAN_ONE_TICK,50-100,13207,0.017007042915735345,0.009821057106653588,0.0046212337516153305,0.006055210191194529,0.006360263496630575,0.001287196183841902,0.002044370409631256,0.009821057106653588,0.0046212337516153305,0.006055210191194529,13207,0.009252487039372285,0.009852801076668624,1000,0,0.006360263496630575,0.876883470886651,M2-COST-LEDGER-v1,ORACLE_UPPER_BOUND,"ORACLE_UPPER_BOUND uses future information by construction: at each decision instant it takes max(0, net_long, net_short) from the realised future bid/ask. It bounds what any causal side choice at these instants could have earned; it is not a strategy, not achievable, and must never enter model training, a backtest or a promotion decision."
"[-0.2,0.0)",WIDER_THAN_ONE_TICK,100-200,20781,0.018681501122921725,0.010296638674372622,0.005756857775694045,0.007022168342660991,0.010779077041528319,0.0037534286126750397,0.00486020884461768,0.010296638674372622,0.005756857775694045,0.007022168342660991,20781,0.014558638083228248,0.015503222470981348,1000,0,0.012607670468216158,0.858187767672393,M2-COST-LEDGER-v1,ORACLE_UPPER_BOUND,"ORACLE_UPPER_BOUND uses future information by construction: at each decision instant it takes max(0, net_long, net_short) from the realised future bid/ask. It bounds what any causal side choice at these instants could have earned; it is not a strategy, not achievable, and must never enter model training, a backtest or a promotion decision."
"[-0.2,0.0)",WIDER_THAN_ONE_TICK,200+,14454,0.01877798238535915,0.014212763705896587,0.012483195456222677,0.012535234004743658,0.006641760066417601,0.00684931506849315,0.0065033900650339005,0.014212763705896587,0.012483195456222677,0.012535234004743658,14454,0.01012610340479193,0.010783098868945884,1000,0,0.01169226511692265,0.8199114431991145,M2-COST-LEDGER-v1,ORACLE_UPPER_BOUND,"ORACLE_UPPER_BOUND uses future information by construction: at each decision instant it takes max(0, net_long, net_short) from the realised future bid/ask. It bounds what any causal side choice at these instants could have earned; it is not a strategy, not achievable, and must never enter model training, a backtest or a promotion decision."
"[0.0,0.2)",ONE_TICK,5-25,19578,0.026635109084871808,0.012156894038804683,0.0007081812282445048,0.0028649968138329644,0.0029114311982837877,0.00025538870160384105,0.00045969966288691386,0.01136867180297185,0.0007713364164990773,0.0028852058804116564,17975,0.013715846994535518,0.013409865931181836,1000,0,0.0029114311982837877,0.9866687097762795,M2-COST-LEDGER-v1,ORACLE_UPPER_BOUND,"ORACLE_UPPER_BOUND uses future information by construction: at each decision instant it takes max(0, net_long, net_short) from the realised future bid/ask. It bounds what any causal side choice at these instants could have earned; it is not a strategy, not achievable, and must never enter model training, a backtest or a promotion decision."
"[0.0,0.2)",ONE_TICK,25-50,45387,0.0183657354586948,0.00866580030272712,0.00169961846849399,0.003274779706893366,0.005508185163152444,0.0008372441447991716,0.0011677352545883183,0.006197645896008599,0.001026972247896995,0.002045927005555878,39441,0.03179697351828499,0.029424118063518377,1000,0,0.005508185163152444,0.9739352678079626,M2-COST-LEDGER-v1,ORACLE_UPPER_BOUND,"ORACLE_UPPER_BOUND uses future information by construction: at each decision instant it takes max(0, net_long, net_short) from the realised future bid/ask. It bounds what any causal side choice at these instants could have earned; it is not a strategy, not achievable, and must never enter model training, a backtest or a promotion decision."
"[0.0,0.2)",ONE_TICK,50-100,54038,0.015591983912219321,0.006090472451664027,0.0009406454327925088,0.0019792927123277585,0.008382989747955143,0.0009437803027499167,0.0014804396905881048,0.005024358995169301,0.000658789512764128,0.0014797125941465818,41717,0.037857643267479334,0.031122079390882487,1000,0,0.008382989747955143,0.9575113808801214,M2-COST-LEDGER-v1,ORACLE_UPPER_BOUND,"ORACLE_UPPER_BOUND uses future information by construction: at each decision instant it takes max(0, net_long, net_short) from the realised future bid/ask. It bounds what any causal side choice at these instants could have earned; it is not a strategy, not achievable, and must never enter model training, a backtest or a promotion decision."
"[0.0,0.2)",ONE_TICK,100-200,16570,0.034009895848116284,0.01395127060374626,0.0050249565543535124,0.007389786337350138,0.02552806276403138,0.005069402534701267,0.007664453832226916,0.014031777070829653,0.005845758326011959,0.007877381072619784,10234,0.011608518985568165,0.007634857743516824,1000,0,0.02896801448400724,0.8849124924562463,M2-COST-LEDGER-v1,ORACLE_UPPER_BOUND,"ORACLE_UPPER_BOUND uses future information by construction: at each decision instant it takes max(0, net_long, net_short) from the realised future bid/ask. It bounds what any causal side choice at these instants could have earned; it is not a strategy, not achievable, and must never enter model training, a backtest or a promotion decision."
"[0.0,0.2)",ONE_TICK,200+,1862,0.09577277213815982,0.057101246837896434,0.04396659816033651,0.04684256458677135,0.02900107411385607,0.018259935553168637,0.02900107411385607,0.07017222591142286,0.0560048917048813,0.0591008074531033,1436,0.0013044696651254028,0.0010712972170891302,1000,0,0.079484425349087,0.8157894736842105,M2-COST-LEDGER-v1,ORACLE_UPPER_BOUND,"ORACLE_UPPER_BOUND uses future information by construction: at each decision instant it takes max(0, net_long, net_short) from the realised future bid/ask. It bounds what any causal side choice at these instants could have earned; it is not a strategy, not achievable, and must never enter model training, a backtest or a promotion decision."
"[0.0,0.2)",WIDER_THAN_ONE_TICK,5-25,892,0.08224527136086425,0.039266836081668685,2.0591137287882654e-05,0.00970340288350039,0.008968609865470852,0.0011210762331838565,0.002242152466367713,0.019823481342695355,0.0,0.00396893345783609,685,0.0006249124281911167,0.000511029661355191,1000,0,0.008968609865470852,0.8464125560538116,M2-COST-LEDGER-v1,ORACLE_UPPER_BOUND,"ORACLE_UPPER_BOUND uses future information by construction: at each decision instant it takes max(0, net_long, net_short) from the realised future bid/ask. It bounds what any causal side choice at these instants could have earned; it is not a strategy, not achievable, and must never enter model training, a backtest or a promotion decision."
"[0.0,0.2)",WIDER_THAN_ONE_TICK,25-50,6793,0.05572680504749612,0.03622526022625397,0.018318349168078944,0.023734363162252914,0.012071249815987046,0.003827469453849551,0.004563521271897542,0.023554785294110037,0.011668800338159991,0.014769640745987458,3227,0.004759002381953202,0.0024074346236397097,1000,0,0.012071249815987046,0.8476372736640659,M2-COST-LEDGER-v1,ORACLE_UPPER_BOUND,"ORACLE_UPPER_BOUND uses future information by construction: at each decision instant it takes max(0, net_long, net_short) from the realised future bid/ask. It bounds what any causal side choice at these instants could have earned; it is not a strategy, not achievable, and must never enter model training, a backtest or a promotion decision."
"[0.0,0.2)",WIDER_THAN_ONE_TICK,50-100,25375,0.018842718837485114,0.00965726797425503,0.00265408093946145,0.004682428243773916,0.008157635467980295,0.0016945812807881773,0.0027980295566502464,0.007518121845904682,0.002009021893225816,0.0036015720280809533,12977,0.01777707720330671,0.009681214475045713,1000,0,0.008157635467980295,0.8770443349753695,M2-COST-LEDGER-v1,ORACLE_UPPER_BOUND,"ORACLE_UPPER_BOUND uses future information by construction: at each decision instant it takes max(0, net_long, net_short) from the realised future bid/ask. It bounds what any causal side choice at these instants could have earned; it is not a strategy, not achievable, and must never enter model training, a backtest or a promotion decision."
"[0.0,0.2)",WIDER_THAN_ONE_TICK,100-200,52095,0.025157339727344526,0.016366168815749385,0.010775776612890543,0.01242074642151027,0.011383050196755926,0.0048949035416066804,0.006085036951722814,0.017142003365218823,0.012371171829818653,0.013743048522642631,23406,0.03649642707019756,0.01746154781559066,1000,0,0.013168250311930127,0.8578174488914483,M2-COST-LEDGER-v1,ORACLE_UPPER_BOUND,"ORACLE_UPPER_BOUND uses future information by construction: at each decision instant it takes max(0, net_long, net_short) from the realised future bid/ask. It bounds what any causal side choice at these instants could have earned; it is not a strategy, not achievable, and must never enter model training, a backtest or a promotion decision."
"[0.0,0.2)",WIDER_THAN_ONE_TICK,200+,31399,0.013905180242639696,0.01014966977047704,0.008724858552548866,0.008775725687590748,0.005477881461193031,0.004872766648619383,0.005191248128921303,0.008474501007039201,0.006982368577430971,0.006976986634425462,15922,0.021997337817009948,0.01187826900452168,1000,0,0.009618140705117998,0.8265231376795439,M2-COST-LEDGER-v1,ORACLE_UPPER_BOUND,"ORACLE_UPPER_BOUND uses future information by construction: at each decision instant it takes max(0, net_long, net_short) from the realised future bid/ask. It bounds what any causal side choice at these instants could have earned; it is not a strategy, not achievable, and must never enter model training, a backtest or a promotion decision."
"[0.2,0.4)",ONE_TICK,5-25,17068,0.023330743890774386,0.009956230177572835,1.5929318472338093e-06,0.0016248629103405223,0.0027536911178814155,0.0002929458636044059,0.0003515350363252871,0.009956230177572835,1.5929318472338093e-06,0.0016248629103405223,17068,0.01195740507215917,0.0127332178978254,1000,0,0.0027536911178814155,0.9893953597375205,M2-COST-LEDGER-v1,ORACLE_UPPER_BOUND,"ORACLE_UPPER_BOUND uses future information by construction: at each decision instant it takes max(0, net_long, net_short) from the realised future bid/ask. It bounds what any causal side choice at these instants could have earned; it is not a strategy, not achievable, and must never enter model training, a backtest or a promotion decision."
"[0.2,0.4)",ONE_TICK,25-50,41760,0.018772211832852794,0.00896475798110127,0.0017491044600669188,0.0034197879203441838,0.005435823754789272,0.0008620689655172414,0.0011973180076628352,0.00896475798110127,0.0017491044600669188,0.0034197879203441838,41760,0.029255989911727617,0.031154158625098943,1000,0,0.005435823754789272,0.9835249042145594,M2-COST-LEDGER-v1,ORACLE_UPPER_BOUND,"ORACLE_UPPER_BOUND uses future information by construction: at each decision instant it takes max(0, net_long, net_short) from the realised future bid/ask. It bounds what any causal side choice at these instants could have earned; it is not a strategy, not achievable, and must never enter model training, a backtest or a promotion decision."
"[0.2,0.4)",ONE_TICK,50-100,50106,0.015426272979044116,0.006133426832636756,0.0007636957795072598,0.001928390439975472,0.008022991258531913,0.000997884484892029,0.0015766574861294056,0.006133426832636756,0.0007636957795072598,0.001928390439975472,50106,0.03510298444724674,0.03738051417790248,1000,0,0.008022991258531913,0.9697441424180737,M2-COST-LEDGER-v1,ORACLE_UPPER_BOUND,"ORACLE_UPPER_BOUND uses future information by construction: at each decision instant it takes max(0, net_long, net_short) from the realised future bid/ask. It bounds what any causal side choice at these instants could have earned; it is not a strategy, not achievable, and must never enter model training, a backtest or a promotion decision."
"[0.2,0.4)",ONE_TICK,100-200,14105,0.03300153055545195,0.012876867530472635,0.004820082916330926,0.006869892654963505,0.024601205246366536,0.0045373980857851826,0.006876993973768167,0.012876867530472635,0.004820082916330926,0.006869892654963505,14105,0.0098816029143898,0.010522734851700685,1000,0,0.02956398440269408,0.9132931584544488,M2-COST-LEDGER-v1,ORACLE_UPPER_BOUND,"ORACLE_UPPER_BOUND uses future information by construction: at each decision instant it takes max(0, net_long, net_short) from the realised future bid/ask. It bounds what any causal side choice at these instants could have earned; it is not a strategy, not achievable, and must never enter model training, a backtest or a promotion decision."
"[0.2,0.4)",ONE_TICK,200+,1338,0.0704596022658846,0.03142900625415523,0.016409798898267776,0.019729110557043135,0.03288490284005979,0.02391629297458894,0.03288490284005979,0.03142900625415523,0.016409798898267776,0.019729110557043135,1338,0.0009373686422866751,0.000998186404223716,1000,0,0.07997010463378176,0.8153961136023916,M2-COST-LEDGER-v1,ORACLE_UPPER_BOUND,"ORACLE_UPPER_BOUND uses future information by construction: at each decision instant it takes max(0, net_long, net_short) from the realised future bid/ask. It bounds what any causal side choice at these instants could have earned; it is not a strategy, not achievable, and must never enter model training, a backtest or a promotion decision."
"[0.2,0.4)",WIDER_THAN_ONE_TICK,5-25,729,0.03303064562088364,0.020308007688128977,6.505994572652475e-05,0.008314263321172872,0.0027434842249657062,0.0013717421124828531,0.0013717421124828531,0.020308007688128977,6.505994572652475e-05,0.008314263321172872,729,0.000510718789407314,0.0005438549242743566,1000,0,0.0027434842249657062,0.8751714677640604,M2-COST-LEDGER-v1,ORACLE_UPPER_BOUND,"ORACLE_UPPER_BOUND uses future information by construction: at each decision instant it takes max(0, net_long, net_short) from the realised future bid/ask. It bounds what any causal side choice at these instants could have earned; it is not a strategy, not achievable, and must never enter model training, a backtest or a promotion decision."
"[0.2,0.4)",WIDER_THAN_ONE_TICK,25-50,5310,0.04533323682682138,0.028564304559584145,0.011372922481838119,0.01696844752337444,0.009792843691148776,0.003766478342749529,0.004331450094161958,0.028564304559584145,0.011372922481838119,0.01696844752337444,5310,0.003720050441361917,0.003961412411381116,1000,0,0.009792843691148776,0.8738229755178908,M2-COST-LEDGER-v1,ORACLE_UPPER_BOUND,"ORACLE_UPPER_BOUND uses future information by construction: at each decision instant it takes max(0, net_long, net_short) from the realised future bid/ask. It bounds what any causal side choice at these instants could have earned; it is not a strategy, not achievable, and must never enter model training, a backtest or a promotion decision."
"[0.2,0.4)",WIDER_THAN_ONE_TICK,50-100,19546,0.01677269823506102,0.008851499374741584,0.0022124670847107814,0.004322941121438367,0.00741839762611276,0.0021999386063644736,0.0029161976875063953,0.008851499374741584,0.0022124670847107814,0.004322941121438367,19546,0.013693428611461398,0.014581877023136588,1000,0,0.00741839762611276,0.9005423104471503,M2-COST-LEDGER-v1,ORACLE_UPPER_BOUND,"ORACLE_UPPER_BOUND uses future information by construction: at each decision instant it takes max(0, net_long, net_short) from the realised future bid/ask. It bounds what any causal side choice at these instants could have earned; it is not a strategy, not achievable, and must never enter model training, a backtest or a promotion decision."
"[0.2,0.4)",WIDER_THAN_ONE_TICK,100-200,35255,0.02580363902685064,0.0164331248008233,0.010803444614413339,0.012433332502730274,0.01211175719756063,0.004339809956034605,0.005956601900439654,0.0164331248008233,0.010803444614413339,0.012433332502730274,35255,0.024698752977441504,0.026301241913981397,1000,0,0.013927102538647,0.8765848815770813,M2-COST-LEDGER-v1,ORACLE_UPPER_BOUND,"ORACLE_UPPER_BOUND uses future information by construction: at each decision instant it takes max(0, net_long, net_short) from the realised future bid/ask. It bounds what any causal side choice at these instants could have earned; it is not a strategy, not achievable, and must never enter model training, a backtest or a promotion decision."
"[0.2,0.4)",WIDER_THAN_ONE_TICK,200+,17849,0.016840174875844372,0.01204172344396654,0.010313014119710013,0.010376980607379458,0.0065549890750182084,0.005938708050871197,0.006330886884419296,0.01204172344396654,0.010313014119710013,0.010376980607379458,17849,0.012504553734061931,0.013315866314640589,1000,0,0.012045492744691579,0.8458176928679478,M2-COST-LEDGER-v1,ORACLE_UPPER_BOUND,"ORACLE_UPPER_BOUND uses future information by construction: at each decision instant it takes max(0, net_long, net_short) from the realised future bid/ask. It bounds what any causal side choice at these instants could have earned; it is not a strategy, not achievable, and must never enter model training, a backtest or a promotion decision."
"[0.4,0.6)",ONE_TICK,5-25,12418,0.03060670805004183,0.01196169216452487,0.000560976711283985,0.001364367969094198,0.004106941536479304,8.052826542116283e-05,0.00016105653084232566,0.01196169216452487,0.000560976711283985,0.001364367969094198,12418,0.008699733781700995,0.009264184430231769,1000,0,0.004106941536479304,0.9890481559027219,M2-COST-LEDGER-v1,ORACLE_UPPER_BOUND,"ORACLE_UPPER_BOUND uses future information by construction: at each decision instant it takes max(0, net_long, net_short) from the realised future bid/ask. It bounds what any causal side choice at these instants could have earned; it is not a strategy, not achievable, and must never enter model training, a backtest or a promotion decision."
"[0.4,0.6)",ONE_TICK,25-50,32172,0.017761059406015245,0.007728132149057456,0.0009687353608570339,0.002334740563710655,0.005594927265945543,0.0007770732313813254,0.0009946537361680964,0.007728132149057456,0.0009687353608570339,0.002334740563710655,32172,0.02253888188314418,0.024001235423531685,1000,0,0.005594927265945543,0.9877533258734303,M2-COST-LEDGER-v1,ORACLE_UPPER_BOUND,"ORACLE_UPPER_BOUND uses future information by construction: at each decision instant it takes max(0, net_long, net_short) from the realised future bid/ask. It bounds what any causal side choice at these instants could have earned; it is not a strategy, not achievable, and must never enter model training, a backtest or a promotion decision."
"[0.4,0.6)",ONE_TICK,50-100,36384,0.01475917684201543,0.005812291161877866,0.0007641092254325386,0.00185467106988558,0.00783311345646438,0.0008795074758135445,0.0014017150395778364,0.005812291161877866,0.0007641092254325386,0.00185467106988558,36384,0.025489701555275326,0.02714350831933908,1000,0,0.00783311345646438,0.9779573438874231,M2-COST-LEDGER-v1,ORACLE_UPPER_BOUND,"ORACLE_UPPER_BOUND uses future information by construction: at each decision instant it takes max(0, net_long, net_short) from the realised future bid/ask. It bounds what any causal side choice at these instants could have earned; it is not a strategy, not achievable, and must never enter model training, a backtest or a promotion decision."
"[0.4,0.6)",ONE_TICK,100-200,9764,0.04112801866220343,0.020137867689538996,0.011286145802226182,0.01353678198138431,0.026730848013109383,0.005120852109791069,0.0077836952068824255,0.020137867689538996,0.011286145802226182,0.01353678198138431,9764,0.006840409135491103,0.0072842242532439195,1000,0,0.030520278574354773,0.9328144203195412,M2-COST-LEDGER-v1,ORACLE_UPPER_BOUND,"ORACLE_UPPER_BOUND uses future information by construction: at each decision instant it takes max(0, net_long, net_short) from the realised future bid/ask. It bounds what any causal side choice at these instants could have earned; it is not a strategy, not achievable, and must never enter model training, a backtest or a promotion decision."
"[0.4,0.6)",ONE_TICK,200+,1333,0.07439123680300568,0.02905312235754086,0.015315064342724788,0.01835922119482414,0.030007501875468866,0.021005251312828207,0.030007501875468866,0.02905312235754086,0.015315064342724788,0.01835922119482414,1333,0.0009338657699313437,0.0009944562607101745,1000,0,0.09302325581395349,0.8199549887471868,M2-COST-LEDGER-v1,ORACLE_UPPER_BOUND,"ORACLE_UPPER_BOUND uses future information by construction: at each decision instant it takes max(0, net_long, net_short) from the realised future bid/ask. It bounds what any causal side choice at these instants could have earned; it is not a strategy, not achievable, and must never enter model training, a backtest or a promotion decision."
"[0.4,0.6)",WIDER_THAN_ONE_TICK,5-25,490,0.16084823220595293,0.11719811835713503,0.05970194514623186,0.08063394702141244,0.01020408163265306,0.0020408163265306124,0.004081632653061225,0.11719811835713503,0.05970194514623186,0.08063394702141244,490,0.00034328149082247443,0.00036555406432707094,1000,0,0.01020408163265306,0.8653061224489796,M2-COST-LEDGER-v1,ORACLE_UPPER_BOUND,"ORACLE_UPPER_BOUND uses future information by construction: at each decision instant it takes max(0, net_long, net_short) from the realised future bid/ask. It bounds what any causal side choice at these instants could have earned; it is not a strategy, not achievable, and must never enter model training, a backtest or a promotion decision."
"[0.4,0.6)",WIDER_THAN_ONE_TICK,25-50,3302,0.04780284218542806,0.03030087874080966,0.011072892779546421,0.017685247162819853,0.010599636583888553,0.0045427013930950935,0.00514839491217444,0.03030087874080966,0.011072892779546421,0.017685247162819853,3302,0.002313296903460838,0.002463386776342833,1000,0,0.010599636583888553,0.8767413688673531,M2-COST-LEDGER-v1,ORACLE_UPPER_BOUND,"ORACLE_UPPER_BOUND uses future information by construction: at each decision instant it takes max(0, net_long, net_short) from the realised future bid/ask. It bounds what any causal side choice at these instants could have earned; it is not a strategy, not achievable, and must never enter model training, a backtest or a promotion decision."
"[0.4,0.6)",WIDER_THAN_ONE_TICK,50-100,11239,0.017756708211478612,0.009455415238732372,0.0027933957506946494,0.0048348473960817505,0.007918853990568556,0.0021354213008274755,0.0031141560637067355,0.009455415238732372,0.0027933957506946494,0.0048348473960817505,11239,0.007873756480313857,0.008384616589738674,1000,0,0.007918853990568556,0.9136044132040217,M2-COST-LEDGER-v1,ORACLE_UPPER_BOUND,"ORACLE_UPPER_BOUND uses future information by construction: at each decision instant it takes max(0, net_long, net_short) from the realised future bid/ask. It bounds what any causal side choice at these instants could have earned; it is not a strategy, not achievable, and must never enter model training, a backtest or a promotion decision."
"[0.4,0.6)",WIDER_THAN_ONE_TICK,100-200,19249,0.027789283072185703,0.018838772590594032,0.013666841164099927,0.01513234080144505,0.011221362148683049,0.0046755675619512705,0.005922385578471609,0.018838772590594032,0.013666841164099927,0.01513234080144505,19249,0.013485357993554714,0.01436030649843222,1000,0,0.013766948932412074,0.8922021923216791,M2-COST-LEDGER-v1,ORACLE_UPPER_BOUND,"ORACLE_UPPER_BOUND uses future information by construction: at each decision instant it takes max(0, net_long, net_short) from the realised future bid/ask. It bounds what any causal side choice at these instants could have earned; it is not a strategy, not achievable, and must never enter model training, a backtest or a promotion decision."
"[0.4,0.6)",WIDER_THAN_ONE_TICK,200+,11476,0.021956476178973193,0.015667197056225712,0.01334855272296,0.01352114109241263,0.00801673056814221,0.007058208434994772,0.007755315440920181,0.015667197056225712,0.01334855272296,0.01352114109241263,11476,0.008039792629956565,0.008561425392280542,1000,0,0.015249215754618333,0.84149529452771,M2-COST-LEDGER-v1,ORACLE_UPPER_BOUND,"ORACLE_UPPER_BOUND uses future information by construction: at each decision instant it takes max(0, net_long, net_short) from the realised future bid/ask. It bounds what any causal side choice at these instants could have earned; it is not a strategy, not achievable, and must never enter model training, a backtest or a promotion decision."
"[0.6,0.8)",ONE_TICK,5-25,7758,0.04885257663681748,0.02014996615194481,0.0008993291718645592,0.0030834419895189175,0.005929363237947924,0.0005155968032998196,0.0005155968032998196,0.02014996615194481,0.0008993291718645592,0.0030834419895189175,7758,0.005435056746532156,0.005787690675611053,1000,0,0.005929363237947924,0.9908481567414282,M2-COST-LEDGER-v1,ORACLE_UPPER_BOUND,"ORACLE_UPPER_BOUND uses future information by construction: at each decision instant it takes max(0, net_long, net_short) from the realised future bid/ask. It bounds what any causal side choice at these instants could have earned; it is not a strategy, not achievable, and must never enter model training, a backtest or a promotion decision."
"[0.6,0.8)",ONE_TICK,25-50,21373,0.027211916700783895,0.012107937475555707,0.001871126260076777,0.003965944166148239,0.008421840640059889,0.0009825480746736537,0.0014972161137884246,0.012107937475555707,0.001871126260076777,0.003965944166148239,21373,0.014973378170099482,0.015944871462984667,1000,0,0.008421840640059889,0.9882562111074721,M2-COST-LEDGER-v1,ORACLE_UPPER_BOUND,"ORACLE_UPPER_BOUND uses future information by construction: at each decision instant it takes max(0, net_long, net_short) from the realised future bid/ask. It bounds what any causal side choice at these instants could have earned; it is not a strategy, not achievable, and must never enter model training, a backtest or a promotion decision."
"[0.6,0.8)",ONE_TICK,50-100,26764,0.01875184083654706,0.006583708088866913,0.0003327358916855501,0.0014593105917998109,0.010461814377522045,0.0008967269466447467,0.0015319085338514422,0.006583708088866913,0.0003327358916855501,0.0014593105917998109,26764,0.018750175143617768,0.019966712199285155,1000,0,0.010461814377522045,0.9813555522343447,M2-COST-LEDGER-v1,ORACLE_UPPER_BOUND,"ORACLE_UPPER_BOUND uses future information by construction: at each decision instant it takes max(0, net_long, net_short) from the realised future bid/ask. It bounds what any causal side choice at these instants could have earned; it is not a strategy, not achievable, and must never enter model training, a backtest or a promotion decision."
"[0.6,0.8)",ONE_TICK,100-200,7267,0.04064870910287974,0.018521244694383487,0.008551133839348765,0.011164516667931494,0.027659281684326405,0.007568460162377872,0.011008669327095088,0.018521244694383487,0.008551133839348765,0.011164516667931494,7267,0.005091074681238616,0.005421390582581274,1000,0,0.03426448328058346,0.9278932159075272,M2-COST-LEDGER-v1,ORACLE_UPPER_BOUND,"ORACLE_UPPER_BOUND uses future information by construction: at each decision instant it takes max(0, net_long, net_short) from the realised future bid/ask. It bounds what any causal side choice at these instants could have earned; it is not a strategy, not achievable, and must never enter model training, a backtest or a promotion decision."
"[0.6,0.8)",ONE_TICK,200+,1148,0.0761048488313444,0.040205454077326626,0.02980011064020079,0.03211459905435346,0.02264808362369338,0.013937282229965157,0.02264808362369338,0.040205454077326626,0.02980011064020079,0.03211459905435346,1148,0.000804259492784083,0.0008564409507091376,1000,0,0.0740418118466899,0.8327526132404182,M2-COST-LEDGER-v1,ORACLE_UPPER_BOUND,"ORACLE_UPPER_BOUND uses future information by construction: at each decision instant it takes max(0, net_long, net_short) from the realised future bid/ask. It bounds what any causal side choice at these instants could have earned; it is not a strategy, not achievable, and must never enter model training, a backtest or a promotion decision."
"[0.6,0.8)",WIDER_THAN_ONE_TICK,5-25,381,0.13976582674629515,0.09929982198994919,0.05141365122715223,0.06727734788383848,0.007874015748031496,0.0026246719160104987,0.0026246719160104987,0.09929982198994919,0.05141365122715223,0.06727734788383848,381,0.0002669188734762505,0.00028423693573186536,1000,0,0.007874015748031496,0.8792650918635171,M2-COST-LEDGER-v1,ORACLE_UPPER_BOUND,"ORACLE_UPPER_BOUND uses future information by construction: at each decision instant it takes max(0, net_long, net_short) from the realised future bid/ask. It bounds what any causal side choice at these instants could have earned; it is not a strategy, not achievable, and must never enter model training, a backtest or a promotion decision."
"[0.6,0.8)",WIDER_THAN_ONE_TICK,25-50,2778,0.05257117546377055,0.031794443180121784,0.010538102096641,0.017536600822484826,0.012958963282937365,0.004319654427645789,0.005759539236861051,0.031794443180121784,0.010538102096641,0.017536600822484826,2778,0.0019461958806221101,0.0020724677361236795,1000,0,0.012958963282937365,0.8984881209503239,M2-COST-LEDGER-v1,ORACLE_UPPER_BOUND,"ORACLE_UPPER_BOUND uses future information by construction: at each decision instant it takes max(0, net_long, net_short) from the realised future bid/ask. It bounds what any causal side choice at these instants could have earned; it is not a strategy, not achievable, and must never enter model training, a backtest or a promotion decision."
"[0.6,0.8)",WIDER_THAN_ONE_TICK,50-100,6871,0.0334602118919877,0.022527266775333978,0.01242905946657084,0.015764269601024953,0.009605588706156309,0.0029107844564110028,0.004220637461795954,0.022527266775333978,0.01242905946657084,0.015764269601024953,6871,0.004813647190696371,0.005125963216308784,1000,0,0.009605588706156309,0.9151506330956193,M2-COST-LEDGER-v1,ORACLE_UPPER_BOUND,"ORACLE_UPPER_BOUND uses future information by construction: at each decision instant it takes max(0, net_long, net_short) from the realised future bid/ask. It bounds what any causal side choice at these instants could have earned; it is not a strategy, not achievable, and must never enter model training, a backtest or a promotion decision."
"[0.6,0.8)",WIDER_THAN_ONE_TICK,100-200,12963,0.03327435856289119,0.02225629579404942,0.015502434862668881,0.017366166446857404,0.014502815706240839,0.00663426675923783,0.008794260587826891,0.02225629579404942,0.015502434862668881,0.017366166446857404,12963,0.009081546868432114,0.009670770073207796,1000,0,0.01751137853891846,0.8747203579418344,M2-COST-LEDGER-v1,ORACLE_UPPER_BOUND,"ORACLE_UPPER_BOUND uses future information by construction: at each decision instant it takes max(0, net_long, net_short) from the realised future bid/ask. It bounds what any causal side choice at these instants could have earned; it is not a strategy, not achievable, and must never enter model training, a backtest or a promotion decision."
"[0.6,0.8)",WIDER_THAN_ONE_TICK,200+,10700,0.027428290399186633,0.02168726580391831,0.01974425489401876,0.01984780872656162,0.007196261682242991,0.0066355140186915886,0.006822429906542056,0.02168726580391831,0.01974425489401876,0.01984780872656162,10700,0.007496146840409136,0.007982507118978896,1000,0,0.014392523364485982,0.8471028037383178,M2-COST-LEDGER-v1,ORACLE_UPPER_BOUND,"ORACLE_UPPER_BOUND uses future information by construction: at each decision instant it takes max(0, net_long, net_short) from the realised future bid/ask. It bounds what any causal side choice at these instants could have earned; it is not a strategy, not achievable, and must never enter model training, a backtest or a promotion decision."
"[0.8,1.0]",ONE_TICK,5-25,3436,0.04033595840531758,0.019472666992454712,4.175896524106151e-06,0.004941665562236566,0.004365541327124563,0.0008731082654249127,0.0011641443538998836,0.019472666992454712,4.175896524106151e-06,0.004941665562236566,3436,0.0024071738825837186,0.0025633546225057465,1000,0,0.004365541327124563,0.9944703143189756,M2-COST-LEDGER-v1,ORACLE_UPPER_BOUND,"ORACLE_UPPER_BOUND uses future information by construction: at each decision instant it takes max(0, net_long, net_short) from the realised future bid/ask. It bounds what any causal side choice at these instants could have earned; it is not a strategy, not achievable, and must never enter model training, a backtest or a promotion decision."
"[0.8,1.0]",ONE_TICK,25-50,8205,0.037154357018489764,0.02011604842800003,0.007219375801602287,0.010290201649626256,0.009262644728823887,0.001218769043266301,0.0021937842778793418,0.02011604842800003,0.007219375801602287,0.010290201649626256,8205,0.005748213535098781,0.006121165505721667,1000,0,0.009262644728823887,0.9867154174283973,M2-COST-LEDGER-v1,ORACLE_UPPER_BOUND,"ORACLE_UPPER_BOUND uses future information by construction: at each decision instant it takes max(0, net_long, net_short) from the realised future bid/ask. It bounds what any causal side choice at these instants could have earned; it is not a strategy, not achievable, and must never enter model training, a backtest or a promotion decision."
"[0.8,1.0]",ONE_TICK,50-100,12186,0.016932328682424058,0.006627355591709535,0.0007776898352903807,0.002033662279804197,0.008862629246676515,0.0008206138191367143,0.001559166256359757,0.006627355591709535,0.0007776898352903807,0.002033662279804197,12186,0.008537200504413619,0.009091105771203442,1000,0,0.008862629246676515,0.9841621532906614,M2-COST-LEDGER-v1,ORACLE_UPPER_BOUND,"ORACLE_UPPER_BOUND uses future information by construction: at each decision instant it takes max(0, net_long, net_short) from the realised future bid/ask. It bounds what any causal side choice at these instants could have earned; it is not a strategy, not achievable, and must never enter model training, a backtest or a promotion decision."
"[0.8,1.0]",ONE_TICK,100-200,5429,0.03639399208021827,0.015324867203148759,0.007155772394735912,0.009171515763781774,0.024498065942162462,0.007367839381101492,0.010130779149014552,0.015324867203148759,0.007155772394735912,0.009171515763781774,5429,0.0038034188034188035,0.004050189827003404,1000,0,0.03426045312212194,0.9099281635660342,M2-COST-LEDGER-v1,ORACLE_UPPER_BOUND,"ORACLE_UPPER_BOUND uses future information by construction: at each decision instant it takes max(0, net_long, net_short) from the realised future bid/ask. It bounds what any causal side choice at these instants could have earned; it is not a strategy, not achievable, and must never enter model training, a backtest or a promotion decision."
"[0.8,1.0]",ONE_TICK,200+,964,0.061822905937016975,0.02200388868995857,0.01085024836524161,0.01326268931517954,0.024896265560165973,0.016597510373443983,0.024896265560165973,0.02200388868995857,0.01085024836524161,0.01326268931517954,964,0.0006753537901078885,0.0007191716694108089,1000,0,0.08195020746887967,0.8350622406639004,M2-COST-LEDGER-v1,ORACLE_UPPER_BOUND,"ORACLE_UPPER_BOUND uses future information by construction: at each decision instant it takes max(0, net_long, net_short) from the realised future bid/ask. It bounds what any causal side choice at these instants could have earned; it is not a strategy, not achievable, and must never enter model training, a backtest or a promotion decision."
"[0.8,1.0]",WIDER_THAN_ONE_TICK,5-25,286,0.04068964652385128,0.01403562241087417,0.0,0.0,0.006993006993006993,0.0,0.0,0.01403562241087417,0.0,0.0,286,0.00020036429872495446,0.0002133642089745761,1000,0,0.006993006993006993,0.9370629370629371,M2-COST-LEDGER-v1,ORACLE_UPPER_BOUND,"ORACLE_UPPER_BOUND uses future information by construction: at each decision instant it takes max(0, net_long, net_short) from the realised future bid/ask. It bounds what any causal side choice at these instants could have earned; it is not a strategy, not achievable, and must never enter model training, a backtest or a promotion decision."
"[0.8,1.0]",WIDER_THAN_ONE_TICK,25-50,1390,0.11721351968920124,0.0821751667019353,0.04405062485538334,0.057023426653591204,0.020863309352517987,0.007913669064748202,0.010071942446043165,0.0821751667019353,0.04405062485538334,0.057023426653591204,1390,0.0009737985147821213,0.0010369798967645482,1000,0,0.020863309352517987,0.8776978417266187,M2-COST-LEDGER-v1,ORACLE_UPPER_BOUND,"ORACLE_UPPER_BOUND uses future information by construction: at each decision instant it takes max(0, net_long, net_short) from the realised future bid/ask. It bounds what any causal side choice at these instants could have earned; it is not a strategy, not achievable, and must never enter model training, a backtest or a promotion decision."
"[0.8,1.0]",WIDER_THAN_ONE_TICK,50-100,3494,0.046325899518886056,0.033368520336018115,0.01997324126493953,0.024589512195979355,0.012020606754436176,0.005151688609044075,0.006868918145392101,0.033368520336018115,0.01997324126493953,0.024589512195979355,3494,0.0024478072019055628,0.002606624287262828,1000,0,0.012020606754436176,0.9012593016599886,M2-COST-LEDGER-v1,ORACLE_UPPER_BOUND,"ORACLE_UPPER_BOUND uses future information by construction: at each decision instant it takes max(0, net_long, net_short) from the realised future bid/ask. It bounds what any causal side choice at these instants could have earned; it is not a strategy, not achievable, and must never enter model training, a backtest or a promotion decision."
"[0.8,1.0]",WIDER_THAN_ONE_TICK,100-200,18124,0.036232432914113495,0.024354313347585897,0.017158315861839742,0.019194958870085908,0.014455969984550872,0.008055616861619952,0.009490178768483779,0.024354313347585897,0.017158315861839742,0.019194958870085908,18124,0.012697211713605156,0.013521024207885373,1000,0,0.019366585742661663,0.8730964467005076,M2-COST-LEDGER-v1,ORACLE_UPPER_BOUND,"ORACLE_UPPER_BOUND uses future information by construction: at each decision instant it takes max(0, net_long, net_short) from the realised future bid/ask. It bounds what any causal side choice at these instants could have earned; it is not a strategy, not achievable, and must never enter model training, a backtest or a promotion decision."
"[0.8,1.0]",WIDER_THAN_ONE_TICK,200+,31363,0.01356709764470716,0.010278057256650519,0.00951053675332385,0.009200271446398664,0.00586678570289832,0.005834900997991264,0.005643592768548927,0.010278057256650519,0.00951053675332385,0.009200271446398664,31363,0.02197211713605156,0.023397698203040662,1000,0,0.009597296177023882,0.8687944393074643,M2-COST-LEDGER-v1,ORACLE_UPPER_BOUND,"ORACLE_UPPER_BOUND uses future information by construction: at each decision instant it takes max(0, net_long, net_short) from the realised future bid/ask. It bounds what any causal side choice at these instants could have earned; it is not a strategy, not achievable, and must never enter model training, a backtest or a promotion decision."
