imbalance_bin,spread_class,price_band,observations,mean_signal_signed_mid_move_bps,net_structural_floor_bps,qimb_bound_structural_floor_bps,abstention_gain_structural_floor_bps,net_accessible_fixed_bps,qimb_bound_accessible_fixed_bps,abstention_gain_accessible_fixed_bps,net_accessible_tiered_bps,qimb_bound_accessible_tiered_bps,abstention_gain_accessible_tiered_bps,prob_net_structural_floor_positive,prob_qimb_bound_structural_floor_positive,prob_net_accessible_fixed_positive,prob_qimb_bound_accessible_fixed_positive,prob_net_accessible_tiered_positive,prob_qimb_bound_accessible_tiered_positive,horizon_ms,delay_ms,side_dictated_by,cost_ledger_id,label,note
"[-1.0,-0.8)",ONE_TICK,5-25,2938,0.11119284150603025,-11.218427147756541,0.0,11.218427147756541,-20.480245513908354,0.0,20.480245513908354,-16.30120194810837,0.0,16.30120194810837,0.0,0.0,0.0,0.0,0.0,0.0,100,0,SIGN(IMBALANCE)_AT_DECISION,M2-COST-LEDGER-v1,QIMB_CONSTRAINED_BOUND,"QIMB_CONSTRAINED_BOUND keeps the side dictated by queue imbalance (the sign that defines the bin) and adds clairvoyant abstention only: max(0, net_side). No new threshold, no side choice and no model enters this bound."
"[-1.0,-0.8)",ONE_TICK,25-50,6607,0.06706050927545139,-4.5265103133245015,0.0005280354576106921,4.527038348782112,-8.05117148589116,0.0,8.05117148589116,-6.529306508101943,0.0,6.529306508101943,0.0006054184955350386,0.0006054184955350386,0.0,0.0,0.0,0.0,100,0,SIGN(IMBALANCE)_AT_DECISION,M2-COST-LEDGER-v1,QIMB_CONSTRAINED_BOUND,"QIMB_CONSTRAINED_BOUND keeps the side dictated by queue imbalance (the sign that defines the bin) and adds clairvoyant abstention only: max(0, net_side). No new threshold, no side choice and no model enters this bound."
"[-1.0,-0.8)",ONE_TICK,50-100,8932,0.039358643479498454,-2.7640424598912556,0.0002762394564582682,2.7643186993477142,-4.76122891022434,0.0,4.76122891022434,-3.946817639679706,8.397627035978967e-05,3.9469016159500656,0.0003358710255261979,0.0003358710255261979,0.0,0.0,0.00011195700850873264,0.00011195700850873264,100,0,SIGN(IMBALANCE)_AT_DECISION,M2-COST-LEDGER-v1,QIMB_CONSTRAINED_BOUND,"QIMB_CONSTRAINED_BOUND keeps the side dictated by queue imbalance (the sign that defines the bin) and adds clairvoyant abstention only: max(0, net_side). No new threshold, no side choice and no model enters this bound."
"[-1.0,-0.8)",ONE_TICK,100-200,5687,0.02530958471006259,-1.4844864665162096,0.002006888817763151,1.4864933553339728,-2.3752790711237535,0.0013566779667309632,2.3766357490904846,-2.0732968551736044,0.0015135854945593304,2.074810440668164,0.002110075611042729,0.002110075611042729,0.00017583963425356076,0.00017583963425356076,0.000703358537014243,0.000703358537014243,100,0,SIGN(IMBALANCE)_AT_DECISION,M2-COST-LEDGER-v1,QIMB_CONSTRAINED_BOUND,"QIMB_CONSTRAINED_BOUND keeps the side dictated by queue imbalance (the sign that defines the bin) and adds clairvoyant abstention only: max(0, net_side). No new threshold, no side choice and no model enters this bound."
"[-1.0,-0.8)",ONE_TICK,200+,1002,0.06409096986976107,-0.9610523500539343,0.031212466852801067,0.9922648169067354,-1.4126512895037309,0.029821899125176424,1.442473188628907,-1.314082709204354,0.03013482207982312,1.3442175312841773,0.0029940119760479044,0.0029940119760479044,0.001996007984031936,0.001996007984031936,0.0029940119760479044,0.0029940119760479044,100,0,SIGN(IMBALANCE)_AT_DECISION,M2-COST-LEDGER-v1,QIMB_CONSTRAINED_BOUND,"QIMB_CONSTRAINED_BOUND keeps the side dictated by queue imbalance (the sign that defines the bin) and adds clairvoyant abstention only: max(0, net_side). No new threshold, no side choice and no model enters this bound."
"[-1.0,-0.8)",WIDER_THAN_ONE_TICK,5-25,214,0.05924872991290282,-36.47887213707357,0.0,36.47887213707357,-47.334861843248284,0.0,47.334861843248284,-42.41747386620128,0.0,42.41747386620128,0.0,0.0,0.0,0.0,0.0,0.0,100,0,SIGN(IMBALANCE)_AT_DECISION,M2-COST-LEDGER-v1,QIMB_CONSTRAINED_BOUND,"QIMB_CONSTRAINED_BOUND keeps the side dictated by queue imbalance (the sign that defines the bin) and adds clairvoyant abstention only: max(0, net_side). No new threshold, no side choice and no model enters this bound."
"[-1.0,-0.8)",WIDER_THAN_ONE_TICK,25-50,926,0.09467734678611016,-10.841802868846695,0.0006548641700341676,10.842457733016728,-13.977239808897735,0.0,13.977239808897735,-12.635645000057668,0.0,12.635645000057668,0.0010799136069114472,0.0010799136069114472,0.0,0.0,0.0,0.0,100,0,SIGN(IMBALANCE)_AT_DECISION,M2-COST-LEDGER-v1,QIMB_CONSTRAINED_BOUND,"QIMB_CONSTRAINED_BOUND keeps the side dictated by queue imbalance (the sign that defines the bin) and adds clairvoyant abstention only: max(0, net_side). No new threshold, no side choice and no model enters this bound."
"[-1.0,-0.8)",WIDER_THAN_ONE_TICK,50-100,3653,0.01996720624525552,-5.669637219479286,0.0014579369709598283,5.671095156450246,-7.286434512687283,0.000539723069396864,7.28697423575668,-6.6482014240049825,0.0008286245940829953,6.649030048599065,0.0008212428141253764,0.0008212428141253764,0.0002737476047084588,0.0002737476047084588,0.0002737476047084588,0.0002737476047084588,100,0,SIGN(IMBALANCE)_AT_DECISION,M2-COST-LEDGER-v1,QIMB_CONSTRAINED_BOUND,"QIMB_CONSTRAINED_BOUND keeps the side dictated by queue imbalance (the sign that defines the bin) and adds clairvoyant abstention only: max(0, net_side). No new threshold, no side choice and no model enters this bound."
"[-1.0,-0.8)",WIDER_THAN_ONE_TICK,100-200,18955,0.011105758691959917,-5.102403664406567,0.0010066556468989374,5.103410320053466,-6.0342319591454805,0.0006756337273152005,6.034907592872796,-5.71324396150205,0.000755208457061716,5.71399916995911,0.0010023740437879187,0.0010023740437879187,0.0002110261144816671,0.0002110261144816671,0.00036929570034291746,0.00036929570034291746,100,0,SIGN(IMBALANCE)_AT_DECISION,M2-COST-LEDGER-v1,QIMB_CONSTRAINED_BOUND,"QIMB_CONSTRAINED_BOUND keeps the side dictated by queue imbalance (the sign that defines the bin) and adds clairvoyant abstention only: max(0, net_side). No new threshold, no side choice and no model enters this bound."
"[-1.0,-0.8)",WIDER_THAN_ONE_TICK,200+,30811,0.007968708083150951,-3.9610760226679984,0.000821826955711357,3.9618978496237105,-4.091935718758167,0.0007899836017707515,4.092725702359938,-4.141918314770102,0.0007822449664208229,4.1427005597365225,0.00019473564636006622,0.00019473564636006622,0.00022719158742007725,0.00022719158742007725,0.00016227970530005519,0.00016227970530005519,100,0,SIGN(IMBALANCE)_AT_DECISION,M2-COST-LEDGER-v1,QIMB_CONSTRAINED_BOUND,"QIMB_CONSTRAINED_BOUND keeps the side dictated by queue imbalance (the sign that defines the bin) and adds clairvoyant abstention only: max(0, net_side). No new threshold, no side choice and no model enters this bound."
"[-0.8,-0.6)",ONE_TICK,5-25,6735,0.0637105869161942,-11.529617709453776,0.0005109173918768027,11.530128626845652,-21.02287470247924,0.0,21.02287470247924,-16.736639762446927,0.0,16.736639762446927,0.00014847809948032666,0.00014847809948032666,0.0,0.0,0.0,0.0,100,0,SIGN(IMBALANCE)_AT_DECISION,M2-COST-LEDGER-v1,QIMB_CONSTRAINED_BOUND,"QIMB_CONSTRAINED_BOUND keeps the side dictated by queue imbalance (the sign that defines the bin) and adds clairvoyant abstention only: max(0, net_side). No new threshold, no side choice and no model enters this bound."
"[-0.8,-0.6)",ONE_TICK,25-50,20639,0.03538360661847215,-4.582498380936555,0.0007238920415989605,4.583222272978155,-8.13022170010906,0.00029095421790263876,8.130512654326962,-6.597675431902502,0.00039500147182150967,6.598070433374323,0.00033916371917244053,0.00033916371917244053,4.845195988177722e-05,4.845195988177722e-05,9.690391976355444e-05,9.690391976355444e-05,100,0,SIGN(IMBALANCE)_AT_DECISION,M2-COST-LEDGER-v1,QIMB_CONSTRAINED_BOUND,"QIMB_CONSTRAINED_BOUND keeps the side dictated by queue imbalance (the sign that defines the bin) and adds clairvoyant abstention only: max(0, net_side). No new threshold, no side choice and no model enters this bound."
"[-0.8,-0.6)",ONE_TICK,50-100,23274,0.02408499664692703,-2.7951089442641472,0.0002625896213752545,2.7953715338855223,-4.8104757850982445,0.0,4.8104757850982445,-3.9876442215877868,3.209337319885643e-05,3.9876763149609857,0.0005155968032998196,0.0005155968032998196,0.0,0.0,4.296640027498496e-05,4.296640027498496e-05,100,0,SIGN(IMBALANCE)_AT_DECISION,M2-COST-LEDGER-v1,QIMB_CONSTRAINED_BOUND,"QIMB_CONSTRAINED_BOUND keeps the side dictated by queue imbalance (the sign that defines the bin) and adds clairvoyant abstention only: max(0, net_side). No new threshold, no side choice and no model enters this bound."
"[-0.8,-0.6)",ONE_TICK,100-200,6653,0.021984344411994337,-1.4902235495680318,0.0007073823042464384,1.490930931872278,-2.384744490312248,0.0004573115123365684,2.3852018018245844,-2.0810354862304528,0.0004929957973774662,2.08152848202783,0.0012024650533593868,0.0012024650533593868,0.00015030813166992335,0.00015030813166992335,0.0003006162633398467,0.0003006162633398467,100,0,SIGN(IMBALANCE)_AT_DECISION,M2-COST-LEDGER-v1,QIMB_CONSTRAINED_BOUND,"QIMB_CONSTRAINED_BOUND keeps the side dictated by queue imbalance (the sign that defines the bin) and adds clairvoyant abstention only: max(0, net_side). No new threshold, no side choice and no model enters this bound."
"[-0.8,-0.6)",ONE_TICK,200+,1304,0.04100088242907976,-0.9780131842239149,0.0049474525625621815,0.9829606367864769,-1.4307279679656084,0.004615305039272021,1.4353432730048805,-1.3316425816140463,0.004684331254904831,1.3363269128689512,0.0007668711656441718,0.0007668711656441718,0.0007668711656441718,0.0007668711656441718,0.0007668711656441718,0.0007668711656441718,100,0,SIGN(IMBALANCE)_AT_DECISION,M2-COST-LEDGER-v1,QIMB_CONSTRAINED_BOUND,"QIMB_CONSTRAINED_BOUND keeps the side dictated by queue imbalance (the sign that defines the bin) and adds clairvoyant abstention only: max(0, net_side). No new threshold, no side choice and no model enters this bound."
"[-0.8,-0.6)",WIDER_THAN_ONE_TICK,5-25,275,-0.08050369285226651,-22.696166159820468,0.0,22.696166159820468,-32.17022822846205,0.0,32.17022822846205,-27.89288346528046,0.0,27.89288346528046,0.0,0.0,0.0,0.0,0.0,0.0,100,0,SIGN(IMBALANCE)_AT_DECISION,M2-COST-LEDGER-v1,QIMB_CONSTRAINED_BOUND,"QIMB_CONSTRAINED_BOUND keeps the side dictated by queue imbalance (the sign that defines the bin) and adds clairvoyant abstention only: max(0, net_side). No new threshold, no side choice and no model enters this bound."
"[-0.8,-0.6)",WIDER_THAN_ONE_TICK,25-50,2420,0.054804633087482096,-9.236296952071868,0.00025352193580650134,9.236550474007673,-12.309044772707093,0.0,12.309044772707093,-10.996484585055233,0.0,10.996484585055233,0.00041322314049586776,0.00041322314049586776,0.0,0.0,0.0,0.0,100,0,SIGN(IMBALANCE)_AT_DECISION,M2-COST-LEDGER-v1,QIMB_CONSTRAINED_BOUND,"QIMB_CONSTRAINED_BOUND keeps the side dictated by queue imbalance (the sign that defines the bin) and adds clairvoyant abstention only: max(0, net_side). No new threshold, no side choice and no model enters this bound."
"[-0.8,-0.6)",WIDER_THAN_ONE_TICK,50-100,7444,0.02759888883564755,-6.003467316285761,0.0003611325032556898,6.003828448789017,-7.851081616577263,0.0,7.851081616577263,-7.10594505841067,0.00010014011869218267,7.106045198529363,0.0004030091348737238,0.0004030091348737238,0.0,0.0,0.00013433637829124128,0.00013433637829124128,100,0,SIGN(IMBALANCE)_AT_DECISION,M2-COST-LEDGER-v1,QIMB_CONSTRAINED_BOUND,"QIMB_CONSTRAINED_BOUND keeps the side dictated by queue imbalance (the sign that defines the bin) and adds clairvoyant abstention only: max(0, net_side). No new threshold, no side choice and no model enters this bound."
"[-0.8,-0.6)",WIDER_THAN_ONE_TICK,100-200,13307,0.015262211361692507,-4.813028916047858,0.0008364799943730453,4.813865396042232,-5.74483888333905,0.0003708261552051098,5.745209709494255,-5.423859374098502,0.0005151868406663041,5.424374560939167,0.0008266325993837829,0.0008266325993837829,0.0004508905087547907,0.0004508905087547907,0.0004508905087547907,0.0004508905087547907,100,0,SIGN(IMBALANCE)_AT_DECISION,M2-COST-LEDGER-v1,QIMB_CONSTRAINED_BOUND,"QIMB_CONSTRAINED_BOUND keeps the side dictated by queue imbalance (the sign that defines the bin) and adds clairvoyant abstention only: max(0, net_side). No new threshold, no side choice and no model enters this bound."
"[-0.8,-0.6)",WIDER_THAN_ONE_TICK,200+,10491,0.004439059106677058,-4.642342105543811,0.0011950011277537395,4.643537106671566,-4.845016102325478,0.0010456208013010363,4.8460617231267795,-4.861737726801932,0.0010726361194403114,4.862810362921373,0.0003812791916881136,0.0003812791916881136,0.0001906395958440568,0.0001906395958440568,0.0003812791916881136,0.0003812791916881136,100,0,SIGN(IMBALANCE)_AT_DECISION,M2-COST-LEDGER-v1,QIMB_CONSTRAINED_BOUND,"QIMB_CONSTRAINED_BOUND keeps the side dictated by queue imbalance (the sign that defines the bin) and adds clairvoyant abstention only: max(0, net_side). No new threshold, no side choice and no model enters this bound."
"[-0.6,-0.4)",ONE_TICK,5-25,10700,0.043376188328788375,-12.299691098996707,0.0005400169165582706,12.300231115913263,-22.436515126568292,0.0,22.436515126568292,-17.852210517805688,0.0,17.852210517805688,0.00018691588785046728,0.00018691588785046728,0.0,0.0,0.0,0.0,100,0,SIGN(IMBALANCE)_AT_DECISION,M2-COST-LEDGER-v1,QIMB_CONSTRAINED_BOUND,"QIMB_CONSTRAINED_BOUND keeps the side dictated by queue imbalance (the sign that defines the bin) and adds clairvoyant abstention only: max(0, net_side). No new threshold, no side choice and no model enters this bound."
"[-0.6,-0.4)",ONE_TICK,25-50,29665,0.020834086274261348,-4.625387791045813,0.0005957636585975706,4.62598355470441,-8.200734633574685,0.0001408976310923729,8.200875531205778,-6.655394461992073,0.00029061715628666206,6.65568507914836,0.0002359683128265633,0.0002359683128265633,3.3709758975223326e-05,3.3709758975223326e-05,0.00010112927692566998,0.00010112927692566998,100,0,SIGN(IMBALANCE)_AT_DECISION,M2-COST-LEDGER-v1,QIMB_CONSTRAINED_BOUND,"QIMB_CONSTRAINED_BOUND keeps the side dictated by queue imbalance (the sign that defines the bin) and adds clairvoyant abstention only: max(0, net_side). No new threshold, no side choice and no model enters this bound."
"[-0.6,-0.4)",ONE_TICK,50-100,33929,0.018067936521906844,-2.8083008071671682,0.000904020882432644,2.8092048280496007,-4.831341082958872,0.0005728980260707432,4.831913980984942,-4.004955549010121,0.0006487691526986612,4.005604318162819,0.00047157299065696013,0.00047157299065696013,2.9473311916060008e-05,2.9473311916060008e-05,8.841993574818003e-05,8.841993574818003e-05,100,0,SIGN(IMBALANCE)_AT_DECISION,M2-COST-LEDGER-v1,QIMB_CONSTRAINED_BOUND,"QIMB_CONSTRAINED_BOUND keeps the side dictated by queue imbalance (the sign that defines the bin) and adds clairvoyant abstention only: max(0, net_side). No new threshold, no side choice and no model enters this bound."
"[-0.6,-0.4)",ONE_TICK,100-200,8826,0.012820747799214053,-1.5296953248532186,0.0010742022017364524,1.5307695270549553,-2.4527143917153036,0.0006409585593037784,2.4533553502746073,-2.13580640981859,0.0007434982541187383,2.1365499080727086,0.0013596193065941536,0.0013596193065941536,0.00011330160888284614,0.00011330160888284614,0.00045320643553138455,0.00045320643553138455,100,0,SIGN(IMBALANCE)_AT_DECISION,M2-COST-LEDGER-v1,QIMB_CONSTRAINED_BOUND,"QIMB_CONSTRAINED_BOUND keeps the side dictated by queue imbalance (the sign that defines the bin) and adds clairvoyant abstention only: max(0, net_side). No new threshold, no side choice and no model enters this bound."
"[-0.6,-0.4)",ONE_TICK,200+,1326,0.0143436347309738,-0.9997659996377144,0.0013764274042591396,1.0011424270419738,-1.453961106761125,0.0,1.453961106761125,-1.3541901049626606,0.00030385188974916644,1.3544939568524097,0.0030165912518853697,0.0030165912518853697,0.0,0.0,0.0030165912518853697,0.0030165912518853697,100,0,SIGN(IMBALANCE)_AT_DECISION,M2-COST-LEDGER-v1,QIMB_CONSTRAINED_BOUND,"QIMB_CONSTRAINED_BOUND keeps the side dictated by queue imbalance (the sign that defines the bin) and adds clairvoyant abstention only: max(0, net_side). No new threshold, no side choice and no model enters this bound."
"[-0.6,-0.4)",WIDER_THAN_ONE_TICK,5-25,308,0.03999647527825429,-22.377707311634865,0.0,22.377707311634865,-32.012889420373696,0.0,32.012889420373696,-27.66092151088463,0.0,27.66092151088463,0.0,0.0,0.0,0.0,0.0,0.0,100,0,SIGN(IMBALANCE)_AT_DECISION,M2-COST-LEDGER-v1,QIMB_CONSTRAINED_BOUND,"QIMB_CONSTRAINED_BOUND keeps the side dictated by queue imbalance (the sign that defines the bin) and adds clairvoyant abstention only: max(0, net_side). No new threshold, no side choice and no model enters this bound."
"[-0.6,-0.4)",WIDER_THAN_ONE_TICK,25-50,3336,0.049871381911934555,-9.400558246776182,0.00018445679563287645,9.400742703571815,-12.485619434019863,0.0,12.485619434019863,-11.167356280074017,0.0,11.167356280074017,0.00029976019184652276,0.00029976019184652276,0.0,0.0,0.0,0.0,100,0,SIGN(IMBALANCE)_AT_DECISION,M2-COST-LEDGER-v1,QIMB_CONSTRAINED_BOUND,"QIMB_CONSTRAINED_BOUND keeps the side dictated by queue imbalance (the sign that defines the bin) and adds clairvoyant abstention only: max(0, net_side). No new threshold, no side choice and no model enters this bound."
"[-0.6,-0.4)",WIDER_THAN_ONE_TICK,50-100,11174,0.012995001468913015,-5.45497398985414,0.0019975442073714416,5.456971534061513,-7.235402577249914,0.00141620372697537,7.23681878097689,-6.521383248697734,0.0016060194080124192,6.522989268105747,0.0005369608018614641,0.0005369608018614641,0.00026848040093073206,0.00026848040093073206,0.00026848040093073206,0.00026848040093073206,100,0,SIGN(IMBALANCE)_AT_DECISION,M2-COST-LEDGER-v1,QIMB_CONSTRAINED_BOUND,"QIMB_CONSTRAINED_BOUND keeps the side dictated by queue imbalance (the sign that defines the bin) and adds clairvoyant abstention only: max(0, net_side). No new threshold, no side choice and no model enters this bound."
"[-0.6,-0.4)",WIDER_THAN_ONE_TICK,100-200,17872,0.013889681692288006,-4.75352337094976,0.0007425552858011228,4.754265926235561,-5.686742093523378,0.0005696050826321289,5.68731169860601,-5.365110115778673,0.0006149131801853282,5.365725028958859,0.000391674127126231,0.000391674127126231,5.595344673231871e-05,5.595344673231871e-05,0.00022381378692927484,0.00022381378692927484,100,0,SIGN(IMBALANCE)_AT_DECISION,M2-COST-LEDGER-v1,QIMB_CONSTRAINED_BOUND,"QIMB_CONSTRAINED_BOUND keeps the side dictated by queue imbalance (the sign that defines the bin) and adds clairvoyant abstention only: max(0, net_side). No new threshold, no side choice and no model enters this bound."
"[-0.6,-0.4)",WIDER_THAN_ONE_TICK,200+,12078,0.008040449880109438,-4.197234323774899,0.0004841184213155237,4.197718442196215,-4.433126179523747,0.00038557727605356386,4.433511756799801,-4.434462870206537,0.0003945893314068999,4.434857459537943,0.0003311806590495115,0.0003311806590495115,0.00024838549428713363,0.00024838549428713363,0.0003311806590495115,0.0003311806590495115,100,0,SIGN(IMBALANCE)_AT_DECISION,M2-COST-LEDGER-v1,QIMB_CONSTRAINED_BOUND,"QIMB_CONSTRAINED_BOUND keeps the side dictated by queue imbalance (the sign that defines the bin) and adds clairvoyant abstention only: max(0, net_side). No new threshold, no side choice and no model enters this bound."
"[-0.4,-0.2)",ONE_TICK,5-25,15485,0.022640454598893887,-12.869010612503644,0.00025473541613659325,12.86926534791978,-23.47530406786555,0.0,23.47530406786555,-18.67356352887518,0.0,18.67356352887518,0.00012915724895059736,0.00012915724895059736,0.0,0.0,0.0,0.0,100,0,SIGN(IMBALANCE)_AT_DECISION,M2-COST-LEDGER-v1,QIMB_CONSTRAINED_BOUND,"QIMB_CONSTRAINED_BOUND keeps the side dictated by queue imbalance (the sign that defines the bin) and adds clairvoyant abstention only: max(0, net_side). No new threshold, no side choice and no model enters this bound."
"[-0.4,-0.2)",ONE_TICK,25-50,38618,0.010271438242121511,-4.676679901738576,0.00041615341204835886,4.677096055150624,-8.287437416954651,0.00016215129021938086,8.28759956824487,-6.7256967044636085,0.00022141306076273905,6.725918117524371,0.00020715728416800455,0.00020715728416800455,2.589466052100057e-05,2.589466052100057e-05,5.178932104200114e-05,5.178932104200114e-05,100,0,SIGN(IMBALANCE)_AT_DECISION,M2-COST-LEDGER-v1,QIMB_CONSTRAINED_BOUND,"QIMB_CONSTRAINED_BOUND keeps the side dictated by queue imbalance (the sign that defines the bin) and adds clairvoyant abstention only: max(0, net_side). No new threshold, no side choice and no model enters this bound."
"[-0.4,-0.2)",ONE_TICK,50-100,46672,0.009591121582456586,-2.78979358330623,0.00013832241257624186,2.789931905718806,-4.79011863348378,0.0,4.79011863348378,-3.9742537126343613,0.0,3.9742537126343613,0.0004070963318477888,0.0004070963318477888,0.0,0.0,0.0,0.0,100,0,SIGN(IMBALANCE)_AT_DECISION,M2-COST-LEDGER-v1,QIMB_CONSTRAINED_BOUND,"QIMB_CONSTRAINED_BOUND keeps the side dictated by queue imbalance (the sign that defines the bin) and adds clairvoyant abstention only: max(0, net_side). No new threshold, no side choice and no model enters this bound."
"[-0.4,-0.2)",ONE_TICK,100-200,12817,0.008550516310181569,-1.5409020388867907,0.0005033014091741449,1.5414053402959649,-2.4682384449047903,3.9505495104911843e-05,2.4682779503998953,-2.14933087666676,0.00012511244819776382,2.1494559891149576,0.00210657720215339,0.00210657720215339,7.802137785753296e-05,7.802137785753296e-05,0.00031208551143013184,0.00031208551143013184,100,0,SIGN(IMBALANCE)_AT_DECISION,M2-COST-LEDGER-v1,QIMB_CONSTRAINED_BOUND,"QIMB_CONSTRAINED_BOUND keeps the side dictated by queue imbalance (the sign that defines the bin) and adds clairvoyant abstention only: max(0, net_side). No new threshold, no side choice and no model enters this bound."
"[-0.4,-0.2)",ONE_TICK,200+,1467,-0.004168847163185572,-1.0328241236467866,0.0006356309751361394,1.0334597546219229,-1.4856968748946786,0.00032599089261931696,1.4860228657872976,-1.3865383255007055,0.0003940159238653406,1.386932341424571,0.0006816632583503749,0.0006816632583503749,0.0006816632583503749,0.0006816632583503749,0.0006816632583503749,0.0006816632583503749,100,0,SIGN(IMBALANCE)_AT_DECISION,M2-COST-LEDGER-v1,QIMB_CONSTRAINED_BOUND,"QIMB_CONSTRAINED_BOUND keeps the side dictated by queue imbalance (the sign that defines the bin) and adds clairvoyant abstention only: max(0, net_side). No new threshold, no side choice and no model enters this bound."
"[-0.4,-0.2)",WIDER_THAN_ONE_TICK,5-25,507,0.011578145397495227,-21.576764900112885,0.0,21.576764900112885,-31.07870369149682,0.0,31.07870369149682,-26.788447755015373,0.0,26.788447755015373,0.0,0.0,0.0,0.0,0.0,0.0,100,0,SIGN(IMBALANCE)_AT_DECISION,M2-COST-LEDGER-v1,QIMB_CONSTRAINED_BOUND,"QIMB_CONSTRAINED_BOUND keeps the side dictated by queue imbalance (the sign that defines the bin) and adds clairvoyant abstention only: max(0, net_side). No new threshold, no side choice and no model enters this bound."
"[-0.4,-0.2)",WIDER_THAN_ONE_TICK,25-50,5312,-0.020499391114146684,-9.414121021418739,0.0020766054191441283,9.416197626837883,-12.566600172021309,0.001572378261873172,12.568172550283183,-11.217112221082829,0.001785093309275485,11.218897314392104,0.00018825301204819278,0.00018825301204819278,0.00018825301204819278,0.00018825301204819278,0.00018825301204819278,0.00018825301204819278,100,0,SIGN(IMBALANCE)_AT_DECISION,M2-COST-LEDGER-v1,QIMB_CONSTRAINED_BOUND,"QIMB_CONSTRAINED_BOUND keeps the side dictated by queue imbalance (the sign that defines the bin) and adds clairvoyant abstention only: max(0, net_side). No new threshold, no side choice and no model enters this bound."
"[-0.4,-0.2)",WIDER_THAN_ONE_TICK,50-100,19199,0.008894240490698146,-5.491401688913067,0.0002601229999402619,5.491661811913008,-7.259468473685421,0.0,7.259468473685421,-6.551174544687725,7.656464109211369e-05,6.551251109328817,0.00026043023074118443,0.00026043023074118443,0.0,0.0,0.00010417209229647377,0.00010417209229647377,100,0,SIGN(IMBALANCE)_AT_DECISION,M2-COST-LEDGER-v1,QIMB_CONSTRAINED_BOUND,"QIMB_CONSTRAINED_BOUND keeps the side dictated by queue imbalance (the sign that defines the bin) and adds clairvoyant abstention only: max(0, net_side). No new threshold, no side choice and no model enters this bound."
"[-0.4,-0.2)",WIDER_THAN_ONE_TICK,100-200,33248,0.011679517210630921,-4.519197149541118,0.00046391436217116416,4.519661063903289,-5.453856275051784,0.0001731123850860448,5.4540293874368695,-5.131557171113167,0.00026234052879950886,5.131819511641968,0.0005113089509143407,0.0005113089509143407,0.00018046198267564965,0.00018046198267564965,0.0002706929740134745,0.0002706929740134745,100,0,SIGN(IMBALANCE)_AT_DECISION,M2-COST-LEDGER-v1,QIMB_CONSTRAINED_BOUND,"QIMB_CONSTRAINED_BOUND keeps the side dictated by queue imbalance (the sign that defines the bin) and adds clairvoyant abstention only: max(0, net_side). No new threshold, no side choice and no model enters this bound."
"[-0.4,-0.2)",WIDER_THAN_ONE_TICK,200+,16434,0.006451076812608841,-4.472666077253395,0.0003365783114247871,4.47300265556482,-4.735749671511611,0.00023718008087845996,4.735986851592489,-4.7244924410414875,0.00024283155939490013,4.724735272600882,0.0003650967506389193,0.0003650967506389193,0.00018254837531945966,0.00018254837531945966,0.0003650967506389193,0.0003650967506389193,100,0,SIGN(IMBALANCE)_AT_DECISION,M2-COST-LEDGER-v1,QIMB_CONSTRAINED_BOUND,"QIMB_CONSTRAINED_BOUND keeps the side dictated by queue imbalance (the sign that defines the bin) and adds clairvoyant abstention only: max(0, net_side). No new threshold, no side choice and no model enters this bound."
"[-0.2,0.0)",ONE_TICK,5-25,16191,0.012604433456134238,-13.184250012022966,0.00015100897889233086,13.18440102100186,-24.05261082770913,0.0,24.05261082770913,-19.12949314059935,0.0,19.12949314059935,6.176270767710456e-05,6.176270767710456e-05,0.0,0.0,0.0,0.0,100,0,SIGN(IMBALANCE)_AT_DECISION,M2-COST-LEDGER-v1,QIMB_CONSTRAINED_BOUND,"QIMB_CONSTRAINED_BOUND keeps the side dictated by queue imbalance (the sign that defines the bin) and adds clairvoyant abstention only: max(0, net_side). No new threshold, no side choice and no model enters this bound."
"[-0.2,0.0)",ONE_TICK,25-50,37047,0.0016042985071412275,-4.775130676741061,0.00010417047815674556,4.775234847219218,-8.46411119526885,0.0,8.46411119526885,-6.866141304723878,3.056391006164296e-05,6.8661718686339395,8.097821685966476e-05,8.097821685966476e-05,0.0,0.0,2.6992738953221582e-05,2.6992738953221582e-05,100,0,SIGN(IMBALANCE)_AT_DECISION,M2-COST-LEDGER-v1,QIMB_CONSTRAINED_BOUND,"QIMB_CONSTRAINED_BOUND keeps the side dictated by queue imbalance (the sign that defines the bin) and adds clairvoyant abstention only: max(0, net_side). No new threshold, no side choice and no model enters this bound."
"[-0.2,0.0)",ONE_TICK,50-100,41707,0.003472430393503152,-2.8048233176275232,0.0002567916717513376,2.8050801092992748,-4.815020029730503,2.4696698856833184e-05,4.81504472642936,-3.9945830241688745,6.120395266865816e-05,3.9946442281215435,0.0004555590188697341,0.0004555590188697341,2.397679046682811e-05,2.397679046682811e-05,7.193037140048433e-05,7.193037140048433e-05,100,0,SIGN(IMBALANCE)_AT_DECISION,M2-COST-LEDGER-v1,QIMB_CONSTRAINED_BOUND,"QIMB_CONSTRAINED_BOUND keeps the side dictated by queue imbalance (the sign that defines the bin) and adds clairvoyant abstention only: max(0, net_side). No new threshold, no side choice and no model enters this bound."
"[-0.2,0.0)",ONE_TICK,100-200,9093,0.0061071113103388225,-1.531663926705354,0.00044391282453004426,1.5321078395298842,-2.4518587432847494,0.00023482422115708043,2.4520935675059063,-2.1362588199133863,0.00026221986051165537,2.1365210397738976,0.0012097217639942812,0.0012097217639942812,0.00010997470581766194,0.00010997470581766194,0.00010997470581766194,0.00010997470581766194,100,0,SIGN(IMBALANCE)_AT_DECISION,M2-COST-LEDGER-v1,QIMB_CONSTRAINED_BOUND,"QIMB_CONSTRAINED_BOUND keeps the side dictated by queue imbalance (the sign that defines the bin) and adds clairvoyant abstention only: max(0, net_side). No new threshold, no side choice and no model enters this bound."
"[-0.2,0.0)",ONE_TICK,200+,1341,0.008088704460007916,-0.9868448336400275,0.0014097521444983497,0.9882545857845259,-1.4401482704185704,0.0010706648998879886,1.4412189353184583,-1.3407902479525522,0.0011452452521036787,1.3419354932046557,0.0007457121551081282,0.0007457121551081282,0.0007457121551081282,0.0007457121551081282,0.0007457121551081282,0.0007457121551081282,100,0,SIGN(IMBALANCE)_AT_DECISION,M2-COST-LEDGER-v1,QIMB_CONSTRAINED_BOUND,"QIMB_CONSTRAINED_BOUND keeps the side dictated by queue imbalance (the sign that defines the bin) and adds clairvoyant abstention only: max(0, net_side). No new threshold, no side choice and no model enters this bound."
"[-0.2,0.0)",WIDER_THAN_ONE_TICK,5-25,611,-0.016243401592488577,-19.937249161850342,0.0,19.937249161850342,-28.893411950569895,0.0,28.893411950569895,-24.85593352378461,0.0,24.85593352378461,0.0,0.0,0.0,0.0,0.0,0.0,100,0,SIGN(IMBALANCE)_AT_DECISION,M2-COST-LEDGER-v1,QIMB_CONSTRAINED_BOUND,"QIMB_CONSTRAINED_BOUND keeps the side dictated by queue imbalance (the sign that defines the bin) and adds clairvoyant abstention only: max(0, net_side). No new threshold, no side choice and no model enters this bound."
"[-0.2,0.0)",WIDER_THAN_ONE_TICK,25-50,3966,0.014441854333507618,-8.463208665436923,0.001814499261684148,8.465023164698607,-11.697533922145748,0.0007834173931193309,11.69831733953887,-10.310138744105181,0.0012330808517460338,10.311371824956927,0.0002521432173474534,0.0002521432173474534,0.0002521432173474534,0.0002521432173474534,0.0002521432173474534,0.0002521432173474534,100,0,SIGN(IMBALANCE)_AT_DECISION,M2-COST-LEDGER-v1,QIMB_CONSTRAINED_BOUND,"QIMB_CONSTRAINED_BOUND keeps the side dictated by queue imbalance (the sign that defines the bin) and adds clairvoyant abstention only: max(0, net_side). No new threshold, no side choice and no model enters this bound."
"[-0.2,0.0)",WIDER_THAN_ONE_TICK,50-100,13207,0.005218761906709516,-5.00278190338395,3.335574625613356e-05,5.002815259130206,-6.777314623442423,0.0,6.777314623442423,-6.066025980475073,0.0,6.066025980475073,0.0001514348451578708,0.0001514348451578708,0.0,0.0,0.0,0.0,100,0,SIGN(IMBALANCE)_AT_DECISION,M2-COST-LEDGER-v1,QIMB_CONSTRAINED_BOUND,"QIMB_CONSTRAINED_BOUND keeps the side dictated by queue imbalance (the sign that defines the bin) and adds clairvoyant abstention only: max(0, net_side). No new threshold, no side choice and no model enters this bound."
"[-0.2,0.0)",WIDER_THAN_ONE_TICK,100-200,20781,0.007571168172302917,-4.331272642697278,0.00015202531175232965,4.33142466800903,-5.260202476837322,0.0,5.260202476837322,-4.940556908411295,4.157800911560639e-05,4.940598486420411,0.00038496703719743995,0.00038496703719743995,0.0,0.0,0.00014436263894903998,0.00014436263894903998,100,0,SIGN(IMBALANCE)_AT_DECISION,M2-COST-LEDGER-v1,QIMB_CONSTRAINED_BOUND,"QIMB_CONSTRAINED_BOUND keeps the side dictated by queue imbalance (the sign that defines the bin) and adds clairvoyant abstention only: max(0, net_side). No new threshold, no side choice and no model enters this bound."
"[-0.2,0.0)",WIDER_THAN_ONE_TICK,200+,14454,-0.00113461642040809,-4.103631196700921,0.00018474936980006468,4.103815946070721,-4.30745137324275,0.00014252840811350117,4.307593901650864,-4.323642141719629,0.00014677792704266638,4.323788919646673,0.0001383700013837,0.0001383700013837,6.918500069185e-05,6.918500069185e-05,0.0001383700013837,0.0001383700013837,100,0,SIGN(IMBALANCE)_AT_DECISION,M2-COST-LEDGER-v1,QIMB_CONSTRAINED_BOUND,"QIMB_CONSTRAINED_BOUND keeps the side dictated by queue imbalance (the sign that defines the bin) and adds clairvoyant abstention only: max(0, net_side). No new threshold, no side choice and no model enters this bound."
"[0.0,0.2)",ONE_TICK,5-25,17975,0.0024005603508128917,-12.965326813908417,0.0005300402571942261,12.965856854165612,-23.633289502418297,1.1698208142423506e-07,23.633289619400376,-18.80298670509499,0.00015174981565038722,18.80313845491064,0.00011126564673157163,0.00011126564673157163,5.5632823365785815e-05,5.5632823365785815e-05,5.5632823365785815e-05,5.5632823365785815e-05,100,0,SIGN(IMBALANCE)_AT_DECISION,M2-COST-LEDGER-v1,QIMB_CONSTRAINED_BOUND,"QIMB_CONSTRAINED_BOUND keeps the side dictated by queue imbalance (the sign that defines the bin) and adds clairvoyant abstention only: max(0, net_side). No new threshold, no side choice and no model enters this bound."
"[0.0,0.2)",ONE_TICK,25-50,39441,0.0025891349185886954,-4.792727508519814,8.011808645672647e-05,4.792807626606272,-8.497035909713853,0.0,8.497035909713853,-6.891966872283756,0.0,6.891966872283756,0.00010141730686341624,0.00010141730686341624,0.0,0.0,0.0,0.0,100,0,SIGN(IMBALANCE)_AT_DECISION,M2-COST-LEDGER-v1,QIMB_CONSTRAINED_BOUND,"QIMB_CONSTRAINED_BOUND keeps the side dictated by queue imbalance (the sign that defines the bin) and adds clairvoyant abstention only: max(0, net_side). No new threshold, no side choice and no model enters this bound."
"[0.0,0.2)",ONE_TICK,50-100,41717,0.0027974952852013704,-2.821341393918041,0.0002133249791774607,2.8215547188972185,-4.844600337858125,1.0318216821708078e-08,4.844600348176343,-4.01811352721394,3.509619624526953e-05,4.018148623410185,0.0004314787736414411,0.0004314787736414411,4.794208596016013e-05,4.794208596016013e-05,4.794208596016013e-05,4.794208596016013e-05,100,0,SIGN(IMBALANCE)_AT_DECISION,M2-COST-LEDGER-v1,QIMB_CONSTRAINED_BOUND,"QIMB_CONSTRAINED_BOUND keeps the side dictated by queue imbalance (the sign that defines the bin) and adds clairvoyant abstention only: max(0, net_side). No new threshold, no side choice and no model enters this bound."
"[0.0,0.2)",ONE_TICK,100-200,10234,0.0015482099136557256,-1.5372021290659708,0.00023553926601902592,1.5374376683319895,-2.4585237486538833,4.967263065312083e-05,2.4585734212845365,-2.142401943673544,7.296656372546197e-05,2.1424749102372695,0.0009771350400625367,0.0009771350400625367,0.00019542700801250732,0.00019542700801250732,0.00019542700801250732,0.00019542700801250732,100,0,SIGN(IMBALANCE)_AT_DECISION,M2-COST-LEDGER-v1,QIMB_CONSTRAINED_BOUND,"QIMB_CONSTRAINED_BOUND keeps the side dictated by queue imbalance (the sign that defines the bin) and adds clairvoyant abstention only: max(0, net_side). No new threshold, no side choice and no model enters this bound."
"[0.0,0.2)",ONE_TICK,200+,1436,-0.02188598483241659,-1.0197122921157298,0.0,1.0197122921157298,-1.4712187408473023,0.0,1.4712187408473023,-1.3726929978535392,0.0,1.3726929978535392,0.0,0.0,0.0,0.0,0.0,0.0,100,0,SIGN(IMBALANCE)_AT_DECISION,M2-COST-LEDGER-v1,QIMB_CONSTRAINED_BOUND,"QIMB_CONSTRAINED_BOUND keeps the side dictated by queue imbalance (the sign that defines the bin) and adds clairvoyant abstention only: max(0, net_side). No new threshold, no side choice and no model enters this bound."
"[0.0,0.2)",WIDER_THAN_ONE_TICK,5-25,685,0.007145823744134054,-19.023615521293074,0.0022492201434173055,19.025864741436493,-27.830543122255936,0.0,27.830543122255936,-23.862183342930454,0.0,23.862183342930454,0.00145985401459854,0.00145985401459854,0.0,0.0,0.0,0.0,100,0,SIGN(IMBALANCE)_AT_DECISION,M2-COST-LEDGER-v1,QIMB_CONSTRAINED_BOUND,"QIMB_CONSTRAINED_BOUND keeps the side dictated by queue imbalance (the sign that defines the bin) and adds clairvoyant abstention only: max(0, net_side). No new threshold, no side choice and no model enters this bound."
"[0.0,0.2)",WIDER_THAN_ONE_TICK,25-50,3227,0.033652969994061796,-8.92502822881281,0.00233694969717429,8.927365178509984,-12.211869234319806,0.00064885420370002,12.212518088523506,-10.800151256932574,0.0013621590146117646,10.801513415947184,0.0006197706848466068,0.0006197706848466068,0.0006197706848466068,0.0006197706848466068,0.0006197706848466068,0.0006197706848466068,100,0,SIGN(IMBALANCE)_AT_DECISION,M2-COST-LEDGER-v1,QIMB_CONSTRAINED_BOUND,"QIMB_CONSTRAINED_BOUND keeps the side dictated by queue imbalance (the sign that defines the bin) and adds clairvoyant abstention only: max(0, net_side). No new threshold, no side choice and no model enters this bound."
"[0.0,0.2)",WIDER_THAN_ONE_TICK,50-100,12977,0.005677037418193752,-4.918803606799982,0.00018647643496884047,4.918990083234951,-6.658267020776243,4.877474834800523e-08,6.658267069550992,-5.963220813927298,6.93491164158072e-05,5.963290163043714,0.0001541188256145488,0.0001541188256145488,0.0001541188256145488,0.0001541188256145488,0.0001541188256145488,0.0001541188256145488,100,0,SIGN(IMBALANCE)_AT_DECISION,M2-COST-LEDGER-v1,QIMB_CONSTRAINED_BOUND,"QIMB_CONSTRAINED_BOUND keeps the side dictated by queue imbalance (the sign that defines the bin) and adds clairvoyant abstention only: max(0, net_side). No new threshold, no side choice and no model enters this bound."
"[0.0,0.2)",WIDER_THAN_ONE_TICK,100-200,23406,2.484534308216109e-05,-4.318822000225943,1.6010485780201815e-05,4.318838010711723,-5.240972721846078,0.0,5.240972721846078,-4.924466916202525,0.0,4.924466916202525,0.0001281722635221738,0.0001281722635221738,0.0,0.0,0.0,0.0,100,0,SIGN(IMBALANCE)_AT_DECISION,M2-COST-LEDGER-v1,QIMB_CONSTRAINED_BOUND,"QIMB_CONSTRAINED_BOUND keeps the side dictated by queue imbalance (the sign that defines the bin) and adds clairvoyant abstention only: max(0, net_side). No new threshold, no side choice and no model enters this bound."
"[0.0,0.2)",WIDER_THAN_ONE_TICK,200+,15922,0.0027740885955496483,-3.9258203686372983,0.00043824350086497677,3.926258612138163,-4.12521764770832,0.0003206550399918228,4.125538302748313,-4.1434568921219475,0.0003409624844813712,4.143797854606429,0.00031403090064062303,0.00031403090064062303,0.00031403090064062303,0.00031403090064062303,0.00025122472051249844,0.00025122472051249844,100,0,SIGN(IMBALANCE)_AT_DECISION,M2-COST-LEDGER-v1,QIMB_CONSTRAINED_BOUND,"QIMB_CONSTRAINED_BOUND keeps the side dictated by queue imbalance (the sign that defines the bin) and adds clairvoyant abstention only: max(0, net_side). No new threshold, no side choice and no model enters this bound."
"[0.2,0.4)",ONE_TICK,5-25,17068,0.01724405778247053,-12.514177161929483,0.0006941566355616972,12.514871318565046,-22.809299755943147,4.463110656151848e-07,22.809300202254214,-18.151678773396505,0.0003152605578256236,18.15199403395433,5.858917272088118e-05,5.858917272088118e-05,5.858917272088118e-05,5.858917272088118e-05,5.858917272088118e-05,5.858917272088118e-05,100,0,SIGN(IMBALANCE)_AT_DECISION,M2-COST-LEDGER-v1,QIMB_CONSTRAINED_BOUND,"QIMB_CONSTRAINED_BOUND keeps the side dictated by queue imbalance (the sign that defines the bin) and adds clairvoyant abstention only: max(0, net_side). No new threshold, no side choice and no model enters this bound."
"[0.2,0.4)",ONE_TICK,25-50,41760,0.008483100988736444,-4.725771520266276,0.000162950867124609,4.725934471133401,-8.376005318889456,0.0,8.376005318889456,-6.79598106779834,0.0,6.79598106779834,0.00019157088122605365,0.00019157088122605365,0.0,0.0,0.0,0.0,100,0,SIGN(IMBALANCE)_AT_DECISION,M2-COST-LEDGER-v1,QIMB_CONSTRAINED_BOUND,"QIMB_CONSTRAINED_BOUND keeps the side dictated by queue imbalance (the sign that defines the bin) and adds clairvoyant abstention only: max(0, net_side). No new threshold, no side choice and no model enters this bound."
"[0.2,0.4)",ONE_TICK,50-100,50106,0.008217690112642506,-2.7957236574756044,0.00015314772886353261,2.795876805204468,-4.7997647646335455,3.5634586537329722e-09,4.799764768197004,-3.982178742774177,1.2942770501134684e-05,3.9821916855446777,0.00037919610425897097,0.00037919610425897097,1.995768969784058e-05,1.995768969784058e-05,1.995768969784058e-05,1.995768969784058e-05,100,0,SIGN(IMBALANCE)_AT_DECISION,M2-COST-LEDGER-v1,QIMB_CONSTRAINED_BOUND,"QIMB_CONSTRAINED_BOUND keeps the side dictated by queue imbalance (the sign that defines the bin) and adds clairvoyant abstention only: max(0, net_side). No new threshold, no side choice and no model enters this bound."
"[0.2,0.4)",ONE_TICK,100-200,14105,0.008121185896210182,-1.5383950036307659,0.00023565173117926237,1.538630655361945,-2.464417884788967,1.0885195959801187e-08,2.464417895674163,-2.146118678848588,4.976529766148091e-05,2.1461684441462494,0.0009925558312655087,0.0009925558312655087,0.00014179369018078695,0.00014179369018078695,0.00014179369018078695,0.00014179369018078695,100,0,SIGN(IMBALANCE)_AT_DECISION,M2-COST-LEDGER-v1,QIMB_CONSTRAINED_BOUND,"QIMB_CONSTRAINED_BOUND keeps the side dictated by queue imbalance (the sign that defines the bin) and adds clairvoyant abstention only: max(0, net_side). No new threshold, no side choice and no model enters this bound."
"[0.2,0.4)",ONE_TICK,200+,1338,0.018532862319593498,-0.9875113217779714,0.00034238280285626434,0.9878537045808276,-1.4412608554415849,1.7295332520576643e-08,1.4412608727369176,-1.3416962220964865,7.593107564673536e-05,1.3417721531721332,0.0007473841554559044,0.0007473841554559044,0.0007473841554559044,0.0007473841554559044,0.0007473841554559044,0.0007473841554559044,100,0,SIGN(IMBALANCE)_AT_DECISION,M2-COST-LEDGER-v1,QIMB_CONSTRAINED_BOUND,"QIMB_CONSTRAINED_BOUND keeps the side dictated by queue imbalance (the sign that defines the bin) and adds clairvoyant abstention only: max(0, net_side). No new threshold, no side choice and no model enters this bound."
"[0.2,0.4)",WIDER_THAN_ONE_TICK,5-25,729,0.003922482216589709,-22.701605767170385,0.0,22.701605767170385,-32.69708881730544,0.0,32.69708881730544,-28.17824663290743,0.0,28.17824663290743,0.0,0.0,0.0,0.0,0.0,0.0,100,0,SIGN(IMBALANCE)_AT_DECISION,M2-COST-LEDGER-v1,QIMB_CONSTRAINED_BOUND,"QIMB_CONSTRAINED_BOUND keeps the side dictated by queue imbalance (the sign that defines the bin) and adds clairvoyant abstention only: max(0, net_side). No new threshold, no side choice and no model enters this bound."
"[0.2,0.4)",WIDER_THAN_ONE_TICK,25-50,5310,0.01503124385619485,-9.65196827660455,0.00012285952623999392,9.65209113613079,-12.850765862505222,0.0,12.850765862505222,-11.479825413343075,0.0,11.479825413343075,0.00018832391713747646,0.00018832391713747646,0.0,0.0,0.0,0.0,100,0,SIGN(IMBALANCE)_AT_DECISION,M2-COST-LEDGER-v1,QIMB_CONSTRAINED_BOUND,"QIMB_CONSTRAINED_BOUND keeps the side dictated by queue imbalance (the sign that defines the bin) and adds clairvoyant abstention only: max(0, net_side). No new threshold, no side choice and no model enters this bound."
"[0.2,0.4)",WIDER_THAN_ONE_TICK,50-100,19546,0.004656585120745114,-5.331229569120627,0.00016972515215848,5.331399294272785,-7.042504913789806,3.076942114455943e-08,7.0425049445592265,-6.360514081174616,4.978124596713979e-05,6.360563862420584,0.00020464545175483476,0.00020464545175483476,0.00010232272587741738,0.00010232272587741738,0.00010232272587741738,0.00010232272587741738,100,0,SIGN(IMBALANCE)_AT_DECISION,M2-COST-LEDGER-v1,QIMB_CONSTRAINED_BOUND,"QIMB_CONSTRAINED_BOUND keeps the side dictated by queue imbalance (the sign that defines the bin) and adds clairvoyant abstention only: max(0, net_side). No new threshold, no side choice and no model enters this bound."
"[0.2,0.4)",WIDER_THAN_ONE_TICK,100-200,35255,0.005292405269582636,-4.572690701298891,0.0005326085830541766,4.573223309881944,-5.500920067670982,0.00024476735013409084,5.501164835021117,-5.181598922629532,0.0003282215946460987,5.181927144224179,0.0006523897319529145,0.0006523897319529145,0.00028364770954474543,0.00028364770954474543,0.00028364770954474543,0.00028364770954474543,100,0,SIGN(IMBALANCE)_AT_DECISION,M2-COST-LEDGER-v1,QIMB_CONSTRAINED_BOUND,"QIMB_CONSTRAINED_BOUND keeps the side dictated by queue imbalance (the sign that defines the bin) and adds clairvoyant abstention only: max(0, net_side). No new threshold, no side choice and no model enters this bound."
"[0.2,0.4)",WIDER_THAN_ONE_TICK,200+,17849,0.009333435621824253,-4.394747556015145,0.00011000318057474947,4.394857559195719,-4.59328248620305,6.915899699193365e-05,4.593351645200041,-4.611921129641366,7.568428533415934e-05,4.6119968139267,0.00011205109529945655,0.00011205109529945655,0.00011205109529945655,0.00011205109529945655,0.00011205109529945655,0.00011205109529945655,100,0,SIGN(IMBALANCE)_AT_DECISION,M2-COST-LEDGER-v1,QIMB_CONSTRAINED_BOUND,"QIMB_CONSTRAINED_BOUND keeps the side dictated by queue imbalance (the sign that defines the bin) and adds clairvoyant abstention only: max(0, net_side). No new threshold, no side choice and no model enters this bound."
"[0.4,0.6)",ONE_TICK,5-25,12418,0.0293892260357342,-11.87368476861013,0.0008417114965278084,11.874526480106658,-21.63427672087104,0.0,21.63427672087104,-17.224224931214764,0.0,17.224224931214764,0.0003221130616846513,0.0003221130616846513,0.0,0.0,0.0,0.0,100,0,SIGN(IMBALANCE)_AT_DECISION,M2-COST-LEDGER-v1,QIMB_CONSTRAINED_BOUND,"QIMB_CONSTRAINED_BOUND keeps the side dictated by queue imbalance (the sign that defines the bin) and adds clairvoyant abstention only: max(0, net_side). No new threshold, no side choice and no model enters this bound."
"[0.4,0.6)",ONE_TICK,25-50,32172,0.01909141365699684,-4.685075119457001,0.0003395559924283366,4.6854146754494295,-8.309846821527715,0.0,8.309846821527715,-6.741615403625956,0.0,6.741615403625956,0.0003729951510630362,0.0003729951510630362,0.0,0.0,0.0,0.0,100,0,SIGN(IMBALANCE)_AT_DECISION,M2-COST-LEDGER-v1,QIMB_CONSTRAINED_BOUND,"QIMB_CONSTRAINED_BOUND keeps the side dictated by queue imbalance (the sign that defines the bin) and adds clairvoyant abstention only: max(0, net_side). No new threshold, no side choice and no model enters this bound."
"[0.4,0.6)",ONE_TICK,50-100,36384,0.016175210955316932,-2.7916147971864382,0.00025904123033779154,2.791873838416776,-4.799090796405276,6.406784416058923e-09,4.799090802812061,-3.9799138957659874,2.1173835467101848e-05,3.9799350696014546,0.0006046613896218117,0.0006046613896218117,2.7484608619173264e-05,2.7484608619173264e-05,2.7484608619173264e-05,2.7484608619173264e-05,100,0,SIGN(IMBALANCE)_AT_DECISION,M2-COST-LEDGER-v1,QIMB_CONSTRAINED_BOUND,"QIMB_CONSTRAINED_BOUND keeps the side dictated by queue imbalance (the sign that defines the bin) and adds clairvoyant abstention only: max(0, net_side). No new threshold, no side choice and no model enters this bound."
"[0.4,0.6)",ONE_TICK,100-200,9764,0.01054706629310444,-1.5166081328449015,9.528448583518464e-05,1.5167034173307363,-2.4262745430765413,0.0,2.4262745430765413,-2.1155508772259606,0.0,2.1155508772259606,0.0009217533797623924,0.0009217533797623924,0.0,0.0,0.0,0.0,100,0,SIGN(IMBALANCE)_AT_DECISION,M2-COST-LEDGER-v1,QIMB_CONSTRAINED_BOUND,"QIMB_CONSTRAINED_BOUND keeps the side dictated by queue imbalance (the sign that defines the bin) and adds clairvoyant abstention only: max(0, net_side). No new threshold, no side choice and no model enters this bound."
"[0.4,0.6)",ONE_TICK,200+,1333,0.009989904608724755,-0.9927772366576302,0.0,0.9927772366576302,-1.4470078008314873,0.0,1.4470078008314873,-1.34722037701214,0.0,1.34722037701214,0.0,0.0,0.0,0.0,0.0,0.0,100,0,SIGN(IMBALANCE)_AT_DECISION,M2-COST-LEDGER-v1,QIMB_CONSTRAINED_BOUND,"QIMB_CONSTRAINED_BOUND keeps the side dictated by queue imbalance (the sign that defines the bin) and adds clairvoyant abstention only: max(0, net_side). No new threshold, no side choice and no model enters this bound."
"[0.4,0.6)",WIDER_THAN_ONE_TICK,5-25,490,0.10099290562456212,-22.354897065870905,0.0,22.354897065870905,-31.70254160577253,0.0,31.70254160577253,-27.48374743466686,0.0,27.48374743466686,0.0,0.0,0.0,0.0,0.0,0.0,100,0,SIGN(IMBALANCE)_AT_DECISION,M2-COST-LEDGER-v1,QIMB_CONSTRAINED_BOUND,"QIMB_CONSTRAINED_BOUND keeps the side dictated by queue imbalance (the sign that defines the bin) and adds clairvoyant abstention only: max(0, net_side). No new threshold, no side choice and no model enters this bound."
"[0.4,0.6)",WIDER_THAN_ONE_TICK,25-50,3302,0.02348880840730063,-8.980674960296536,0.00017974793000283463,8.980854708226538,-12.11491625031919,0.0,12.11491625031919,-10.77387520975616,0.0,10.77387520975616,0.0003028467595396729,0.0003028467595396729,0.0,0.0,0.0,0.0,100,0,SIGN(IMBALANCE)_AT_DECISION,M2-COST-LEDGER-v1,QIMB_CONSTRAINED_BOUND,"QIMB_CONSTRAINED_BOUND keeps the side dictated by queue imbalance (the sign that defines the bin) and adds clairvoyant abstention only: max(0, net_side). No new threshold, no side choice and no model enters this bound."
"[0.4,0.6)",WIDER_THAN_ONE_TICK,50-100,11239,0.01572903560131866,-5.2732993567271835,0.0002973615911912648,5.273596718318375,-6.961373949268319,5.9337868375959606e-08,6.961374008606187,-6.290128602561954,4.742266176094978e-05,6.290176025223714,0.0005338553252068689,0.0005338553252068689,8.897588753447816e-05,8.897588753447816e-05,8.897588753447816e-05,8.897588753447816e-05,100,0,SIGN(IMBALANCE)_AT_DECISION,M2-COST-LEDGER-v1,QIMB_CONSTRAINED_BOUND,"QIMB_CONSTRAINED_BOUND keeps the side dictated by queue imbalance (the sign that defines the bin) and adds clairvoyant abstention only: max(0, net_side). No new threshold, no side choice and no model enters this bound."
"[0.4,0.6)",WIDER_THAN_ONE_TICK,100-200,19249,0.017223883683441462,-4.579017344588041,0.0004797871169155212,4.579497131704956,-5.500241761386446,0.00021053121974215413,5.500452292606188,-5.184164976119225,0.00029335454440267486,5.184458330663628,0.0005714582575718219,0.0005714582575718219,0.0002597537534417372,0.0002597537534417372,0.0002597537534417372,0.0002597537534417372,100,0,SIGN(IMBALANCE)_AT_DECISION,M2-COST-LEDGER-v1,QIMB_CONSTRAINED_BOUND,"QIMB_CONSTRAINED_BOUND keeps the side dictated by queue imbalance (the sign that defines the bin) and adds clairvoyant abstention only: max(0, net_side). No new threshold, no side choice and no model enters this bound."
"[0.4,0.6)",WIDER_THAN_ONE_TICK,200+,11476,0.009726689866259585,-4.427627203148981,4.0356055927229114e-05,4.427667559204909,-4.624802761813402,9.247693266501867e-06,4.624812009506669,-4.644071001545401,3.57022646616075e-07,4.644071358568048,0.0001742767514813524,0.0001742767514813524,0.00026141512722202857,0.00026141512722202857,8.71383757406762e-05,8.71383757406762e-05,100,0,SIGN(IMBALANCE)_AT_DECISION,M2-COST-LEDGER-v1,QIMB_CONSTRAINED_BOUND,"QIMB_CONSTRAINED_BOUND keeps the side dictated by queue imbalance (the sign that defines the bin) and adds clairvoyant abstention only: max(0, net_side). No new threshold, no side choice and no model enters this bound."
"[0.6,0.8)",ONE_TICK,5-25,7758,0.059749790358910364,-11.191828164189143,0.0006344953188353171,11.192462659507976,-20.391790500688593,0.0,20.391790500688593,-16.241395708485992,0.0,16.241395708485992,0.0002577984016499098,0.0002577984016499098,0.0,0.0,0.0,0.0,100,0,SIGN(IMBALANCE)_AT_DECISION,M2-COST-LEDGER-v1,QIMB_CONSTRAINED_BOUND,"QIMB_CONSTRAINED_BOUND keeps the side dictated by queue imbalance (the sign that defines the bin) and adds clairvoyant abstention only: max(0, net_side). No new threshold, no side choice and no model enters this bound."
"[0.6,0.8)",ONE_TICK,25-50,21373,0.037190464822072486,-4.67629636747034,0.0008450940770527182,4.677141461547393,-8.307093092220855,0.0002046872564562113,8.30729777947731,-6.736071170116956,0.0003162409651295813,6.736387411082085,0.0006082440462265475,0.0006082440462265475,9.357600711177654e-05,9.357600711177654e-05,9.357600711177654e-05,9.357600711177654e-05,100,0,SIGN(IMBALANCE)_AT_DECISION,M2-COST-LEDGER-v1,QIMB_CONSTRAINED_BOUND,"QIMB_CONSTRAINED_BOUND keeps the side dictated by queue imbalance (the sign that defines the bin) and adds clairvoyant abstention only: max(0, net_side). No new threshold, no side choice and no model enters this bound."
"[0.6,0.8)",ONE_TICK,50-100,26764,0.026529983583339904,-2.756957993515905,0.0003674174845072868,2.757325411000412,-4.741480976214219,1.7069514751566018e-08,4.7414809932837345,-3.932934822122504,5.6828198370057995e-05,3.932991650320874,0.0006351815872066956,0.0006351815872066956,7.472724555372888e-05,7.472724555372888e-05,7.472724555372888e-05,7.472724555372888e-05,100,0,SIGN(IMBALANCE)_AT_DECISION,M2-COST-LEDGER-v1,QIMB_CONSTRAINED_BOUND,"QIMB_CONSTRAINED_BOUND keeps the side dictated by queue imbalance (the sign that defines the bin) and adds clairvoyant abstention only: max(0, net_side). No new threshold, no side choice and no model enters this bound."
"[0.6,0.8)",ONE_TICK,100-200,7267,0.018802596651035664,-1.4828595793605786,0.0006527748699893876,1.483512354230568,-2.365582220196012,0.0004185844195730576,2.3660008046155854,-2.0673376279883766,0.00045116421041795936,2.0677887921987943,0.0012384752992981973,0.0012384752992981973,0.0002752167331773772,0.0002752167331773772,0.0002752167331773772,0.0002752167331773772,100,0,SIGN(IMBALANCE)_AT_DECISION,M2-COST-LEDGER-v1,QIMB_CONSTRAINED_BOUND,"QIMB_CONSTRAINED_BOUND keeps the side dictated by queue imbalance (the sign that defines the bin) and adds clairvoyant abstention only: max(0, net_side). No new threshold, no side choice and no model enters this bound."
"[0.6,0.8)",ONE_TICK,200+,1148,0.032066592750790476,-0.9930361888942351,0.00039331783673656753,0.9934295067309717,-1.4468758523436709,1.976038155587991e-08,1.4468758721040527,-1.3472694751646583,8.584347460487223e-05,1.347355318639263,0.0008710801393728223,0.0008710801393728223,0.0008710801393728223,0.0008710801393728223,0.0008710801393728223,0.0008710801393728223,100,0,SIGN(IMBALANCE)_AT_DECISION,M2-COST-LEDGER-v1,QIMB_CONSTRAINED_BOUND,"QIMB_CONSTRAINED_BOUND keeps the side dictated by queue imbalance (the sign that defines the bin) and adds clairvoyant abstention only: max(0, net_side). No new threshold, no side choice and no model enters this bound."
"[0.6,0.8)",WIDER_THAN_ONE_TICK,5-25,381,0.1587976377567968,-30.215321339523534,0.060610207247574543,30.27593154677111,-39.96544904242229,0.025731929935464363,39.99118097235775,-35.560243795819744,0.0415956265921506,35.60183942241189,0.0026246719160104987,0.0026246719160104987,0.0026246719160104987,0.0026246719160104987,0.0026246719160104987,0.0026246719160104987,100,0,SIGN(IMBALANCE)_AT_DECISION,M2-COST-LEDGER-v1,QIMB_CONSTRAINED_BOUND,"QIMB_CONSTRAINED_BOUND keeps the side dictated by queue imbalance (the sign that defines the bin) and adds clairvoyant abstention only: max(0, net_side). No new threshold, no side choice and no model enters this bound."
"[0.6,0.8)",WIDER_THAN_ONE_TICK,25-50,2778,0.025492063869483498,-9.56056523278516,0.00042421926351555257,9.560989452048679,-12.592609876386595,0.0,12.592609876386595,-11.298901466161915,0.0,11.298901466161915,0.0007199424046076314,0.0007199424046076314,0.0,0.0,0.0,0.0,100,0,SIGN(IMBALANCE)_AT_DECISION,M2-COST-LEDGER-v1,QIMB_CONSTRAINED_BOUND,"QIMB_CONSTRAINED_BOUND keeps the side dictated by queue imbalance (the sign that defines the bin) and adds clairvoyant abstention only: max(0, net_side). No new threshold, no side choice and no model enters this bound."
"[0.6,0.8)",WIDER_THAN_ONE_TICK,50-100,6871,0.02145747419712175,-5.588856523584837,0.0004409745480607483,5.589297498132897,-7.311215033722274,6.844318929253667e-08,7.3112151021654626,-6.624091005523291,0.0001415672518890318,6.62423257277518,0.0005821568912822005,0.0005821568912822005,0.00029107844564110026,0.00029107844564110026,0.00029107844564110026,0.00029107844564110026,100,0,SIGN(IMBALANCE)_AT_DECISION,M2-COST-LEDGER-v1,QIMB_CONSTRAINED_BOUND,"QIMB_CONSTRAINED_BOUND keeps the side dictated by queue imbalance (the sign that defines the bin) and adds clairvoyant abstention only: max(0, net_side). No new threshold, no side choice and no model enters this bound."
"[0.6,0.8)",WIDER_THAN_ONE_TICK,100-200,12963,0.022660320380459387,-4.820479185035108,0.001972664333503693,4.822451849368612,-5.708733326350534,0.0017026089865446326,5.710435935337078,-5.40792680597202,0.001776881458962512,5.409703687430981,0.0006171410938825889,0.0006171410938825889,0.00030857054694129443,0.00030857054694129443,0.00030857054694129443,0.00030857054694129443,100,0,SIGN(IMBALANCE)_AT_DECISION,M2-COST-LEDGER-v1,QIMB_CONSTRAINED_BOUND,"QIMB_CONSTRAINED_BOUND keeps the side dictated by queue imbalance (the sign that defines the bin) and adds clairvoyant abstention only: max(0, net_side). No new threshold, no side choice and no model enters this bound."
"[0.6,0.8)",WIDER_THAN_ONE_TICK,200+,10700,0.004581934027515879,-4.969618052250732,0.0004722855635666586,4.970090337814299,-5.177022065222143,0.00038494610759271463,5.177407011329736,-5.191552970965216,0.0003849619696355579,5.191937932934852,0.00037383177570093456,0.00037383177570093456,0.00037383177570093456,0.00037383177570093456,0.00028037383177570094,0.00028037383177570094,100,0,SIGN(IMBALANCE)_AT_DECISION,M2-COST-LEDGER-v1,QIMB_CONSTRAINED_BOUND,"QIMB_CONSTRAINED_BOUND keeps the side dictated by queue imbalance (the sign that defines the bin) and adds clairvoyant abstention only: max(0, net_side). No new threshold, no side choice and no model enters this bound."
"[0.8,1.0]",ONE_TICK,5-25,3436,0.11128837101289589,-10.898151535694677,0.0,10.898151535694677,-19.87991945282179,0.0,19.87991945282179,-15.830581947288604,0.0,15.830581947288604,0.0,0.0,0.0,0.0,0.0,0.0,100,0,SIGN(IMBALANCE)_AT_DECISION,M2-COST-LEDGER-v1,QIMB_CONSTRAINED_BOUND,"QIMB_CONSTRAINED_BOUND keeps the side dictated by queue imbalance (the sign that defines the bin) and adds clairvoyant abstention only: max(0, net_side). No new threshold, no side choice and no model enters this bound."
"[0.8,1.0]",ONE_TICK,25-50,8205,0.05821347226689018,-4.681821385491612,0.00048011941572337217,4.682301504907335,-8.332205233676143,5.4804960490408155e-08,8.332205288481102,-6.752111486758416,0.00014018543756778268,6.752251672195984,0.0002437538086532602,0.0002437538086532602,0.0001218769043266301,0.0001218769043266301,0.0001218769043266301,0.0001218769043266301,100,0,SIGN(IMBALANCE)_AT_DECISION,M2-COST-LEDGER-v1,QIMB_CONSTRAINED_BOUND,"QIMB_CONSTRAINED_BOUND keeps the side dictated by queue imbalance (the sign that defines the bin) and adds clairvoyant abstention only: max(0, net_side). No new threshold, no side choice and no model enters this bound."
"[0.8,1.0]",ONE_TICK,50-100,12186,0.029621083156915383,-2.5911543800683763,0.00020599139579075327,2.591360371464167,-4.4362522108591245,0.0,4.4362522108591245,-3.692281161785129,0.0,3.692281161785129,0.0005744296733957,0.0005744296733957,0.0,0.0,0.0,0.0,100,0,SIGN(IMBALANCE)_AT_DECISION,M2-COST-LEDGER-v1,QIMB_CONSTRAINED_BOUND,"QIMB_CONSTRAINED_BOUND keeps the side dictated by queue imbalance (the sign that defines the bin) and adds clairvoyant abstention only: max(0, net_side). No new threshold, no side choice and no model enters this bound."
"[0.8,1.0]",ONE_TICK,100-200,5429,0.030195951850408454,-1.426933873453206,0.0003928794296702449,1.4273267528828761,-2.2647623545965985,2.1716914929792114e-08,2.2647623763135134,-1.987310603832075,9.675735690424885e-05,1.987407361188979,0.0014735678762202984,0.0014735678762202984,0.0003683919690550746,0.0003683919690550746,0.0003683919690550746,0.0003683919690550746,100,0,SIGN(IMBALANCE)_AT_DECISION,M2-COST-LEDGER-v1,QIMB_CONSTRAINED_BOUND,"QIMB_CONSTRAINED_BOUND keeps the side dictated by queue imbalance (the sign that defines the bin) and adds clairvoyant abstention only: max(0, net_side). No new threshold, no side choice and no model enters this bound."
"[0.8,1.0]",ONE_TICK,200+,964,0.03387500503516049,-0.9953881421595513,0.0,0.9953881421595513,-1.4481772378289526,0.0,1.4481772378289526,-1.349057433723706,0.0,1.349057433723706,0.0,0.0,0.0,0.0,0.0,0.0,100,0,SIGN(IMBALANCE)_AT_DECISION,M2-COST-LEDGER-v1,QIMB_CONSTRAINED_BOUND,"QIMB_CONSTRAINED_BOUND keeps the side dictated by queue imbalance (the sign that defines the bin) and adds clairvoyant abstention only: max(0, net_side). No new threshold, no side choice and no model enters this bound."
"[0.8,1.0]",WIDER_THAN_ONE_TICK,5-25,286,0.10520529674779791,-30.93541947380212,0.0,30.93541947380212,-40.894888018145295,0.0,40.894888018145295,-36.39272604145625,0.0,36.39272604145625,0.0,0.0,0.0,0.0,0.0,0.0,100,0,SIGN(IMBALANCE)_AT_DECISION,M2-COST-LEDGER-v1,QIMB_CONSTRAINED_BOUND,"QIMB_CONSTRAINED_BOUND keeps the side dictated by queue imbalance (the sign that defines the bin) and adds clairvoyant abstention only: max(0, net_side). No new threshold, no side choice and no model enters this bound."
"[0.8,1.0]",WIDER_THAN_ONE_TICK,25-50,1390,0.02667212277977524,-10.128794391413397,0.0020664555197195066,10.130860846933118,-13.173572341899739,0.0,13.173572341899739,-11.873966469000168,0.0,11.873966469000168,0.002158273381294964,0.002158273381294964,0.0,0.0,0.0,0.0,100,0,SIGN(IMBALANCE)_AT_DECISION,M2-COST-LEDGER-v1,QIMB_CONSTRAINED_BOUND,"QIMB_CONSTRAINED_BOUND keeps the side dictated by queue imbalance (the sign that defines the bin) and adds clairvoyant abstention only: max(0, net_side). No new threshold, no side choice and no model enters this bound."
"[0.8,1.0]",WIDER_THAN_ONE_TICK,50-100,3494,0.023820293842474412,-5.910856951962844,0.0007141597270116912,5.911571111689855,-7.549821876929125,2.1908385234711503e-07,7.549822096012979,-6.90132179460041,0.0002992308930526485,6.901621025493462,0.00028620492272467084,0.00028620492272467084,0.00028620492272467084,0.00028620492272467084,0.00028620492272467084,0.00028620492272467084,100,0,SIGN(IMBALANCE)_AT_DECISION,M2-COST-LEDGER-v1,QIMB_CONSTRAINED_BOUND,"QIMB_CONSTRAINED_BOUND keeps the side dictated by queue imbalance (the sign that defines the bin) and adds clairvoyant abstention only: max(0, net_side). No new threshold, no side choice and no model enters this bound."
"[0.8,1.0]",WIDER_THAN_ONE_TICK,100-200,18124,0.025355929197878165,-5.47853177102081,0.0006136860877956421,5.479145457108605,-6.335077928573797,0.00038605429799908714,6.335463982871795,-6.048957039541892,0.0004402426797941767,6.049397282221688,0.0006069300375193114,0.0006069300375193114,0.00027587728978150516,0.00027587728978150516,0.00027587728978150516,0.00027587728978150516,100,0,SIGN(IMBALANCE)_AT_DECISION,M2-COST-LEDGER-v1,QIMB_CONSTRAINED_BOUND,"QIMB_CONSTRAINED_BOUND keeps the side dictated by queue imbalance (the sign that defines the bin) and adds clairvoyant abstention only: max(0, net_side). No new threshold, no side choice and no model enters this bound."
"[0.8,1.0]",WIDER_THAN_ONE_TICK,200+,31363,0.006265987567972809,-4.31029438234961,0.0005199898885054526,4.310814372238116,-4.41127527802694,0.0004730358743916078,4.411748313901332,-4.47509631457894,0.00046702534074953436,4.475563339919691,0.0002550776392564487,0.0002550776392564487,0.0002550776392564487,0.0002550776392564487,0.0002231929343493926,0.0002231929343493926,100,0,SIGN(IMBALANCE)_AT_DECISION,M2-COST-LEDGER-v1,QIMB_CONSTRAINED_BOUND,"QIMB_CONSTRAINED_BOUND keeps the side dictated by queue imbalance (the sign that defines the bin) and adds clairvoyant abstention only: max(0, net_side). No new threshold, no side choice and no model enters this bound."
"[-1.0,-0.8)",ONE_TICK,5-25,2938,0.2823583242587407,-11.067917437520947,0.0010646268370634027,11.068982064358009,-20.329735803672758,0.0,20.329735803672758,-16.15069223787277,0.0,16.15069223787277,0.0003403675970047651,0.0003403675970047651,0.0,0.0,0.0,0.0,250,0,SIGN(IMBALANCE)_AT_DECISION,M2-COST-LEDGER-v1,QIMB_CONSTRAINED_BOUND,"QIMB_CONSTRAINED_BOUND keeps the side dictated by queue imbalance (the sign that defines the bin) and adds clairvoyant abstention only: max(0, net_side). No new threshold, no side choice and no model enters this bound."
"[-1.0,-0.8)",ONE_TICK,25-50,6607,0.13086642281835353,-4.472345145240548,0.0015326803022260465,4.4738778255427745,-7.997006317807207,0.0,7.997006317807207,-6.475141340017989,0.0002928501788143068,6.475434190196805,0.0013621916149538368,0.0013621916149538368,0.0,0.0,0.00015135462388375965,0.00015135462388375965,250,0,SIGN(IMBALANCE)_AT_DECISION,M2-COST-LEDGER-v1,QIMB_CONSTRAINED_BOUND,"QIMB_CONSTRAINED_BOUND keeps the side dictated by queue imbalance (the sign that defines the bin) and adds clairvoyant abstention only: max(0, net_side). No new threshold, no side choice and no model enters this bound."
"[-1.0,-0.8)",ONE_TICK,50-100,8932,0.07209161413082273,-2.7413492315654926,0.000372509839641889,2.741721741405134,-4.738535681898576,0.0,4.738535681898576,-3.924124411353942,0.0,3.924124411353942,0.0008956560680698612,0.0008956560680698612,0.0,0.0,0.0,0.0,250,0,SIGN(IMBALANCE)_AT_DECISION,M2-COST-LEDGER-v1,QIMB_CONSTRAINED_BOUND,"QIMB_CONSTRAINED_BOUND keeps the side dictated by queue imbalance (the sign that defines the bin) and adds clairvoyant abstention only: max(0, net_side). No new threshold, no side choice and no model enters this bound."
"[-1.0,-0.8)",ONE_TICK,100-200,5687,0.04873054763519117,-1.4797497594046718,0.00555173396971158,1.4853014933743838,-2.3705423640122163,0.00403592235000992,2.3745782863622265,-2.0685601480620672,0.004368742003859761,2.072928890065927,0.005802707930367505,0.005802707930367505,0.0008791981712678037,0.0008791981712678037,0.0015825567082820467,0.0015825567082820467,250,0,SIGN(IMBALANCE)_AT_DECISION,M2-COST-LEDGER-v1,QIMB_CONSTRAINED_BOUND,"QIMB_CONSTRAINED_BOUND keeps the side dictated by queue imbalance (the sign that defines the bin) and adds clairvoyant abstention only: max(0, net_side). No new threshold, no side choice and no model enters this bound."
"[-1.0,-0.8)",ONE_TICK,200+,1002,0.10227152483056512,-0.9525648343181972,0.05975708508909905,1.012321919407296,-1.4041637737679937,0.05800370110297583,1.4621674748709694,-1.305595193468617,0.05837429669573341,1.3639694901643504,0.003992015968063872,0.003992015968063872,0.0029940119760479044,0.0029940119760479044,0.003992015968063872,0.003992015968063872,250,0,SIGN(IMBALANCE)_AT_DECISION,M2-COST-LEDGER-v1,QIMB_CONSTRAINED_BOUND,"QIMB_CONSTRAINED_BOUND keeps the side dictated by queue imbalance (the sign that defines the bin) and adds clairvoyant abstention only: max(0, net_side). No new threshold, no side choice and no model enters this bound."
"[-1.0,-0.8)",WIDER_THAN_ONE_TICK,5-25,214,0.10973239441430029,-36.35710736283518,0.0,36.35710736283518,-47.2130970690099,0.0,47.2130970690099,-42.29570909196289,0.0,42.29570909196289,0.0,0.0,0.0,0.0,0.0,0.0,250,0,SIGN(IMBALANCE)_AT_DECISION,M2-COST-LEDGER-v1,QIMB_CONSTRAINED_BOUND,"QIMB_CONSTRAINED_BOUND keeps the side dictated by queue imbalance (the sign that defines the bin) and adds clairvoyant abstention only: max(0, net_side). No new threshold, no side choice and no model enters this bound."
"[-1.0,-0.8)",WIDER_THAN_ONE_TICK,25-50,926,0.07188205143034347,-10.87502570224714,0.0019265137825740406,10.876952216029713,-14.01046264229818,0.0,14.01046264229818,-12.66886783345811,0.0,12.66886783345811,0.0032397408207343412,0.0032397408207343412,0.0,0.0,0.0,0.0,250,0,SIGN(IMBALANCE)_AT_DECISION,M2-COST-LEDGER-v1,QIMB_CONSTRAINED_BOUND,"QIMB_CONSTRAINED_BOUND keeps the side dictated by queue imbalance (the sign that defines the bin) and adds clairvoyant abstention only: max(0, net_side). No new threshold, no side choice and no model enters this bound."
"[-1.0,-0.8)",WIDER_THAN_ONE_TICK,50-100,3653,0.04010728003889337,-5.650014837831483,0.004569671938932443,5.654584509770416,-7.2668121310394795,0.002165221005835785,7.268977352045315,-6.628579042357179,0.002977959927060284,6.631557002284239,0.0021899808376676703,0.0021899808376676703,0.0008212428141253764,0.0008212428141253764,0.0010949904188338351,0.0010949904188338351,250,0,SIGN(IMBALANCE)_AT_DECISION,M2-COST-LEDGER-v1,QIMB_CONSTRAINED_BOUND,"QIMB_CONSTRAINED_BOUND keeps the side dictated by queue imbalance (the sign that defines the bin) and adds clairvoyant abstention only: max(0, net_side). No new threshold, no side choice and no model enters this bound."
"[-1.0,-0.8)",WIDER_THAN_ONE_TICK,100-200,18955,0.0272615145702357,-5.077179478013602,0.004517145081903805,5.081696623095507,-6.009007772752515,0.0036354571527021525,6.012643229905217,-5.688019775109085,0.003861328466551392,5.6918811035756365,0.0021102611448166712,0.0021102611448166712,0.0006858348720654181,0.0006858348720654181,0.001160643629649169,0.001160643629649169,250,0,SIGN(IMBALANCE)_AT_DECISION,M2-COST-LEDGER-v1,QIMB_CONSTRAINED_BOUND,"QIMB_CONSTRAINED_BOUND keeps the side dictated by queue imbalance (the sign that defines the bin) and adds clairvoyant abstention only: max(0, net_side). No new threshold, no side choice and no model enters this bound."
"[-1.0,-0.8)",WIDER_THAN_ONE_TICK,200+,30811,0.018133274936661854,-3.951281713243084,0.0012097306291346968,3.952491443872219,-4.082141409333252,0.0010533695644343603,4.083194778897687,-4.132124005345187,0.0010612800252697556,4.133185285370457,0.0005842069390801987,0.0005842069390801987,0.0004543831748401545,0.0004543831748401545,0.00048683911590016553,0.00048683911590016553,250,0,SIGN(IMBALANCE)_AT_DECISION,M2-COST-LEDGER-v1,QIMB_CONSTRAINED_BOUND,"QIMB_CONSTRAINED_BOUND keeps the side dictated by queue imbalance (the sign that defines the bin) and adds clairvoyant abstention only: max(0, net_side). No new threshold, no side choice and no model enters this bound."
"[-0.8,-0.6)",ONE_TICK,5-25,6735,0.12450177694238948,-11.477030944011252,0.001098771278667662,11.47812971528992,-20.970287937036712,0.0,20.970287937036712,-16.684052997004404,0.0,16.684052997004404,0.00044543429844097997,0.00044543429844097997,0.0,0.0,0.0,0.0,250,0,SIGN(IMBALANCE)_AT_DECISION,M2-COST-LEDGER-v1,QIMB_CONSTRAINED_BOUND,"QIMB_CONSTRAINED_BOUND keeps the side dictated by queue imbalance (the sign that defines the bin) and adds clairvoyant abstention only: max(0, net_side). No new threshold, no side choice and no model enters this bound."
"[-0.8,-0.6)",ONE_TICK,25-50,20639,0.07849858794884902,-4.546313318741053,0.0012547775639294918,4.547568096304983,-8.094036637913558,0.00029095421790263876,8.09432759213146,-6.561490369706999,0.00039500147182150967,6.56188537117882,0.0010659431173990989,0.0010659431173990989,4.845195988177722e-05,4.845195988177722e-05,9.690391976355444e-05,9.690391976355444e-05,250,0,SIGN(IMBALANCE)_AT_DECISION,M2-COST-LEDGER-v1,QIMB_CONSTRAINED_BOUND,"QIMB_CONSTRAINED_BOUND keeps the side dictated by queue imbalance (the sign that defines the bin) and adds clairvoyant abstention only: max(0, net_side). No new threshold, no side choice and no model enters this bound."
"[-0.8,-0.6)",ONE_TICK,50-100,23274,0.055619337355859055,-2.771133949011853,0.0008162772014889875,2.7719502262133418,-4.78650078984595,0.0,4.78650078984595,-3.9636692263354925,0.00012295716275060096,3.963792183498243,0.0014608576093494887,0.0014608576093494887,0.0,0.0,0.0001288992008249549,0.0001288992008249549,250,0,SIGN(IMBALANCE)_AT_DECISION,M2-COST-LEDGER-v1,QIMB_CONSTRAINED_BOUND,"QIMB_CONSTRAINED_BOUND keeps the side dictated by queue imbalance (the sign that defines the bin) and adds clairvoyant abstention only: max(0, net_side). No new threshold, no side choice and no model enters this bound."
"[-0.8,-0.6)",ONE_TICK,100-200,6653,0.05098806815447118,-1.4746905778486719,0.007900653724901239,1.4825912315735732,-2.369211518592888,0.00641856387798295,2.375630082470871,-2.065502514511093,0.006772258422864687,2.0722747729339575,0.00496016834510747,0.00496016834510747,0.0006012325266796934,0.0006012325266796934,0.00135277318502931,0.00135277318502931,250,0,SIGN(IMBALANCE)_AT_DECISION,M2-COST-LEDGER-v1,QIMB_CONSTRAINED_BOUND,"QIMB_CONSTRAINED_BOUND keeps the side dictated by queue imbalance (the sign that defines the bin) and adds clairvoyant abstention only: max(0, net_side). No new threshold, no side choice and no model enters this bound."
"[-0.8,-0.6)",ONE_TICK,200+,1304,0.024147936116064625,-1.0402860331286234,0.006348836125779134,1.0466348692544027,-1.493000816870317,0.0046153050392720215,1.4976161219095894,-1.393915430518755,0.004994112626131054,1.3989095431448861,0.003834355828220859,0.003834355828220859,0.0007668711656441718,0.0007668711656441718,0.003834355828220859,0.003834355828220859,250,0,SIGN(IMBALANCE)_AT_DECISION,M2-COST-LEDGER-v1,QIMB_CONSTRAINED_BOUND,"QIMB_CONSTRAINED_BOUND keeps the side dictated by queue imbalance (the sign that defines the bin) and adds clairvoyant abstention only: max(0, net_side). No new threshold, no side choice and no model enters this bound."
"[-0.8,-0.6)",WIDER_THAN_ONE_TICK,5-25,275,-0.13782007498319143,-22.736832029746935,0.0,22.736832029746935,-32.21089409838852,0.0,32.21089409838852,-27.933549335206923,0.0,27.933549335206923,0.0,0.0,0.0,0.0,0.0,0.0,250,0,SIGN(IMBALANCE)_AT_DECISION,M2-COST-LEDGER-v1,QIMB_CONSTRAINED_BOUND,"QIMB_CONSTRAINED_BOUND keeps the side dictated by queue imbalance (the sign that defines the bin) and adds clairvoyant abstention only: max(0, net_side). No new threshold, no side choice and no model enters this bound."
"[-0.8,-0.6)",WIDER_THAN_ONE_TICK,25-50,2420,0.10160310865887712,-9.155992479560814,0.0056492862708449835,9.161641765831659,-12.22874030019604,0.0026708376118122616,12.231411137807852,-10.91618011254418,0.0036212311917027088,10.919801343735884,0.002066115702479339,0.002066115702479339,0.00041322314049586776,0.00041322314049586776,0.0008264462809917355,0.0008264462809917355,250,0,SIGN(IMBALANCE)_AT_DECISION,M2-COST-LEDGER-v1,QIMB_CONSTRAINED_BOUND,"QIMB_CONSTRAINED_BOUND keeps the side dictated by queue imbalance (the sign that defines the bin) and adds clairvoyant abstention only: max(0, net_side). No new threshold, no side choice and no model enters this bound."
"[-0.8,-0.6)",WIDER_THAN_ONE_TICK,50-100,7444,0.06788972812142101,-5.951140675208656,0.003566048555407028,5.954706723764063,-7.798754975500158,0.001085885152609834,7.799840860652767,-7.053618417333565,0.0019030247016859924,7.055521442035251,0.0024180548092423426,0.0024180548092423426,0.0004030091348737238,0.0004030091348737238,0.0009403546480386889,0.0009403546480386889,250,0,SIGN(IMBALANCE)_AT_DECISION,M2-COST-LEDGER-v1,QIMB_CONSTRAINED_BOUND,"QIMB_CONSTRAINED_BOUND keeps the side dictated by queue imbalance (the sign that defines the bin) and adds clairvoyant abstention only: max(0, net_side). No new threshold, no side choice and no model enters this bound."
"[-0.8,-0.6)",WIDER_THAN_ONE_TICK,100-200,13307,0.024299541028088772,-4.7953739766962915,0.0011917086404407261,4.796565685336732,-5.727183943987483,0.00035440788548364046,5.727538351872967,-5.406204434746935,0.0005733173072405782,5.406777752054176,0.0019538588712707597,0.0019538588712707597,0.0004508905087547907,0.0004508905087547907,0.0008266325993837829,0.0008266325993837829,250,0,SIGN(IMBALANCE)_AT_DECISION,M2-COST-LEDGER-v1,QIMB_CONSTRAINED_BOUND,"QIMB_CONSTRAINED_BOUND keeps the side dictated by queue imbalance (the sign that defines the bin) and adds clairvoyant abstention only: max(0, net_side). No new threshold, no side choice and no model enters this bound."
"[-0.8,-0.6)",WIDER_THAN_ONE_TICK,200+,10491,0.018264367987968613,-4.6275940997797145,0.0018079918448395721,4.629402091624553,-4.830268096561381,0.001599749974994261,4.831867846536376,-4.8469897210378345,0.0016236315763581233,4.848613352614192,0.0006672385854541988,0.0006672385854541988,0.00047659898961014205,0.00047659898961014205,0.0005719187875321705,0.0005719187875321705,250,0,SIGN(IMBALANCE)_AT_DECISION,M2-COST-LEDGER-v1,QIMB_CONSTRAINED_BOUND,"QIMB_CONSTRAINED_BOUND keeps the side dictated by queue imbalance (the sign that defines the bin) and adds clairvoyant abstention only: max(0, net_side). No new threshold, no side choice and no model enters this bound."
"[-0.6,-0.4)",ONE_TICK,5-25,10700,0.08674281703761938,-12.2642719982275,0.0016086275773215769,12.265880625804817,-22.40109602579908,0.0,22.40109602579908,-17.816791417036477,0.0,17.816791417036477,0.0005607476635514019,0.0005607476635514019,0.0,0.0,0.0,0.0,250,0,SIGN(IMBALANCE)_AT_DECISION,M2-COST-LEDGER-v1,QIMB_CONSTRAINED_BOUND,"QIMB_CONSTRAINED_BOUND keeps the side dictated by queue imbalance (the sign that defines the bin) and adds clairvoyant abstention only: max(0, net_side). No new threshold, no side choice and no model enters this bound."
"[-0.6,-0.4)",ONE_TICK,25-50,29665,0.043459230784793565,-4.606907535051645,0.002236197433750543,4.6091437324853946,-8.182254377580517,0.0007045470653107585,8.182958924645828,-6.636914205997905,0.001104047873439269,6.638018253871345,0.0010787122872071464,0.0010787122872071464,3.3709758975223326e-05,3.3709758975223326e-05,0.00030338783077700997,0.00030338783077700997,250,0,SIGN(IMBALANCE)_AT_DECISION,M2-COST-LEDGER-v1,QIMB_CONSTRAINED_BOUND,"QIMB_CONSTRAINED_BOUND keeps the side dictated by queue imbalance (the sign that defines the bin) and adds clairvoyant abstention only: max(0, net_side). No new threshold, no side choice and no model enters this bound."
"[-0.6,-0.4)",ONE_TICK,50-100,33929,0.03793643071833341,-2.793409802181929,0.0012257060996872758,2.794635508281616,-4.816450077973633,0.0002864434443226626,4.816736521417955,-3.9900645440248814,0.0005239176307810781,3.9905884616556633,0.0012378791004745203,0.0012378791004745203,2.9473311916060008e-05,2.9473311916060008e-05,0.0002947331191606001,0.0002947331191606001,250,0,SIGN(IMBALANCE)_AT_DECISION,M2-COST-LEDGER-v1,QIMB_CONSTRAINED_BOUND,"QIMB_CONSTRAINED_BOUND keeps the side dictated by queue imbalance (the sign that defines the bin) and adds clairvoyant abstention only: max(0, net_side). No new threshold, no side choice and no model enters this bound."
"[-0.6,-0.4)",ONE_TICK,100-200,8826,0.024060906564385094,-1.5277684826794424,0.0016614702264303957,1.5294299529058728,-2.4507875495415274,0.0007213799015520303,2.4515089294430794,-2.1338795676448132,0.0009632329977557254,2.134842800642569,0.0030591434398368456,0.0030591434398368456,0.00022660321776569228,0.00022660321776569228,0.0007931112621799229,0.0007931112621799229,250,0,SIGN(IMBALANCE)_AT_DECISION,M2-COST-LEDGER-v1,QIMB_CONSTRAINED_BOUND,"QIMB_CONSTRAINED_BOUND keeps the side dictated by queue imbalance (the sign that defines the bin) and adds clairvoyant abstention only: max(0, net_side). No new threshold, no side choice and no model enters this bound."
"[-0.6,-0.4)",ONE_TICK,200+,1326,0.01931542685607172,-1.0107016116033483,0.002074332961892958,1.0127759445652411,-1.4648967187267588,0.00036010400400706744,1.4652568227307659,-1.3651257169282942,0.000737008018718452,1.3658627249470126,0.003770739064856712,0.003770739064856712,0.0007541478129713424,0.0007541478129713424,0.003770739064856712,0.003770739064856712,250,0,SIGN(IMBALANCE)_AT_DECISION,M2-COST-LEDGER-v1,QIMB_CONSTRAINED_BOUND,"QIMB_CONSTRAINED_BOUND keeps the side dictated by queue imbalance (the sign that defines the bin) and adds clairvoyant abstention only: max(0, net_side). No new threshold, no side choice and no model enters this bound."
"[-0.6,-0.4)",WIDER_THAN_ONE_TICK,5-25,308,0.04168115639681167,-22.25229609120474,0.0,22.25229609120474,-31.887478199943576,0.0,31.887478199943576,-27.535510290454514,0.0,27.535510290454514,0.0,0.0,0.0,0.0,0.0,0.0,250,0,SIGN(IMBALANCE)_AT_DECISION,M2-COST-LEDGER-v1,QIMB_CONSTRAINED_BOUND,"QIMB_CONSTRAINED_BOUND keeps the side dictated by queue imbalance (the sign that defines the bin) and adds clairvoyant abstention only: max(0, net_side). No new threshold, no side choice and no model enters this bound."
"[-0.6,-0.4)",WIDER_THAN_ONE_TICK,25-50,3336,0.065380266375236,-9.335164045950872,0.0004918349080882972,9.335655880858962,-12.420225233194554,0.0,12.420225233194554,-11.101962079248707,0.0,11.101962079248707,0.0005995203836930455,0.0005995203836930455,0.0,0.0,0.0,0.0,250,0,SIGN(IMBALANCE)_AT_DECISION,M2-COST-LEDGER-v1,QIMB_CONSTRAINED_BOUND,"QIMB_CONSTRAINED_BOUND keeps the side dictated by queue imbalance (the sign that defines the bin) and adds clairvoyant abstention only: max(0, net_side). No new threshold, no side choice and no model enters this bound."
"[-0.6,-0.4)",WIDER_THAN_ONE_TICK,50-100,11174,0.031138596846557627,-5.419559930689125,0.0028522406567693596,5.422412171345895,-7.199988518084899,0.0018037252484631656,7.2017922433333625,-6.48596918953272,0.0021829887049112278,6.488152178237631,0.0008054412027921962,0.0008054412027921962,0.00026848040093073206,0.00026848040093073206,0.0004474673348845534,0.0004474673348845534,250,0,SIGN(IMBALANCE)_AT_DECISION,M2-COST-LEDGER-v1,QIMB_CONSTRAINED_BOUND,"QIMB_CONSTRAINED_BOUND keeps the side dictated by queue imbalance (the sign that defines the bin) and adds clairvoyant abstention only: max(0, net_side). No new threshold, no side choice and no model enters this bound."
"[-0.6,-0.4)",WIDER_THAN_ONE_TICK,100-200,17872,0.028487998305953045,-4.727904662245635,0.0014771837443977127,4.729381845990033,-5.661123384819253,0.0008675064305101797,5.661990891249762,-5.339491407074548,0.001031489474975215,5.3405228965495235,0.001566696508504924,0.001566696508504924,0.00016786034019695615,0.00016786034019695615,0.0006154879140555058,0.0006154879140555058,250,0,SIGN(IMBALANCE)_AT_DECISION,M2-COST-LEDGER-v1,QIMB_CONSTRAINED_BOUND,"QIMB_CONSTRAINED_BOUND keeps the side dictated by queue imbalance (the sign that defines the bin) and adds clairvoyant abstention only: max(0, net_side). No new threshold, no side choice and no model enters this bound."
"[-0.6,-0.4)",WIDER_THAN_ONE_TICK,200+,12078,0.014840467779153895,-4.188799614907012,0.0015809390618437692,4.190380553968856,-4.42469147065586,0.0013916690579575195,4.426083139713818,-4.426028161338649,0.0014116137511866731,4.4274397750898355,0.0005795661533366451,0.0005795661533366451,0.0005795661533366451,0.0005795661533366451,0.0005795661533366451,0.0005795661533366451,250,0,SIGN(IMBALANCE)_AT_DECISION,M2-COST-LEDGER-v1,QIMB_CONSTRAINED_BOUND,"QIMB_CONSTRAINED_BOUND keeps the side dictated by queue imbalance (the sign that defines the bin) and adds clairvoyant abstention only: max(0, net_side). No new threshold, no side choice and no model enters this bound."
"[-0.4,-0.2)",ONE_TICK,5-25,15485,0.03713668637969265,-12.856179900759502,0.001021718371454072,12.857201619130954,-23.46247335612141,0.0,23.46247335612141,-18.660732817131034,0.0001758797800704442,18.660908696911108,0.00032289312237649337,0.00032289312237649337,0.0,0.0,6.457862447529868e-05,6.457862447529868e-05,250,0,SIGN(IMBALANCE)_AT_DECISION,M2-COST-LEDGER-v1,QIMB_CONSTRAINED_BOUND,"QIMB_CONSTRAINED_BOUND keeps the side dictated by queue imbalance (the sign that defines the bin) and adds clairvoyant abstention only: max(0, net_side). No new threshold, no side choice and no model enters this bound."
"[-0.4,-0.2)",ONE_TICK,25-50,38618,0.021582750051768268,-4.670012343657389,0.0015053970254658789,4.671517740682855,-8.280769858873464,0.0005675883631122921,8.281337447236575,-6.719029146382422,0.0008195196128848491,6.719848665995307,0.0005955771919830131,0.0005955771919830131,7.76839815630017e-05,7.76839815630017e-05,0.00018126262364700398,0.00018126262364700398,250,0,SIGN(IMBALANCE)_AT_DECISION,M2-COST-LEDGER-v1,QIMB_CONSTRAINED_BOUND,"QIMB_CONSTRAINED_BOUND keeps the side dictated by queue imbalance (the sign that defines the bin) and adds clairvoyant abstention only: max(0, net_side). No new threshold, no side choice and no model enters this bound."
"[-0.4,-0.2)",ONE_TICK,50-100,46672,0.017506416706310153,-2.787527541991947,0.000651380435420497,2.7881789224273676,-4.7878525921694965,8.481673375883145e-05,4.7879374089032565,-3.9719876713200786,0.0001580422486252745,3.9721457135687035,0.0011784367500857044,0.0011784367500857044,4.2852245457661984e-05,4.2852245457661984e-05,8.570449091532397e-05,8.570449091532397e-05,250,0,SIGN(IMBALANCE)_AT_DECISION,M2-COST-LEDGER-v1,QIMB_CONSTRAINED_BOUND,"QIMB_CONSTRAINED_BOUND keeps the side dictated by queue imbalance (the sign that defines the bin) and adds clairvoyant abstention only: max(0, net_side). No new threshold, no side choice and no model enters this bound."
"[-0.4,-0.2)",ONE_TICK,100-200,12817,0.018672804708785427,-1.5451437032962942,0.0032351129817285887,1.5483788162780228,-2.4724801093142936,0.002147998237199252,2.4746281075514927,-2.1535725410762634,0.0023694114470402023,2.1559419525233037,0.004135133026449247,0.004135133026449247,0.0005461496450027307,0.0005461496450027307,0.0010922992900054614,0.0010922992900054614,250,0,SIGN(IMBALANCE)_AT_DECISION,M2-COST-LEDGER-v1,QIMB_CONSTRAINED_BOUND,"QIMB_CONSTRAINED_BOUND keeps the side dictated by queue imbalance (the sign that defines the bin) and adds clairvoyant abstention only: max(0, net_side). No new threshold, no side choice and no model enters this bound."
"[-0.4,-0.2)",ONE_TICK,200+,1467,0.016253967635682615,-1.0363935469681296,0.004211439415231661,1.040604986383361,-1.4892662982160212,0.0023314525750895276,1.4915977507911107,-1.3901077488220484,0.002749834814122963,1.3928575836361714,0.00408997955010225,0.00408997955010225,0.002044989775051125,0.002044989775051125,0.00408997955010225,0.00408997955010225,250,0,SIGN(IMBALANCE)_AT_DECISION,M2-COST-LEDGER-v1,QIMB_CONSTRAINED_BOUND,"QIMB_CONSTRAINED_BOUND keeps the side dictated by queue imbalance (the sign that defines the bin) and adds clairvoyant abstention only: max(0, net_side). No new threshold, no side choice and no model enters this bound."
"[-0.4,-0.2)",WIDER_THAN_ONE_TICK,5-25,507,0.20693647105437057,-21.127713021829216,0.00479248881508769,21.132505510644307,-30.629651813213147,0.0,30.629651813213147,-26.339395876731697,0.0,26.339395876731697,0.0019723865877712033,0.0019723865877712033,0.0,0.0,0.0,0.0,250,0,SIGN(IMBALANCE)_AT_DECISION,M2-COST-LEDGER-v1,QIMB_CONSTRAINED_BOUND,"QIMB_CONSTRAINED_BOUND keeps the side dictated by queue imbalance (the sign that defines the bin) and adds clairvoyant abstention only: max(0, net_side). No new threshold, no side choice and no model enters this bound."
"[-0.4,-0.2)",WIDER_THAN_ONE_TICK,25-50,5312,-0.007160769543133334,-9.371468611596258,0.002187785177945343,9.373656396774205,-12.52394776219883,0.001572378261873172,12.525520140460701,-11.174459811260348,0.001785093309275485,11.176244904569625,0.00037650602409638556,0.00037650602409638556,0.00018825301204819278,0.00018825301204819278,0.00018825301204819278,0.00018825301204819278,250,0,SIGN(IMBALANCE)_AT_DECISION,M2-COST-LEDGER-v1,QIMB_CONSTRAINED_BOUND,"QIMB_CONSTRAINED_BOUND keeps the side dictated by queue imbalance (the sign that defines the bin) and adds clairvoyant abstention only: max(0, net_side). No new threshold, no side choice and no model enters this bound."
"[-0.4,-0.2)",WIDER_THAN_ONE_TICK,50-100,19199,0.015462608569223572,-5.469127477961109,0.0009207344065596751,5.470048212367669,-7.237194262733461,0.0004208546509742626,7.237615117384435,-6.528900333735767,0.0005526107075235775,6.529452944443291,0.0006771185999270796,0.0006771185999270796,0.00010417209229647377,0.00010417209229647377,0.00020834418459294755,0.00020834418459294755,250,0,SIGN(IMBALANCE)_AT_DECISION,M2-COST-LEDGER-v1,QIMB_CONSTRAINED_BOUND,"QIMB_CONSTRAINED_BOUND keeps the side dictated by queue imbalance (the sign that defines the bin) and adds clairvoyant abstention only: max(0, net_side). No new threshold, no side choice and no model enters this bound."
"[-0.4,-0.2)",WIDER_THAN_ONE_TICK,100-200,33248,0.016999677177429798,-4.507458751270846,0.0009900901057014046,4.5084488413765476,-5.442117876781513,0.00024684336702248885,5.442364720148534,-5.119818772842896,0.00047247750411320903,5.120291250347008,0.0013835418671799807,0.0013835418671799807,0.00024061597690086623,0.00024061597690086623,0.0007519249278152069,0.0007519249278152069,250,0,SIGN(IMBALANCE)_AT_DECISION,M2-COST-LEDGER-v1,QIMB_CONSTRAINED_BOUND,"QIMB_CONSTRAINED_BOUND keeps the side dictated by queue imbalance (the sign that defines the bin) and adds clairvoyant abstention only: max(0, net_side). No new threshold, no side choice and no model enters this bound."
"[-0.4,-0.2)",WIDER_THAN_ONE_TICK,200+,16434,0.012964557706796755,-4.462287688546096,0.0009900353261247483,4.4632777238722205,-4.725371282804311,0.0006983245179966768,4.726069607322308,-4.714114052334187,0.0007263678379954058,4.714840420172182,0.0009735913350371182,0.0009735913350371182,0.0004867956675185591,0.0004867956675185591,0.0009127418765972983,0.0009127418765972983,250,0,SIGN(IMBALANCE)_AT_DECISION,M2-COST-LEDGER-v1,QIMB_CONSTRAINED_BOUND,"QIMB_CONSTRAINED_BOUND keeps the side dictated by queue imbalance (the sign that defines the bin) and adds clairvoyant abstention only: max(0, net_side). No new threshold, no side choice and no model enters this bound."
"[-0.2,0.0)",ONE_TICK,5-25,16191,0.017418457808936867,-13.180851807199303,0.0012287872726520735,13.182080594471955,-24.049212622885463,0.0,24.049212622885463,-19.12609493577569,0.00025989122238954005,19.126354826998078,0.0003088135383855228,0.0003088135383855228,0.0,0.0,6.176270767710456e-05,6.176270767710456e-05,250,0,SIGN(IMBALANCE)_AT_DECISION,M2-COST-LEDGER-v1,QIMB_CONSTRAINED_BOUND,"QIMB_CONSTRAINED_BOUND keeps the side dictated by queue imbalance (the sign that defines the bin) and adds clairvoyant abstention only: max(0, net_side). No new threshold, no side choice and no model enters this bound."
"[-0.2,0.0)",ONE_TICK,25-50,37047,0.004840041037593067,-4.774235915228783,0.0006422607157552857,4.774878175944537,-8.463216433756571,0.0,8.463216433756571,-6.865246543211599,0.00013909946798371076,6.865385642679583,0.00051286204011121,0.00051286204011121,0.0,0.0,0.00010797095581288633,0.00010797095581288633,250,0,SIGN(IMBALANCE)_AT_DECISION,M2-COST-LEDGER-v1,QIMB_CONSTRAINED_BOUND,"QIMB_CONSTRAINED_BOUND keeps the side dictated by queue imbalance (the sign that defines the bin) and adds clairvoyant abstention only: max(0, net_side). No new threshold, no side choice and no model enters this bound."
"[-0.2,0.0)",ONE_TICK,50-100,41707,0.004824301903171861,-2.8058166570123935,0.00044720803281327113,2.8062638650452065,-4.816013369115373,2.4696698856833184e-05,4.816038065814229,-3.9955763635537447,8.432515118972657e-05,3.995660688704935,0.0008391876663389839,0.0008391876663389839,2.397679046682811e-05,2.397679046682811e-05,9.590716186731244e-05,9.590716186731244e-05,250,0,SIGN(IMBALANCE)_AT_DECISION,M2-COST-LEDGER-v1,QIMB_CONSTRAINED_BOUND,"QIMB_CONSTRAINED_BOUND keeps the side dictated by queue imbalance (the sign that defines the bin) and adds clairvoyant abstention only: max(0, net_side). No new threshold, no side choice and no model enters this bound."
"[-0.2,0.0)",ONE_TICK,100-200,9093,0.011029942817808183,-1.5375935357315011,0.0016323614122690578,1.5392258971437704,-2.4577883523108968,0.0008440185323095329,2.458632370843206,-2.142188428939533,0.001001631007197291,2.143190059946731,0.0031892664687121963,0.0031892664687121963,0.0003299241174529858,0.0003299241174529858,0.0007698229407236335,0.0007698229407236335,250,0,SIGN(IMBALANCE)_AT_DECISION,M2-COST-LEDGER-v1,QIMB_CONSTRAINED_BOUND,"QIMB_CONSTRAINED_BOUND keeps the side dictated by queue imbalance (the sign that defines the bin) and adds clairvoyant abstention only: max(0, net_side). No new threshold, no side choice and no model enters this bound."
"[-0.2,0.0)",ONE_TICK,200+,1341,0.010156258591134384,-1.0133044184087725,0.006733097527320351,1.0200375159360928,-1.4666078551873152,0.005711589693509191,1.4723194448808243,-1.3672498327212972,0.005937288080830709,1.3731871208021278,0.0022371364653243847,0.0022371364653243847,0.0014914243102162564,0.0014914243102162564,0.0022371364653243847,0.0022371364653243847,250,0,SIGN(IMBALANCE)_AT_DECISION,M2-COST-LEDGER-v1,QIMB_CONSTRAINED_BOUND,"QIMB_CONSTRAINED_BOUND keeps the side dictated by queue imbalance (the sign that defines the bin) and adds clairvoyant abstention only: max(0, net_side). No new threshold, no side choice and no model enters this bound."
"[-0.2,0.0)",WIDER_THAN_ONE_TICK,5-25,611,0.027342020149151307,-19.710196451280805,0.0,19.710196451280805,-28.66635924000036,0.0,28.66635924000036,-24.628880813215076,0.0,24.628880813215076,0.0,0.0,0.0,0.0,0.0,0.0,250,0,SIGN(IMBALANCE)_AT_DECISION,M2-COST-LEDGER-v1,QIMB_CONSTRAINED_BOUND,"QIMB_CONSTRAINED_BOUND keeps the side dictated by queue imbalance (the sign that defines the bin) and adds clairvoyant abstention only: max(0, net_side). No new threshold, no side choice and no model enters this bound."
"[-0.2,0.0)",WIDER_THAN_ONE_TICK,25-50,3966,0.012996514702020508,-8.402458546338998,0.004715156740422114,8.407173703079419,-11.636783803047825,0.0024384420052142907,11.63922224505304,-10.249388625007256,0.003365956384971623,10.252754581392228,0.0007564296520423601,0.0007564296520423601,0.0005042864346949068,0.0005042864346949068,0.0005042864346949068,0.0005042864346949068,250,0,SIGN(IMBALANCE)_AT_DECISION,M2-COST-LEDGER-v1,QIMB_CONSTRAINED_BOUND,"QIMB_CONSTRAINED_BOUND keeps the side dictated by queue imbalance (the sign that defines the bin) and adds clairvoyant abstention only: max(0, net_side). No new threshold, no side choice and no model enters this bound."
"[-0.2,0.0)",WIDER_THAN_ONE_TICK,50-100,13207,0.011450133586679097,-4.97422583969579,0.0025644705537669105,4.976790310249556,-6.748758559754262,0.00215993135075411,6.750918491105017,-6.037469916786913,0.002230768764494074,6.0397006855514075,0.0007571742257893541,0.0007571742257893541,7.57174225789354e-05,7.57174225789354e-05,7.57174225789354e-05,7.57174225789354e-05,250,0,SIGN(IMBALANCE)_AT_DECISION,M2-COST-LEDGER-v1,QIMB_CONSTRAINED_BOUND,"QIMB_CONSTRAINED_BOUND keeps the side dictated by queue imbalance (the sign that defines the bin) and adds clairvoyant abstention only: max(0, net_side). No new threshold, no side choice and no model enters this bound."
"[-0.2,0.0)",WIDER_THAN_ONE_TICK,100-200,20781,0.007149597024870387,-4.3232257945559835,0.00045693007381751767,4.323682724629801,-5.252155628696027,0.00012044773804675858,5.252276076434074,-4.932510060270002,0.0002161732316182161,4.9327262335016195,0.0007218131947452,0.0007218131947452,4.8120879649679994e-05,4.8120879649679994e-05,0.00033684615754775996,0.00033684615754775996,250,0,SIGN(IMBALANCE)_AT_DECISION,M2-COST-LEDGER-v1,QIMB_CONSTRAINED_BOUND,"QIMB_CONSTRAINED_BOUND keeps the side dictated by queue imbalance (the sign that defines the bin) and adds clairvoyant abstention only: max(0, net_side). No new threshold, no side choice and no model enters this bound."
"[-0.2,0.0)",WIDER_THAN_ONE_TICK,200+,14454,0.0033764386817741006,-4.091709455812233,0.000979660454137378,4.09268911626637,-4.295529632354061,0.0007918893728530898,4.296321521726914,-4.311720400830941,0.0007927326083433595,4.312513133439284,0.00076103500761035,0.00076103500761035,0.0006918500069185001,0.0006918500069185001,0.00076103500761035,0.00076103500761035,250,0,SIGN(IMBALANCE)_AT_DECISION,M2-COST-LEDGER-v1,QIMB_CONSTRAINED_BOUND,"QIMB_CONSTRAINED_BOUND keeps the side dictated by queue imbalance (the sign that defines the bin) and adds clairvoyant abstention only: max(0, net_side). No new threshold, no side choice and no model enters this bound."
"[0.0,0.2)",ONE_TICK,5-25,17975,0.01866106007169739,-12.951387848396577,0.0008562775804912437,12.952244125977067,-23.619350536906456,0.0,23.619350536906456,-18.78904773958315,0.0,18.78904773958315,0.00033379694019471486,0.00033379694019471486,0.0,0.0,0.0,0.0,250,0,SIGN(IMBALANCE)_AT_DECISION,M2-COST-LEDGER-v1,QIMB_CONSTRAINED_BOUND,"QIMB_CONSTRAINED_BOUND keeps the side dictated by queue imbalance (the sign that defines the bin) and adds clairvoyant abstention only: max(0, net_side). No new threshold, no side choice and no model enters this bound."
"[0.0,0.2)",ONE_TICK,25-50,39441,0.005622786192565364,-4.791546028373846,0.0003271017092402997,4.7918731300830855,-8.495854429567881,0.0,8.495854429567881,-6.890785392137788,0.0,6.890785392137788,0.00040566922745366495,0.00040566922745366495,0.0,0.0,0.0,0.0,250,0,SIGN(IMBALANCE)_AT_DECISION,M2-COST-LEDGER-v1,QIMB_CONSTRAINED_BOUND,"QIMB_CONSTRAINED_BOUND keeps the side dictated by queue imbalance (the sign that defines the bin) and adds clairvoyant abstention only: max(0, net_side). No new threshold, no side choice and no model enters this bound."
"[0.0,0.2)",ONE_TICK,50-100,41717,0.004857956847448553,-2.822364210901258,0.0006521779873172564,2.8230163888885755,-4.845623154841342,4.170063570983412e-05,4.845664855477052,-4.019136344197157,0.00019073228829508384,4.019327076485451,0.0008869285902629624,0.0008869285902629624,0.00021573938682072056,0.00021573938682072056,0.00021573938682072056,0.00021573938682072056,250,0,SIGN(IMBALANCE)_AT_DECISION,M2-COST-LEDGER-v1,QIMB_CONSTRAINED_BOUND,"QIMB_CONSTRAINED_BOUND keeps the side dictated by queue imbalance (the sign that defines the bin) and adds clairvoyant abstention only: max(0, net_side). No new threshold, no side choice and no model enters this bound."
"[0.0,0.2)",ONE_TICK,100-200,10234,0.007389813296183739,-1.5407498763884702,0.0009447772825727723,1.541694653671043,-2.4620714959763834,0.0003189720276907198,2.462390468004074,-2.1459496909960434,0.00044238521594373154,2.1463920762119875,0.0025405511041625955,0.0025405511041625955,0.0004885675200312683,0.0004885675200312683,0.0004885675200312683,0.0004885675200312683,250,0,SIGN(IMBALANCE)_AT_DECISION,M2-COST-LEDGER-v1,QIMB_CONSTRAINED_BOUND,"QIMB_CONSTRAINED_BOUND keeps the side dictated by queue imbalance (the sign that defines the bin) and adds clairvoyant abstention only: max(0, net_side). No new threshold, no side choice and no model enters this bound."
"[0.0,0.2)",ONE_TICK,200+,1436,-0.024491737074320324,-1.0378046850530391,0.0,1.0378046850530391,-1.4893111337846119,0.0,1.4893111337846119,-1.3907853907908485,0.0,1.3907853907908485,0.0,0.0,0.0,0.0,0.0,0.0,250,0,SIGN(IMBALANCE)_AT_DECISION,M2-COST-LEDGER-v1,QIMB_CONSTRAINED_BOUND,"QIMB_CONSTRAINED_BOUND keeps the side dictated by queue imbalance (the sign that defines the bin) and adds clairvoyant abstention only: max(0, net_side). No new threshold, no side choice and no model enters this bound."
"[0.0,0.2)",WIDER_THAN_ONE_TICK,5-25,685,-0.03757324379586999,-18.865426720849744,0.0022492201434173055,18.86767594099316,-27.67235432181261,0.0,27.67235432181261,-23.70399454248712,0.0,23.70399454248712,0.00145985401459854,0.00145985401459854,0.0,0.0,0.0,0.0,250,0,SIGN(IMBALANCE)_AT_DECISION,M2-COST-LEDGER-v1,QIMB_CONSTRAINED_BOUND,"QIMB_CONSTRAINED_BOUND keeps the side dictated by queue imbalance (the sign that defines the bin) and adds clairvoyant abstention only: max(0, net_side). No new threshold, no side choice and no model enters this bound."
"[0.0,0.2)",WIDER_THAN_ONE_TICK,25-50,3227,0.07118954012017321,-8.812400003797414,0.007506307899521312,8.819906311696938,-12.099241009304409,0.0032851838808498415,12.10252619318526,-10.68752303191718,0.004939176476387555,10.692462208393566,0.0018593120545398203,0.0018593120545398203,0.0012395413696932136,0.0012395413696932136,0.0012395413696932136,0.0012395413696932136,250,0,SIGN(IMBALANCE)_AT_DECISION,M2-COST-LEDGER-v1,QIMB_CONSTRAINED_BOUND,"QIMB_CONSTRAINED_BOUND keeps the side dictated by queue imbalance (the sign that defines the bin) and adds clairvoyant abstention only: max(0, net_side). No new threshold, no side choice and no model enters this bound."
"[0.0,0.2)",WIDER_THAN_ONE_TICK,50-100,12977,0.014534109558007704,-4.888928414951883,0.0015409311687684937,4.890469346120651,-6.6283918289281445,0.0008619297339009244,6.6292537586620455,-5.933345622079198,0.0010676917871270076,5.934413313866325,0.0006935347152654697,0.0006935347152654697,0.0003082376512290976,0.0003082376512290976,0.0003082376512290976,0.0003082376512290976,250,0,SIGN(IMBALANCE)_AT_DECISION,M2-COST-LEDGER-v1,QIMB_CONSTRAINED_BOUND,"QIMB_CONSTRAINED_BOUND keeps the side dictated by queue imbalance (the sign that defines the bin) and adds clairvoyant abstention only: max(0, net_side). No new threshold, no side choice and no model enters this bound."
"[0.0,0.2)",WIDER_THAN_ONE_TICK,100-200,23406,0.004440041665411461,-4.310974669312737,0.00045282390670255184,4.311427493219439,-5.233125390932872,0.00019131670383879294,5.23331670763671,-4.916619585289318,0.00026546021949053054,4.916885045508809,0.0005981372297701444,0.0005981372297701444,0.0002990686148850722,0.0002990686148850722,0.0002990686148850722,0.0002990686148850722,250,0,SIGN(IMBALANCE)_AT_DECISION,M2-COST-LEDGER-v1,QIMB_CONSTRAINED_BOUND,"QIMB_CONSTRAINED_BOUND keeps the side dictated by queue imbalance (the sign that defines the bin) and adds clairvoyant abstention only: max(0, net_side). No new threshold, no side choice and no model enters this bound."
"[0.0,0.2)",WIDER_THAN_ONE_TICK,200+,15922,0.0073727148388564945,-3.91518711976319,0.00043547967636889965,3.915622599439559,-4.114584398834213,0.00026402295272307506,4.114848421786935,-4.132823643247839,0.00028149652697014515,4.13310513977481,0.0005652556211531214,0.0005652556211531214,0.0005652556211531214,0.0005652556211531214,0.0005024494410249969,0.0005024494410249969,250,0,SIGN(IMBALANCE)_AT_DECISION,M2-COST-LEDGER-v1,QIMB_CONSTRAINED_BOUND,"QIMB_CONSTRAINED_BOUND keeps the side dictated by queue imbalance (the sign that defines the bin) and adds clairvoyant abstention only: max(0, net_side). No new threshold, no side choice and no model enters this bound."
"[0.2,0.4)",ONE_TICK,5-25,17068,0.05514131027513237,-12.480681817534823,0.0016890766939575553,12.482370894228781,-22.77580441154849,4.463110656151848e-07,22.775804857859555,-18.118183429001846,0.0003152605578256236,18.11849868955967,0.00046871338176704945,0.00046871338176704945,5.858917272088118e-05,5.858917272088118e-05,5.858917272088118e-05,5.858917272088118e-05,250,0,SIGN(IMBALANCE)_AT_DECISION,M2-COST-LEDGER-v1,QIMB_CONSTRAINED_BOUND,"QIMB_CONSTRAINED_BOUND keeps the side dictated by queue imbalance (the sign that defines the bin) and adds clairvoyant abstention only: max(0, net_side). No new threshold, no side choice and no model enters this bound."
"[0.2,0.4)",ONE_TICK,25-50,41760,0.02186028141021789,-4.716826087681309,0.0005883279275455019,4.717414415608854,-8.367059886304489,2.0427911736696742e-08,8.3670599067324,-6.787035635213373,5.336404789622836e-05,6.787088999261267,0.0006226053639846744,0.0006226053639846744,4.789272030651341e-05,4.789272030651341e-05,4.789272030651341e-05,4.789272030651341e-05,250,0,SIGN(IMBALANCE)_AT_DECISION,M2-COST-LEDGER-v1,QIMB_CONSTRAINED_BOUND,"QIMB_CONSTRAINED_BOUND keeps the side dictated by queue imbalance (the sign that defines the bin) and adds clairvoyant abstention only: max(0, net_side). No new threshold, no side choice and no model enters this bound."
"[0.2,0.4)",ONE_TICK,50-100,50106,0.01739771805623021,-2.791825597969651,0.00037100898167890736,2.7921966069513293,-4.795866705127592,2.4534435188381993e-05,4.79589123956278,-3.978280683268223,7.020732324701404e-05,3.9783508905914697,0.0006785614497265797,0.0006785614497265797,7.983075879136232e-05,7.983075879136232e-05,7.983075879136232e-05,7.983075879136232e-05,250,0,SIGN(IMBALANCE)_AT_DECISION,M2-COST-LEDGER-v1,QIMB_CONSTRAINED_BOUND,"QIMB_CONSTRAINED_BOUND keeps the side dictated by queue imbalance (the sign that defines the bin) and adds clairvoyant abstention only: max(0, net_side). No new threshold, no side choice and no model enters this bound."
"[0.2,0.4)",ONE_TICK,100-200,14105,0.016161591145107502,-1.541874646866255,0.0009109124147763355,1.5427855592810316,-2.467897528024456,0.00019114548398837438,2.4680886735084444,-2.1495983220840773,0.00034473883496573173,2.149943060919043,0.0027649769585253456,0.0027649769585253456,0.00042538107054236086,0.00042538107054236086,0.00042538107054236086,0.00042538107054236086,250,0,SIGN(IMBALANCE)_AT_DECISION,M2-COST-LEDGER-v1,QIMB_CONSTRAINED_BOUND,"QIMB_CONSTRAINED_BOUND keeps the side dictated by queue imbalance (the sign that defines the bin) and adds clairvoyant abstention only: max(0, net_side). No new threshold, no side choice and no model enters this bound."
"[0.2,0.4)",ONE_TICK,200+,1338,0.023360179309819797,-1.0064895791027066,0.0010410040796156007,1.0075305831823225,-1.4602391127663208,0.00035956973410761347,1.4605986825004282,-1.360674479421222,0.0005098704340598353,1.3611843498552818,0.0014947683109118087,0.0014947683109118087,0.0014947683109118087,0.0014947683109118087,0.0014947683109118087,0.0014947683109118087,250,0,SIGN(IMBALANCE)_AT_DECISION,M2-COST-LEDGER-v1,QIMB_CONSTRAINED_BOUND,"QIMB_CONSTRAINED_BOUND keeps the side dictated by queue imbalance (the sign that defines the bin) and adds clairvoyant abstention only: max(0, net_side). No new threshold, no side choice and no model enters this bound."
"[0.2,0.4)",WIDER_THAN_ONE_TICK,5-25,729,-0.012027181474327318,-22.50143148727379,0.0,22.50143148727379,-32.49691453740884,0.0,32.49691453740884,-27.978072353010834,0.0,27.978072353010834,0.0,0.0,0.0,0.0,0.0,0.0,250,0,SIGN(IMBALANCE)_AT_DECISION,M2-COST-LEDGER-v1,QIMB_CONSTRAINED_BOUND,"QIMB_CONSTRAINED_BOUND keeps the side dictated by queue imbalance (the sign that defines the bin) and adds clairvoyant abstention only: max(0, net_side). No new threshold, no side choice and no model enters this bound."
"[0.2,0.4)",WIDER_THAN_ONE_TICK,25-50,5310,0.021688535962687407,-9.602445996543038,0.0039870508608912955,9.60643304740393,-12.801243582443712,0.0017689337550977392,12.803012516198812,-11.430303133281564,0.0025357528795565834,11.432838886161122,0.0011299435028248588,0.0011299435028248588,0.0005649717514124294,0.0005649717514124294,0.0005649717514124294,0.0005649717514124294,250,0,SIGN(IMBALANCE)_AT_DECISION,M2-COST-LEDGER-v1,QIMB_CONSTRAINED_BOUND,"QIMB_CONSTRAINED_BOUND keeps the side dictated by queue imbalance (the sign that defines the bin) and adds clairvoyant abstention only: max(0, net_side). No new threshold, no side choice and no model enters this bound."
"[0.2,0.4)",WIDER_THAN_ONE_TICK,50-100,19546,0.019154630783106634,-5.298746441611573,0.0009065258161443922,5.299652967427716,-7.010021786280751,5.319543711807571e-05,7.010074981717869,-6.328030953665562,0.00030440089550443376,6.328335354561066,0.0009720658958354651,0.0009720658958354651,0.0004092909035096695,0.0004092909035096695,0.0004092909035096695,0.0004092909035096695,250,0,SIGN(IMBALANCE)_AT_DECISION,M2-COST-LEDGER-v1,QIMB_CONSTRAINED_BOUND,"QIMB_CONSTRAINED_BOUND keeps the side dictated by queue imbalance (the sign that defines the bin) and adds clairvoyant abstention only: max(0, net_side). No new threshold, no side choice and no model enters this bound."
"[0.2,0.4)",WIDER_THAN_ONE_TICK,100-200,35255,0.013724801198212023,-4.559447430157023,0.00109598389930957,4.560543414056333,-5.487676796529116,0.0004152941468271514,5.488092090675944,-5.1683556514876665,0.0006184531907497307,5.168974104678417,0.0014466033186782017,0.0014466033186782017,0.0006523897319529145,0.0006523897319529145,0.0006523897319529145,0.0006523897319529145,250,0,SIGN(IMBALANCE)_AT_DECISION,M2-COST-LEDGER-v1,QIMB_CONSTRAINED_BOUND,"QIMB_CONSTRAINED_BOUND keeps the side dictated by queue imbalance (the sign that defines the bin) and adds clairvoyant abstention only: max(0, net_side). No new threshold, no side choice and no model enters this bound."
"[0.2,0.4)",WIDER_THAN_ONE_TICK,200+,17849,0.014806508555449713,-4.380680026341571,0.0008624509383762749,4.381542477279947,-4.5792149565294755,0.0007247649589021912,4.579939721488378,-4.5978535999677925,0.0007270652492273406,4.59858066521702,0.0005602554764972828,0.0005602554764972828,0.0005602554764972828,0.0005602554764972828,0.0005042299288475545,0.0005042299288475545,250,0,SIGN(IMBALANCE)_AT_DECISION,M2-COST-LEDGER-v1,QIMB_CONSTRAINED_BOUND,"QIMB_CONSTRAINED_BOUND keeps the side dictated by queue imbalance (the sign that defines the bin) and adds clairvoyant abstention only: max(0, net_side). No new threshold, no side choice and no model enters this bound."
"[0.4,0.6)",ONE_TICK,5-25,12418,0.082075919734152,-11.825805624319038,0.002009401309208126,11.827815025628247,-21.586397576579948,0.0,21.586397576579948,-17.176345786923676,0.0,17.176345786923676,0.0008052826542116283,0.0008052826542116283,0.0,0.0,0.0,0.0,250,0,SIGN(IMBALANCE)_AT_DECISION,M2-COST-LEDGER-v1,QIMB_CONSTRAINED_BOUND,"QIMB_CONSTRAINED_BOUND keeps the side dictated by queue imbalance (the sign that defines the bin) and adds clairvoyant abstention only: max(0, net_side). No new threshold, no side choice and no model enters this bound."
"[0.4,0.6)",ONE_TICK,25-50,32172,0.0407462191828855,-4.667137865885655,0.0005394792279914463,4.667677345113647,-8.291909567956369,0.0,8.291909567956369,-6.723678150054611,0.0,6.723678150054611,0.0006216585851050603,0.0006216585851050603,0.0,0.0,0.0,0.0,250,0,SIGN(IMBALANCE)_AT_DECISION,M2-COST-LEDGER-v1,QIMB_CONSTRAINED_BOUND,"QIMB_CONSTRAINED_BOUND keeps the side dictated by queue imbalance (the sign that defines the bin) and adds clairvoyant abstention only: max(0, net_side). No new threshold, no side choice and no model enters this bound."
"[0.4,0.6)",ONE_TICK,50-100,36384,0.03039531453243958,-2.7825956673813312,0.0006220254002289035,2.78321769278156,-4.790071666600169,2.7351041122153514e-08,4.7900716939512105,-3.9708947659608804,9.424341882152824e-05,3.970989009379702,0.0011818381706244503,0.0011818381706244503,0.00013742304309586633,0.00013742304309586633,0.00013742304309586633,0.00013742304309586633,250,0,SIGN(IMBALANCE)_AT_DECISION,M2-COST-LEDGER-v1,QIMB_CONSTRAINED_BOUND,"QIMB_CONSTRAINED_BOUND keeps the side dictated by queue imbalance (the sign that defines the bin) and adds clairvoyant abstention only: max(0, net_side). No new threshold, no side choice and no model enters this bound."
"[0.4,0.6)",ONE_TICK,100-200,9764,0.020893853618033698,-1.516941380317113,0.0005060504278935718,1.5174474307450065,-2.426607790548753,2.0301345936416984e-08,2.4266078108500992,-2.115884124698172,9.150750561965012e-05,2.1159756322037917,0.0028676771814829987,0.0028676771814829987,0.0003072511265874642,0.0003072511265874642,0.0003072511265874642,0.0003072511265874642,250,0,SIGN(IMBALANCE)_AT_DECISION,M2-COST-LEDGER-v1,QIMB_CONSTRAINED_BOUND,"QIMB_CONSTRAINED_BOUND keeps the side dictated by queue imbalance (the sign that defines the bin) and adds clairvoyant abstention only: max(0, net_side). No new threshold, no side choice and no model enters this bound."
"[0.4,0.6)",ONE_TICK,200+,1333,0.02872003393984032,-1.0040754367397975,0.00034486829170176145,1.0044203050314993,-1.4583060009136548,1.744402022013443e-08,1.458306018357675,-1.3585185770943073,7.677228708531182e-05,1.3585953493813925,0.0007501875468867217,0.0007501875468867217,0.0007501875468867217,0.0007501875468867217,0.0007501875468867217,0.0007501875468867217,250,0,SIGN(IMBALANCE)_AT_DECISION,M2-COST-LEDGER-v1,QIMB_CONSTRAINED_BOUND,"QIMB_CONSTRAINED_BOUND keeps the side dictated by queue imbalance (the sign that defines the bin) and adds clairvoyant abstention only: max(0, net_side). No new threshold, no side choice and no model enters this bound."
"[0.4,0.6)",WIDER_THAN_ONE_TICK,5-25,490,0.2827526768027103,-21.955609154391887,0.0,21.955609154391887,-31.30325369429351,0.0,31.30325369429351,-27.084459523187842,0.0,27.084459523187842,0.0,0.0,0.0,0.0,0.0,0.0,250,0,SIGN(IMBALANCE)_AT_DECISION,M2-COST-LEDGER-v1,QIMB_CONSTRAINED_BOUND,"QIMB_CONSTRAINED_BOUND keeps the side dictated by queue imbalance (the sign that defines the bin) and adds clairvoyant abstention only: max(0, net_side). No new threshold, no side choice and no model enters this bound."
"[0.4,0.6)",WIDER_THAN_ONE_TICK,25-50,3302,0.01625999609691033,-8.955788730564453,0.0017891745459928065,8.957577905110446,-12.09003002058711,0.0006264924475357683,12.090656513034642,-10.748988980024075,0.0009641778473185194,10.749953157871396,0.0009085402786190188,0.0009085402786190188,0.0003028467595396729,0.0003028467595396729,0.0003028467595396729,0.0003028467595396729,250,0,SIGN(IMBALANCE)_AT_DECISION,M2-COST-LEDGER-v1,QIMB_CONSTRAINED_BOUND,"QIMB_CONSTRAINED_BOUND keeps the side dictated by queue imbalance (the sign that defines the bin) and adds clairvoyant abstention only: max(0, net_side). No new threshold, no side choice and no model enters this bound."
"[0.4,0.6)",WIDER_THAN_ONE_TICK,50-100,11239,0.03703107437108324,-5.238227986024055,0.0009585913837123005,5.239186577407766,-6.926302578565189,0.00016228317826388102,6.926464861743453,-6.255057231858825,0.00040163100858039264,6.255458862867406,0.0008897588753447815,0.0008897588753447815,0.0003559035501379126,0.0003559035501379126,0.0003559035501379126,0.0003559035501379126,250,0,SIGN(IMBALANCE)_AT_DECISION,M2-COST-LEDGER-v1,QIMB_CONSTRAINED_BOUND,"QIMB_CONSTRAINED_BOUND keeps the side dictated by queue imbalance (the sign that defines the bin) and adds clairvoyant abstention only: max(0, net_side). No new threshold, no side choice and no model enters this bound."
"[0.4,0.6)",WIDER_THAN_ONE_TICK,100-200,19249,0.03476547206743035,-4.5513448388185935,0.0010798754070065885,4.5524247142256,-5.472569255616998,0.0003722455401235884,5.472941501157121,-5.156492470349778,0.0005815257223818741,5.157073996072159,0.001506571769962076,0.001506571769962076,0.0007273105096368643,0.0007273105096368643,0.0007273105096368643,0.0007273105096368643,250,0,SIGN(IMBALANCE)_AT_DECISION,M2-COST-LEDGER-v1,QIMB_CONSTRAINED_BOUND,"QIMB_CONSTRAINED_BOUND keeps the side dictated by queue imbalance (the sign that defines the bin) and adds clairvoyant abstention only: max(0, net_side). No new threshold, no side choice and no model enters this bound."
"[0.4,0.6)",WIDER_THAN_ONE_TICK,200+,11476,0.014461632873574267,-4.417704747882452,0.00016742919952395476,4.417872177081976,-4.614880306546872,0.00010495486616815494,4.61498526141304,-4.634148546278872,9.131805411332482e-05,4.634239864332985,0.0003485535029627048,0.0003485535029627048,0.000435691878703381,0.000435691878703381,0.00026141512722202857,0.00026141512722202857,250,0,SIGN(IMBALANCE)_AT_DECISION,M2-COST-LEDGER-v1,QIMB_CONSTRAINED_BOUND,"QIMB_CONSTRAINED_BOUND keeps the side dictated by queue imbalance (the sign that defines the bin) and adds clairvoyant abstention only: max(0, net_side). No new threshold, no side choice and no model enters this bound."
"[0.6,0.8)",ONE_TICK,5-25,7758,0.16195558875756358,-11.103056949859742,0.0028684240428815825,11.105925373902624,-20.30301928635919,0.0,20.30301928635919,-16.15262449415659,0.0,16.15262449415659,0.0010311936065996391,0.0010311936065996391,0.0,0.0,0.0,0.0,250,0,SIGN(IMBALANCE)_AT_DECISION,M2-COST-LEDGER-v1,QIMB_CONSTRAINED_BOUND,"QIMB_CONSTRAINED_BOUND keeps the side dictated by queue imbalance (the sign that defines the bin) and adds clairvoyant abstention only: max(0, net_side). No new threshold, no side choice and no model enters this bound."
"[0.6,0.8)",ONE_TICK,25-50,21373,0.07879025581689847,-4.642422873514785,0.0014221720132741276,4.643845045528059,-8.2732195982653,9.843031973263679e-05,8.273318028585033,-6.702197676161401,0.00026070769985422616,6.702458383861254,0.001403640106676648,0.001403640106676648,0.0001403640106676648,0.0001403640106676648,0.0001403640106676648,0.0001403640106676648,250,0,SIGN(IMBALANCE)_AT_DECISION,M2-COST-LEDGER-v1,QIMB_CONSTRAINED_BOUND,"QIMB_CONSTRAINED_BOUND keeps the side dictated by queue imbalance (the sign that defines the bin) and adds clairvoyant abstention only: max(0, net_side). No new threshold, no side choice and no model enters this bound."
"[0.6,0.8)",ONE_TICK,50-100,26764,0.05361280129955166,-2.7370706449868543,0.0008286711232604886,2.7378993161101146,-4.721593627685168,0.00011296157789944312,4.721706589263068,-3.913047473593453,0.00019407798111685764,3.9132415515745698,0.00134509041996712,0.00134509041996712,0.00011209086833059333,0.00011209086833059333,0.00011209086833059333,0.00011209086833059333,250,0,SIGN(IMBALANCE)_AT_DECISION,M2-COST-LEDGER-v1,QIMB_CONSTRAINED_BOUND,"QIMB_CONSTRAINED_BOUND keeps the side dictated by queue imbalance (the sign that defines the bin) and adds clairvoyant abstention only: max(0, net_side). No new threshold, no side choice and no model enters this bound."
"[0.6,0.8)",ONE_TICK,100-200,7267,0.039234461676781004,-1.4806779877414584,0.0009152377416996896,1.481593225483158,-2.3634006285768923,0.0003486986369261507,2.3637493272138186,-2.0651560363692565,0.0004155863665895568,2.0655716227358463,0.0034402091647172148,0.0034402091647172148,0.00041282509976606576,0.00041282509976606576,0.00041282509976606576,0.00041282509976606576,250,0,SIGN(IMBALANCE)_AT_DECISION,M2-COST-LEDGER-v1,QIMB_CONSTRAINED_BOUND,"QIMB_CONSTRAINED_BOUND keeps the side dictated by queue imbalance (the sign that defines the bin) and adds clairvoyant abstention only: max(0, net_side). No new threshold, no side choice and no model enters this bound."
"[0.6,0.8)",ONE_TICK,200+,1148,0.05322707288336906,-1.0053214844738751,0.0007881674637745799,1.0061096519376498,-1.4591611479233109,3.96265963766758e-08,1.459161187549907,-1.3595547707442983,0.00017239645850453345,1.3597271672028026,0.0017421602787456446,0.0017421602787456446,0.0017421602787456446,0.0017421602787456446,0.0017421602787456446,0.0017421602787456446,250,0,SIGN(IMBALANCE)_AT_DECISION,M2-COST-LEDGER-v1,QIMB_CONSTRAINED_BOUND,"QIMB_CONSTRAINED_BOUND keeps the side dictated by queue imbalance (the sign that defines the bin) and adds clairvoyant abstention only: max(0, net_side). No new threshold, no side choice and no model enters this bound."
"[0.6,0.8)",WIDER_THAN_ONE_TICK,5-25,381,0.3341535318932813,-29.953783205304255,0.09280724004417387,30.04659044534842,-39.70391090820301,0.05141365122715221,39.755324559430164,-35.298705661600465,0.06727734788383846,35.365983009484296,0.005249343832020997,0.005249343832020997,0.0026246719160104987,0.0026246719160104987,0.0026246719160104987,0.0026246719160104987,250,0,SIGN(IMBALANCE)_AT_DECISION,M2-COST-LEDGER-v1,QIMB_CONSTRAINED_BOUND,"QIMB_CONSTRAINED_BOUND keeps the side dictated by queue imbalance (the sign that defines the bin) and adds clairvoyant abstention only: max(0, net_side). No new threshold, no side choice and no model enters this bound."
"[0.6,0.8)",WIDER_THAN_ONE_TICK,25-50,2778,0.07645008574980673,-9.465211209011997,0.003147994244409331,9.468359203256405,-12.49725585261343,1.843715786787066e-06,12.497257696329218,-11.20354744238875,0.0010840833097592057,11.20463152569851,0.0017998560115190785,0.0017998560115190785,0.0007199424046076314,0.0007199424046076314,0.0007199424046076314,0.0007199424046076314,250,0,SIGN(IMBALANCE)_AT_DECISION,M2-COST-LEDGER-v1,QIMB_CONSTRAINED_BOUND,"QIMB_CONSTRAINED_BOUND keeps the side dictated by queue imbalance (the sign that defines the bin) and adds clairvoyant abstention only: max(0, net_side). No new threshold, no side choice and no model enters this bound."
"[0.6,0.8)",WIDER_THAN_ONE_TICK,50-100,6871,0.06228727201954763,-5.532959303162042,0.008759774949860813,5.541719078111902,-7.255317813299478,0.007039801067489541,7.262357614366969,-6.568193785100496,0.007602665955820797,6.575796451056317,0.0016009314510260515,0.0016009314510260515,0.0007276961141027507,0.0007276961141027507,0.0007276961141027507,0.0007276961141027507,250,0,SIGN(IMBALANCE)_AT_DECISION,M2-COST-LEDGER-v1,QIMB_CONSTRAINED_BOUND,"QIMB_CONSTRAINED_BOUND keeps the side dictated by queue imbalance (the sign that defines the bin) and adds clairvoyant abstention only: max(0, net_side). No new threshold, no side choice and no model enters this bound."
"[0.6,0.8)",WIDER_THAN_ONE_TICK,100-200,12963,0.03555771167362539,-4.807712544196773,0.002523680424593447,4.8102362246213675,-5.695966685512198,0.0019748084317269595,5.697941493943925,-5.395160165133683,0.0021200091732955346,5.39728017430698,0.0014657100979711486,0.0014657100979711486,0.0005399984571472653,0.0005399984571472653,0.0005399984571472653,0.0005399984571472653,250,0,SIGN(IMBALANCE)_AT_DECISION,M2-COST-LEDGER-v1,QIMB_CONSTRAINED_BOUND,"QIMB_CONSTRAINED_BOUND keeps the side dictated by queue imbalance (the sign that defines the bin) and adds clairvoyant abstention only: max(0, net_side). No new threshold, no side choice and no model enters this bound."
"[0.6,0.8)",WIDER_THAN_ONE_TICK,200+,10700,0.02500617409160412,-4.944765615221,0.0019508768856133978,4.946716492106613,-5.152169628192411,0.0016292466496679301,5.153798874842079,-5.166700533935485,0.001674854800829222,5.1683753887363135,0.0009345794392523365,0.0009345794392523365,0.0009345794392523365,0.0009345794392523365,0.0009345794392523365,0.0009345794392523365,250,0,SIGN(IMBALANCE)_AT_DECISION,M2-COST-LEDGER-v1,QIMB_CONSTRAINED_BOUND,"QIMB_CONSTRAINED_BOUND keeps the side dictated by queue imbalance (the sign that defines the bin) and adds clairvoyant abstention only: max(0, net_side). No new threshold, no side choice and no model enters this bound."
"[0.8,1.0]",ONE_TICK,5-25,3436,0.2624533941130196,-10.776564756549547,0.0010103145283261634,10.777575071077873,-19.75833267367666,0.0,19.75833267367666,-15.708995168143472,0.0,15.708995168143472,0.0002910360884749709,0.0002910360884749709,0.0,0.0,0.0,0.0,250,0,SIGN(IMBALANCE)_AT_DECISION,M2-COST-LEDGER-v1,QIMB_CONSTRAINED_BOUND,"QIMB_CONSTRAINED_BOUND keeps the side dictated by queue imbalance (the sign that defines the bin) and adds clairvoyant abstention only: max(0, net_side). No new threshold, no side choice and no model enters this bound."
"[0.8,1.0]",ONE_TICK,25-50,8205,0.12105597054415337,-4.627696582214843,0.0014811391099561397,4.629177721324799,-8.278080430399374,2.3814549975977032e-07,8.278080668544874,-6.6979866834816475,0.0005087168366572773,6.698495400318304,0.0007312614259597807,0.0007312614259597807,0.00036563071297989033,0.00036563071297989033,0.00036563071297989033,0.00036563071297989033,250,0,SIGN(IMBALANCE)_AT_DECISION,M2-COST-LEDGER-v1,QIMB_CONSTRAINED_BOUND,"QIMB_CONSTRAINED_BOUND keeps the side dictated by queue imbalance (the sign that defines the bin) and adds clairvoyant abstention only: max(0, net_side). No new threshold, no side choice and no model enters this bound."
"[0.8,1.0]",ONE_TICK,50-100,12186,0.05614105442480484,-2.5720238580921113,0.0006483370701781708,2.5726721951622893,-4.41712168888286,4.7536278979984257e-08,4.417121736419139,-3.6731506398088647,0.00014143836148928314,3.673292078170354,0.0009847365829640572,0.0009847365829640572,0.00016412276382734285,0.00016412276382734285,0.00016412276382734285,0.00016412276382734285,250,0,SIGN(IMBALANCE)_AT_DECISION,M2-COST-LEDGER-v1,QIMB_CONSTRAINED_BOUND,"QIMB_CONSTRAINED_BOUND keeps the side dictated by queue imbalance (the sign that defines the bin) and adds clairvoyant abstention only: max(0, net_side). No new threshold, no side choice and no model enters this bound."
"[0.8,1.0]",ONE_TICK,100-200,5429,0.05273196385089709,-1.426788523988709,0.00043232135230364643,1.4272208453410127,-2.2646170051321013,1.70373253228368e-08,2.2646170221694266,-1.9871652543675782,7.533636616603141e-05,1.9872405907337443,0.002947135752440597,0.002947135752440597,0.0001841959845275373,0.0001841959845275373,0.0001841959845275373,0.0001841959845275373,250,0,SIGN(IMBALANCE)_AT_DECISION,M2-COST-LEDGER-v1,QIMB_CONSTRAINED_BOUND,"QIMB_CONSTRAINED_BOUND keeps the side dictated by queue imbalance (the sign that defines the bin) and adds clairvoyant abstention only: max(0, net_side). No new threshold, no side choice and no model enters this bound."
"[0.8,1.0]",ONE_TICK,200+,964,0.11744612640131873,-0.9962455706315471,0.003398473444312906,0.99964404407586,-1.4490346663009483,0.0014980301979502478,1.4505326964988985,-1.3499148621957018,0.0019193430907855447,1.3518342052864871,0.004149377593360996,0.004149377593360996,0.004149377593360996,0.004149377593360996,0.004149377593360996,0.004149377593360996,250,0,SIGN(IMBALANCE)_AT_DECISION,M2-COST-LEDGER-v1,QIMB_CONSTRAINED_BOUND,"QIMB_CONSTRAINED_BOUND keeps the side dictated by queue imbalance (the sign that defines the bin) and adds clairvoyant abstention only: max(0, net_side). No new threshold, no side choice and no model enters this bound."
"[0.8,1.0]",WIDER_THAN_ONE_TICK,5-25,286,0.737845243559674,-30.449287922993587,0.0,30.449287922993587,-40.408756467336765,0.0,40.408756467336765,-35.90659449064772,0.0,35.90659449064772,0.0,0.0,0.0,0.0,0.0,0.0,250,0,SIGN(IMBALANCE)_AT_DECISION,M2-COST-LEDGER-v1,QIMB_CONSTRAINED_BOUND,"QIMB_CONSTRAINED_BOUND keeps the side dictated by queue imbalance (the sign that defines the bin) and adds clairvoyant abstention only: max(0, net_side). No new threshold, no side choice and no model enters this bound."
"[0.8,1.0]",WIDER_THAN_ONE_TICK,25-50,1390,-0.051328401969455525,-10.065394098204733,0.0032840414478516352,10.068678139652585,-13.110172048691075,6.687442772502141e-07,13.110172717435352,-11.810566175791505,0.0008440324064408578,11.811410208197943,0.002158273381294964,0.002158273381294964,0.0007194244604316547,0.0007194244604316547,0.0007194244604316547,0.0007194244604316547,250,0,SIGN(IMBALANCE)_AT_DECISION,M2-COST-LEDGER-v1,QIMB_CONSTRAINED_BOUND,"QIMB_CONSTRAINED_BOUND keeps the side dictated by queue imbalance (the sign that defines the bin) and adds clairvoyant abstention only: max(0, net_side). No new threshold, no side choice and no model enters this bound."
"[0.8,1.0]",WIDER_THAN_ONE_TICK,50-100,3494,0.035719237117315214,-5.890428590066637,0.0011139916607656147,5.891542581727404,-7.52939351503292,2.1908385234711503e-07,7.5293937341167725,-6.880893432704204,0.0002992308930526485,6.881192663597257,0.0011448196908986834,0.0011448196908986834,0.00028620492272467084,0.00028620492272467084,0.00028620492272467084,0.00028620492272467084,250,0,SIGN(IMBALANCE)_AT_DECISION,M2-COST-LEDGER-v1,QIMB_CONSTRAINED_BOUND,"QIMB_CONSTRAINED_BOUND keeps the side dictated by queue imbalance (the sign that defines the bin) and adds clairvoyant abstention only: max(0, net_side). No new threshold, no side choice and no model enters this bound."
"[0.8,1.0]",WIDER_THAN_ONE_TICK,100-200,18124,0.047665938126649814,-5.460842072239374,0.002505699734635239,5.463347771974008,-6.31738822979236,0.0017202850450067566,6.319108514837367,-6.031267340760456,0.0019202382974248262,6.0331875790578815,0.0020414919443831384,0.0020414919443831384,0.0009379827852571177,0.0009379827852571177,0.0009379827852571177,0.0009379827852571177,250,0,SIGN(IMBALANCE)_AT_DECISION,M2-COST-LEDGER-v1,QIMB_CONSTRAINED_BOUND,"QIMB_CONSTRAINED_BOUND keeps the side dictated by queue imbalance (the sign that defines the bin) and adds clairvoyant abstention only: max(0, net_side). No new threshold, no side choice and no model enters this bound."
"[0.8,1.0]",WIDER_THAN_ONE_TICK,200+,31363,0.01656088726532511,-4.2987253243539865,0.0011073061377714353,4.299832630491757,-4.399706220031316,0.0010042208126915036,4.400710440844008,-4.463527256583317,0.0009776852527538802,4.46450494183607,0.0006376940981411217,0.0006376940981411217,0.000765232917769346,0.000765232917769346,0.0005420399834199535,0.0005420399834199535,250,0,SIGN(IMBALANCE)_AT_DECISION,M2-COST-LEDGER-v1,QIMB_CONSTRAINED_BOUND,"QIMB_CONSTRAINED_BOUND keeps the side dictated by queue imbalance (the sign that defines the bin) and adds clairvoyant abstention only: max(0, net_side). No new threshold, no side choice and no model enters this bound."
"[-1.0,-0.8)",ONE_TICK,5-25,2938,0.4883976671579722,-10.887559625430454,0.003539398771817456,10.891099024202271,-20.149377991582266,0.0,20.149377991582266,-15.970334425782283,0.0,15.970334425782283,0.0013614703880190605,0.0013614703880190605,0.0,0.0,0.0,0.0,500,0,SIGN(IMBALANCE)_AT_DECISION,M2-COST-LEDGER-v1,QIMB_CONSTRAINED_BOUND,"QIMB_CONSTRAINED_BOUND keeps the side dictated by queue imbalance (the sign that defines the bin) and adds clairvoyant abstention only: max(0, net_side). No new threshold, no side choice and no model enters this bound."
"[-1.0,-0.8)",ONE_TICK,25-50,6607,0.2397041457318963,-4.378003774371994,0.004983465199134811,4.382987239571128,-7.902664946938654,0.0005067959096202712,7.903171742848274,-6.380799969149434,0.0015693839828984934,6.382369353132335,0.0033298017254427123,0.0033298017254427123,0.00015135462388375965,0.00015135462388375965,0.0007567731194187983,0.0007567731194187983,500,0,SIGN(IMBALANCE)_AT_DECISION,M2-COST-LEDGER-v1,QIMB_CONSTRAINED_BOUND,"QIMB_CONSTRAINED_BOUND keeps the side dictated by queue imbalance (the sign that defines the bin) and adds clairvoyant abstention only: max(0, net_side). No new threshold, no side choice and no model enters this bound."
"[-1.0,-0.8)",ONE_TICK,50-100,8932,0.12131356072704474,-2.701399687593773,0.0011605230420756376,2.702560210635849,-4.698586137926857,0.0,4.698586137926857,-3.8841748673822227,0.0002240920345165664,3.88439895941674,0.001903269144648455,0.001903269144648455,0.0,0.0,0.0003358710255261979,0.0003358710255261979,500,0,SIGN(IMBALANCE)_AT_DECISION,M2-COST-LEDGER-v1,QIMB_CONSTRAINED_BOUND,"QIMB_CONSTRAINED_BOUND keeps the side dictated by queue imbalance (the sign that defines the bin) and adds clairvoyant abstention only: max(0, net_side). No new threshold, no side choice and no model enters this bound."
"[-1.0,-0.8)",ONE_TICK,100-200,5687,0.06584698533294792,-1.4883495907192195,0.011365650938123905,1.4997152416573436,-2.3791421953267635,0.008640862030833673,2.3877830573575975,-2.077159979376615,0.009345931873225855,2.0865059112498408,0.008440302444170916,0.008440302444170916,0.0019342359767891683,0.0019342359767891683,0.002813434148056972,0.002813434148056972,500,0,SIGN(IMBALANCE)_AT_DECISION,M2-COST-LEDGER-v1,QIMB_CONSTRAINED_BOUND,"QIMB_CONSTRAINED_BOUND keeps the side dictated by queue imbalance (the sign that defines the bin) and adds clairvoyant abstention only: max(0, net_side). No new threshold, no side choice and no model enters this bound."
"[-1.0,-0.8)",ONE_TICK,200+,1002,0.14353682895096595,-0.956895044170844,0.06398714913413711,1.0208821933049812,-1.4084939836206407,0.05942763222586519,1.467921615846506,-1.309925403321264,0.06043562402002722,1.370361027341291,0.00998003992015968,0.00998003992015968,0.00499001996007984,0.00499001996007984,0.00998003992015968,0.00998003992015968,500,0,SIGN(IMBALANCE)_AT_DECISION,M2-COST-LEDGER-v1,QIMB_CONSTRAINED_BOUND,"QIMB_CONSTRAINED_BOUND keeps the side dictated by queue imbalance (the sign that defines the bin) and adds clairvoyant abstention only: max(0, net_side). No new threshold, no side choice and no model enters this bound."
"[-1.0,-0.8)",WIDER_THAN_ONE_TICK,5-25,214,0.08019838766168738,-36.234315064978354,0.0,36.234315064978354,-47.090304771153065,0.0,47.090304771153065,-42.172916794106065,0.0,42.172916794106065,0.0,0.0,0.0,0.0,0.0,0.0,500,0,SIGN(IMBALANCE)_AT_DECISION,M2-COST-LEDGER-v1,QIMB_CONSTRAINED_BOUND,"QIMB_CONSTRAINED_BOUND keeps the side dictated by queue imbalance (the sign that defines the bin) and adds clairvoyant abstention only: max(0, net_side). No new threshold, no side choice and no model enters this bound."
"[-1.0,-0.8)",WIDER_THAN_ONE_TICK,25-50,926,0.12707069180785008,-10.753404668229559,0.019861990394724593,10.773266658624284,-13.888841608280599,0.00452696235869287,13.893368570639293,-12.547246799440531,0.0105739066834895,12.55782070612402,0.0064794816414686825,0.0064794816414686825,0.0021598272138228943,0.0021598272138228943,0.004319654427645789,0.004319654427645789,500,0,SIGN(IMBALANCE)_AT_DECISION,M2-COST-LEDGER-v1,QIMB_CONSTRAINED_BOUND,"QIMB_CONSTRAINED_BOUND keeps the side dictated by queue imbalance (the sign that defines the bin) and adds clairvoyant abstention only: max(0, net_side). No new threshold, no side choice and no model enters this bound."
"[-1.0,-0.8)",WIDER_THAN_ONE_TICK,50-100,3653,0.07027827103390294,-5.59541840616195,0.01168898136200508,5.607107387523955,-7.212215699369946,0.008153821959987925,7.220369521329935,-6.573982610687648,0.009228570196463084,6.58321118088411,0.004106214070626882,0.004106214070626882,0.0010949904188338351,0.0010949904188338351,0.001368738023542294,0.001368738023542294,500,0,SIGN(IMBALANCE)_AT_DECISION,M2-COST-LEDGER-v1,QIMB_CONSTRAINED_BOUND,"QIMB_CONSTRAINED_BOUND keeps the side dictated by queue imbalance (the sign that defines the bin) and adds clairvoyant abstention only: max(0, net_side). No new threshold, no side choice and no model enters this bound."
"[-1.0,-0.8)",WIDER_THAN_ONE_TICK,100-200,18955,0.04596921884738279,-5.0591028360235715,0.006299231355611253,5.065402067379183,-5.990931130762485,0.004694957933805244,5.99562608869629,-5.669943133119054,0.0051299591635131925,5.675073092282567,0.003534687417567924,0.003534687417567924,0.0010023740437879187,0.0010023740437879187,0.0020047480875758374,0.0020047480875758374,500,0,SIGN(IMBALANCE)_AT_DECISION,M2-COST-LEDGER-v1,QIMB_CONSTRAINED_BOUND,"QIMB_CONSTRAINED_BOUND keeps the side dictated by queue imbalance (the sign that defines the bin) and adds clairvoyant abstention only: max(0, net_side). No new threshold, no side choice and no model enters this bound."
"[-1.0,-0.8)",WIDER_THAN_ONE_TICK,200+,30811,0.027613797551243224,-3.9414478308092264,0.0036049726443672246,3.9450528034535934,-4.072307526899395,0.003296691444923966,4.075604218344318,-4.12229012291133,0.00329557357634614,4.125585696487676,0.0012982376424004415,0.0012982376424004415,0.001006134172860342,0.001006134172860342,0.0011035019960403752,0.0011035019960403752,500,0,SIGN(IMBALANCE)_AT_DECISION,M2-COST-LEDGER-v1,QIMB_CONSTRAINED_BOUND,"QIMB_CONSTRAINED_BOUND keeps the side dictated by queue imbalance (the sign that defines the bin) and adds clairvoyant abstention only: max(0, net_side). No new threshold, no side choice and no model enters this bound."
"[-0.8,-0.6)",ONE_TICK,5-25,6735,0.28089340246737077,-11.330992466045426,0.006657274981979045,11.337649741027407,-20.824249459070888,0.0,20.824249459070888,-16.538014519038576,0.0012827078348291033,16.53929722687341,0.0017817371937639199,0.0017817371937639199,0.0,0.0,0.0002969561989606533,0.0002969561989606533,500,0,SIGN(IMBALANCE)_AT_DECISION,M2-COST-LEDGER-v1,QIMB_CONSTRAINED_BOUND,"QIMB_CONSTRAINED_BOUND keeps the side dictated by queue imbalance (the sign that defines the bin) and adds clairvoyant abstention only: max(0, net_side). No new threshold, no side choice and no model enters this bound."
"[-0.8,-0.6)",ONE_TICK,25-50,20639,0.1258520120199195,-4.5065481888412995,0.0027279933333611605,4.509276182174661,-8.054271508013803,0.0004903700289160752,8.05476187804272,-6.521725239807245,0.0008999228547809382,6.522625162662026,0.0020834342749164203,0.0020834342749164203,9.690391976355444e-05,9.690391976355444e-05,0.00033916371917244053,0.00033916371917244053,500,0,SIGN(IMBALANCE)_AT_DECISION,M2-COST-LEDGER-v1,QIMB_CONSTRAINED_BOUND,"QIMB_CONSTRAINED_BOUND keeps the side dictated by queue imbalance (the sign that defines the bin) and adds clairvoyant abstention only: max(0, net_side). No new threshold, no side choice and no model enters this bound."
"[-0.8,-0.6)",ONE_TICK,50-100,23274,0.08859095652923737,-2.746760084448723,0.0019183559020206548,2.7486784403507434,-4.76212692528282,0.0,4.76212692528282,-3.9392953617723627,0.0004121620790910764,3.939707523851454,0.0029217152186989774,0.0029217152186989774,0.0,0.0,0.00047263040302483457,0.00047263040302483457,500,0,SIGN(IMBALANCE)_AT_DECISION,M2-COST-LEDGER-v1,QIMB_CONSTRAINED_BOUND,"QIMB_CONSTRAINED_BOUND keeps the side dictated by queue imbalance (the sign that defines the bin) and adds clairvoyant abstention only: max(0, net_side). No new threshold, no side choice and no model enters this bound."
"[-0.8,-0.6)",ONE_TICK,100-200,6653,0.07998293624715626,-1.47068909954561,0.010225179450771522,1.4809142789963812,-2.365210040289826,0.007392217719916614,2.3726022580097426,-2.0615010362080306,0.00804314457348437,2.069544180781515,0.01037126108522471,0.01037126108522471,0.0012024650533593868,0.0012024650533593868,0.002555238238388697,0.002555238238388697,500,0,SIGN(IMBALANCE)_AT_DECISION,M2-COST-LEDGER-v1,QIMB_CONSTRAINED_BOUND,"QIMB_CONSTRAINED_BOUND keeps the side dictated by queue imbalance (the sign that defines the bin) and adds clairvoyant abstention only: max(0, net_side). No new threshold, no side choice and no model enters this bound."
"[-0.8,-0.6)",ONE_TICK,200+,1304,0.04619075460419484,-1.0370556013712746,0.02377393594848247,1.0608295373197572,-1.4897703851129682,0.01888294183856547,1.5086533269515336,-1.3906849987614063,0.01996081003042306,1.4106458087918292,0.010736196319018405,0.010736196319018405,0.003834355828220859,0.003834355828220859,0.010736196319018405,0.010736196319018405,500,0,SIGN(IMBALANCE)_AT_DECISION,M2-COST-LEDGER-v1,QIMB_CONSTRAINED_BOUND,"QIMB_CONSTRAINED_BOUND keeps the side dictated by queue imbalance (the sign that defines the bin) and adds clairvoyant abstention only: max(0, net_side). No new threshold, no side choice and no model enters this bound."
"[-0.8,-0.6)",WIDER_THAN_ONE_TICK,5-25,275,0.05632289103107319,-22.383795236071542,0.0,22.383795236071542,-31.85785730471312,0.0,31.85785730471312,-27.580512541531526,0.0,27.580512541531526,0.0,0.0,0.0,0.0,0.0,0.0,500,0,SIGN(IMBALANCE)_AT_DECISION,M2-COST-LEDGER-v1,QIMB_CONSTRAINED_BOUND,"QIMB_CONSTRAINED_BOUND keeps the side dictated by queue imbalance (the sign that defines the bin) and adds clairvoyant abstention only: max(0, net_side). No new threshold, no side choice and no model enters this bound."
"[-0.8,-0.6)",WIDER_THAN_ONE_TICK,25-50,2420,0.1706697996623733,-9.046690025812099,0.0038066956026729984,9.050496721414772,-12.119437846447326,0.0,12.119437846447326,-10.806877658795466,0.0012158663830012845,10.808093525178469,0.0024793388429752068,0.0024793388429752068,0.0,0.0,0.0008264462809917355,0.0008264462809917355,500,0,SIGN(IMBALANCE)_AT_DECISION,M2-COST-LEDGER-v1,QIMB_CONSTRAINED_BOUND,"QIMB_CONSTRAINED_BOUND keeps the side dictated by queue imbalance (the sign that defines the bin) and adds clairvoyant abstention only: max(0, net_side). No new threshold, no side choice and no model enters this bound."
"[-0.8,-0.6)",WIDER_THAN_ONE_TICK,50-100,7444,0.10372599130888595,-5.897124893104833,0.007868966392996739,5.9049938594978295,-7.7447391933963345,0.004499767110719584,7.749238960507054,-6.999602635229742,0.005537343718112618,7.005139978947855,0.003492745835572273,0.003492745835572273,0.0008060182697474476,0.0008060182697474476,0.0013433637829124126,0.0013433637829124126,500,0,SIGN(IMBALANCE)_AT_DECISION,M2-COST-LEDGER-v1,QIMB_CONSTRAINED_BOUND,"QIMB_CONSTRAINED_BOUND keeps the side dictated by queue imbalance (the sign that defines the bin) and adds clairvoyant abstention only: max(0, net_side). No new threshold, no side choice and no model enters this bound."
"[-0.8,-0.6)",WIDER_THAN_ONE_TICK,100-200,13307,0.04334011911379615,-4.764066037259676,0.004759256338440937,4.768825293598117,-5.6958760045508665,0.002463088698744267,5.698339093249611,-5.374896495310319,0.003142977331803651,5.378039472642122,0.004584053505673705,0.004584053505673705,0.0012023746900127752,0.0012023746900127752,0.002329600961899752,0.002329600961899752,500,0,SIGN(IMBALANCE)_AT_DECISION,M2-COST-LEDGER-v1,QIMB_CONSTRAINED_BOUND,"QIMB_CONSTRAINED_BOUND keeps the side dictated by queue imbalance (the sign that defines the bin) and adds clairvoyant abstention only: max(0, net_side). No new threshold, no side choice and no model enters this bound."
"[-0.8,-0.6)",WIDER_THAN_ONE_TICK,200+,10491,0.029932367944774566,-4.6070208655316875,0.008547608487855003,4.615568474019543,-4.809694862313355,0.0077672775425698705,4.817462139855926,-4.8264164867898085,0.007823875445364302,4.834240362235173,0.002764274139738824,0.002764274139738824,0.0018110761605185397,0.0018110761605185397,0.002668954341816795,0.002668954341816795,500,0,SIGN(IMBALANCE)_AT_DECISION,M2-COST-LEDGER-v1,QIMB_CONSTRAINED_BOUND,"QIMB_CONSTRAINED_BOUND keeps the side dictated by queue imbalance (the sign that defines the bin) and adds clairvoyant abstention only: max(0, net_side). No new threshold, no side choice and no model enters this bound."
"[-0.6,-0.4)",ONE_TICK,5-25,10700,0.15817411833380757,-12.200195131985021,0.0037678343822453225,12.203962966367266,-22.337019159556604,0.0,22.337019159556604,-17.752714550794003,0.00039383190366744044,17.75310838269767,0.0012149532710280374,0.0012149532710280374,0.0,0.0,9.345794392523364e-05,9.345794392523364e-05,500,0,SIGN(IMBALANCE)_AT_DECISION,M2-COST-LEDGER-v1,QIMB_CONSTRAINED_BOUND,"QIMB_CONSTRAINED_BOUND keeps the side dictated by queue imbalance (the sign that defines the bin) and adds clairvoyant abstention only: max(0, net_side). No new threshold, no side choice and no model enters this bound."
"[-0.6,-0.4)",ONE_TICK,25-50,29665,0.0796215977641906,-4.577527637838425,0.0039614261527047825,4.58148906399113,-8.152874480367299,0.001038084818307203,8.153912565185605,-6.607534308784685,0.0017891766195412048,6.609323485404227,0.0021237148154390696,0.0021237148154390696,0.00010112927692566998,0.00010112927692566998,0.0005730659025787965,0.0005730659025787965,500,0,SIGN(IMBALANCE)_AT_DECISION,M2-COST-LEDGER-v1,QIMB_CONSTRAINED_BOUND,"QIMB_CONSTRAINED_BOUND keeps the side dictated by queue imbalance (the sign that defines the bin) and adds clairvoyant abstention only: max(0, net_side). No new threshold, no side choice and no model enters this bound."
"[-0.6,-0.4)",ONE_TICK,50-100,33929,0.06541100457088059,-2.7732632157881225,0.0026324881464834895,2.775895703934607,-4.796303491579827,0.0007742233758057604,4.797077714955632,-3.9699179576310755,0.0011961787817335457,3.9711141364128095,0.0025641781366972207,0.0025641781366972207,0.00020631318341242006,0.00020631318341242006,0.0005305196144890802,0.0005305196144890802,500,0,SIGN(IMBALANCE)_AT_DECISION,M2-COST-LEDGER-v1,QIMB_CONSTRAINED_BOUND,"QIMB_CONSTRAINED_BOUND keeps the side dictated by queue imbalance (the sign that defines the bin) and adds clairvoyant abstention only: max(0, net_side). No new threshold, no side choice and no model enters this bound."
"[-0.6,-0.4)",ONE_TICK,100-200,8826,0.04517624177052604,-1.5279654495013697,0.004794575341316373,1.532760024842686,-2.4509845163634547,0.0026391049855596692,2.453623621349015,-2.134076534466741,0.0031873488734505493,2.1372638833401916,0.006911398141853614,0.006911398141853614,0.0003399048266485384,0.0003399048266485384,0.0018128257421255382,0.0018128257421255382,500,0,SIGN(IMBALANCE)_AT_DECISION,M2-COST-LEDGER-v1,QIMB_CONSTRAINED_BOUND,"QIMB_CONSTRAINED_BOUND keeps the side dictated by queue imbalance (the sign that defines the bin) and adds clairvoyant abstention only: max(0, net_side). No new threshold, no side choice and no model enters this bound."
"[-0.6,-0.4)",ONE_TICK,200+,1326,0.03858172464212557,-1.0176425836539136,0.025664184466681863,1.0433067681205954,-1.4718376907773243,0.02119187792910904,1.4930295687064332,-1.3720666889788595,0.022178941720226542,1.394245630699086,0.00980392156862745,0.00980392156862745,0.003770739064856712,0.003770739064856712,0.00980392156862745,0.00980392156862745,500,0,SIGN(IMBALANCE)_AT_DECISION,M2-COST-LEDGER-v1,QIMB_CONSTRAINED_BOUND,"QIMB_CONSTRAINED_BOUND keeps the side dictated by queue imbalance (the sign that defines the bin) and adds clairvoyant abstention only: max(0, net_side). No new threshold, no side choice and no model enters this bound."
"[-0.6,-0.4)",WIDER_THAN_ONE_TICK,5-25,308,0.09647352088544651,-21.836908040582532,0.0,21.836908040582532,-31.47209014932136,0.0,31.47209014932136,-27.120122239832305,0.0,27.120122239832305,0.0,0.0,0.0,0.0,0.0,0.0,500,0,SIGN(IMBALANCE)_AT_DECISION,M2-COST-LEDGER-v1,QIMB_CONSTRAINED_BOUND,"QIMB_CONSTRAINED_BOUND keeps the side dictated by queue imbalance (the sign that defines the bin) and adds clairvoyant abstention only: max(0, net_side). No new threshold, no side choice and no model enters this bound."
"[-0.6,-0.4)",WIDER_THAN_ONE_TICK,25-50,3336,0.1509023231518983,-9.155499243541778,0.0067853909064763,9.162284634448254,-12.240560430785457,0.0012000003829227674,12.241760431168382,-10.922297276839613,0.0029429652547853227,10.9252402420944,0.0032973621103117505,0.0032973621103117505,0.00029976019184652276,0.00029976019184652276,0.001199040767386091,0.001199040767386091,500,0,SIGN(IMBALANCE)_AT_DECISION,M2-COST-LEDGER-v1,QIMB_CONSTRAINED_BOUND,"QIMB_CONSTRAINED_BOUND keeps the side dictated by queue imbalance (the sign that defines the bin) and adds clairvoyant abstention only: max(0, net_side). No new threshold, no side choice and no model enters this bound."
"[-0.6,-0.4)",WIDER_THAN_ONE_TICK,50-100,11174,0.06050884730271715,-5.365376408053869,0.004885458962758661,5.370261867016628,-7.145804995449644,0.002498560781874849,7.148303556231518,-6.431785666897463,0.003279606970407363,6.43506527386787,0.002237336674422767,0.002237336674422767,0.0006264542688383748,0.0006264542688383748,0.0009844281367460176,0.0009844281367460176,500,0,SIGN(IMBALANCE)_AT_DECISION,M2-COST-LEDGER-v1,QIMB_CONSTRAINED_BOUND,"QIMB_CONSTRAINED_BOUND keeps the side dictated by queue imbalance (the sign that defines the bin) and adds clairvoyant abstention only: max(0, net_side). No new threshold, no side choice and no model enters this bound."
"[-0.6,-0.4)",WIDER_THAN_ONE_TICK,100-200,17872,0.053651180946101586,-4.691193081143706,0.003358989462097481,4.694552070605804,-5.624411803717324,0.0017560490244690995,5.626167852741793,-5.302779825972619,0.0022134193236732535,5.304993245296293,0.0036369740376007162,0.0036369740376007162,0.000783348254252462,0.000783348254252462,0.0016226499552372427,0.0016226499552372427,500,0,SIGN(IMBALANCE)_AT_DECISION,M2-COST-LEDGER-v1,QIMB_CONSTRAINED_BOUND,"QIMB_CONSTRAINED_BOUND keeps the side dictated by queue imbalance (the sign that defines the bin) and adds clairvoyant abstention only: max(0, net_side). No new threshold, no side choice and no model enters this bound."
"[-0.6,-0.4)",WIDER_THAN_ONE_TICK,200+,12078,0.021972949881802446,-4.175426518095772,0.004428571579433707,4.179855089675207,-4.41131837384462,0.0036652496472737743,4.414983623491895,-4.412655064527409,0.0037594877847329975,4.416414552312142,0.0023182646133465806,0.0023182646133465806,0.0016559032952475575,0.0016559032952475575,0.0022354694485842027,0.0022354694485842027,500,0,SIGN(IMBALANCE)_AT_DECISION,M2-COST-LEDGER-v1,QIMB_CONSTRAINED_BOUND,"QIMB_CONSTRAINED_BOUND keeps the side dictated by queue imbalance (the sign that defines the bin) and adds clairvoyant abstention only: max(0, net_side). No new threshold, no side choice and no model enters this bound."
"[-0.4,-0.2)",ONE_TICK,5-25,15485,0.05473221545950708,-12.8435967514573,0.0009248907335404972,12.844521642190841,-23.44989020681921,0.0,23.44989020681921,-18.648149667828836,0.0,18.648149667828836,0.00038747174685179207,0.00038747174685179207,0.0,0.0,0.0,0.0,500,0,SIGN(IMBALANCE)_AT_DECISION,M2-COST-LEDGER-v1,QIMB_CONSTRAINED_BOUND,"QIMB_CONSTRAINED_BOUND keeps the side dictated by queue imbalance (the sign that defines the bin) and adds clairvoyant abstention only: max(0, net_side). No new threshold, no side choice and no model enters this bound."
"[-0.4,-0.2)",ONE_TICK,25-50,38618,0.03887939572807078,-4.658977896422746,0.002178394180066299,4.661156290602812,-8.269735411638822,0.0003436214694480368,8.27007903310827,-6.707994699147779,0.0006554803370676174,6.708650179484846,0.0015795742917810347,0.0015795742917810347,7.76839815630017e-05,7.76839815630017e-05,0.00023305194468900512,0.00023305194468900512,500,0,SIGN(IMBALANCE)_AT_DECISION,M2-COST-LEDGER-v1,QIMB_CONSTRAINED_BOUND,"QIMB_CONSTRAINED_BOUND keeps the side dictated by queue imbalance (the sign that defines the bin) and adds clairvoyant abstention only: max(0, net_side). No new threshold, no side choice and no model enters this bound."
"[-0.4,-0.2)",ONE_TICK,50-100,46672,0.03058552680626345,-2.7825630284233513,0.0013924159864154967,2.7839554444097674,-4.782888078600902,0.0003219951977519703,4.783210073798654,-3.967023157751483,0.0004886670345977574,3.9675118247860808,0.0020354816592389443,0.0020354816592389443,6.427836818649297e-05,6.427836818649297e-05,0.0002142612272883099,0.0002142612272883099,500,0,SIGN(IMBALANCE)_AT_DECISION,M2-COST-LEDGER-v1,QIMB_CONSTRAINED_BOUND,"QIMB_CONSTRAINED_BOUND keeps the side dictated by queue imbalance (the sign that defines the bin) and adds clairvoyant abstention only: max(0, net_side). No new threshold, no side choice and no model enters this bound."
"[-0.4,-0.2)",ONE_TICK,100-200,12817,0.03125163681350701,-1.5498367218633204,0.005822040677376985,1.5556587625406977,-2.47717312788132,0.003393468137835111,2.480566596019155,-2.15826555964329,0.003952508140663737,2.1622180677839538,0.00842630880861356,0.00842630880861356,0.0010142779121479284,0.0010142779121479284,0.002262619957868456,0.002262619957868456,500,0,SIGN(IMBALANCE)_AT_DECISION,M2-COST-LEDGER-v1,QIMB_CONSTRAINED_BOUND,"QIMB_CONSTRAINED_BOUND keeps the side dictated by queue imbalance (the sign that defines the bin) and adds clairvoyant abstention only: max(0, net_side). No new threshold, no side choice and no model enters this bound."
"[-0.4,-0.2)",ONE_TICK,200+,1467,0.05105800798122773,-1.0313936148866787,0.03236805626641536,1.0637616711530942,-1.4842663661345705,0.027040674931533226,1.5113070410661036,-1.3851078167405975,0.02822643481431584,1.4133342515549137,0.011588275391956374,0.011588275391956374,0.0054533060668029995,0.0054533060668029995,0.011588275391956374,0.011588275391956374,500,0,SIGN(IMBALANCE)_AT_DECISION,M2-COST-LEDGER-v1,QIMB_CONSTRAINED_BOUND,"QIMB_CONSTRAINED_BOUND keeps the side dictated by queue imbalance (the sign that defines the bin) and adds clairvoyant abstention only: max(0, net_side). No new threshold, no side choice and no model enters this bound."
"[-0.4,-0.2)",WIDER_THAN_ONE_TICK,5-25,507,0.30655538123430537,-20.87488182591783,0.009621087951671034,20.8845029138695,-30.376820617301764,0.0,30.376820617301764,-26.086564680820317,0.0,26.086564680820317,0.0039447731755424065,0.0039447731755424065,0.0,0.0,0.0,0.0,500,0,SIGN(IMBALANCE)_AT_DECISION,M2-COST-LEDGER-v1,QIMB_CONSTRAINED_BOUND,"QIMB_CONSTRAINED_BOUND keeps the side dictated by queue imbalance (the sign that defines the bin) and adds clairvoyant abstention only: max(0, net_side). No new threshold, no side choice and no model enters this bound."
"[-0.4,-0.2)",WIDER_THAN_ONE_TICK,25-50,5312,0.031868810725226265,-9.289028405097104,0.00745870755251209,9.296487112649615,-12.441507555699676,0.003933297936167549,12.445440853635843,-11.092019604761196,0.005114546854675311,11.097134151615869,0.0020707831325301206,0.0020707831325301206,0.0005647590361445783,0.0005647590361445783,0.0009412650602409639,0.0009412650602409639,500,0,SIGN(IMBALANCE)_AT_DECISION,M2-COST-LEDGER-v1,QIMB_CONSTRAINED_BOUND,"QIMB_CONSTRAINED_BOUND keeps the side dictated by queue imbalance (the sign that defines the bin) and adds clairvoyant abstention only: max(0, net_side). No new threshold, no side choice and no model enters this bound."
"[-0.4,-0.2)",WIDER_THAN_ONE_TICK,50-100,19199,0.025090502125890354,-5.438744325943199,0.0019987935045924668,5.4407431194477915,-7.206811110715552,0.0007410346108519549,7.207552145326404,-6.498517181717858,0.001040046085253313,6.499557227803112,0.0016667534767435804,0.0016667534767435804,0.00020834418459294755,0.00020834418459294755,0.0004166883691858951,0.0004166883691858951,500,0,SIGN(IMBALANCE)_AT_DECISION,M2-COST-LEDGER-v1,QIMB_CONSTRAINED_BOUND,"QIMB_CONSTRAINED_BOUND keeps the side dictated by queue imbalance (the sign that defines the bin) and adds clairvoyant abstention only: max(0, net_side). No new threshold, no side choice and no model enters this bound."
"[-0.4,-0.2)",WIDER_THAN_ONE_TICK,100-200,33248,0.018236677694866147,-4.498746548773078,0.0024679369623824255,4.501214485735461,-5.433405674283745,0.0012774226872581892,5.4346830969710025,-5.111106570345127,0.0016215539627119659,5.112728124307839,0.002676852743022137,0.002676852743022137,0.0005113089509143407,0.0005113089509143407,0.0011429258902791145,0.0011429258902791145,500,0,SIGN(IMBALANCE)_AT_DECISION,M2-COST-LEDGER-v1,QIMB_CONSTRAINED_BOUND,"QIMB_CONSTRAINED_BOUND keeps the side dictated by queue imbalance (the sign that defines the bin) and adds clairvoyant abstention only: max(0, net_side). No new threshold, no side choice and no model enters this bound."
"[-0.4,-0.2)",WIDER_THAN_ONE_TICK,200+,16434,0.02006686777884301,-4.45202625446204,0.0017475778451002174,4.453773832307139,-4.715109848720254,0.001247665057750853,4.716357513778005,-4.703852618250131,0.0012846474901430933,4.705137265740274,0.0017646342947547767,0.0017646342947547767,0.0011561397103565779,0.0011561397103565779,0.0017037848363149568,0.0017037848363149568,500,0,SIGN(IMBALANCE)_AT_DECISION,M2-COST-LEDGER-v1,QIMB_CONSTRAINED_BOUND,"QIMB_CONSTRAINED_BOUND keeps the side dictated by queue imbalance (the sign that defines the bin) and adds clairvoyant abstention only: max(0, net_side). No new threshold, no side choice and no model enters this bound."
"[-0.2,0.0)",ONE_TICK,5-25,16191,0.018697383201799218,-13.185285996095097,0.001528764850529883,13.186814760945627,-24.053646811781256,0.0,24.053646811781256,-19.130529124671483,0.00025989122238954005,19.130789015893868,0.00043233895373973193,0.00043233895373973193,0.0,0.0,6.176270767710456e-05,6.176270767710456e-05,500,0,SIGN(IMBALANCE)_AT_DECISION,M2-COST-LEDGER-v1,QIMB_CONSTRAINED_BOUND,"QIMB_CONSTRAINED_BOUND keeps the side dictated by queue imbalance (the sign that defines the bin) and adds clairvoyant abstention only: max(0, net_side). No new threshold, no side choice and no model enters this bound."
"[-0.2,0.0)",ONE_TICK,25-50,37047,0.00873091281230332,-4.774113402415021,0.0012221736013436507,4.7753355760163645,-8.46309392094281,8.322101156647369e-05,8.463177141954375,-6.865124030397839,0.00029901671933310007,6.865423047117171,0.000971738602315977,0.000971738602315977,2.6992738953221582e-05,2.6992738953221582e-05,0.00016195643371932951,0.00016195643371932951,500,0,SIGN(IMBALANCE)_AT_DECISION,M2-COST-LEDGER-v1,QIMB_CONSTRAINED_BOUND,"QIMB_CONSTRAINED_BOUND keeps the side dictated by queue imbalance (the sign that defines the bin) and adds clairvoyant abstention only: max(0, net_side). No new threshold, no side choice and no model enters this bound."
"[-0.2,0.0)",ONE_TICK,50-100,41707,0.01069582938530445,-2.8043881714529233,0.0014047539563059274,2.8057929254092295,-4.814584883555903,0.0002801922678191617,4.814865075823723,-3.9941478779942754,0.0005012199266807929,3.9946490979209566,0.0017742824945452802,0.0017742824945452802,9.590716186731244e-05,9.590716186731244e-05,0.00031169827606876546,0.00031169827606876546,500,0,SIGN(IMBALANCE)_AT_DECISION,M2-COST-LEDGER-v1,QIMB_CONSTRAINED_BOUND,"QIMB_CONSTRAINED_BOUND keeps the side dictated by queue imbalance (the sign that defines the bin) and adds clairvoyant abstention only: max(0, net_side). No new threshold, no side choice and no model enters this bound."
"[-0.2,0.0)",ONE_TICK,100-200,9093,0.01642523024155645,-1.5489414471049208,0.00630680189465256,1.5552482489995731,-2.4691362636843155,0.003803848557868342,2.472940112242184,-2.153536340312953,0.004387697776934097,2.1579240380898868,0.008468052347959968,0.008468052347959968,0.0008797976465412955,0.0008797976465412955,0.0023094688221709007,0.0023094688221709007,500,0,SIGN(IMBALANCE)_AT_DECISION,M2-COST-LEDGER-v1,QIMB_CONSTRAINED_BOUND,"QIMB_CONSTRAINED_BOUND keeps the side dictated by queue imbalance (the sign that defines the bin) and adds clairvoyant abstention only: max(0, net_side). No new threshold, no side choice and no model enters this bound."
"[-0.2,0.0)",ONE_TICK,200+,1341,0.011289677422998969,-1.0646000237733437,0.014986948936764355,1.0795869727101082,-1.5179034605518866,0.01052910759695105,1.528432568148838,-1.4185454380858684,0.011521600509919096,1.4300670385957877,0.009694258016405667,0.009694258016405667,0.0037285607755406414,0.0037285607755406414,0.009694258016405667,0.009694258016405667,500,0,SIGN(IMBALANCE)_AT_DECISION,M2-COST-LEDGER-v1,QIMB_CONSTRAINED_BOUND,"QIMB_CONSTRAINED_BOUND keeps the side dictated by queue imbalance (the sign that defines the bin) and adds clairvoyant abstention only: max(0, net_side). No new threshold, no side choice and no model enters this bound."
"[-0.2,0.0)",WIDER_THAN_ONE_TICK,5-25,611,0.11740777865437392,-19.399458999359236,0.0,19.399458999359236,-28.355621788078796,0.0,28.355621788078796,-24.31814336129351,0.0,24.31814336129351,0.0,0.0,0.0,0.0,0.0,0.0,500,0,SIGN(IMBALANCE)_AT_DECISION,M2-COST-LEDGER-v1,QIMB_CONSTRAINED_BOUND,"QIMB_CONSTRAINED_BOUND keeps the side dictated by queue imbalance (the sign that defines the bin) and adds clairvoyant abstention only: max(0, net_side). No new threshold, no side choice and no model enters this bound."
"[-0.2,0.0)",WIDER_THAN_ONE_TICK,25-50,3966,0.008519004660578713,-8.336387219400358,0.00907428753959491,8.345461506939953,-11.570712476109186,0.003266498548227274,11.573978974657413,-10.18331729806862,0.005353748472266189,10.188671046540886,0.002773575390821987,0.002773575390821987,0.0005042864346949068,0.0005042864346949068,0.0015128593040847202,0.0015128593040847202,500,0,SIGN(IMBALANCE)_AT_DECISION,M2-COST-LEDGER-v1,QIMB_CONSTRAINED_BOUND,"QIMB_CONSTRAINED_BOUND keeps the side dictated by queue imbalance (the sign that defines the bin) and adds clairvoyant abstention only: max(0, net_side). No new threshold, no side choice and no model enters this bound."
"[-0.2,0.0)",WIDER_THAN_ONE_TICK,50-100,13207,0.01724562826476378,-4.9409625724133726,0.003397972869782403,4.944360545283155,-6.715495292471846,0.0022455070930377874,6.717740799564883,-6.0042066495044955,0.0025431259273020067,6.006749775431797,0.0015900658741576437,0.0015900658741576437,0.0001514348451578708,0.0001514348451578708,0.0004543045354736125,0.0004543045354736125,500,0,SIGN(IMBALANCE)_AT_DECISION,M2-COST-LEDGER-v1,QIMB_CONSTRAINED_BOUND,"QIMB_CONSTRAINED_BOUND keeps the side dictated by queue imbalance (the sign that defines the bin) and adds clairvoyant abstention only: max(0, net_side). No new threshold, no side choice and no model enters this bound."
"[-0.2,0.0)",WIDER_THAN_ONE_TICK,100-200,20781,0.00037618192937309666,-4.3213654264637755,0.0010369993271321638,4.322402425790908,-5.25029526060382,0.0004198826947131198,5.250715143298533,-4.930649692177793,0.000578245509768351,4.931227937687562,0.0016842307877387999,0.0016842307877387999,0.00033684615754775996,0.00033684615754775996,0.0006736923150955199,0.0006736923150955199,500,0,SIGN(IMBALANCE)_AT_DECISION,M2-COST-LEDGER-v1,QIMB_CONSTRAINED_BOUND,"QIMB_CONSTRAINED_BOUND keeps the side dictated by queue imbalance (the sign that defines the bin) and adds clairvoyant abstention only: max(0, net_side). No new threshold, no side choice and no model enters this bound."
"[-0.2,0.0)",WIDER_THAN_ONE_TICK,200+,14454,0.0033954532518684216,-4.086116559768623,0.003007096454373621,4.089123656222997,-4.289936736310452,0.0025549413540081303,4.29249167766446,-4.306127504787332,0.002567876448602357,4.3086953812359345,0.0017296250172962502,0.0017296250172962502,0.0015220700152207,0.0015220700152207,0.0016604400166044002,0.0016604400166044002,500,0,SIGN(IMBALANCE)_AT_DECISION,M2-COST-LEDGER-v1,QIMB_CONSTRAINED_BOUND,"QIMB_CONSTRAINED_BOUND keeps the side dictated by queue imbalance (the sign that defines the bin) and adds clairvoyant abstention only: max(0, net_side). No new threshold, no side choice and no model enters this bound."
"[0.0,0.2)",ONE_TICK,5-25,17975,0.04123388365026601,-12.929196486447356,0.0022999327757159834,12.931496419223071,-23.597159174957234,0.0,23.597159174957234,-18.76685637763393,0.0,18.76685637763393,0.0008344923504867872,0.0008344923504867872,0.0,0.0,0.0,0.0,500,0,SIGN(IMBALANCE)_AT_DECISION,M2-COST-LEDGER-v1,QIMB_CONSTRAINED_BOUND,"QIMB_CONSTRAINED_BOUND keeps the side dictated by queue imbalance (the sign that defines the bin) and adds clairvoyant abstention only: max(0, net_side). No new threshold, no side choice and no model enters this bound."
"[0.0,0.2)",ONE_TICK,25-50,39441,0.010329346212766481,-4.7900245227135505,0.0009763476198566005,4.791000870333407,-8.494332923907587,3.292823026291861e-08,8.494332956835818,-6.889263886477493,8.551795590983508e-05,6.889349404433402,0.0010395273953500166,0.0010395273953500166,7.606298014756218e-05,7.606298014756218e-05,7.606298014756218e-05,7.606298014756218e-05,500,0,SIGN(IMBALANCE)_AT_DECISION,M2-COST-LEDGER-v1,QIMB_CONSTRAINED_BOUND,"QIMB_CONSTRAINED_BOUND keeps the side dictated by queue imbalance (the sign that defines the bin) and adds clairvoyant abstention only: max(0, net_side). No new threshold, no side choice and no model enters this bound."
"[0.0,0.2)",ONE_TICK,50-100,41717,0.007981319622855377,-2.823032921105401,0.001246064733967889,2.8242789858393684,-4.846291865045485,0.00019157690839250124,4.846483441953876,-4.019805054401298,0.0004375994322684698,4.020242653833567,0.0016540019656255244,0.0016540019656255244,0.0003355946017211209,0.0003355946017211209,0.0003355946017211209,0.0003355946017211209,500,0,SIGN(IMBALANCE)_AT_DECISION,M2-COST-LEDGER-v1,QIMB_CONSTRAINED_BOUND,"QIMB_CONSTRAINED_BOUND keeps the side dictated by queue imbalance (the sign that defines the bin) and adds clairvoyant abstention only: max(0, net_side). No new threshold, no side choice and no model enters this bound."
"[0.0,0.2)",ONE_TICK,100-200,10234,0.012224157525214358,-1.5498876378307624,0.002596940782397469,1.55248457861316,-2.4712092574186753,0.001217238303105154,2.472426495721781,-2.1550874524383357,0.001512420249528301,2.156599872687864,0.005374242720343952,0.005374242720343952,0.001172562048075044,0.001172562048075044,0.001172562048075044,0.001172562048075044,500,0,SIGN(IMBALANCE)_AT_DECISION,M2-COST-LEDGER-v1,QIMB_CONSTRAINED_BOUND,"QIMB_CONSTRAINED_BOUND keeps the side dictated by queue imbalance (the sign that defines the bin) and adds clairvoyant abstention only: max(0, net_side). No new threshold, no side choice and no model enters this bound."
"[0.0,0.2)",ONE_TICK,200+,1436,-0.056659165108731285,-1.0958977999734256,0.0029016467764828016,1.0987994467499083,-1.5474042487049982,0.0010004748679100853,1.5484047235729084,-1.4488785057112348,0.0014189296845749275,1.4502974353958098,0.004178272980501393,0.004178272980501393,0.004178272980501393,0.004178272980501393,0.004178272980501393,0.004178272980501393,500,0,SIGN(IMBALANCE)_AT_DECISION,M2-COST-LEDGER-v1,QIMB_CONSTRAINED_BOUND,"QIMB_CONSTRAINED_BOUND keeps the side dictated by queue imbalance (the sign that defines the bin) and adds clairvoyant abstention only: max(0, net_side). No new threshold, no side choice and no model enters this bound."
"[0.0,0.2)",WIDER_THAN_ONE_TICK,5-25,685,-0.08690680423038366,-18.733859075195728,0.0022492201434173055,18.736108295339147,-27.54078667615859,0.0,27.54078667615859,-23.572426896833104,0.0,23.572426896833104,0.00145985401459854,0.00145985401459854,0.0,0.0,0.0,0.0,500,0,SIGN(IMBALANCE)_AT_DECISION,M2-COST-LEDGER-v1,QIMB_CONSTRAINED_BOUND,"QIMB_CONSTRAINED_BOUND keeps the side dictated by queue imbalance (the sign that defines the bin) and adds clairvoyant abstention only: max(0, net_side). No new threshold, no side choice and no model enters this bound."
"[0.0,0.2)",WIDER_THAN_ONE_TICK,25-50,3227,0.0654369540500832,-8.78056547395507,0.006200038924285333,8.786765512879354,-12.067406479462065,0.0026323829493944966,12.070038862411458,-10.655688502074833,0.003933611610060779,10.659622113684893,0.0018593120545398203,0.0018593120545398203,0.0009296560272699101,0.0009296560272699101,0.0009296560272699101,0.0009296560272699101,500,0,SIGN(IMBALANCE)_AT_DECISION,M2-COST-LEDGER-v1,QIMB_CONSTRAINED_BOUND,"QIMB_CONSTRAINED_BOUND keeps the side dictated by queue imbalance (the sign that defines the bin) and adds clairvoyant abstention only: max(0, net_side). No new threshold, no side choice and no model enters this bound."
"[0.0,0.2)",WIDER_THAN_ONE_TICK,50-100,12977,0.007850358514235168,-4.867692163259409,0.0022730458574489825,4.869965209116858,-6.60715557723567,0.0010054486806416164,6.608161025916312,-5.912109370386723,0.0013926982090981146,5.913502068595822,0.0013100100177236649,0.0013100100177236649,0.0005394158896509209,0.0005394158896509209,0.0005394158896509209,0.0005394158896509209,500,0,SIGN(IMBALANCE)_AT_DECISION,M2-COST-LEDGER-v1,QIMB_CONSTRAINED_BOUND,"QIMB_CONSTRAINED_BOUND keeps the side dictated by queue imbalance (the sign that defines the bin) and adds clairvoyant abstention only: max(0, net_side). No new threshold, no side choice and no model enters this bound."
"[0.0,0.2)",WIDER_THAN_ONE_TICK,100-200,23406,0.009159948893313435,-4.291705410587407,0.0020938109599067576,4.293799221547314,-5.2138561322075425,0.0013327245444352369,5.215188856751978,-4.8973503265639895,0.0015416180425375013,4.898891944606527,0.0018798598649918824,0.0018798598649918824,0.000854481756814492,0.000854481756814492,0.000854481756814492,0.000854481756814492,500,0,SIGN(IMBALANCE)_AT_DECISION,M2-COST-LEDGER-v1,QIMB_CONSTRAINED_BOUND,"QIMB_CONSTRAINED_BOUND keeps the side dictated by queue imbalance (the sign that defines the bin) and adds clairvoyant abstention only: max(0, net_side). No new threshold, no side choice and no model enters this bound."
"[0.0,0.2)",WIDER_THAN_ONE_TICK,200+,15922,0.01102885027255193,-3.909279672735432,0.0009023207212505013,3.910181993456683,-4.108676951806455,0.00044351318120870097,4.109120464987663,-4.1269161962200815,0.0004962582653697501,4.127412454485451,0.001444542142946866,0.001444542142946866,0.001444542142946866,0.001444542142946866,0.001444542142946866,0.001444542142946866,500,0,SIGN(IMBALANCE)_AT_DECISION,M2-COST-LEDGER-v1,QIMB_CONSTRAINED_BOUND,"QIMB_CONSTRAINED_BOUND keeps the side dictated by queue imbalance (the sign that defines the bin) and adds clairvoyant abstention only: max(0, net_side). No new threshold, no side choice and no model enters this bound."
"[0.2,0.4)",ONE_TICK,5-25,17068,0.07868718927006078,-12.461253065331052,0.0029115618665290295,12.464164627197583,-22.756375659344716,7.289573004231026e-07,22.75637638830202,-18.098754676798073,0.0005636187124842526,18.09931829551056,0.0007616592453714554,0.0007616592453714554,0.00011717834544176236,0.00011717834544176236,0.00011717834544176236,0.00011717834544176236,500,0,SIGN(IMBALANCE)_AT_DECISION,M2-COST-LEDGER-v1,QIMB_CONSTRAINED_BOUND,"QIMB_CONSTRAINED_BOUND keeps the side dictated by queue imbalance (the sign that defines the bin) and adds clairvoyant abstention only: max(0, net_side). No new threshold, no side choice and no model enters this bound."
"[0.2,0.4)",ONE_TICK,25-50,41760,0.036624104077628276,-4.707950223974765,0.0013547790154522785,4.7093050029902175,-8.358184022597944,8.159420218482537e-08,8.358184104192146,-6.778159771506829,0.0001697834731636616,6.778329554979992,0.0013409961685823754,0.0013409961685823754,0.00011973180076628352,0.00011973180076628352,0.00011973180076628352,0.00011973180076628352,500,0,SIGN(IMBALANCE)_AT_DECISION,M2-COST-LEDGER-v1,QIMB_CONSTRAINED_BOUND,"QIMB_CONSTRAINED_BOUND keeps the side dictated by queue imbalance (the sign that defines the bin) and adds clairvoyant abstention only: max(0, net_side). No new threshold, no side choice and no model enters this bound."
"[0.2,0.4)",ONE_TICK,50-100,50106,0.030875721388410274,-2.78592376907501,0.0013323933692500206,2.787256162444259,-4.789964876232951,0.00013468685846036098,4.790099563091411,-3.972378854373582,0.0003447595143924796,3.9727236138879745,0.002035684349179739,0.002035684349179739,0.0002993653454676087,0.0002993653454676087,0.0002993653454676087,0.0002993653454676087,500,0,SIGN(IMBALANCE)_AT_DECISION,M2-COST-LEDGER-v1,QIMB_CONSTRAINED_BOUND,"QIMB_CONSTRAINED_BOUND keeps the side dictated by queue imbalance (the sign that defines the bin) and adds clairvoyant abstention only: max(0, net_side). No new threshold, no side choice and no model enters this bound."
"[0.2,0.4)",ONE_TICK,100-200,14105,0.02583163042458278,-1.5470289618445965,0.0023068181813722063,1.5493357800259686,-2.4730518430027977,0.0006784833998455245,2.4737303264026433,-2.154752637062419,0.001049363854235429,2.1558020009166543,0.005955334987593052,0.005955334987593052,0.0012761432116270826,0.0012761432116270826,0.0012761432116270826,0.0012761432116270826,500,0,SIGN(IMBALANCE)_AT_DECISION,M2-COST-LEDGER-v1,QIMB_CONSTRAINED_BOUND,"QIMB_CONSTRAINED_BOUND keeps the side dictated by queue imbalance (the sign that defines the bin) and adds clairvoyant abstention only: max(0, net_side). No new threshold, no side choice and no model enters this bound."
"[0.2,0.4)",ONE_TICK,200+,1338,0.05163134249512751,-1.0246963155550652,0.003853494775243623,1.0285498103303088,-1.478445849218679,0.002147417431394993,1.4805932666500738,-1.3788812158735804,0.0025243231164553057,1.3814055389900357,0.0037369207772795215,0.0037369207772795215,0.0037369207772795215,0.0037369207772795215,0.0037369207772795215,0.0037369207772795215,500,0,SIGN(IMBALANCE)_AT_DECISION,M2-COST-LEDGER-v1,QIMB_CONSTRAINED_BOUND,"QIMB_CONSTRAINED_BOUND keeps the side dictated by queue imbalance (the sign that defines the bin) and adds clairvoyant abstention only: max(0, net_side). No new threshold, no side choice and no model enters this bound."
"[0.2,0.4)",WIDER_THAN_ONE_TICK,5-25,729,0.18049765236496654,-22.14842053009134,0.018203589886533447,22.16662411997787,-32.14390358022639,6.505994572652475e-05,32.14396864017212,-27.625061395828382,0.008314263321172872,27.633375659149554,0.0013717421124828531,0.0013717421124828531,0.0013717421124828531,0.0013717421124828531,0.0013717421124828531,0.0013717421124828531,500,0,SIGN(IMBALANCE)_AT_DECISION,M2-COST-LEDGER-v1,QIMB_CONSTRAINED_BOUND,"QIMB_CONSTRAINED_BOUND keeps the side dictated by queue imbalance (the sign that defines the bin) and adds clairvoyant abstention only: max(0, net_side). No new threshold, no side choice and no model enters this bound."
"[0.2,0.4)",WIDER_THAN_ONE_TICK,25-50,5310,0.05706862817587571,-9.49532729154006,0.0057330115707416055,9.5010603031108,-12.694124877440732,0.0021610563273506958,12.696285933768083,-11.323184428278587,0.0033929425366541503,11.32657737081524,0.001694915254237288,0.001694915254237288,0.0009416195856873823,0.0009416195856873823,0.0009416195856873823,0.0009416195856873823,500,0,SIGN(IMBALANCE)_AT_DECISION,M2-COST-LEDGER-v1,QIMB_CONSTRAINED_BOUND,"QIMB_CONSTRAINED_BOUND keeps the side dictated by queue imbalance (the sign that defines the bin) and adds clairvoyant abstention only: max(0, net_side). No new threshold, no side choice and no model enters this bound."
"[0.2,0.4)",WIDER_THAN_ONE_TICK,50-100,19546,0.03500879092487032,-5.264858662872618,0.0021461645231592085,5.267004827395778,-6.976134007541798,0.0005896549581840221,6.976723662499981,-6.294143174926609,0.0011199648403972067,6.295263139767005,0.0013813567993451346,0.0013813567993451346,0.0007674204440806303,0.0007674204440806303,0.0007674204440806303,0.0007674204440806303,500,0,SIGN(IMBALANCE)_AT_DECISION,M2-COST-LEDGER-v1,QIMB_CONSTRAINED_BOUND,"QIMB_CONSTRAINED_BOUND keeps the side dictated by queue imbalance (the sign that defines the bin) and adds clairvoyant abstention only: max(0, net_side). No new threshold, no side choice and no model enters this bound."
"[0.2,0.4)",WIDER_THAN_ONE_TICK,100-200,35255,0.024623456795282914,-4.541251822360668,0.002169233998128879,4.543421056358797,-5.469481188732761,0.0010276331091067085,5.470508821841868,-5.150160043691312,0.001345787762478045,5.15150583145379,0.002836477095447454,0.002836477095447454,0.0011345908381789817,0.0011345908381789817,0.0011345908381789817,0.0011345908381789817,500,0,SIGN(IMBALANCE)_AT_DECISION,M2-COST-LEDGER-v1,QIMB_CONSTRAINED_BOUND,"QIMB_CONSTRAINED_BOUND keeps the side dictated by queue imbalance (the sign that defines the bin) and adds clairvoyant abstention only: max(0, net_side). No new threshold, no side choice and no model enters this bound."
"[0.2,0.4)",WIDER_THAN_ONE_TICK,200+,17849,0.019894293488238148,-4.371988237980892,0.0028238881981900218,4.374812126179082,-4.570523168168796,0.0024679088986390347,4.572991077067436,-4.589161811607114,0.0024789859025318535,4.591640797509646,0.0014006386912432068,0.0014006386912432068,0.0015687153341923917,0.0015687153341923917,0.0012885875959437504,0.0012885875959437504,500,0,SIGN(IMBALANCE)_AT_DECISION,M2-COST-LEDGER-v1,QIMB_CONSTRAINED_BOUND,"QIMB_CONSTRAINED_BOUND keeps the side dictated by queue imbalance (the sign that defines the bin) and adds clairvoyant abstention only: max(0, net_side). No new threshold, no side choice and no model enters this bound."
"[0.4,0.6)",ONE_TICK,5-25,12418,0.14597980313720477,-11.767371171517999,0.004415725131386154,11.771786896649386,-21.52796312377891,3.901089786398976e-07,21.52796351388789,-17.117911334122635,0.0003421055549275863,17.118253439677563,0.0015300370430020938,0.0015300370430020938,8.052826542116283e-05,8.052826542116283e-05,8.052826542116283e-05,8.052826542116283e-05,500,0,SIGN(IMBALANCE)_AT_DECISION,M2-COST-LEDGER-v1,QIMB_CONSTRAINED_BOUND,"QIMB_CONSTRAINED_BOUND keeps the side dictated by queue imbalance (the sign that defines the bin) and adds clairvoyant abstention only: max(0, net_side). No new threshold, no side choice and no model enters this bound."
"[0.4,0.6)",ONE_TICK,25-50,32172,0.06797712042249968,-4.645002065709093,0.0021265166111109216,4.647128582320205,-8.269773767779807,6.675128962924741e-05,8.269840519069435,-6.701542349878048,0.0004789884278198585,6.702021338305869,0.0015541464627626509,0.0015541464627626509,0.00031082929255253015,0.00031082929255253015,0.00031082929255253015,0.00031082929255253015,500,0,SIGN(IMBALANCE)_AT_DECISION,M2-COST-LEDGER-v1,QIMB_CONSTRAINED_BOUND,"QIMB_CONSTRAINED_BOUND keeps the side dictated by queue imbalance (the sign that defines the bin) and adds clairvoyant abstention only: max(0, net_side). No new threshold, no side choice and no model enters this bound."
"[0.4,0.6)",ONE_TICK,50-100,36384,0.054101572376842086,-2.76529533765536,0.0014692156427568374,2.766764553298117,-4.7727713368741975,0.00011462118113587552,4.772885958055333,-3.953594436234908,0.0003738018247562736,3.953968238059665,0.0021987686895338612,0.0021987686895338612,0.00032981530343007914,0.00032981530343007914,0.00032981530343007914,0.00032981530343007914,500,0,SIGN(IMBALANCE)_AT_DECISION,M2-COST-LEDGER-v1,QIMB_CONSTRAINED_BOUND,"QIMB_CONSTRAINED_BOUND keeps the side dictated by queue imbalance (the sign that defines the bin) and adds clairvoyant abstention only: max(0, net_side). No new threshold, no side choice and no model enters this bound."
"[0.4,0.6)",ONE_TICK,100-200,9764,0.033969228844207076,-1.5221970922401482,0.002194453976831396,1.5243915462169793,-2.431863502471788,0.00048432786279692716,2.432347830334585,-2.1211398366212078,0.0008266150932303387,2.121966451714438,0.007578861122490782,0.007578861122490782,0.0012290045063498567,0.0012290045063498567,0.0012290045063498567,0.0012290045063498567,500,0,SIGN(IMBALANCE)_AT_DECISION,M2-COST-LEDGER-v1,QIMB_CONSTRAINED_BOUND,"QIMB_CONSTRAINED_BOUND keeps the side dictated by queue imbalance (the sign that defines the bin) and adds clairvoyant abstention only: max(0, net_side). No new threshold, no side choice and no model enters this bound."
"[0.4,0.6)",ONE_TICK,200+,1333,0.053926970901602485,-1.0161127773716456,0.0020929482668133755,1.0182057256384591,-1.470343341545503,0.0007206636476237388,1.4710640051931267,-1.3705559177261557,0.0010243859431853949,1.371580303669341,0.003000750187546887,0.003000750187546887,0.003000750187546887,0.003000750187546887,0.003000750187546887,0.003000750187546887,500,0,SIGN(IMBALANCE)_AT_DECISION,M2-COST-LEDGER-v1,QIMB_CONSTRAINED_BOUND,"QIMB_CONSTRAINED_BOUND keeps the side dictated by queue imbalance (the sign that defines the bin) and adds clairvoyant abstention only: max(0, net_side). No new threshold, no side choice and no model enters this bound."
"[0.4,0.6)",WIDER_THAN_ONE_TICK,5-25,490,0.24733053149719844,-21.780348877960595,0.04692501843372497,21.82727389639432,-31.127993417862218,0.01993932797076937,31.14793274583299,-26.909199246756547,0.032212122380362,26.94141136913691,0.0020408163265306124,0.0020408163265306124,0.0020408163265306124,0.0020408163265306124,0.0020408163265306124,0.0020408163265306124,500,0,SIGN(IMBALANCE)_AT_DECISION,M2-COST-LEDGER-v1,QIMB_CONSTRAINED_BOUND,"QIMB_CONSTRAINED_BOUND keeps the side dictated by queue imbalance (the sign that defines the bin) and adds clairvoyant abstention only: max(0, net_side). No new threshold, no side choice and no model enters this bound."
"[0.4,0.6)",WIDER_THAN_ONE_TICK,25-50,3302,0.05025434060466377,-8.872868201397626,0.002937926903873443,8.8758061283015,-12.007109491420282,0.0006264924475357683,12.007735983867818,-10.66606845085725,0.0009641778473185194,10.66703262870457,0.0024227740763173833,0.0024227740763173833,0.0003028467595396729,0.0003028467595396729,0.0003028467595396729,0.0003028467595396729,500,0,SIGN(IMBALANCE)_AT_DECISION,M2-COST-LEDGER-v1,QIMB_CONSTRAINED_BOUND,"QIMB_CONSTRAINED_BOUND keeps the side dictated by queue imbalance (the sign that defines the bin) and adds clairvoyant abstention only: max(0, net_side). No new threshold, no side choice and no model enters this bound."
"[0.4,0.6)",WIDER_THAN_ONE_TICK,50-100,11239,0.06275729851734854,-5.183065039095826,0.0021826730531901866,5.185247712149017,-6.871139631636962,0.0005263271914241767,6.871665958828386,-6.199894284930598,0.0010388053080571118,6.200933090238654,0.0019574695257585195,0.0019574695257585195,0.0007118071002758253,0.0007118071002758253,0.0007118071002758253,0.0007118071002758253,500,0,SIGN(IMBALANCE)_AT_DECISION,M2-COST-LEDGER-v1,QIMB_CONSTRAINED_BOUND,"QIMB_CONSTRAINED_BOUND keeps the side dictated by queue imbalance (the sign that defines the bin) and adds clairvoyant abstention only: max(0, net_side). No new threshold, no side choice and no model enters this bound."
"[0.4,0.6)",WIDER_THAN_ONE_TICK,100-200,19249,0.047705720429231824,-4.533813197309464,0.0023576274912481296,4.536170824800712,-5.455037614107868,0.001021802838339484,5.456059416946207,-5.1389608288406485,0.0014219645119005462,5.140382793352549,0.0028572912878591095,0.0028572912878591095,0.0013507195178970336,0.0013507195178970336,0.0013507195178970336,0.0013507195178970336,500,0,SIGN(IMBALANCE)_AT_DECISION,M2-COST-LEDGER-v1,QIMB_CONSTRAINED_BOUND,"QIMB_CONSTRAINED_BOUND keeps the side dictated by queue imbalance (the sign that defines the bin) and adds clairvoyant abstention only: max(0, net_side). No new threshold, no side choice and no model enters this bound."
"[0.4,0.6)",WIDER_THAN_ONE_TICK,200+,11476,0.02734671053350523,-4.4027774644873325,0.0012109288138295044,4.403988393301161,-4.599953023151754,0.0008829689134448647,4.600835992065198,-4.619221262883752,0.0008961199914885013,4.620117382875241,0.0012199372603694668,0.0012199372603694668,0.0013942140118508191,0.0013942140118508191,0.0011327988846287905,0.0011327988846287905,500,0,SIGN(IMBALANCE)_AT_DECISION,M2-COST-LEDGER-v1,QIMB_CONSTRAINED_BOUND,"QIMB_CONSTRAINED_BOUND keeps the side dictated by queue imbalance (the sign that defines the bin) and adds clairvoyant abstention only: max(0, net_side). No new threshold, no side choice and no model enters this bound."
"[0.6,0.8)",ONE_TICK,5-25,7758,0.2756227602265394,-11.001267840782821,0.007991847351667494,11.009259688134488,-20.201230177282273,2.646939163964573e-07,20.20123044197619,-16.050835385079672,0.00034714067840083406,16.051182525758072,0.0027068832173240526,0.0027068832173240526,0.0001288992008249549,0.0001288992008249549,0.0001288992008249549,0.0001288992008249549,500,0,SIGN(IMBALANCE)_AT_DECISION,M2-COST-LEDGER-v1,QIMB_CONSTRAINED_BOUND,"QIMB_CONSTRAINED_BOUND keeps the side dictated by queue imbalance (the sign that defines the bin) and adds clairvoyant abstention only: max(0, net_side). No new threshold, no side choice and no model enters this bound."
"[0.6,0.8)",ONE_TICK,25-50,21373,0.13349481868404095,-4.597589503768567,0.0029372929484836907,4.600526796717049,-8.22838622851908,0.0002048126883331625,8.228591041207414,-6.657364306415181,0.000610290983766176,6.6579745973989475,0.0026201281991297433,0.0026201281991297433,0.0003275160248912179,0.0003275160248912179,0.0003275160248912179,0.0003275160248912179,500,0,SIGN(IMBALANCE)_AT_DECISION,M2-COST-LEDGER-v1,QIMB_CONSTRAINED_BOUND,"QIMB_CONSTRAINED_BOUND keeps the side dictated by queue imbalance (the sign that defines the bin) and adds clairvoyant abstention only: max(0, net_side). No new threshold, no side choice and no model enters this bound."
"[0.6,0.8)",ONE_TICK,50-100,26764,0.08938576449949669,-2.709108407930848,0.0016513255020659055,2.710759733432914,-4.693631390629163,0.00011301183093674395,4.693744402460099,-3.885085236537446,0.0003384171154337706,3.88542365365288,0.002764908085487969,0.002764908085487969,0.0002615453594380511,0.0002615453594380511,0.0002615453594380511,0.0002615453594380511,500,0,SIGN(IMBALANCE)_AT_DECISION,M2-COST-LEDGER-v1,QIMB_CONSTRAINED_BOUND,"QIMB_CONSTRAINED_BOUND keeps the side dictated by queue imbalance (the sign that defines the bin) and adds clairvoyant abstention only: max(0, net_side). No new threshold, no side choice and no model enters this bound."
"[0.6,0.8)",ONE_TICK,100-200,7267,0.057384647855737346,-1.4811574455508985,0.001595105231544106,1.4827525507824424,-2.3638800863863323,0.0003487331787214676,2.3642288195650534,-2.065635494178696,0.000577503241348203,2.0662129974200445,0.006054768129902298,0.006054768129902298,0.0011008669327095088,0.0011008669327095088,0.0011008669327095088,0.0011008669327095088,500,0,SIGN(IMBALANCE)_AT_DECISION,M2-COST-LEDGER-v1,QIMB_CONSTRAINED_BOUND,"QIMB_CONSTRAINED_BOUND keeps the side dictated by queue imbalance (the sign that defines the bin) and adds clairvoyant abstention only: max(0, net_side). No new threshold, no side choice and no model enters this bound."
"[0.6,0.8)",ONE_TICK,200+,1148,0.07969752841381839,-1.0314772160611037,0.004031057241792729,1.0355082733028964,-1.4853168795105394,0.00125202794398399,1.4865689074545236,-1.3857105023315268,0.0018648093987441675,1.387575311730271,0.006097560975609756,0.006097560975609756,0.006097560975609756,0.006097560975609756,0.006097560975609756,0.006097560975609756,500,0,SIGN(IMBALANCE)_AT_DECISION,M2-COST-LEDGER-v1,QIMB_CONSTRAINED_BOUND,"QIMB_CONSTRAINED_BOUND keeps the side dictated by queue imbalance (the sign that defines the bin) and adds clairvoyant abstention only: max(0, net_side). No new threshold, no side choice and no model enters this bound."
"[0.6,0.8)",WIDER_THAN_ONE_TICK,5-25,381,0.4340741537540095,-29.76052915116245,0.09280724004417387,29.853336391206625,-39.51065685406121,0.05141365122715221,39.56207050528836,-35.10545160745866,0.06727734788383846,35.1727289553425,0.005249343832020997,0.005249343832020997,0.0026246719160104987,0.0026246719160104987,0.0026246719160104987,0.0026246719160104987,500,0,SIGN(IMBALANCE)_AT_DECISION,M2-COST-LEDGER-v1,QIMB_CONSTRAINED_BOUND,"QIMB_CONSTRAINED_BOUND keeps the side dictated by queue imbalance (the sign that defines the bin) and adds clairvoyant abstention only: max(0, net_side). No new threshold, no side choice and no model enters this bound."
"[0.6,0.8)",WIDER_THAN_ONE_TICK,25-50,2778,0.1171280406026315,-9.378421550573298,0.012404466327839701,9.390826016901139,-12.410466194174733,0.007652337589567842,12.4181185317643,-11.116757783950051,0.00914877259023745,11.12590655654029,0.0032397408207343412,0.0032397408207343412,0.0010799136069114472,0.0010799136069114472,0.0010799136069114472,0.0010799136069114472,500,0,SIGN(IMBALANCE)_AT_DECISION,M2-COST-LEDGER-v1,QIMB_CONSTRAINED_BOUND,"QIMB_CONSTRAINED_BOUND keeps the side dictated by queue imbalance (the sign that defines the bin) and adds clairvoyant abstention only: max(0, net_side). No new threshold, no side choice and no model enters this bound."
"[0.6,0.8)",WIDER_THAN_ONE_TICK,50-100,6871,0.09809682258630999,-5.48203430369214,0.010833168534340432,5.49286747222648,-7.204392813829576,0.007325324007620786,7.211718137837197,-6.517268785630594,0.008525822894427897,6.525794608525021,0.003056323679231553,0.003056323679231553,0.0014553922282055014,0.0014553922282055014,0.0014553922282055014,0.0014553922282055014,500,0,SIGN(IMBALANCE)_AT_DECISION,M2-COST-LEDGER-v1,QIMB_CONSTRAINED_BOUND,"QIMB_CONSTRAINED_BOUND keeps the side dictated by queue imbalance (the sign that defines the bin) and adds clairvoyant abstention only: max(0, net_side). No new threshold, no side choice and no model enters this bound."
"[0.6,0.8)",WIDER_THAN_ONE_TICK,100-200,12963,0.06178348059637726,-4.776756484404327,0.006636932492821678,4.78339341689715,-5.665010625719753,0.005190320073642268,5.670200945793396,-5.364204105341238,0.005586041069862833,5.369790146411102,0.0032399907428835918,0.0032399907428835918,0.0017742806449124432,0.0017742806449124432,0.0017742806449124432,0.0017742806449124432,500,0,SIGN(IMBALANCE)_AT_DECISION,M2-COST-LEDGER-v1,QIMB_CONSTRAINED_BOUND,"QIMB_CONSTRAINED_BOUND keeps the side dictated by queue imbalance (the sign that defines the bin) and adds clairvoyant abstention only: max(0, net_side). No new threshold, no side choice and no model enters this bound."
"[0.6,0.8)",WIDER_THAN_ONE_TICK,200+,10700,0.04094492208456801,-4.939232108051613,0.002890604150841116,4.942122712202452,-5.146636121023024,0.002393895707730807,5.149030016730754,-5.161167026766097,0.0024501479197210235,5.163617174685817,0.001588785046728972,0.001588785046728972,0.0016822429906542056,0.0016822429906542056,0.0014018691588785046,0.0014018691588785046,500,0,SIGN(IMBALANCE)_AT_DECISION,M2-COST-LEDGER-v1,QIMB_CONSTRAINED_BOUND,"QIMB_CONSTRAINED_BOUND keeps the side dictated by queue imbalance (the sign that defines the bin) and adds clairvoyant abstention only: max(0, net_side). No new threshold, no side choice and no model enters this bound."
"[0.8,1.0]",ONE_TICK,5-25,3436,0.44373670373571317,-10.61931846876423,0.006431703941680902,10.625750172705912,-19.601086385891346,0.0,19.601086385891346,-15.551748880358154,0.0,15.551748880358154,0.002328288707799767,0.002328288707799767,0.0,0.0,0.0,0.0,500,0,SIGN(IMBALANCE)_AT_DECISION,M2-COST-LEDGER-v1,QIMB_CONSTRAINED_BOUND,"QIMB_CONSTRAINED_BOUND keeps the side dictated by queue imbalance (the sign that defines the bin) and adds clairvoyant abstention only: max(0, net_side). No new threshold, no side choice and no model enters this bound."
"[0.8,1.0]",ONE_TICK,25-50,8205,0.19798264932673051,-4.56011004700223,0.0037279171316856336,4.563837964133916,-8.210493895186762,5.186700400479884e-07,8.210494413856802,-6.630400148269035,0.0010561819856201382,6.631456330254655,0.002437538086532602,0.002437538086532602,0.0007312614259597807,0.0007312614259597807,0.0007312614259597807,0.0007312614259597807,500,0,SIGN(IMBALANCE)_AT_DECISION,M2-COST-LEDGER-v1,QIMB_CONSTRAINED_BOUND,"QIMB_CONSTRAINED_BOUND keeps the side dictated by queue imbalance (the sign that defines the bin) and adds clairvoyant abstention only: max(0, net_side). No new threshold, no side choice and no model enters this bound."
"[0.8,1.0]",ONE_TICK,50-100,12186,0.10015136398756577,-2.536359846739152,0.0016238615954314237,2.537983708334584,-4.381457677529901,1.0542873658028669e-07,4.381457782958637,-3.6374866284559055,0.00030466129325181423,3.637791289749157,0.0026259642212374855,0.0026259642212374855,0.0003282455276546857,0.0003282455276546857,0.0003282455276546857,0.0003282455276546857,500,0,SIGN(IMBALANCE)_AT_DECISION,M2-COST-LEDGER-v1,QIMB_CONSTRAINED_BOUND,"QIMB_CONSTRAINED_BOUND keeps the side dictated by queue imbalance (the sign that defines the bin) and adds clairvoyant abstention only: max(0, net_side). No new threshold, no side choice and no model enters this bound."
"[0.8,1.0]",ONE_TICK,100-200,5429,0.07684031295068978,-1.4220476630335361,0.00409401537699615,1.4261416784105323,-2.259876144176929,0.0026257702920383648,2.262501914468967,-1.982424393412405,0.0029252772433619283,1.9853496706557667,0.00681525142751888,0.00681525142751888,0.0011051759071652237,0.0011051759071652237,0.0011051759071652237,0.0011051759071652237,500,0,SIGN(IMBALANCE)_AT_DECISION,M2-COST-LEDGER-v1,QIMB_CONSTRAINED_BOUND,"QIMB_CONSTRAINED_BOUND keeps the side dictated by queue imbalance (the sign that defines the bin) and adds clairvoyant abstention only: max(0, net_side). No new threshold, no side choice and no model enters this bound."
"[0.8,1.0]",ONE_TICK,200+,964,0.1322133932478008,-1.0459881762914063,0.0038724983996921017,1.0498606746910983,-1.4987772719608075,0.001498054120368752,1.5002753260811763,-1.399657467855561,0.0020241812396870566,1.401681649095248,0.005186721991701245,0.005186721991701245,0.005186721991701245,0.005186721991701245,0.005186721991701245,0.005186721991701245,500,0,SIGN(IMBALANCE)_AT_DECISION,M2-COST-LEDGER-v1,QIMB_CONSTRAINED_BOUND,"QIMB_CONSTRAINED_BOUND keeps the side dictated by queue imbalance (the sign that defines the bin) and adds clairvoyant abstention only: max(0, net_side). No new threshold, no side choice and no model enters this bound."
"[0.8,1.0]",WIDER_THAN_ONE_TICK,5-25,286,0.9547663327117416,-30.02938036584724,0.010765831838638351,30.04014619768588,-39.98884891019041,0.0,39.98884891019041,-35.48668693350137,0.0,35.48668693350137,0.006993006993006993,0.006993006993006993,0.0,0.0,0.0,0.0,500,0,SIGN(IMBALANCE)_AT_DECISION,M2-COST-LEDGER-v1,QIMB_CONSTRAINED_BOUND,"QIMB_CONSTRAINED_BOUND keeps the side dictated by queue imbalance (the sign that defines the bin) and adds clairvoyant abstention only: max(0, net_side). No new threshold, no side choice and no model enters this bound."
"[0.8,1.0]",WIDER_THAN_ONE_TICK,25-50,1390,0.020823953076205624,-9.981444946691377,0.018197920098629167,9.999642866790007,-13.026222897177718,0.011851214416757275,13.038074111594476,-11.726617024278147,0.012649099054337214,11.739266123332484,0.006474820143884892,0.006474820143884892,0.0007194244604316547,0.0007194244604316547,0.0007194244604316547,0.0007194244604316547,500,0,SIGN(IMBALANCE)_AT_DECISION,M2-COST-LEDGER-v1,QIMB_CONSTRAINED_BOUND,"QIMB_CONSTRAINED_BOUND keeps the side dictated by queue imbalance (the sign that defines the bin) and adds clairvoyant abstention only: max(0, net_side). No new threshold, no side choice and no model enters this bound."
"[0.8,1.0]",WIDER_THAN_ONE_TICK,50-100,3494,0.05390523696949304,-5.855702395846872,0.00927993911590209,5.864982334962774,-7.494667320813154,0.006965914603829012,7.501633235416982,-6.84616723848444,0.007682787019115257,6.853850025503554,0.0025758443045220377,0.0025758443045220377,0.0008586147681740126,0.0008586147681740126,0.0008586147681740126,0.0008586147681740126,500,0,SIGN(IMBALANCE)_AT_DECISION,M2-COST-LEDGER-v1,QIMB_CONSTRAINED_BOUND,"QIMB_CONSTRAINED_BOUND keeps the side dictated by queue imbalance (the sign that defines the bin) and adds clairvoyant abstention only: max(0, net_side). No new threshold, no side choice and no model enters this bound."
"[0.8,1.0]",WIDER_THAN_ONE_TICK,100-200,18124,0.06430649394599912,-5.434582655611363,0.0033539814969814957,5.437936637108344,-6.29112881316435,0.001759071536031106,6.292887884700381,-6.005007924132445,0.002221374948616383,6.007229299081062,0.0033657029353343633,0.0033657029353343633,0.0018207901125579342,0.0018207901125579342,0.0018207901125579342,0.0018207901125579342,500,0,SIGN(IMBALANCE)_AT_DECISION,M2-COST-LEDGER-v1,QIMB_CONSTRAINED_BOUND,"QIMB_CONSTRAINED_BOUND keeps the side dictated by queue imbalance (the sign that defines the bin) and adds clairvoyant abstention only: max(0, net_side). No new threshold, no side choice and no model enters this bound."
"[0.8,1.0]",WIDER_THAN_ONE_TICK,200+,31363,0.030429182753005726,-4.289098446791888,0.0015061300882327046,4.2906045768801215,-4.390079342469218,0.0013333828404267346,4.391412725309645,-4.45390037902122,0.001267265985623793,4.455167645006843,0.0012753881962822434,0.0012753881962822434,0.001498581130631636,0.001498581130631636,0.001115964671746963,0.001115964671746963,500,0,SIGN(IMBALANCE)_AT_DECISION,M2-COST-LEDGER-v1,QIMB_CONSTRAINED_BOUND,"QIMB_CONSTRAINED_BOUND keeps the side dictated by queue imbalance (the sign that defines the bin) and adds clairvoyant abstention only: max(0, net_side). No new threshold, no side choice and no model enters this bound."
"[-1.0,-0.8)",ONE_TICK,5-25,2938,0.7176593688183932,-10.67558842092035,0.010721341990880744,10.686309762911232,-19.937406787072163,0.0,19.937406787072163,-15.758363221272178,0.0,15.758363221272178,0.0040844111640571815,0.0040844111640571815,0.0,0.0,0.0,0.0,1000,0,SIGN(IMBALANCE)_AT_DECISION,M2-COST-LEDGER-v1,QIMB_CONSTRAINED_BOUND,"QIMB_CONSTRAINED_BOUND keeps the side dictated by queue imbalance (the sign that defines the bin) and adds clairvoyant abstention only: max(0, net_side). No new threshold, no side choice and no model enters this bound."
"[-1.0,-0.8)",ONE_TICK,25-50,6607,0.3715591179595704,-4.258301825120625,0.016829827540468453,4.275131652661092,-7.782962997687284,0.006393402416212884,7.789356400103496,-6.261098019898065,0.008866065571943374,6.269964085470009,0.007567731194187983,0.007567731194187983,0.0007567731194187983,0.0007567731194187983,0.0018162554866051157,0.0018162554866051157,1000,0,SIGN(IMBALANCE)_AT_DECISION,M2-COST-LEDGER-v1,QIMB_CONSTRAINED_BOUND,"QIMB_CONSTRAINED_BOUND keeps the side dictated by queue imbalance (the sign that defines the bin) and adds clairvoyant abstention only: max(0, net_side). No new threshold, no side choice and no model enters this bound."
"[-1.0,-0.8)",ONE_TICK,50-100,8932,0.19498332335894195,-2.6435829453824446,0.004714135467101553,2.6482970808495465,-4.640769395715529,0.0009836668724452792,4.641753062587974,-3.826358125170894,0.001672279750715608,3.8280304049216105,0.006381549484997761,0.006381549484997761,0.0004478280340349306,0.0004478280340349306,0.0008956560680698612,0.0008956560680698612,1000,0,SIGN(IMBALANCE)_AT_DECISION,M2-COST-LEDGER-v1,QIMB_CONSTRAINED_BOUND,"QIMB_CONSTRAINED_BOUND keeps the side dictated by queue imbalance (the sign that defines the bin) and adds clairvoyant abstention only: max(0, net_side). No new threshold, no side choice and no model enters this bound."
"[-1.0,-0.8)",ONE_TICK,100-200,5687,0.1148965881450653,-1.4751257014891197,0.026794477065717845,1.5019201785548377,-2.3659183060966638,0.02104841304437624,2.38696671914104,-2.063936090146515,0.02239055534229655,2.0863266454888114,0.019694039036398804,0.019694039036398804,0.002813434148056972,0.002813434148056972,0.006154387198874627,0.006154387198874627,1000,0,SIGN(IMBALANCE)_AT_DECISION,M2-COST-LEDGER-v1,QIMB_CONSTRAINED_BOUND,"QIMB_CONSTRAINED_BOUND keeps the side dictated by queue imbalance (the sign that defines the bin) and adds clairvoyant abstention only: max(0, net_side). No new threshold, no side choice and no model enters this bound."
"[-1.0,-0.8)",ONE_TICK,200+,1002,0.18477778139326959,-0.9605233799059131,0.09203748465188193,1.0525608645577949,-1.4121223193557095,0.08108089950491752,1.493203218860627,-1.3135537390563328,0.0835064813516673,1.397060220408,0.023952095808383235,0.023952095808383235,0.014970059880239521,0.014970059880239521,0.023952095808383235,0.023952095808383235,1000,0,SIGN(IMBALANCE)_AT_DECISION,M2-COST-LEDGER-v1,QIMB_CONSTRAINED_BOUND,"QIMB_CONSTRAINED_BOUND keeps the side dictated by queue imbalance (the sign that defines the bin) and adds clairvoyant abstention only: max(0, net_side). No new threshold, no side choice and no model enters this bound."
"[-1.0,-0.8)",WIDER_THAN_ONE_TICK,5-25,214,-2.5263037733090155,-36.64382876660845,0.0,36.64382876660845,-47.49981847278316,0.0,47.49981847278316,-42.58243049573615,0.0,42.58243049573615,0.0,0.0,0.0,0.0,0.0,0.0,1000,0,SIGN(IMBALANCE)_AT_DECISION,M2-COST-LEDGER-v1,QIMB_CONSTRAINED_BOUND,"QIMB_CONSTRAINED_BOUND keeps the side dictated by queue imbalance (the sign that defines the bin) and adds clairvoyant abstention only: max(0, net_side). No new threshold, no side choice and no model enters this bound."
"[-1.0,-0.8)",WIDER_THAN_ONE_TICK,25-50,926,0.331893639517011,-10.515802436787677,0.057823514114944914,10.573625950902622,-13.651239376838719,0.018244385146802412,13.669483761985521,-12.30964456799865,0.03359382102659005,12.34323838902524,0.016198704103671708,0.016198704103671708,0.0032397408207343412,0.0032397408207343412,0.01079913606911447,0.01079913606911447,1000,0,SIGN(IMBALANCE)_AT_DECISION,M2-COST-LEDGER-v1,QIMB_CONSTRAINED_BOUND,"QIMB_CONSTRAINED_BOUND keeps the side dictated by queue imbalance (the sign that defines the bin) and adds clairvoyant abstention only: max(0, net_side). No new threshold, no side choice and no model enters this bound."
"[-1.0,-0.8)",WIDER_THAN_ONE_TICK,50-100,3653,0.1487587870608861,-5.4852212174058,0.028901680148721194,5.514122897554523,-7.102018510613798,0.01916357852690698,7.121182089140704,-6.463785421931497,0.022637535232847044,6.486422957164344,0.007938680536545305,0.007938680536545305,0.002737476047084588,0.002737476047084588,0.0043799616753353405,0.0043799616753353405,1000,0,SIGN(IMBALANCE)_AT_DECISION,M2-COST-LEDGER-v1,QIMB_CONSTRAINED_BOUND,"QIMB_CONSTRAINED_BOUND keeps the side dictated by queue imbalance (the sign that defines the bin) and adds clairvoyant abstention only: max(0, net_side). No new threshold, no side choice and no model enters this bound."
"[-1.0,-0.8)",WIDER_THAN_ONE_TICK,100-200,18955,0.09790106677696214,-4.984517970961573,0.015607330443844032,5.000125301405418,-5.916346265700487,0.011692594434049521,5.928038860134537,-5.595358268057056,0.012781110194952974,5.608139378252009,0.008071748878923767,0.008071748878923767,0.0031126351886045897,0.0031126351886045897,0.005011870218939594,0.005011870218939594,1000,0,SIGN(IMBALANCE)_AT_DECISION,M2-COST-LEDGER-v1,QIMB_CONSTRAINED_BOUND,"QIMB_CONSTRAINED_BOUND keeps the side dictated by queue imbalance (the sign that defines the bin) and adds clairvoyant abstention only: max(0, net_side). No new threshold, no side choice and no model enters this bound."
"[-1.0,-0.8)",WIDER_THAN_ONE_TICK,200+,30811,0.045361472122176054,-3.9226366193218674,0.007432208176157632,3.9300688274980256,-4.053496315412036,0.006613487766286256,4.060109803178322,-4.10347891142397,0.006622115130591796,4.110101026554562,0.0032780500470611144,0.0032780500470611144,0.002758754990100938,0.002758754990100938,0.002921034695400993,0.002921034695400993,1000,0,SIGN(IMBALANCE)_AT_DECISION,M2-COST-LEDGER-v1,QIMB_CONSTRAINED_BOUND,"QIMB_CONSTRAINED_BOUND keeps the side dictated by queue imbalance (the sign that defines the bin) and adds clairvoyant abstention only: max(0, net_side). No new threshold, no side choice and no model enters this bound."
"[-0.8,-0.6)",ONE_TICK,5-25,6735,0.4887201020001615,-11.137116984780425,0.012982575411393006,11.15009956019182,-20.630373977805885,0.0014228835117765608,20.63179686131766,-16.344139037773576,0.0033308354014814578,16.347469873175058,0.0032665181885671865,0.0032665181885671865,0.00014847809948032666,0.00014847809948032666,0.00044543429844097997,0.00044543429844097997,1000,0,SIGN(IMBALANCE)_AT_DECISION,M2-COST-LEDGER-v1,QIMB_CONSTRAINED_BOUND,"QIMB_CONSTRAINED_BOUND keeps the side dictated by queue imbalance (the sign that defines the bin) and adds clairvoyant abstention only: max(0, net_side). No new threshold, no side choice and no model enters this bound."
"[-0.8,-0.6)",ONE_TICK,25-50,20639,0.21049922677515337,-4.434285400002874,0.008050834397541413,4.442336234400416,-7.9820087191753775,0.002185844704367339,7.984194563879745,-6.449462450968821,0.003445075949786834,6.452907526918607,0.004748292068414167,0.004748292068414167,0.00048451959881777216,0.00048451959881777216,0.0010174911575173216,0.0010174911575173216,1000,0,SIGN(IMBALANCE)_AT_DECISION,M2-COST-LEDGER-v1,QIMB_CONSTRAINED_BOUND,"QIMB_CONSTRAINED_BOUND keeps the side dictated by queue imbalance (the sign that defines the bin) and adds clairvoyant abstention only: max(0, net_side). No new threshold, no side choice and no model enters this bound."
"[-0.8,-0.6)",ONE_TICK,50-100,23274,0.15053847158680306,-2.699674152170737,0.004227450040840225,2.7039016022115767,-4.715040993004835,0.0003441505047672369,4.715385143509601,-3.8922094294943763,0.001140169995889608,3.893349599490266,0.005929363237947924,0.005929363237947924,0.0001288992008249549,0.0001288992008249549,0.0009022944057746842,0.0009022944057746842,1000,0,SIGN(IMBALANCE)_AT_DECISION,M2-COST-LEDGER-v1,QIMB_CONSTRAINED_BOUND,"QIMB_CONSTRAINED_BOUND keeps the side dictated by queue imbalance (the sign that defines the bin) and adds clairvoyant abstention only: max(0, net_side). No new threshold, no side choice and no model enters this bound."
"[-0.8,-0.6)",ONE_TICK,100-200,6653,0.10572795907539596,-1.4705569250900787,0.014554415317961525,1.4851113404080403,-2.365077865834295,0.009367221939605878,2.3744450877739007,-2.0613688617525,0.010498098495567557,2.0718669602480673,0.020141289643769728,0.020141289643769728,0.0021043138433789266,0.0021043138433789266,0.00496016834510747,0.00496016834510747,1000,0,SIGN(IMBALANCE)_AT_DECISION,M2-COST-LEDGER-v1,QIMB_CONSTRAINED_BOUND,"QIMB_CONSTRAINED_BOUND keeps the side dictated by queue imbalance (the sign that defines the bin) and adds clairvoyant abstention only: max(0, net_side). No new threshold, no side choice and no model enters this bound."
"[-0.8,-0.6)",ONE_TICK,200+,1304,0.04658742971323029,-1.0778180091627199,0.025303178079915983,1.103121187242636,-1.5305327929044135,0.014834594619665277,1.545367387524079,-1.4314474065528515,0.01713871245166748,1.448586119004519,0.023006134969325152,0.023006134969325152,0.009202453987730062,0.009202453987730062,0.023006134969325152,0.023006134969325152,1000,0,SIGN(IMBALANCE)_AT_DECISION,M2-COST-LEDGER-v1,QIMB_CONSTRAINED_BOUND,"QIMB_CONSTRAINED_BOUND keeps the side dictated by queue imbalance (the sign that defines the bin) and adds clairvoyant abstention only: max(0, net_side). No new threshold, no side choice and no model enters this bound."
"[-0.8,-0.6)",WIDER_THAN_ONE_TICK,5-25,275,0.4715893539525375,-21.706190573465665,0.0055728379377721375,21.71176341140344,-31.180252642107252,0.0,31.180252642107252,-26.902907878925657,0.0,26.902907878925657,0.0036363636363636364,0.0036363636363636364,0.0,0.0,0.0,0.0,1000,0,SIGN(IMBALANCE)_AT_DECISION,M2-COST-LEDGER-v1,QIMB_CONSTRAINED_BOUND,"QIMB_CONSTRAINED_BOUND keeps the side dictated by queue imbalance (the sign that defines the bin) and adds clairvoyant abstention only: max(0, net_side). No new threshold, no side choice and no model enters this bound."
"[-0.8,-0.6)",WIDER_THAN_ONE_TICK,25-50,2420,0.335663919622286,-8.76582168496902,0.046665242596782106,8.812486927565802,-11.838569505604246,0.03281380024499715,11.871383305849244,-10.526009317952386,0.0377426464472925,10.563751964399678,0.007851239669421488,0.007851239669421488,0.002892561983471074,0.002892561983471074,0.004132231404958678,0.004132231404958678,1000,0,SIGN(IMBALANCE)_AT_DECISION,M2-COST-LEDGER-v1,QIMB_CONSTRAINED_BOUND,"QIMB_CONSTRAINED_BOUND keeps the side dictated by queue imbalance (the sign that defines the bin) and adds clairvoyant abstention only: max(0, net_side). No new threshold, no side choice and no model enters this bound."
"[-0.8,-0.6)",WIDER_THAN_ONE_TICK,50-100,7444,0.15121303326116883,-5.808356935553106,0.013009349159744787,5.821366284712851,-7.655971235844608,0.006927892861257536,7.662899128705865,-6.910834677678017,0.008668373845093277,6.91950305152311,0.006985491671144546,0.006985491671144546,0.0012090274046211713,0.0012090274046211713,0.0021493820526598604,0.0021493820526598604,1000,0,SIGN(IMBALANCE)_AT_DECISION,M2-COST-LEDGER-v1,QIMB_CONSTRAINED_BOUND,"QIMB_CONSTRAINED_BOUND keeps the side dictated by queue imbalance (the sign that defines the bin) and adds clairvoyant abstention only: max(0, net_side). No new threshold, no side choice and no model enters this bound."
"[-0.8,-0.6)",WIDER_THAN_ONE_TICK,100-200,13307,0.07365051311315696,-4.7342159641859,0.018334716871215035,4.752550681057115,-5.666025931477091,0.013182883848627465,5.679208815325718,-5.3450464222365435,0.01469323287664701,5.35973965511319,0.009844442774479597,0.009844442774479597,0.003005936725031938,0.003005936725031938,0.005786428195686481,0.005786428195686481,1000,0,SIGN(IMBALANCE)_AT_DECISION,M2-COST-LEDGER-v1,QIMB_CONSTRAINED_BOUND,"QIMB_CONSTRAINED_BOUND keeps the side dictated by queue imbalance (the sign that defines the bin) and adds clairvoyant abstention only: max(0, net_side). No new threshold, no side choice and no model enters this bound."
"[-0.8,-0.6)",WIDER_THAN_ONE_TICK,200+,10491,0.04854266748578926,-4.593742167559959,0.009962816770141771,4.6037049843301014,-4.796416164341626,0.00844890838047709,4.804865072722103,-4.81313778881808,0.00861553991408344,4.8217533287321634,0.0047659898961014205,0.0047659898961014205,0.0034315127251930227,0.0034315127251930227,0.004575350300257364,0.004575350300257364,1000,0,SIGN(IMBALANCE)_AT_DECISION,M2-COST-LEDGER-v1,QIMB_CONSTRAINED_BOUND,"QIMB_CONSTRAINED_BOUND keeps the side dictated by queue imbalance (the sign that defines the bin) and adds clairvoyant abstention only: max(0, net_side). No new threshold, no side choice and no model enters this bound."
"[-0.6,-0.4)",ONE_TICK,5-25,10700,0.2817792032403121,-12.084909321876461,0.008348738946214403,12.093258060822677,-22.22173334944805,0.0,22.22173334944805,-17.637428740685444,0.0015737497939354642,17.639002490479378,0.00205607476635514,0.00205607476635514,0.0,0.0,0.00037383177570093456,0.00037383177570093456,1000,0,SIGN(IMBALANCE)_AT_DECISION,M2-COST-LEDGER-v1,QIMB_CONSTRAINED_BOUND,"QIMB_CONSTRAINED_BOUND keeps the side dictated by queue imbalance (the sign that defines the bin) and adds clairvoyant abstention only: max(0, net_side). No new threshold, no side choice and no model enters this bound."
"[-0.6,-0.4)",ONE_TICK,25-50,29665,0.13230369131740047,-4.535945448694094,0.006283080710501553,4.542228529404596,-8.111292291222968,0.0010461282566388262,8.112338419479608,-6.5659521196403565,0.002210599640692354,6.568162719281048,0.004247429630878139,0.004247429630878139,0.00016854879487611664,0.00016854879487611664,0.0008764537333558065,0.0008764537333558065,1000,0,SIGN(IMBALANCE)_AT_DECISION,M2-COST-LEDGER-v1,QIMB_CONSTRAINED_BOUND,"QIMB_CONSTRAINED_BOUND keeps the side dictated by queue imbalance (the sign that defines the bin) and adds clairvoyant abstention only: max(0, net_side). No new threshold, no side choice and no model enters this bound."
"[-0.6,-0.4)",ONE_TICK,50-100,33929,0.10365447632819948,-2.7457915272621465,0.006225111511872323,2.7520166387740184,-4.76883180305385,0.0015831430967264892,4.770414946150577,-3.9424462691050985,0.002800642318545998,3.9452469114236446,0.005688349199799581,0.005688349199799581,0.00047157299065696013,0.00047157299065696013,0.0015326122196351205,0.0015326122196351205,1000,0,SIGN(IMBALANCE)_AT_DECISION,M2-COST-LEDGER-v1,QIMB_CONSTRAINED_BOUND,"QIMB_CONSTRAINED_BOUND keeps the side dictated by queue imbalance (the sign that defines the bin) and adds clairvoyant abstention only: max(0, net_side). No new threshold, no side choice and no model enters this bound."
"[-0.6,-0.4)",ONE_TICK,100-200,8826,0.07023794577106107,-1.5251902709638834,0.010534077179464266,1.5357243481433476,-2.448209337825969,0.004342464609080283,2.452551802435049,-2.131301355929254,0.0060130651601486,2.137314421089403,0.017108542941309767,0.017108542941309767,0.0012463176977113076,0.0012463176977113076,0.005551778835259461,0.005551778835259461,1000,0,SIGN(IMBALANCE)_AT_DECISION,M2-COST-LEDGER-v1,QIMB_CONSTRAINED_BOUND,"QIMB_CONSTRAINED_BOUND keeps the side dictated by queue imbalance (the sign that defines the bin) and adds clairvoyant abstention only: max(0, net_side). No new threshold, no side choice and no model enters this bound."
"[-0.6,-0.4)",ONE_TICK,200+,1326,0.055929941495334694,-1.054004913762056,0.04126441240065267,1.0952693261627087,-1.5082000208854667,0.030554827111407508,1.5387548479968742,-1.4084290190870017,0.03292938753650189,1.441358406623504,0.023378582202111614,0.023378582202111614,0.010558069381598794,0.010558069381598794,0.023378582202111614,0.023378582202111614,1000,0,SIGN(IMBALANCE)_AT_DECISION,M2-COST-LEDGER-v1,QIMB_CONSTRAINED_BOUND,"QIMB_CONSTRAINED_BOUND keeps the side dictated by queue imbalance (the sign that defines the bin) and adds clairvoyant abstention only: max(0, net_side). No new threshold, no side choice and no model enters this bound."
"[-0.6,-0.4)",WIDER_THAN_ONE_TICK,5-25,308,0.45459261672050155,-21.150883835937048,0.0,21.150883835937048,-30.78606594467588,0.0,30.78606594467588,-26.434098035186818,0.0,26.434098035186818,0.0,0.0,0.0,0.0,0.0,0.0,1000,0,SIGN(IMBALANCE)_AT_DECISION,M2-COST-LEDGER-v1,QIMB_CONSTRAINED_BOUND,"QIMB_CONSTRAINED_BOUND keeps the side dictated by queue imbalance (the sign that defines the bin) and adds clairvoyant abstention only: max(0, net_side). No new threshold, no side choice and no model enters this bound."
"[-0.6,-0.4)",WIDER_THAN_ONE_TICK,25-50,3336,0.1854464822154458,-9.01090680805051,0.01696373490798797,9.027870542958498,-12.095967995294192,0.003336731044026589,12.09930472633822,-10.777704841348347,0.007674013156962576,10.785378854505309,0.008093525179856115,0.008093525179856115,0.001199040767386091,0.001199040767386091,0.0032973621103117505,0.0032973621103117505,1000,0,SIGN(IMBALANCE)_AT_DECISION,M2-COST-LEDGER-v1,QIMB_CONSTRAINED_BOUND,"QIMB_CONSTRAINED_BOUND keeps the side dictated by queue imbalance (the sign that defines the bin) and adds clairvoyant abstention only: max(0, net_side). No new threshold, no side choice and no model enters this bound."
"[-0.6,-0.4)",WIDER_THAN_ONE_TICK,50-100,11174,0.10036530336450222,-5.28807462675147,0.008716956797415163,5.296791583548885,-7.068503214147243,0.003302542167301339,7.0718057563145456,-6.354483885595064,0.005119161694336527,6.359603047289401,0.004832647216753177,0.004832647216753177,0.0008949346697691068,0.0008949346697691068,0.0021478432074458565,0.0021478432074458565,1000,0,SIGN(IMBALANCE)_AT_DECISION,M2-COST-LEDGER-v1,QIMB_CONSTRAINED_BOUND,"QIMB_CONSTRAINED_BOUND keeps the side dictated by queue imbalance (the sign that defines the bin) and adds clairvoyant abstention only: max(0, net_side). No new threshold, no side choice and no model enters this bound."
"[-0.6,-0.4)",WIDER_THAN_ONE_TICK,100-200,17872,0.057566832652262784,-4.675751603707692,0.009339243808769307,4.685090847516461,-5.60897032628131,0.006206437934428336,5.615176764215738,-5.287338348536605,0.007093325417361796,5.294431673953968,0.007106087735004476,0.007106087735004476,0.0020143240823634737,0.0020143240823634737,0.00346911369740376,0.00346911369740376,1000,0,SIGN(IMBALANCE)_AT_DECISION,M2-COST-LEDGER-v1,QIMB_CONSTRAINED_BOUND,"QIMB_CONSTRAINED_BOUND keeps the side dictated by queue imbalance (the sign that defines the bin) and adds clairvoyant abstention only: max(0, net_side). No new threshold, no side choice and no model enters this bound."
"[-0.6,-0.4)",WIDER_THAN_ONE_TICK,200+,12078,0.04151504929606728,-4.156647983683126,0.009190560431560092,4.165838544114686,-4.392539839431973,0.007870519804893885,4.400410359236867,-4.3938765301147615,0.007973351347781172,4.401849881462544,0.004553734061930784,0.004553734061930784,0.003311806590495115,0.003311806590495115,0.00430534856764365,0.00430534856764365,1000,0,SIGN(IMBALANCE)_AT_DECISION,M2-COST-LEDGER-v1,QIMB_CONSTRAINED_BOUND,"QIMB_CONSTRAINED_BOUND keeps the side dictated by queue imbalance (the sign that defines the bin) and adds clairvoyant abstention only: max(0, net_side). No new threshold, no side choice and no model enters this bound."
"[-0.4,-0.2)",ONE_TICK,5-25,15485,0.113850746145615,-12.793692316617774,0.0026752480578548276,12.796367564675629,-23.399985771979683,0.0,23.399985771979683,-18.59824523298931,0.0,18.59824523298931,0.0010332579916047789,0.0010332579916047789,0.0,0.0,0.0,0.0,1000,0,SIGN(IMBALANCE)_AT_DECISION,M2-COST-LEDGER-v1,QIMB_CONSTRAINED_BOUND,"QIMB_CONSTRAINED_BOUND keeps the side dictated by queue imbalance (the sign that defines the bin) and adds clairvoyant abstention only: max(0, net_side). No new threshold, no side choice and no model enters this bound."
"[-0.4,-0.2)",ONE_TICK,25-50,38618,0.0688600825094483,-4.638939104758307,0.0066085758915035014,4.645547680649811,-8.249696619974381,0.0020528517588147242,8.251749471733197,-6.687955907483341,0.003043583667869737,6.690999491151209,0.003599357812419079,0.003599357812419079,0.0003107359262520068,0.0003107359262520068,0.0007250504945880159,0.0007250504945880159,1000,0,SIGN(IMBALANCE)_AT_DECISION,M2-COST-LEDGER-v1,QIMB_CONSTRAINED_BOUND,"QIMB_CONSTRAINED_BOUND keeps the side dictated by queue imbalance (the sign that defines the bin) and adds clairvoyant abstention only: max(0, net_side). No new threshold, no side choice and no model enters this bound."
"[-0.4,-0.2)",ONE_TICK,50-100,46672,0.053026289980417876,-2.7723936838293,0.0039252786515490065,2.776318962480849,-4.77271873400685,0.0007309299755508802,4.773449663982401,-3.9568538131574313,0.0013645076409365437,3.9582183207983683,0.004949434350359959,0.004949434350359959,0.00017140898183064793,0.00017140898183064793,0.0008141926636955776,0.0008141926636955776,1000,0,SIGN(IMBALANCE)_AT_DECISION,M2-COST-LEDGER-v1,QIMB_CONSTRAINED_BOUND,"QIMB_CONSTRAINED_BOUND keeps the side dictated by queue imbalance (the sign that defines the bin) and adds clairvoyant abstention only: max(0, net_side). No new threshold, no side choice and no model enters this bound."
"[-0.4,-0.2)",ONE_TICK,100-200,12817,0.04821247669892516,-1.5587884305964392,0.01168065094064536,1.5704690815370843,-2.4861248366144384,0.005524627287670043,2.4916494639021085,-2.1672172683764086,0.007113605810641423,2.17433087418705,0.017710852773659982,0.017710852773659982,0.0017164703128657252,0.0017164703128657252,0.005929624717172505,0.005929624717172505,1000,0,SIGN(IMBALANCE)_AT_DECISION,M2-COST-LEDGER-v1,QIMB_CONSTRAINED_BOUND,"QIMB_CONSTRAINED_BOUND keeps the side dictated by queue imbalance (the sign that defines the bin) and adds clairvoyant abstention only: max(0, net_side). No new threshold, no side choice and no model enters this bound."
"[-0.4,-0.2)",ONE_TICK,200+,1467,0.0977006031973133,-1.0173854939239995,0.08881100557552311,1.1061964994995226,-1.470258245171891,0.07756821770253412,1.5478264628744254,-1.3710996957779185,0.08006130364120831,1.4511609994191268,0.024539877300613498,0.024539877300613498,0.011588275391956374,0.011588275391956374,0.024539877300613498,0.024539877300613498,1000,0,SIGN(IMBALANCE)_AT_DECISION,M2-COST-LEDGER-v1,QIMB_CONSTRAINED_BOUND,"QIMB_CONSTRAINED_BOUND keeps the side dictated by queue imbalance (the sign that defines the bin) and adds clairvoyant abstention only: max(0, net_side). No new threshold, no side choice and no model enters this bound."
"[-0.4,-0.2)",WIDER_THAN_ONE_TICK,5-25,507,0.6536798332742699,-20.219719116491294,0.0420171884371203,20.261736304928416,-29.721657907875226,0.013720860066168343,29.735378767941395,-25.43140197139378,0.022115026316472868,25.45351699771025,0.005917159763313609,0.005917159763313609,0.0019723865877712033,0.0019723865877712033,0.0019723865877712033,0.0019723865877712033,1000,0,SIGN(IMBALANCE)_AT_DECISION,M2-COST-LEDGER-v1,QIMB_CONSTRAINED_BOUND,"QIMB_CONSTRAINED_BOUND keeps the side dictated by queue imbalance (the sign that defines the bin) and adds clairvoyant abstention only: max(0, net_side). No new threshold, no side choice and no model enters this bound."
"[-0.4,-0.2)",WIDER_THAN_ONE_TICK,25-50,5312,0.0450620863394884,-9.210448273668574,0.014882853225213577,9.225331126893787,-12.362927424271145,0.006999042194559875,12.369926466465706,-11.013439473332664,0.009583186339194185,11.023022659671858,0.004894578313253012,0.004894578313253012,0.0011295180722891566,0.0011295180722891566,0.0020707831325301206,0.0020707831325301206,1000,0,SIGN(IMBALANCE)_AT_DECISION,M2-COST-LEDGER-v1,QIMB_CONSTRAINED_BOUND,"QIMB_CONSTRAINED_BOUND keeps the side dictated by queue imbalance (the sign that defines the bin) and adds clairvoyant abstention only: max(0, net_side). No new threshold, no side choice and no model enters this bound."
"[-0.4,-0.2)",WIDER_THAN_ONE_TICK,50-100,19199,0.05208736193944617,-5.3796088103347,0.0057273990055420575,5.385336209340242,-7.147675595107053,0.0021043765670691037,7.149779971674122,-6.439381666109359,0.003159473821711846,6.4425411399310715,0.004218969738007188,0.004218969738007188,0.0006771185999270796,0.0006771185999270796,0.0014063232460023959,0.0014063232460023959,1000,0,SIGN(IMBALANCE)_AT_DECISION,M2-COST-LEDGER-v1,QIMB_CONSTRAINED_BOUND,"QIMB_CONSTRAINED_BOUND keeps the side dictated by queue imbalance (the sign that defines the bin) and adds clairvoyant abstention only: max(0, net_side). No new threshold, no side choice and no model enters this bound."
"[-0.4,-0.2)",WIDER_THAN_ONE_TICK,100-200,33248,0.028700913243015304,-4.475480381749045,0.006306903693775668,4.48178728544282,-5.410139507259711,0.0032646108014702836,5.413404118061181,-5.087840403321095,0.004160396980307634,5.092000800301402,0.0063161693936477385,0.0063161693936477385,0.0016843118383060634,0.0016843118383060634,0.0031881616939364774,0.0031881616939364774,1000,0,SIGN(IMBALANCE)_AT_DECISION,M2-COST-LEDGER-v1,QIMB_CONSTRAINED_BOUND,"QIMB_CONSTRAINED_BOUND keeps the side dictated by queue imbalance (the sign that defines the bin) and adds clairvoyant abstention only: max(0, net_side). No new threshold, no side choice and no model enters this bound."
"[-0.4,-0.2)",WIDER_THAN_ONE_TICK,200+,16434,0.03213701640169917,-4.4401754486869525,0.004730922530296568,4.444906371217249,-4.7032590429451675,0.0036080460576868806,4.706867089002855,-4.692001812475045,0.0036668218188857685,4.69566863429393,0.004198612632347572,0.004198612632347572,0.003103322380430814,0.003103322380430814,0.0038943653401484726,0.0038943653401484726,1000,0,SIGN(IMBALANCE)_AT_DECISION,M2-COST-LEDGER-v1,QIMB_CONSTRAINED_BOUND,"QIMB_CONSTRAINED_BOUND keeps the side dictated by queue imbalance (the sign that defines the bin) and adds clairvoyant abstention only: max(0, net_side). No new threshold, no side choice and no model enters this bound."
"[-0.2,0.0)",ONE_TICK,5-25,16191,0.027448622415423438,-13.181758492619156,0.003533505827592421,13.18529199844675,-24.050119308305323,0.0,24.050119308305323,-19.127001621195543,0.00025989122238954005,19.127261512417935,0.0012352541535420912,0.0012352541535420912,0.0,0.0,6.176270767710456e-05,6.176270767710456e-05,1000,0,SIGN(IMBALANCE)_AT_DECISION,M2-COST-LEDGER-v1,QIMB_CONSTRAINED_BOUND,"QIMB_CONSTRAINED_BOUND keeps the side dictated by queue imbalance (the sign that defines the bin) and adds clairvoyant abstention only: max(0, net_side). No new threshold, no side choice and no model enters this bound."
"[-0.2,0.0)",ONE_TICK,25-50,37047,0.018983520747899257,-4.76838113555201,0.0029284174959630163,4.771309553047973,-8.457361654079799,0.0003278012771573788,8.457689455356956,-6.859391763534828,0.0007100781935461692,6.860101841728373,0.0024293465057899427,0.0024293465057899427,0.00010797095581288633,0.00010797095581288633,0.0002969201284854374,0.0002969201284854374,1000,0,SIGN(IMBALANCE)_AT_DECISION,M2-COST-LEDGER-v1,QIMB_CONSTRAINED_BOUND,"QIMB_CONSTRAINED_BOUND keeps the side dictated by queue imbalance (the sign that defines the bin) and adds clairvoyant abstention only: max(0, net_side). No new threshold, no side choice and no model enters this bound."
"[-0.2,0.0)",ONE_TICK,50-100,41707,0.01588806660256451,-2.806128397466689,0.0025061792562243675,2.8086345767229144,-4.81632510956967,0.00033762075502377864,4.816662730324692,-3.9958881040080416,0.0007436844646696749,3.996631788472711,0.0036444721509578727,0.0036444721509578727,0.00014386074280096865,0.00014386074280096865,0.0005514661807370466,0.0005514661807370466,1000,0,SIGN(IMBALANCE)_AT_DECISION,M2-COST-LEDGER-v1,QIMB_CONSTRAINED_BOUND,"QIMB_CONSTRAINED_BOUND keeps the side dictated by queue imbalance (the sign that defines the bin) and adds clairvoyant abstention only: max(0, net_side). No new threshold, no side choice and no model enters this bound."
"[-0.2,0.0)",ONE_TICK,100-200,9093,0.026133622768055732,-1.5602512182307195,0.010484259257494124,1.5707354774882134,-2.4804460348101145,0.004177425470853124,2.484623460280968,-2.164846111438752,0.0058164999875999,2.1706626114263514,0.017925877048278895,0.017925877048278895,0.001979544704717915,0.001979544704717915,0.006048608819971406,0.006048608819971406,1000,0,SIGN(IMBALANCE)_AT_DECISION,M2-COST-LEDGER-v1,QIMB_CONSTRAINED_BOUND,"QIMB_CONSTRAINED_BOUND keeps the side dictated by queue imbalance (the sign that defines the bin) and adds clairvoyant abstention only: max(0, net_side). No new threshold, no side choice and no model enters this bound."
"[-0.2,0.0)",ONE_TICK,200+,1341,0.02522768370616083,-1.078961722943693,0.046233481885147344,1.12519520482884,-1.5322651597222356,0.0332658763151578,1.5655310360373935,-1.4329071372562174,0.036137839384448034,1.4690449766406655,0.028337061894108874,0.028337061894108874,0.011931394481730051,0.011931394481730051,0.028337061894108874,0.028337061894108874,1000,0,SIGN(IMBALANCE)_AT_DECISION,M2-COST-LEDGER-v1,QIMB_CONSTRAINED_BOUND,"QIMB_CONSTRAINED_BOUND keeps the side dictated by queue imbalance (the sign that defines the bin) and adds clairvoyant abstention only: max(0, net_side). No new threshold, no side choice and no model enters this bound."
"[-0.2,0.0)",WIDER_THAN_ONE_TICK,5-25,611,0.1550381818148876,-19.07591704227338,0.026846127443349667,19.10276316971673,-28.03207983099294,0.011405271259238998,28.043485102252177,-23.994601404207653,0.01837574278224826,24.012977146989904,0.0016366612111292963,0.0016366612111292963,0.0016366612111292963,0.0016366612111292963,0.0016366612111292963,0.0016366612111292963,1000,0,SIGN(IMBALANCE)_AT_DECISION,M2-COST-LEDGER-v1,QIMB_CONSTRAINED_BOUND,"QIMB_CONSTRAINED_BOUND keeps the side dictated by queue imbalance (the sign that defines the bin) and adds clairvoyant abstention only: max(0, net_side). No new threshold, no side choice and no model enters this bound."
"[-0.2,0.0)",WIDER_THAN_ONE_TICK,25-50,3966,0.04807558753823595,-8.200635010269288,0.022702011839676742,8.223337022108964,-11.434960266978113,0.011877929644154864,11.446838196622267,-10.047565088937546,0.01544593603780846,10.063011024975355,0.006051437216338881,0.006051437216338881,0.0017650025214321734,0.0017650025214321734,0.0025214321734745334,0.0025214321734745334,1000,0,SIGN(IMBALANCE)_AT_DECISION,M2-COST-LEDGER-v1,QIMB_CONSTRAINED_BOUND,"QIMB_CONSTRAINED_BOUND keeps the side dictated by queue imbalance (the sign that defines the bin) and adds clairvoyant abstention only: max(0, net_side). No new threshold, no side choice and no model enters this bound."
"[-0.2,0.0)",WIDER_THAN_ONE_TICK,50-100,13207,0.035040253779376106,-4.876752414897423,0.005500711588388665,4.8822531264858124,-6.651285134955895,0.002573761419049728,6.6538588963749445,-5.939996491988546,0.003296305632882257,5.943292797621428,0.004013023396683577,0.004013023396683577,0.00037858711289467706,0.00037858711289467706,0.0011357613386840312,0.0011357613386840312,1000,0,SIGN(IMBALANCE)_AT_DECISION,M2-COST-LEDGER-v1,QIMB_CONSTRAINED_BOUND,"QIMB_CONSTRAINED_BOUND keeps the side dictated by queue imbalance (the sign that defines the bin) and adds clairvoyant abstention only: max(0, net_side). No new threshold, no side choice and no model enters this bound."
"[-0.2,0.0)",WIDER_THAN_ONE_TICK,100-200,20781,0.005272445789354253,-4.30248791822607,0.005570321074359941,4.30805823930043,-5.231417752366114,0.003324248437638085,5.2347420008037515,-4.911772183940087,0.003942955130330197,4.915715139070418,0.005533901159713199,0.005533901159713199,0.00129926375054136,0.00129926375054136,0.0024060439824839996,0.0024060439824839996,1000,0,SIGN(IMBALANCE)_AT_DECISION,M2-COST-LEDGER-v1,QIMB_CONSTRAINED_BOUND,"QIMB_CONSTRAINED_BOUND keeps the side dictated by queue imbalance (the sign that defines the bin) and adds clairvoyant abstention only: max(0, net_side). No new threshold, no side choice and no model enters this bound."
"[-0.2,0.0)",WIDER_THAN_ONE_TICK,200+,14454,0.011198747624684757,-4.074339191930973,0.008860576212565132,4.083199768143539,-4.278159368472802,0.007948118782417916,4.28610748725522,-4.294350136949682,0.007974283526200398,4.302324420475882,0.0034592500345925004,0.0034592500345925004,0.0033900650339006503,0.0033900650339006503,0.0034592500345925004,0.0034592500345925004,1000,0,SIGN(IMBALANCE)_AT_DECISION,M2-COST-LEDGER-v1,QIMB_CONSTRAINED_BOUND,"QIMB_CONSTRAINED_BOUND keeps the side dictated by queue imbalance (the sign that defines the bin) and adds clairvoyant abstention only: max(0, net_side). No new threshold, no side choice and no model enters this bound."
"[0.0,0.2)",ONE_TICK,5-25,17975,0.054102315995041124,-12.923040767631495,0.006585050660345742,12.92962581829184,-23.59100345614137,0.00038752969984280996,23.591390985841215,-18.760700658818067,0.0014040756560977665,18.762104734474164,0.0016133518776077886,0.0016133518776077886,0.00022253129346314326,0.00022253129346314326,0.00022253129346314326,0.00022253129346314326,1000,0,SIGN(IMBALANCE)_AT_DECISION,M2-COST-LEDGER-v1,QIMB_CONSTRAINED_BOUND,"QIMB_CONSTRAINED_BOUND keeps the side dictated by queue imbalance (the sign that defines the bin) and adds clairvoyant abstention only: max(0, net_side). No new threshold, no side choice and no model enters this bound."
"[0.0,0.2)",ONE_TICK,25-50,39441,0.019693130805000618,-4.786990329525287,0.0027720492237891885,4.789762378749076,-8.491298730719322,0.0003720973366773851,8.491670828056,-6.88622969328923,0.0007056280881196334,6.886935321377349,0.00243401536472199,0.00243401536472199,0.0002535432671585406,0.0002535432671585406,0.0002535432671585406,0.0002535432671585406,1000,0,SIGN(IMBALANCE)_AT_DECISION,M2-COST-LEDGER-v1,QIMB_CONSTRAINED_BOUND,"QIMB_CONSTRAINED_BOUND keeps the side dictated by queue imbalance (the sign that defines the bin) and adds clairvoyant abstention only: max(0, net_side). No new threshold, no side choice and no model enters this bound."
"[0.0,0.2)",ONE_TICK,50-100,41717,0.01596491504317974,-2.821534069177242,0.00244046455472758,2.82397453373197,-4.844793013117327,0.00021898841402997123,4.845012001531356,-4.01830620247314,0.0006163002985672339,4.018922502771708,0.00388330896277297,0.00388330896277297,0.0005513339885418415,0.0005513339885418415,0.0005513339885418415,0.0005513339885418415,1000,0,SIGN(IMBALANCE)_AT_DECISION,M2-COST-LEDGER-v1,QIMB_CONSTRAINED_BOUND,"QIMB_CONSTRAINED_BOUND keeps the side dictated by queue imbalance (the sign that defines the bin) and adds clairvoyant abstention only: max(0, net_side). No new threshold, no side choice and no model enters this bound."
"[0.0,0.2)",ONE_TICK,100-200,10234,0.01517243626244573,-1.5681150824179075,0.005735426056949312,1.573850508474857,-2.48943670200582,0.0021516200886961662,2.491588322094517,-2.173314897025481,0.003001432489698148,2.1763163295151786,0.012605042016806723,0.012605042016806723,0.0030291186241938636,0.0030291186241938636,0.0030291186241938636,0.0030291186241938636,1000,0,SIGN(IMBALANCE)_AT_DECISION,M2-COST-LEDGER-v1,QIMB_CONSTRAINED_BOUND,"QIMB_CONSTRAINED_BOUND keeps the side dictated by queue imbalance (the sign that defines the bin) and adds clairvoyant abstention only: max(0, net_side). No new threshold, no side choice and no model enters this bound."
"[0.0,0.2)",ONE_TICK,200+,1436,-0.06260761431350917,-1.1628975739135754,0.006968892378328464,1.1698664662919038,-1.614404022645148,0.0023546935186256838,1.6167587161637735,-1.5158782796513846,0.003336576994331166,1.519214856645716,0.010445682451253482,0.010445682451253482,0.010445682451253482,0.010445682451253482,0.010445682451253482,0.010445682451253482,1000,0,SIGN(IMBALANCE)_AT_DECISION,M2-COST-LEDGER-v1,QIMB_CONSTRAINED_BOUND,"QIMB_CONSTRAINED_BOUND keeps the side dictated by queue imbalance (the sign that defines the bin) and adds clairvoyant abstention only: max(0, net_side). No new threshold, no side choice and no model enters this bound."
"[0.0,0.2)",WIDER_THAN_ONE_TICK,5-25,685,-0.20053507602677728,-18.53627406512555,0.0022492201434173055,18.538523285268965,-27.34320166608841,0.0,27.34320166608841,-23.374841886762926,0.0,23.374841886762926,0.00145985401459854,0.00145985401459854,0.0,0.0,0.0,0.0,1000,0,SIGN(IMBALANCE)_AT_DECISION,M2-COST-LEDGER-v1,QIMB_CONSTRAINED_BOUND,"QIMB_CONSTRAINED_BOUND keeps the side dictated by queue imbalance (the sign that defines the bin) and adds clairvoyant abstention only: max(0, net_side). No new threshold, no side choice and no model enters this bound."
"[0.0,0.2)",WIDER_THAN_ONE_TICK,25-50,3227,0.11884276455450693,-8.587303024465584,0.015028898293763068,8.602331922759348,-11.87414402997258,0.009012262061297776,11.88315629203388,-10.462426052585347,0.010409629019783172,10.472835681605131,0.005268050821196158,0.005268050821196158,0.0012395413696932136,0.0012395413696932136,0.0012395413696932136,0.0012395413696932136,1000,0,SIGN(IMBALANCE)_AT_DECISION,M2-COST-LEDGER-v1,QIMB_CONSTRAINED_BOUND,"QIMB_CONSTRAINED_BOUND keeps the side dictated by queue imbalance (the sign that defines the bin) and adds clairvoyant abstention only: max(0, net_side). No new threshold, no side choice and no model enters this bound."
"[0.0,0.2)",WIDER_THAN_ONE_TICK,50-100,12977,0.012055116766931976,-4.819391737926778,0.0035174244987525197,4.822909162425531,-6.55885515190304,0.001041641045067046,6.559896792948107,-5.863808945054094,0.0017140862590342468,5.865523031313127,0.003236495337905525,0.003236495337905525,0.0009247129536872929,0.0009247129536872929,0.0009247129536872929,0.0009247129536872929,1000,0,SIGN(IMBALANCE)_AT_DECISION,M2-COST-LEDGER-v1,QIMB_CONSTRAINED_BOUND,"QIMB_CONSTRAINED_BOUND keeps the side dictated by queue imbalance (the sign that defines the bin) and adds clairvoyant abstention only: max(0, net_side). No new threshold, no side choice and no model enters this bound."
"[0.0,0.2)",WIDER_THAN_ONE_TICK,100-200,23406,0.0068784510870571105,-4.278583195622731,0.0052498458606879,4.283833041483419,-5.200733917242866,0.003320207842358117,5.204054125085224,-4.884228111599313,0.0038729827293620565,4.8881010943286745,0.004186960608391011,0.004186960608391011,0.002264376655558404,0.002264376655558404,0.002264376655558404,0.002264376655558404,1000,0,SIGN(IMBALANCE)_AT_DECISION,M2-COST-LEDGER-v1,QIMB_CONSTRAINED_BOUND,"QIMB_CONSTRAINED_BOUND keeps the side dictated by queue imbalance (the sign that defines the bin) and adds clairvoyant abstention only: max(0, net_side). No new threshold, no side choice and no model enters this bound."
"[0.0,0.2)",WIDER_THAN_ONE_TICK,200+,15922,0.00437214810351227,-3.9085659508931494,0.0025236136976175684,3.9110895645907666,-4.107963229964172,0.0019498780633299365,4.109913108027502,-4.1262024743777985,0.0019466217284596899,4.128149096106258,0.0024494410249968597,0.0024494410249968597,0.0027006657455093583,0.0027006657455093583,0.0022610224846124857,0.0022610224846124857,1000,0,SIGN(IMBALANCE)_AT_DECISION,M2-COST-LEDGER-v1,QIMB_CONSTRAINED_BOUND,"QIMB_CONSTRAINED_BOUND keeps the side dictated by queue imbalance (the sign that defines the bin) and adds clairvoyant abstention only: max(0, net_side). No new threshold, no side choice and no model enters this bound."
"[0.2,0.4)",ONE_TICK,5-25,17068,0.15137308070705974,-12.397231458227713,0.007405005462068694,12.404636463689782,-22.69235405224138,1.5929318472338093e-06,22.69235564517323,-18.03473306969473,0.0012905745178618973,18.036023644212595,0.00199203187250996,0.00199203187250996,0.0002929458636044059,0.0002929458636044059,0.0002929458636044059,0.0002929458636044059,1000,0,SIGN(IMBALANCE)_AT_DECISION,M2-COST-LEDGER-v1,QIMB_CONSTRAINED_BOUND,"QIMB_CONSTRAINED_BOUND keeps the side dictated by queue imbalance (the sign that defines the bin) and adds clairvoyant abstention only: max(0, net_side). No new threshold, no side choice and no model enters this bound."
"[0.2,0.4)",ONE_TICK,25-50,41760,0.06925217145075226,-4.682956250103273,0.004504159583139161,4.6874604096864125,-8.333190048726452,0.0003532512418518993,8.333543299968305,-6.753165797635338,0.0011612712169903649,6.754327068852327,0.0034482758620689655,0.0034482758620689655,0.0005747126436781609,0.0005747126436781609,0.0005747126436781609,0.0005747126436781609,1000,0,SIGN(IMBALANCE)_AT_DECISION,M2-COST-LEDGER-v1,QIMB_CONSTRAINED_BOUND,"QIMB_CONSTRAINED_BOUND keeps the side dictated by queue imbalance (the sign that defines the bin) and adds clairvoyant abstention only: max(0, net_side). No new threshold, no side choice and no model enters this bound."
"[0.2,0.4)",ONE_TICK,50-100,50106,0.05271632654542019,-2.7754431729594256,0.003229270943752851,2.7786724439031785,-4.779484280117368,0.0003226884329555147,4.7798069685503215,-3.961898258257998,0.000855317687967706,3.962753575945966,0.00482976090687742,0.00482976090687742,0.0007783498982157826,0.0007783498982157826,0.0007783498982157826,0.0007783498982157826,1000,0,SIGN(IMBALANCE)_AT_DECISION,M2-COST-LEDGER-v1,QIMB_CONSTRAINED_BOUND,"QIMB_CONSTRAINED_BOUND keeps the side dictated by queue imbalance (the sign that defines the bin) and adds clairvoyant abstention only: max(0, net_side). No new threshold, no side choice and no model enters this bound."
"[0.2,0.4)",ONE_TICK,100-200,14105,0.03939136756038462,-1.5600192583786063,0.0047785017824911215,1.5647977601610978,-2.4860421395368077,0.0010476410803119051,2.487089780617119,-2.167742933596429,0.0019313046724481794,2.169674238268877,0.0130450194966324,0.0130450194966324,0.002977667493796526,0.002977667493796526,0.002977667493796526,0.002977667493796526,1000,0,SIGN(IMBALANCE)_AT_DECISION,M2-COST-LEDGER-v1,QIMB_CONSTRAINED_BOUND,"QIMB_CONSTRAINED_BOUND keeps the side dictated by queue imbalance (the sign that defines the bin) and adds clairvoyant abstention only: max(0, net_side). No new threshold, no side choice and no model enters this bound."
"[0.2,0.4)",ONE_TICK,200+,1338,0.07590882359473562,-1.043949398860769,0.014971659205945528,1.0589210580667145,-1.497698932524383,0.007803438900498097,1.5055023714248807,-1.3981342991792842,0.009387691187332113,1.4075219903666165,0.01569506726457399,0.01569506726457399,0.01569506726457399,0.01569506726457399,0.01569506726457399,0.01569506726457399,1000,0,SIGN(IMBALANCE)_AT_DECISION,M2-COST-LEDGER-v1,QIMB_CONSTRAINED_BOUND,"QIMB_CONSTRAINED_BOUND keeps the side dictated by queue imbalance (the sign that defines the bin) and adds clairvoyant abstention only: max(0, net_side). No new threshold, no side choice and no model enters this bound."
"[0.2,0.4)",WIDER_THAN_ONE_TICK,5-25,729,0.29318889447270025,-21.767394869172872,0.018203589886533447,21.785598459059404,-31.762877919307925,6.505994572652475e-05,31.76294297925365,-27.244035734909918,0.008314263321172872,27.25234999823109,0.0013717421124828531,0.0013717421124828531,0.0013717421124828531,0.0013717421124828531,0.0013717421124828531,0.0013717421124828531,1000,0,SIGN(IMBALANCE)_AT_DECISION,M2-COST-LEDGER-v1,QIMB_CONSTRAINED_BOUND,"QIMB_CONSTRAINED_BOUND keeps the side dictated by queue imbalance (the sign that defines the bin) and adds clairvoyant abstention only: max(0, net_side). No new threshold, no side choice and no model enters this bound."
"[0.2,0.4)",WIDER_THAN_ONE_TICK,25-50,5310,0.10935049215892717,-9.388358348559388,0.020892202154999224,9.409250550714388,-12.587155934460062,0.009215908523516836,12.596371842983581,-11.216215485297916,0.013182277732025875,11.22939776302994,0.006026365348399247,0.006026365348399247,0.0030131826741996233,0.0030131826741996233,0.0030131826741996233,0.0030131826741996233,1000,0,SIGN(IMBALANCE)_AT_DECISION,M2-COST-LEDGER-v1,QIMB_CONSTRAINED_BOUND,"QIMB_CONSTRAINED_BOUND keeps the side dictated by queue imbalance (the sign that defines the bin) and adds clairvoyant abstention only: max(0, net_side). No new threshold, no side choice and no model enters this bound."
"[0.2,0.4)",WIDER_THAN_ONE_TICK,50-100,19546,0.05567143355524323,-5.2059292464899265,0.005037453782395128,5.210966700272322,-6.917204591159107,0.0011636044711383822,6.9183681956302445,-6.2352137585439165,0.0024615206959313677,6.237675279239848,0.003785940857464443,0.003785940857464443,0.0017394863399160954,0.0017394863399160954,0.0017394863399160954,0.0017394863399160954,1000,0,SIGN(IMBALANCE)_AT_DECISION,M2-COST-LEDGER-v1,QIMB_CONSTRAINED_BOUND,"QIMB_CONSTRAINED_BOUND keeps the side dictated by queue imbalance (the sign that defines the bin) and adds clairvoyant abstention only: max(0, net_side). No new threshold, no side choice and no model enters this bound."
"[0.2,0.4)",WIDER_THAN_ONE_TICK,100-200,35255,0.04073407548899749,-4.51086751003873,0.006987701300839324,4.517855211339569,-5.439096876410823,0.004332608402931985,5.4434294848137545,-5.119775731369373,0.005086446522044481,5.124862177891418,0.00618352006807545,0.00618352006807545,0.002723018011629556,0.002723018011629556,0.002723018011629556,0.002723018011629556,1000,0,SIGN(IMBALANCE)_AT_DECISION,M2-COST-LEDGER-v1,QIMB_CONSTRAINED_BOUND,"QIMB_CONSTRAINED_BOUND keeps the side dictated by queue imbalance (the sign that defines the bin) and adds clairvoyant abstention only: max(0, net_side). No new threshold, no side choice and no model enters this bound."
"[0.2,0.4)",WIDER_THAN_ONE_TICK,200+,17849,0.021779444088621876,-4.364869527201277,0.0044042680679015015,4.369273795269178,-4.563404457389183,0.0036566000106807535,4.567061057399863,-4.5820431008275,0.003656662906781521,4.585699763734281,0.0030814051207350554,0.0030814051207350554,0.0033615328589836966,0.0033615328589836966,0.0029693540254355985,0.0029693540254355985,1000,0,SIGN(IMBALANCE)_AT_DECISION,M2-COST-LEDGER-v1,QIMB_CONSTRAINED_BOUND,"QIMB_CONSTRAINED_BOUND keeps the side dictated by queue imbalance (the sign that defines the bin) and adds clairvoyant abstention only: max(0, net_side). No new threshold, no side choice and no model enters this bound."
"[0.4,0.6)",ONE_TICK,5-25,12418,0.24551093750494218,-11.68146287963222,0.008445964093315234,11.689908843725537,-21.44205483189313,0.000560976711283985,21.442615808604415,-17.03200304223686,0.0009026921572329313,17.03290573439409,0.002818489289740699,0.002818489289740699,8.052826542116283e-05,8.052826542116283e-05,8.052826542116283e-05,8.052826542116283e-05,1000,0,SIGN(IMBALANCE)_AT_DECISION,M2-COST-LEDGER-v1,QIMB_CONSTRAINED_BOUND,"QIMB_CONSTRAINED_BOUND keeps the side dictated by queue imbalance (the sign that defines the bin) and adds clairvoyant abstention only: max(0, net_side). No new threshold, no side choice and no model enters this bound."
"[0.4,0.6)",ONE_TICK,25-50,32172,0.1224545866207296,-4.5977629971813645,0.004915298338456753,4.602678295519821,-8.222534699252078,0.00048664212050694694,8.223021341372585,-6.65430328135032,0.0013477062483378396,6.655650987598658,0.003729951510630362,0.003729951510630362,0.0006527415143603133,0.0006527415143603133,0.0006527415143603133,0.0006527415143603133,1000,0,SIGN(IMBALANCE)_AT_DECISION,M2-COST-LEDGER-v1,QIMB_CONSTRAINED_BOUND,"QIMB_CONSTRAINED_BOUND keeps the side dictated by queue imbalance (the sign that defines the bin) and adds clairvoyant abstention only: max(0, net_side). No new threshold, no side choice and no model enters this bound."
"[0.4,0.6)",ONE_TICK,50-100,36384,0.09444558021801723,-2.736114162862177,0.003944069691266177,2.7400582325534426,-4.743590162081015,0.0006380732833734968,4.744228235364388,-3.9244132614417255,0.0012921761624676996,3.925705437604193,0.005277044854881266,0.005277044854881266,0.0008245382585751979,0.0008245382585751979,0.0008245382585751979,0.0008245382585751979,1000,0,SIGN(IMBALANCE)_AT_DECISION,M2-COST-LEDGER-v1,QIMB_CONSTRAINED_BOUND,"QIMB_CONSTRAINED_BOUND keeps the side dictated by queue imbalance (the sign that defines the bin) and adds clairvoyant abstention only: max(0, net_side). No new threshold, no side choice and no model enters this bound."
"[0.4,0.6)",ONE_TICK,100-200,9764,0.05458425537601847,-1.5193621414740197,0.005139922741482975,1.5245020642155025,-2.4290285517056596,0.0011851748318308347,2.430213726537491,-2.118304885855079,0.0021186758688525285,2.1204235617239315,0.014645637034002458,0.014645637034002458,0.0028676771814829987,0.0028676771814829987,0.0028676771814829987,0.0028676771814829987,1000,0,SIGN(IMBALANCE)_AT_DECISION,M2-COST-LEDGER-v1,QIMB_CONSTRAINED_BOUND,"QIMB_CONSTRAINED_BOUND keeps the side dictated by queue imbalance (the sign that defines the bin) and adds clairvoyant abstention only: max(0, net_side). No new threshold, no side choice and no model enters this bound."
"[0.4,0.6)",ONE_TICK,200+,1333,0.07842005743549091,-1.027953385878226,0.01549035812750571,1.0434437440057316,-1.482183950052083,0.007265788566531854,1.489449738618615,-1.3823965262327358,0.009083889981129129,1.3914804162138648,0.01800450112528132,0.01800450112528132,0.01800450112528132,0.01800450112528132,0.01800450112528132,0.01800450112528132,1000,0,SIGN(IMBALANCE)_AT_DECISION,M2-COST-LEDGER-v1,QIMB_CONSTRAINED_BOUND,"QIMB_CONSTRAINED_BOUND keeps the side dictated by queue imbalance (the sign that defines the bin) and adds clairvoyant abstention only: max(0, net_side). No new threshold, no side choice and no model enters this bound."
"[0.4,0.6)",WIDER_THAN_ONE_TICK,5-25,490,0.231887355030879,-21.558658187703006,0.09486559795319968,21.65352378565621,-30.906302727604633,0.059701945146231845,30.96600467275087,-26.687508556498962,0.07197473955582447,26.75948329605479,0.006122448979591836,0.006122448979591836,0.0020408163265306124,0.0020408163265306124,0.0020408163265306124,0.0020408163265306124,1000,0,SIGN(IMBALANCE)_AT_DECISION,M2-COST-LEDGER-v1,QIMB_CONSTRAINED_BOUND,"QIMB_CONSTRAINED_BOUND keeps the side dictated by queue imbalance (the sign that defines the bin) and adds clairvoyant abstention only: max(0, net_side). No new threshold, no side choice and no model enters this bound."
"[0.4,0.6)",WIDER_THAN_ONE_TICK,25-50,3302,0.13229265330837753,-8.694984316864275,0.019648090470806137,8.71463240733508,-11.829225606886931,0.007641458320364345,11.836867065207294,-10.488184566323897,0.011666318836253565,10.49985088516015,0.006965475469412477,0.006965475469412477,0.003331314354936402,0.003331314354936402,0.003331314354936402,0.003331314354936402,1000,0,SIGN(IMBALANCE)_AT_DECISION,M2-COST-LEDGER-v1,QIMB_CONSTRAINED_BOUND,"QIMB_CONSTRAINED_BOUND keeps the side dictated by queue imbalance (the sign that defines the bin) and adds clairvoyant abstention only: max(0, net_side). No new threshold, no side choice and no model enters this bound."
"[0.4,0.6)",WIDER_THAN_ONE_TICK,50-100,11239,0.09620988224880458,-5.127944998109061,0.004484865949250975,5.132429864058311,-6.816019590650196,0.0013534606312615648,6.817373051281457,-6.144774243943831,0.002257242147743783,6.147031486091575,0.004092890826585995,0.004092890826585995,0.0013346383130171723,0.0013346383130171723,0.0013346383130171723,0.0013346383130171723,1000,0,SIGN(IMBALANCE)_AT_DECISION,M2-COST-LEDGER-v1,QIMB_CONSTRAINED_BOUND,"QIMB_CONSTRAINED_BOUND keeps the side dictated by queue imbalance (the sign that defines the bin) and adds clairvoyant abstention only: max(0, net_side). No new threshold, no side choice and no model enters this bound."
"[0.4,0.6)",WIDER_THAN_ONE_TICK,100-200,19249,0.07972796107382635,-4.484484394087587,0.008720192181099212,4.493204586268686,-5.40570881088599,0.005901378716966015,5.411610189602957,-5.08963202561877,0.0067164899627748425,5.096348515581546,0.006026287079848304,0.006026287079848304,0.003117045041300847,0.003117045041300847,0.003117045041300847,0.003117045041300847,1000,0,SIGN(IMBALANCE)_AT_DECISION,M2-COST-LEDGER-v1,QIMB_CONSTRAINED_BOUND,"QIMB_CONSTRAINED_BOUND keeps the side dictated by queue imbalance (the sign that defines the bin) and adds clairvoyant abstention only: max(0, net_side). No new threshold, no side choice and no model enters this bound."
"[0.4,0.6)",WIDER_THAN_ONE_TICK,200+,11476,0.042698227176485595,-4.39418370987871,0.005451261914230229,4.39963497179294,-4.5913592685431315,0.004393851937137951,4.5957531204802695,-4.6106275082751305,0.0044990057638722575,4.615126514039003,0.0033983966538863714,0.0033983966538863714,0.003572673405367724,0.003572673405367724,0.0033112582781456954,0.0033112582781456954,1000,0,SIGN(IMBALANCE)_AT_DECISION,M2-COST-LEDGER-v1,QIMB_CONSTRAINED_BOUND,"QIMB_CONSTRAINED_BOUND keeps the side dictated by queue imbalance (the sign that defines the bin) and adds clairvoyant abstention only: max(0, net_side). No new threshold, no side choice and no model enters this bound."
"[0.6,0.8)",ONE_TICK,5-25,7758,0.4624095178775945,-10.835345814254524,0.017733380369377248,10.853079194623898,-20.03530815075397,0.000899329171864559,20.036207479925835,-15.88491335855137,0.0030834419895189175,15.887996800540892,0.005027068832173241,0.005027068832173241,0.0005155968032998196,0.0005155968032998196,0.0005155968032998196,0.0005155968032998196,1000,0,SIGN(IMBALANCE)_AT_DECISION,M2-COST-LEDGER-v1,QIMB_CONSTRAINED_BOUND,"QIMB_CONSTRAINED_BOUND keeps the side dictated by queue imbalance (the sign that defines the bin) and adds clairvoyant abstention only: max(0, net_side). No new threshold, no side choice and no model enters this bound."
"[0.6,0.8)",ONE_TICK,25-50,21373,0.2295990267142698,-4.512673244622563,0.008143204828926179,4.520816449451488,-8.143469969373077,0.0010565781443648314,8.144526547517442,-6.5724480472691775,0.0022595125315019726,6.574707559800679,0.006316380480044916,0.006316380480044916,0.0008421840640059888,0.0008421840640059888,0.0008421840640059888,0.0008421840640059888,1000,0,SIGN(IMBALANCE)_AT_DECISION,M2-COST-LEDGER-v1,QIMB_CONSTRAINED_BOUND,"QIMB_CONSTRAINED_BOUND keeps the side dictated by queue imbalance (the sign that defines the bin) and adds clairvoyant abstention only: max(0, net_side). No new threshold, no side choice and no model enters this bound."
"[0.6,0.8)",ONE_TICK,50-100,26764,0.14203459086082143,-2.6686874982285422,0.004150640216015468,2.6728381384445576,-4.653210480926856,0.00018644603634176168,4.653396926963198,-3.8446643268351406,0.0008060982056966466,3.845470425040837,0.006986997459273651,0.006986997459273651,0.0007846360783141534,0.0007846360783141534,0.0007846360783141534,0.0007846360783141534,1000,0,SIGN(IMBALANCE)_AT_DECISION,M2-COST-LEDGER-v1,QIMB_CONSTRAINED_BOUND,"QIMB_CONSTRAINED_BOUND keeps the side dictated by queue imbalance (the sign that defines the bin) and adds clairvoyant abstention only: max(0, net_side). No new threshold, no side choice and no model enters this bound."
"[0.6,0.8)",ONE_TICK,100-200,7267,0.08975955963238727,-1.4708559267527475,0.006363310031596795,1.4772192367843442,-2.3535785675881815,0.0016917607621695716,2.355270328350351,-2.0553339753805457,0.00286246350516532,2.0581964388857106,0.01554974542452181,0.01554974542452181,0.004541076097426724,0.004541076097426724,0.004541076097426724,0.004541076097426724,1000,0,SIGN(IMBALANCE)_AT_DECISION,M2-COST-LEDGER-v1,QIMB_CONSTRAINED_BOUND,"QIMB_CONSTRAINED_BOUND keeps the side dictated by queue imbalance (the sign that defines the bin) and adds clairvoyant abstention only: max(0, net_side). No new threshold, no side choice and no model enters this bound."
"[0.6,0.8)",ONE_TICK,200+,1148,0.07622666732731566,-1.1022295778177218,0.007289576337806657,1.1095191541555283,-1.5560692412671575,0.0029218429977319565,1.5589910842648895,-1.4564628640881447,0.0038851036087899733,1.4603479676969346,0.009581881533101045,0.009581881533101045,0.009581881533101045,0.009581881533101045,0.009581881533101045,0.009581881533101045,1000,0,SIGN(IMBALANCE)_AT_DECISION,M2-COST-LEDGER-v1,QIMB_CONSTRAINED_BOUND,"QIMB_CONSTRAINED_BOUND keeps the side dictated by queue imbalance (the sign that defines the bin) and adds clairvoyant abstention only: max(0, net_side). No new threshold, no side choice and no model enters this bound."
"[0.6,0.8)",WIDER_THAN_ONE_TICK,5-25,381,0.8348062360966142,-28.76398843160435,0.09280724004417387,28.856795671648523,-38.514116134503105,0.05141365122715221,38.565529785730256,-34.108910887900564,0.06727734788383846,34.1761882357844,0.005249343832020997,0.005249343832020997,0.0026246719160104987,0.0026246719160104987,0.0026246719160104987,0.0026246719160104987,1000,0,SIGN(IMBALANCE)_AT_DECISION,M2-COST-LEDGER-v1,QIMB_CONSTRAINED_BOUND,"QIMB_CONSTRAINED_BOUND keeps the side dictated by queue imbalance (the sign that defines the bin) and adds clairvoyant abstention only: max(0, net_side). No new threshold, no side choice and no model enters this bound."
"[0.6,0.8)",WIDER_THAN_ONE_TICK,25-50,2778,0.16002072023642674,-9.283070106287486,0.014607338991068535,9.297677445278554,-12.315114749888918,0.0029124095882265165,12.318027159477147,-11.021406339664239,0.006648947357813804,11.028055287022053,0.00755939524838013,0.00755939524838013,0.0028797696184305254,0.0028797696184305254,0.0028797696184305254,0.0028797696184305254,1000,0,SIGN(IMBALANCE)_AT_DECISION,M2-COST-LEDGER-v1,QIMB_CONSTRAINED_BOUND,"QIMB_CONSTRAINED_BOUND keeps the side dictated by queue imbalance (the sign that defines the bin) and adds clairvoyant abstention only: max(0, net_side). No new threshold, no side choice and no model enters this bound."
"[0.6,0.8)",WIDER_THAN_ONE_TICK,50-100,6871,0.1588450292932033,-5.389492363748602,0.015185934168276865,5.404678297916878,-7.111850873886039,0.009610202263382288,7.121461076149421,-6.424726845687057,0.011369267954424637,6.43609611364148,0.005530490467180905,0.005530490467180905,0.0024741667879493523,0.0024741667879493523,0.0024741667879493523,0.0024741667879493523,1000,0,SIGN(IMBALANCE)_AT_DECISION,M2-COST-LEDGER-v1,QIMB_CONSTRAINED_BOUND,"QIMB_CONSTRAINED_BOUND keeps the side dictated by queue imbalance (the sign that defines the bin) and adds clairvoyant abstention only: max(0, net_side). No new threshold, no side choice and no model enters this bound."
"[0.6,0.8)",WIDER_THAN_ONE_TICK,100-200,12963,0.0936453218198181,-4.732342269323106,0.010413396820812397,4.7427556661439185,-5.620596410638532,0.006974836212973562,5.627571246851506,-5.319789890260018,0.007925521239092938,5.32771541149911,0.007405693126591067,0.007405693126591067,0.004397130293913446,0.004397130293913446,0.004397130293913446,0.004397130293913446,1000,0,SIGN(IMBALANCE)_AT_DECISION,M2-COST-LEDGER-v1,QIMB_CONSTRAINED_BOUND,"QIMB_CONSTRAINED_BOUND keeps the side dictated by queue imbalance (the sign that defines the bin) and adds clairvoyant abstention only: max(0, net_side). No new threshold, no side choice and no model enters this bound."
"[0.6,0.8)",WIDER_THAN_ONE_TICK,200+,10700,0.057784264242392934,-4.912423132714448,0.004485487973084055,4.916908620687532,-5.11982714568586,0.0038407064361692285,5.123667852122029,-5.134358051428933,0.003851847306808707,5.1382098987357425,0.002616822429906542,0.002616822429906542,0.002803738317757009,0.002803738317757009,0.002429906542056075,0.002429906542056075,1000,0,SIGN(IMBALANCE)_AT_DECISION,M2-COST-LEDGER-v1,QIMB_CONSTRAINED_BOUND,"QIMB_CONSTRAINED_BOUND keeps the side dictated by queue imbalance (the sign that defines the bin) and adds clairvoyant abstention only: max(0, net_side). No new threshold, no side choice and no model enters this bound."
"[0.8,1.0]",ONE_TICK,5-25,3436,0.720984106535134,-10.3702554933643,0.015545850337226254,10.385801343701525,-19.352023410491416,4.175896524106668e-06,19.352027586387937,-15.302685904958226,0.0036842763522515337,15.306370181310477,0.0034924330616996507,0.0034924330616996507,0.0008731082654249127,0.0008731082654249127,0.0008731082654249127,0.0008731082654249127,1000,0,SIGN(IMBALANCE)_AT_DECISION,M2-COST-LEDGER-v1,QIMB_CONSTRAINED_BOUND,"QIMB_CONSTRAINED_BOUND keeps the side dictated by queue imbalance (the sign that defines the bin) and adds clairvoyant abstention only: max(0, net_side). No new threshold, no side choice and no model enters this bound."
"[0.8,1.0]",ONE_TICK,25-50,8205,0.328747694362873,-4.447732313863441,0.008344020099104427,4.456076333962546,-8.09811616204797,0.0007896799173970983,8.098905841965369,-6.518022415130246,0.0019911882283162067,6.520013603358562,0.006703229737964655,0.006703229737964655,0.0008531383302864108,0.0008531383302864108,0.0008531383302864108,0.0008531383302864108,1000,0,SIGN(IMBALANCE)_AT_DECISION,M2-COST-LEDGER-v1,QIMB_CONSTRAINED_BOUND,"QIMB_CONSTRAINED_BOUND keeps the side dictated by queue imbalance (the sign that defines the bin) and adds clairvoyant abstention only: max(0, net_side). No new threshold, no side choice and no model enters this bound."
"[0.8,1.0]",ONE_TICK,50-100,12186,0.16609491883285854,-2.482629538945129,0.0032135546349644595,2.4858430935800935,-4.327727369735878,1.2935233741972741e-07,4.3277274990882155,-3.583756320661883,0.0003999858516676602,3.5841563065135498,0.006400787789266372,0.006400787789266372,0.0004923682914820286,0.0004923682914820286,0.0004923682914820286,0.0004923682914820286,1000,0,SIGN(IMBALANCE)_AT_DECISION,M2-COST-LEDGER-v1,QIMB_CONSTRAINED_BOUND,"QIMB_CONSTRAINED_BOUND keeps the side dictated by queue imbalance (the sign that defines the bin) and adds clairvoyant abstention only: max(0, net_side). No new threshold, no side choice and no model enters this bound."
"[0.8,1.0]",ONE_TICK,100-200,5429,0.09813242068418165,-1.4420089385374826,0.009031220512008208,1.4510401590494906,-2.2798374196808746,0.004354084392006394,2.284191504072881,-2.0023856689163515,0.0054822085830104565,2.0078678774993617,0.015840854669368208,0.015840854669368208,0.005157487566771045,0.005157487566771045,0.005157487566771045,0.005157487566771045,1000,0,SIGN(IMBALANCE)_AT_DECISION,M2-COST-LEDGER-v1,QIMB_CONSTRAINED_BOUND,"QIMB_CONSTRAINED_BOUND keeps the side dictated by queue imbalance (the sign that defines the bin) and adds clairvoyant abstention only: max(0, net_side). No new threshold, no side choice and no model enters this bound."
"[0.8,1.0]",ONE_TICK,200+,964,0.1406871517992303,-1.10775523413373,0.005681658180998369,1.1134368923147284,-1.5605443298031312,0.0004969903020094522,1.5610413201051407,-1.4614245256978846,0.0016363562861023211,1.463060881983987,0.011410788381742738,0.011410788381742738,0.011410788381742738,0.011410788381742738,0.011410788381742738,0.011410788381742738,1000,0,SIGN(IMBALANCE)_AT_DECISION,M2-COST-LEDGER-v1,QIMB_CONSTRAINED_BOUND,"QIMB_CONSTRAINED_BOUND keeps the side dictated by queue imbalance (the sign that defines the bin) and adds clairvoyant abstention only: max(0, net_side). No new threshold, no side choice and no model enters this bound."
"[0.8,1.0]",WIDER_THAN_ONE_TICK,5-25,286,1.133984476309913,-29.726348784359683,0.005384315814592541,29.731733100174274,-39.68581732870285,0.0,39.68581732870285,-35.18365535201381,0.0,35.18365535201381,0.0034965034965034965,0.0034965034965034965,0.0,0.0,0.0,0.0,1000,0,SIGN(IMBALANCE)_AT_DECISION,M2-COST-LEDGER-v1,QIMB_CONSTRAINED_BOUND,"QIMB_CONSTRAINED_BOUND keeps the side dictated by queue imbalance (the sign that defines the bin) and adds clairvoyant abstention only: max(0, net_side). No new threshold, no side choice and no model enters this bound."
"[0.8,1.0]",WIDER_THAN_ONE_TICK,25-50,1390,0.028425509007900408,-9.893697074882132,0.052264956081718224,9.945962030963848,-12.938475025368472,0.03410364561615165,12.972578670984623,-11.638869152468901,0.03984412456199065,11.67871327703089,0.01079136690647482,0.01079136690647482,0.004316546762589928,0.004316546762589928,0.004316546762589928,0.004316546762589928,1000,0,SIGN(IMBALANCE)_AT_DECISION,M2-COST-LEDGER-v1,QIMB_CONSTRAINED_BOUND,"QIMB_CONSTRAINED_BOUND keeps the side dictated by queue imbalance (the sign that defines the bin) and adds clairvoyant abstention only: max(0, net_side). No new threshold, no side choice and no model enters this bound."
"[0.8,1.0]",WIDER_THAN_ONE_TICK,50-100,3494,0.06971569367348267,-5.804005234391914,0.01534153654887439,5.819346770940788,-7.442970159358196,0.007302619613235685,7.450272778971431,-6.79447007702948,0.010067743345021106,6.8045378203745015,0.006868918145392101,0.006868918145392101,0.0034344590726960505,0.0034344590726960505,0.0034344590726960505,0.0034344590726960505,1000,0,SIGN(IMBALANCE)_AT_DECISION,M2-COST-LEDGER-v1,QIMB_CONSTRAINED_BOUND,"QIMB_CONSTRAINED_BOUND keeps the side dictated by queue imbalance (the sign that defines the bin) and adds clairvoyant abstention only: max(0, net_side). No new threshold, no side choice and no model enters this bound."
"[0.8,1.0]",WIDER_THAN_ONE_TICK,100-200,18124,0.09545933486624585,-5.395904132819178,0.010569295684225698,5.406473428503404,-6.252450290372165,0.0065632205529516895,6.259013510925117,-5.966329401340261,0.007706555149771268,5.974035956490032,0.007724564113882146,0.007724564113882146,0.005352019421761201,0.005352019421761201,0.005352019421761201,0.005352019421761201,1000,0,SIGN(IMBALANCE)_AT_DECISION,M2-COST-LEDGER-v1,QIMB_CONSTRAINED_BOUND,"QIMB_CONSTRAINED_BOUND keeps the side dictated by queue imbalance (the sign that defines the bin) and adds clairvoyant abstention only: max(0, net_side). No new threshold, no side choice and no model enters this bound."
"[0.8,1.0]",WIDER_THAN_ONE_TICK,200+,31363,0.052113111416014865,-4.270929777786035,0.004074047756958646,4.275003825542994,-4.371910673463366,0.003757296737037275,4.375667970200403,-4.435731710015367,0.0035765766102950256,4.439308286625662,0.0029015081465421037,0.0029015081465421037,0.00309281637598444,0.00309281637598444,0.002710199917099767,0.002710199917099767,1000,0,SIGN(IMBALANCE)_AT_DECISION,M2-COST-LEDGER-v1,QIMB_CONSTRAINED_BOUND,"QIMB_CONSTRAINED_BOUND keeps the side dictated by queue imbalance (the sign that defines the bin) and adds clairvoyant abstention only: max(0, net_side). No new threshold, no side choice and no model enters this bound."
